Empresa,Valor,share,share_acumulado,pct_fornecedores
Empresa 6099,1548784611.5964,0.030088256660773766,0.030088256660773766,0.0001307531380753138
Empresa 5982,971087062.243,0.018865319651263566,0.04895357631203733,0.0002615062761506276
Empresa 2032,728439362.3752,0.014151399964107412,0.06310497627614474,0.0003922594142259414
Empresa 1931,682744081.0722001,0.013263677202829612,0.07636865347897435,0.0005230125523012552
Empresa 1935,678722341.8988,0.013185546829137933,0.08955420030811229,0.000653765690376569
Empresa 6391,638549698.8842,0.012405112426113332,0.10195931273422562,0.0007845188284518828
Empresa 1933,581726612.052,0.011301209657411106,0.11326052239163673,0.0009152719665271967
Empresa 7219,525258751.52500004,0.010204207874271037,0.12346473026590776,0.0010460251046025104
Empresa 2048,523718466.3144,0.010174284735572262,0.13363901500148,0.0011767782426778243
Empresa 2183,457419298.2708,0.008886290026975918,0.14252530502845592,0.001307531380753138
Empresa 322,447176490.0872,0.008687302873276367,0.1512126079017323,0.001438284518828452
Empresa 1493,389046652.60260004,0.007558013844453364,0.15877062174618567,0.0015690376569037657
Empresa 2087,380980779.9868,0.007401318043345715,0.16617193978953138,0.0016997907949790796
Empresa 1996,375643930.87160003,0.007297639013520872,0.17346957880305225,0.0018305439330543933
Empresa 1491,372863640.078,0.007243626271940752,0.180713205074993,0.001961297071129707
Empresa 2915,351457219.60040003,0.006827763492380598,0.1875409685673736,0.0020920502092050207
Empresa 1499,347368367.27140003,0.006748329310634599,0.1942892978780082,0.002222803347280335
Empresa 2031,329242990.2846,0.006396207401126476,0.20068550527913467,0.0023535564853556486
Empresa 2585,318012074.1792,0.006178024263339107,0.20686352954247378,0.0024843096234309623
Empresa 1934,305944602.556,0.005943589351778879,0.21280711889425266,0.002615062761506276
Empresa 1412,297099891.3852,0.005771763045005892,0.21857888193925856,0.0027458158995815897
Empresa 2033,295573415.3078,0.005742108176498385,0.22432099011575696,0.002876569037656904
Empresa 1940,293255440.4788,0.005697076852538963,0.2300180669682959,0.0030073221757322176
Empresa 1932,283159707.127,0.005500946923307169,0.23551901389160307,0.0031380753138075313
Empresa 1400,276541291.547,0.0053723708868669276,0.24089138477847,0.003268828451882845
Empresa 5676,269145390.0518,0.005228690622510475,0.24612007540098046,0.003399581589958159
Empresa 321,239219469.1026,0.004647319408212668,0.25076739480919313,0.003530334728033473
Empresa 2190,236872721.99760002,0.0046017291249127925,0.25536912393410593,0.0036610878661087866
Empresa 892,233461348.8826,0.004535456339735785,0.2599045802738417,0.0037918410041841003
Empresa 2110,223916231.368,0.004350023230776556,0.26425460350461827,0.003922594142259414
Empresa 7233,209841902.51839998,0.0040766010805406965,0.26833120458515897,0.004053347280334728
Empresa 1928,203916543.0036,0.003961489052338857,0.2722926936374978,0.0041841004184100415
Empresa 2093,202285251.0388,0.0039297979243678935,0.2762224915618657,0.004314853556485356
Empresa 5490,199481097.5652,0.003875321602225907,0.2800978131640916,0.00444560669456067
Empresa 4693,196245281.685,0.003812459369490968,0.2839102725335826,0.004576359832635983
Empresa 1032,194728156.80200002,0.0037829861667458176,0.2876932587003284,0.004707112970711297
Empresa 7214,184716861.6662,0.003588496619718214,0.29128175532004663,0.0048378661087866105
Empresa 5481,181930809.2084,0.003534371946220676,0.2948161272662673,0.004968619246861925
Empresa 2047,180090719.5234,0.003498624502511215,0.29831475176877853,0.005099372384937239
Empresa 7216,179525546.864,0.0034876448866844848,0.301802396655463,0.005230125523012552
Empresa 2994,176639810.953,0.0034315836615823815,0.30523398031704535,0.005360878661087866
Empresa 2213,173020958.91979998,0.0033612801810486664,0.308595260498094,0.0054916317991631795
Empresa 2366,170453827.3804,0.003311408486778784,0.3119066689848728,0.005622384937238494
Empresa 2055,163465866.2674,0.0031756532849713933,0.3150823222698442,0.005753138075313808
Empresa 3071,157790031.5492,0.003065388777894902,0.3181477110477391,0.005883891213389121
Empresa 3200,154991835.4152,0.0030110281890586045,0.3211587392367977,0.006014644351464435
Empresa 2890,143942316.5288,0.0027963690571542734,0.32395510829395197,0.006145397489539749
Empresa 2049,139287268.1294,0.0027059353777641464,0.3266610436717161,0.006276150627615063
Empresa 6112,137064154.2708,0.002662746918979852,0.32932379059069594,0.006406903765690377
Empresa 5336,135688635.7748,0.0026360247051617344,0.33195981529585766,0.00653765690376569
Empresa 3201,134867096.1768,0.002620064645837453,0.33457987994169514,0.006668410041841004
Empresa 1987,133958715.0068,0.00260241751428402,0.33718229745597916,0.006799163179916318
Empresa 2035,132511857.72420001,0.0025743094010290037,0.33975660685700815,0.006929916317991632
Empresa 2582,132460206.681,0.002573305975612091,0.34232991283262026,0.007060669456066946
Empresa 6858,132092456.1712,0.0025661616821815235,0.3448960745148018,0.007191422594142259
Empresa 1919,131789280.1454,0.0025602718780025797,0.34745634639280437,0.007322175732217573
Empresa 5276,130014506.58139999,0.0025257933313353664,0.3499821397241397,0.007452928870292887
Empresa 3070,127828257.6086,0.0024833210471162225,0.35246546077125596,0.007583682008368201
Empresa 5655,127661253.2916,0.002480076652307719,0.35494553742356366,0.007714435146443515
Empresa 5396,127061427.3786,0.0024684238273203086,0.357413961250884,0.007845188284518828
Empresa 2136,124814737.1886,0.0024247773508717305,0.3598387386017557,0.007975941422594142
Empresa 3202,120422306.1266,0.0023394455415493304,0.36217818414330505,0.008106694560669456
Empresa 7209,119852014.73900001,0.0023283664841303323,0.36450655062743537,0.00823744769874477
Empresa 5280,117194962.014,0.0022767478899420775,0.36678329851737745,0.008368200836820083
Empresa 1779,114842277.5232,0.0022310422609792178,0.36901434077835665,0.008498953974895397
Empresa 1112,113989353.0542,0.0022144724874010348,0.3712288132657577,0.008629707112970711
Empresa 996,113567167.9906,0.0022062706932607585,0.3734350839590184,0.008760460251046025
Empresa 1439,111520004.8358,0.0021665004308453716,0.3756015843898638,0.00889121338912134
Empresa 7517,111001746.1768,0.0021564322138499896,0.3777580166037138,0.009021966527196652
Empresa 1771,107701523.2928,0.002092318745503219,0.37985033534921697,0.009152719665271966
Empresa 1446,106929603.15280001,0.0020773226439665437,0.3819276579931835,0.00928347280334728
Empresa 2184,105299147.1116,0.0020456477554930785,0.3839733057486766,0.009414225941422594
Empresa 3088,104918944.2914,0.0020382615508835584,0.38601156729956015,0.009544979079497909
Empresa 5683,104891315.79,0.00203772481166556,0.38804929211122574,0.009675732217573221
Empresa 1912,104562968.268,0.0020313460005372125,0.39008063811176297,0.009806485355648535
Empresa 4027,103398237.37200001,0.0020087187598756082,0.3920893568716386,0.00993723849372385
Empresa 7348,102933893.3822,0.0019996979437857648,0.39408905481542433,0.010067991631799163
Empresa 3255,102288848.36700001,0.0019871666467740487,0.3960762214621984,0.010198744769874478
Empresa 1300,101410307.562,0.0019700992243384934,0.3980463206865369,0.01032949790794979
Empresa 1053,101050412.7262,0.0019631075431780797,0.40000942822971497,0.010460251046025104
Empresa 1298,97003769.9644,0.0018844933671849431,0.4018939215968999,0.010591004184100418
Empresa 5357,96774831.95359999,0.0018800457857867411,0.40377396738268667,0.010721757322175732
Empresa 5346,95259620.7486,0.0018506097600863515,0.405624577142773,0.010852510460251047
Empresa 7515,95002646.5452,0.001845617519248468,0.40747019466202145,0.010983263598326359
Empresa 5401,93557675.2972,0.0018175460460095585,0.409287740708031,0.011114016736401673
Empresa 3305,92239417.6212,0.0017919362388074845,0.41107967694683845,0.011244769874476987
Empresa 1741,90659677.8918,0.0017612466167131538,0.4128409235635516,0.011375523012552301
Empresa 5637,90305872.3114,0.0017543732315882094,0.41459529679513984,0.011506276150627616
Empresa 2134,90214738.5008,0.0017526027739898603,0.4163478995691297,0.011637029288702928
Empresa 2987,87860799.7152,0.0017068727778273343,0.41805477234695704,0.011767782426778242
Empresa 3254,87137341.37460001,0.0016928181442311795,0.4197475904911882,0.011898535564853556
Empresa 1423,86429203.3872,0.001679061139314806,0.421426651630503,0.01202928870292887
Empresa 3743,86073761.0256,0.0016721559564224547,0.4230988075869255,0.012160041841004185
Empresa 5488,85647637.87220001,0.0016638776569658366,0.4247626852438913,0.012290794979079499
Empresa 2607,85083707.724,0.0016529221794186388,0.42641560742331,0.012421548117154811
Empresa 2274,84874200.3178,0.0016488520766019654,0.42806445949991195,0.012552301255230125
Empresa 4120,84706121.1656,0.0016455868009575322,0.4297100463008695,0.01268305439330544
Empresa 2073,83310061.5052,0.001618465533699736,0.4313285118345692,0.012813807531380754
Empresa 3077,82826049.53,0.0016090626274288021,0.43293757446199804,0.012944560669456068
Empresa 1081,82198621.5842,0.0015968735774291938,0.43453444803942726,0.01307531380753138
Empresa 7229,81334878.27520001,0.0015800936261205155,0.43611454166554775,0.013206066945606694
Empresa 5331,80731244.1234,0.0015683668184336506,0.4376829084839814,0.013336820083682008
Empresa 2596,80661710.0432,0.0015670159790489718,0.43924992446303035,0.013467573221757323
Empresa 4847,80636940.91600001,0.0015665347889268098,0.44081645925195717,0.013598326359832637
Empresa 5262,80377855.7216,0.0015615015378422198,0.4423779607897994,0.01372907949790795
Empresa 1437,80206056.9212,0.0015581640005489484,0.44393612479034833,0.013859832635983263
Empresa 2276,80189408.8126,0.00155784057754957,0.4454939653678979,0.013990585774058577
Empresa 5736,78655438.1342,0.0015280401113412787,0.4470220054792392,0.014121338912133892
Empresa 5718,78429384.9516,0.0015236485735340667,0.44854565405277325,0.014252092050209206
Empresa 2061,77732912.5502,0.0015101181960925781,0.45005577224886584,0.014382845188284518
Empresa 1913,75983324.5444,0.001476128929557407,0.45153190117842323,0.014513598326359832
Empresa 6182,75257833.604,0.0014620348086212998,0.4529939359870445,0.014644351464435146
Empresa 7243,74684086.6846,0.0014508886205458372,0.45444482460759034,0.01477510460251046
Empresa 1988,74527739.9396,0.0014478512705125182,0.45589267587810284,0.014905857740585775
Empresa 3738,74442490.3818,0.0014461951263617441,0.4573388710044646,0.015036610878661087
Empresa 1938,74077627.3346,0.001439106927700686,0.45877797793216524,0.015167364016736401
Empresa 5576,73607538.9288,0.0014299745147744072,0.4602079524469396,0.015298117154811715
Empresa 2072,73552266.5824,0.001428900738258115,0.46163685318519776,0.01542887029288703
Empresa 4243,73141867.3794,0.0014209279081687763,0.46305778109336654,0.015559623430962344
Empresa 2140,72625317.5026,0.001410892887705066,0.4644686739810716,0.015690376569037656
Empresa 7221,72453400.75940001,0.0014075530591356473,0.46587622704020726,0.015821129707112972
Empresa 1415,72023804.5946,0.0013992072894461723,0.4672754343296534,0.015951882845188285
Empresa 2017,70817161.6584,0.0013757658230921946,0.4686512001527456,0.016082635983263597
Empresa 2117,70711415.543,0.0013737114920785649,0.47002491164482413,0.016213389121338913
Empresa 4909,70534200.14919999,0.00137026872656232,0.47139518037138645,0.016344142259414225
Empresa 7263,69921371.4252,0.0013583632958143993,0.47275354366720085,0.01647489539748954
Empresa 1333,69744222.55,0.0013549218225557703,0.4741084654897566,0.016605648535564854
Empresa 3992,69717285.8278,0.0013543985225403358,0.4754628640122969,0.016736401673640166
Empresa 2898,69312042.6974,0.0013465258595333584,0.4768093898718303,0.016867154811715482
Empresa 2810,68905095.5908,0.0013386200933609277,0.47814800996519125,0.016997907949790794
Empresa 5310,68377716.9594,0.0013283747025556723,0.4794763846677469,0.01712866108786611
Empresa 2876,67823518.35599999,0.001317608279842475,0.48079399294758934,0.017259414225941423
Empresa 6050,67671796.5494,0.0013146607785412376,0.4821086537261306,0.017390167364016735
Empresa 5659,67444584.3198,0.001310246723914478,0.4834189004500451,0.01752092050209205
Empresa 1349,67351018.9224,0.0013084290278510874,0.4847273294778962,0.017651673640167363
Empresa 5703,67315471.112,0.0013077384401250502,0.48603506791802126,0.01778242677824268
Empresa 5699,67234422.35419999,0.0013061639049647285,0.487341231822986,0.01791317991631799
Empresa 2891,66456369.7404,0.0012910486677882242,0.48863228049077423,0.018043933054393304
Empresa 313,65959135.32,0.001281388888920622,0.4899136693796948,0.01817468619246862
Empresa 1438,65782725.8746,0.0012779617805733167,0.49119163116026815,0.018305439330543932
Empresa 995,65729828.1906,0.0012769341366510854,0.49246856529691924,0.018436192468619248
Empresa 3319,65278120.5988,0.0012681588080121408,0.49373672410493136,0.01856694560669456
Empresa 5335,64878331.2104,0.0012603920949144209,0.49499711619984577,0.018697698744769873
Empresa 6920,64821821.425799996,0.001259294278671827,0.4962564104785176,0.01882845188284519
Empresa 1420,64757084.0718,0.0012580366253428185,0.4975144471038604,0.0189592050209205
Empresa 2606,64616806.134399995,0.0012553114442216135,0.49876975854808203,0.019089958158995817
Empresa 5429,64553607.234400004,0.0012540836784563543,0.5000238422265384,0.01922071129707113
Empresa 5656,63417895.411400005,0.0012320201916633927,0.5012558624182017,0.019351464435146442
Empresa 1411,62450151.1524,0.0012132198126896055,0.5024690822308914,0.019482217573221758
Empresa 4082,62324204.190799996,0.0012107730396019264,0.5036798552704933,0.01961297071129707
Empresa 2283,62144218.8144,0.0012072764616014985,0.5048871317320948,0.019743723849372386
Empresa 353,61636119.096,0.0011974056024632947,0.506084537334558,0.0198744769874477
Empresa 6417,60175052.9634,0.0011690214537140888,0.5072535587882722,0.02000523012552301
Empresa 340,59983033.185,0.0011652910832460554,0.5084188498715182,0.020135983263598327
Empresa 2584,59922641.3806,0.0011641178509596618,0.5095829677224779,0.02026673640167364
Empresa 3286,59842815.4828,0.0011625670723147813,0.5107455347947927,0.020397489539748955
Empresa 3080,59667088.7386,0.0011591532268116279,0.5119046880216043,0.020528242677824268
Empresa 5893,58903469.5396,0.0011443183877522932,0.5130490064093566,0.02065899581589958
Empresa 5937,57487755.3684,0.0011168152920846173,0.5141658217014412,0.020789748953974896
Empresa 2108,56197246.2548,0.0010917445565269844,0.5152575662579681,0.02092050209205021
Empresa 5288,55930260.761800006,0.0010865578262496175,0.5163441240842178,0.021051255230125524
Empresa 3206,55926990.403400004,0.0010864942929589487,0.5174306183771767,0.021182008368200837
Empresa 1974,55830969.3892,0.0010846288915994276,0.5185152472687762,0.02131276150627615
Empresa 7485,54936068.4084,0.0010672436398383484,0.5195824909086145,0.021443514644351465
Empresa 3073,54653132.8872,0.001061747048177652,0.5206442379567922,0.021574267782426777
Empresa 956,54324585.8094,0.001055364360276457,0.5216996023170686,0.021705020920502093
Empresa 3127,54173428.4764,0.001052427825010411,0.5227520301420789,0.021835774058577406
Empresa 2956,54122455.5064,0.0010514375725294406,0.5238034677146084,0.021966527196652718
Empresa 2080,54080843.4852,0.0010506291753096695,0.524854096889918,0.022097280334728034
Empresa 3094,53481117.8218,0.0010389782978724041,0.5258930751877904,0.022228033472803346
Empresa 5525,52972436.079,0.001029096131739413,0.5269221713195298,0.022358786610878662
Empresa 1994,52843151.1368,0.0010265845116637993,0.5279487558311936,0.022489539748953975
Empresa 2623,52116801.916,0.00101247371690438,0.528961229548098,0.022620292887029287
Empresa 3136,51958702.0312,0.0010094023086037786,0.5299706318567018,0.022751046025104603
Empresa 1433,51749181.6132,0.0010053319530067156,0.5309759638097085,0.022881799163179915
Empresa 348,51510258.639,0.0010006903936084237,0.5319766542033169,0.02301255230125523
Empresa 3035,51142112.6844,0.0009935384178671274,0.532970192621184,0.023143305439330544
Empresa 5972,50442896.9292,0.000979954745259463,0.5339501473664434,0.023274058577405856
Empresa 6728,50102916.5198,0.0009733499418923128,0.5349234973083358,0.023404811715481172
Empresa 1612,49897020.5378,0.0009693499982555714,0.5358928473065914,0.023535564853556484
Empresa 2025,49846332.759399995,0.0009683652861951309,0.5368612125927865,0.0236663179916318
Empresa 1702,49069616.0,0.0009532760006775901,0.5378144885934641,0.023797071129707113
Empresa 3055,48523652.1038,0.0009426695537169313,0.5387571581471811,0.02392782426778243
Empresa 1750,48335273.8316,0.0009390099268321933,0.5396961680740132,0.02405857740585774
Empresa 2324,48168342.6192,0.0009357669522276043,0.5406319350262409,0.024189330543933053
Empresa 2901,48031236.374800004,0.0009331033876231952,0.541565038413864,0.02432008368200837
Empresa 3228,47924257.2,0.000931025101950262,0.5424960635158144,0.02445083682008368
Empresa 1436,46663556.0554,0.000906533446153038,0.5434025969619674,0.024581589958158997
Empresa 3313,46557365.5986,0.0009044704829138631,0.5443070674448812,0.02471234309623431
Empresa 415,45566335.059200004,0.0008852177210999417,0.5451922851659812,0.024843096234309622
Empresa 3002,45319488.3794,0.0008804222277808114,0.546072707393762,0.024973849372384938
Empresa 1760,43674602.519,0.0008484670110419393,0.5469211744048039,0.02510460251046025
Empresa 5949,43631773.7076,0.0008476349752248021,0.5477688093800287,0.025235355648535567
Empresa 4735,43306930.0088,0.0008413242329105077,0.5486101336129392,0.02536610878661088
Empresa 1023,43161809.2788,0.0008385049708011443,0.5494486385837404,0.02549686192468619
Empresa 5303,43157570.4046,0.0008384226221427657,0.5502870612058831,0.025627615062761507
Empresa 5493,42928223.8482,0.0008339671039244416,0.5511210283098076,0.02575836820083682
Empresa 5608,42852625.0588,0.0008324984453636062,0.5519535267551712,0.025889121338912136
Empresa 2761,42663069.690400004,0.0008288159510173021,0.5527823427061884,0.026019874476987448
Empresa 5973,42625886.9322,0.000828093601141341,0.5536104363073298,0.02615062761506276
Empresa 5570,42540225.589200005,0.0008264294572346981,0.5544368657645644,0.026281380753138076
Empresa 1346,42454028.5374,0.0008247549061069675,0.5552616206706714,0.02641213389121339
Empresa 5667,42447604.5886,0.0008246301079789239,0.5560862507786504,0.026542887029288705
Empresa 3092,42107623.396,0.0008180252893965382,0.5569042760680469,0.026673640167364017
Empresa 993,42008064.596200004,0.0008160911594350239,0.557720367227482,0.02680439330543933
Empresa 1485,41964638.1854,0.0008152475140473933,0.5585356147415294,0.026935146443514645
Empresa 2880,41839402.9568,0.0008128145678049822,0.5593484293093344,0.027065899581589958
Empresa 7227,41576416.4474,0.0008077055258285178,0.5601561348351629,0.027196652719665274
Empresa 5307,41345962.8734,0.0008032285015664046,0.5609593633367294,0.027327405857740586
Empresa 4186,41020497.260400005,0.0007969056773177144,0.5617562690140471,0.0274581589958159
Empresa 3021,40951994.2274,0.0007955748680989806,0.5625518438821461,0.027588912133891214
Empresa 2114,40945573.6962,0.0007954501363646918,0.5633472940185108,0.027719665271966527
Empresa 4268,40678944.577,0.0007902703293652817,0.5641375643478761,0.027850418410041843
Empresa 5334,40524439.8472,0.0007872687641826743,0.5649248331120588,0.027981171548117155
Empresa 4664,40483118.7848,0.0007864660194228943,0.5657112991314817,0.028111924686192467
Empresa 1634,40398930.890200004,0.0007848305002154534,0.5664961296316972,0.028242677824267783
Empresa 876,40180376.2958,0.0007805846375684061,0.5672767142692655,0.028373430962343096
Empresa 1209,40009339.2464,0.0007772618988206701,0.5680539761680862,0.02850418410041841
Empresa 261,39800180.7914,0.0007731985750830175,0.5688271747431692,0.028634937238493724
Empresa 1560,39770988.4176,0.0007726314544977178,0.5695998061976669,0.028765690376569036
Empresa 3111,39596013.848,0.0007692322214992657,0.5703690384191662,0.028896443514644352
Empresa 1915,39291126.7438,0.0007633091761803468,0.5711323475953466,0.029027196652719665
Empresa 4292,39230726.787,0.0007621357855171837,0.5718944833808638,0.02915794979079498
Empresa 2949,39217822.232,0.0007618850885771276,0.5726563684694409,0.029288702928870293
Empresa 1593,39207840.508200005,0.0007616911735127845,0.5734180596429537,0.029419456066945605
Empresa 480,38773302.6718,0.0007532494019116682,0.5741713090448654,0.02955020920502092
Empresa 6501,38753375.8922,0.0007528622841326444,0.574924171328998,0.029680962343096234
Empresa 1623,38647243.8016,0.0007508004547743156,0.5756749717837722,0.02981171548117155
Empresa 2864,38548948.5882,0.0007488908725204887,0.5764238626562928,0.029942468619246862
Empresa 1434,38517646.7898,0.0007482827721189537,0.5771721454284117,0.030073221757322174
Empresa 2863,38456518.635000005,0.0007470952347447761,0.5779192406631565,0.03020397489539749
Empresa 4648,38101257.1392,0.0007401935655344247,0.5786594342286909,0.030334728033472803
Empresa 3282,37822447.800400004,0.000734777133267198,0.5793942113619581,0.03046548117154812
Empresa 4655,37801102.6278,0.0007343624603508682,0.580128573822309,0.03059623430962343
Empresa 964,37521790.5992,0.0007289362623230509,0.580857510084632,0.030726987447698743
Empresa 2868,37426484.1838,0.0007270847434827274,0.5815845948281148,0.03085774058577406
Empresa 159,37314346.0884,0.0007249062353993034,0.5823095010635141,0.03098849372384937
Empresa 4647,37200497.1638,0.0007226944910171153,0.5830321955545312,0.031119246861924688
Empresa 1432,37197399.6612,0.0007226343157980833,0.5837548298703293,0.03125
Empresa 1584,37035765.0168,0.0007194942376816257,0.5844743241080109,0.03138075313807531
Empresa 1793,36946815.6756,0.0007177662177957142,0.5851920903258067,0.031511506276150625
Empresa 5649,36865049.8982,0.000716177753087285,0.585908268078894,0.031642259414225944
Empresa 7547,36709631.6546,0.0007131584410614616,0.5866214265199554,0.03177301255230126
Empresa 7339,36663020.094,0.0007122529177316252,0.587333679437687,0.03190376569037657
Empresa 5492,36587441.32960001,0.0007107846481966979,0.5880444640858837,0.03203451882845188
Empresa 6409,36526771.2222,0.0007096060093146868,0.5887540700951984,0.032165271966527194
Empresa 4183,36496026.0832,0.0007090087231417892,0.5894630788183403,0.03229602510460251
Empresa 1916,36420849.8836,0.0007075482742379129,0.5901706270925782,0.032426778242677826
Empresa 2873,36381626.124,0.0007067862738040186,0.5908774133663822,0.03255753138075314
Empresa 3261,36363115.2988,0.0007064266637875901,0.5915838400301698,0.03268828451882845
Empresa 1585,36241945.9462,0.0007040727053655144,0.5922879127355354,0.03281903765690376
Empresa 6407,36210873.607599996,0.0007034690626821824,0.5929913817982175,0.03294979079497908
Empresa 3026,36199633.6018,0.0007032507029587925,0.5936946325011764,0.033080543933054395
Empresa 6521,35747734.7134,0.0006944716579985751,0.594389104159175,0.03321129707112971
Empresa 3686,35600000.0,0.000691601614003301,0.5950807057731783,0.03334205020920502
Empresa 3155,35535354.0134,0.0006903457356698349,0.5957710515088481,0.03347280334728033
Empresa 6540,35264839.6526,0.0006850904500366789,0.5964561419588849,0.03360355648535565
Empresa 443,35259828.5432,0.0006849930991560894,0.5971411350580409,0.033734309623430964
Empresa 2838,35135771.4254,0.0006825830400858905,0.5978237180981267,0.033865062761506276
Empresa 882,35087125.7698,0.0006816380003688342,0.5985053560984955,0.03399581589958159
Empresa 4241,35078796.7048,0.000681476191526218,0.5991868322900218,0.0341265690376569
Empresa 6,34918719.151,0.0006783663630269544,0.5998651986530488,0.03425732217573222
Empresa 4301,34804704.2592,0.0006761513943980417,0.6005413500474468,0.03438807531380753
Empresa 5486,34798663.455400005,0.000676034039632369,0.6012173840870791,0.034518828451882845
Empresa 3067,34754958.5458,0.0006751849838453119,0.6018925690709245,0.03464958158995816
Empresa 3219,34742713.694400005,0.000674947102974765,0.6025675161738993,0.03478033472803347
Empresa 7274,34589276.3416,0.0006719662737375494,0.6032394824476368,0.03491108786610879
Empresa 2386,34462925.4268,0.0006695116530463563,0.6039089941006832,0.0350418410041841
Empresa 3753,34394136.8284,0.0006681752961452759,0.6045771693968285,0.035172594142259414
Empresa 5321,34182280.3918,0.0006640595586877042,0.6052412289555162,0.035303347280334726
Empresa 2889,34144422.6042,0.0006633240950077392,0.6059045530505239,0.03543410041841004
Empresa 5801,33890069.949200004,0.0006583827830211094,0.606562935833545,0.03556485355648536
Empresa 2351,33881873.1382,0.0006582235434784891,0.6072211593770235,0.03569560669456067
Empresa 1622,33877989.6766,0.000658148099424824,0.6078793074764482,0.03582635983263598
Empresa 1172,33731394.982,0.0006553002025880352,0.6085346076790363,0.035957112970711295
Empresa 2115,33664248.131,0.0006539957399327868,0.6091886034189691,0.03608786610878661
Empresa 3726,33612114.779,0.0006529829446972081,0.6098415863636663,0.03621861924686193
Empresa 5634,33605526.1268,0.0006528549468742973,0.6104944413105405,0.03634937238493724
Empresa 6532,33299268.3336,0.0006469052731642352,0.6111413465837048,0.03648012552301255
Empresa 2454,33147229.4734,0.0006439516124590234,0.6117852981961638,0.036610878661087864
Empresa 2874,33136051.037800003,0.0006437344488606247,0.6124290326450245,0.03674163179916318
Empresa 4458,33025209.5656,0.0006415811302911858,0.6130706137753157,0.036872384937238496
Empresa 3265,32999720.9802,0.0006410859632462056,0.6137116997385619,0.03700313807531381
Empresa 6380,32847161.3988,0.0006381221864841856,0.6143498219250461,0.03713389121338912
Empresa 7549,32671136.5936,0.0006347025505465189,0.6149845244755926,0.037264644351464433
Empresa 1957,32496294.687400002,0.0006313058948014815,0.615615830370394,0.037395397489539746
Empresa 3189,32157589.6658,0.0006247258684079539,0.616240556238802,0.037526150627615065
Empresa 2337,32032752.320600003,0.0006223006518509817,0.616862856890653,0.03765690376569038
Empresa 2646,32001560.6686,0.0006216946912648404,0.6174845515819178,0.03778765690376569
Empresa 2519,31873749.4418,0.0006192117010754409,0.6181037632829933,0.037918410041841
Empresa 2902,31684990.926,0.0006155446871938638,0.6187193079701871,0.038049163179916315
Empresa 5349,31679923.2126,0.0006154462366667079,0.6193347542068539,0.038179916317991634
Empresa 3306,31624642.6426,0.0006143723003904433,0.6199491265072443,0.03831066945606695
Empresa 6338,31580117.064000003,0.0006135073014571795,0.6205626338087015,0.03844142259414226
Empresa 7510,31340166.8874,0.0006088457865859173,0.6211714795952874,0.03857217573221757
Empresa 1321,31264646.2934,0.000607378647128027,0.6217788582424154,0.038702928870292884
Empresa 2410,31198887.9492,0.0006061011590105297,0.6223849594014259,0.0388336820083682
Empresa 1004,31127851.3532,0.0006047211302339314,0.6229896805316598,0.038964435146443516
Empresa 1310,31047407.4216,0.0006031583450392311,0.623592838876699,0.03909518828451883
Empresa 5857,31039530.7258,0.000603005324378324,0.6241958442010773,0.03922594142259414
Empresa 2169,30954651.8352,0.0006013563811835553,0.6247972005822608,0.03935669456066945
Empresa 5306,30930829.294200003,0.0006008935804025086,0.6253980941626633,0.03948744769874477
Empresa 2418,30896878.6956,0.0006002340217286844,0.625998328184392,0.039618200836820085
Empresa 2912,30770155.404800005,0.000597772166884609,0.6265961003512767,0.0397489539748954
Empresa 1407,30766325.788200002,0.000597697768878385,0.6271937981201551,0.03987970711297071
Empresa 6876,30764951.3256,0.0005976710671774706,0.6277914691873325,0.04001046025104602
Empresa 2053,30675383.0072,0.0005959310224142965,0.6283874002097468,0.04014121338912134
Empresa 3741,30567774.726999998,0.0005938405151034414,0.6289812407248503,0.040271966527196654
Empresa 1013,30547400.7291,0.0005934447092093027,0.6295746854340596,0.040402719665271966
Empresa 281,30488609.6898,0.0005923025750051227,0.6301669880090647,0.04053347280334728
Empresa 5257,30384308.6496,0.0005902763174842084,0.6307572643265489,0.04066422594142259
Empresa 1399,30375411.729000002,0.0005901034769042472,0.6313473678034531,0.04079497907949791
Empresa 998,30265740.108400002,0.0005879728850554462,0.6319353406885085,0.04092573221757322
Empresa 3015,30209015.3354,0.0005868708922307054,0.6325222115807393,0.041056485355648535
Empresa 3806,30208515.974200003,0.0005868611911348659,0.6331090727718741,0.04118723849372385
Empresa 1371,30106206.3268,0.0005848736204250358,0.6336939463922991,0.04131799163179916
Empresa 2368,30015185.706400003,0.0005831053617740184,0.6342770517540731,0.04144874476987448
Empresa 110,29947412.1886,0.0005817887248555587,0.6348588404789287,0.04157949790794979
Empresa 1939,29886795.9084,0.000580611131675188,0.6354394516106039,0.041710251046025104
Empresa 3907,29850544.6064,0.0005799068772096566,0.6360193584878135,0.04184100418410042
Empresa 2605,29802901.9274,0.0005789813223306722,0.6365983398101442,0.04197175732217573
Empresa 314,29374190.529400002,0.0005706527410161102,0.6371689925511603,0.04210251046025105
Empresa 447,29253067.3678,0.0005682996799471286,0.6377372922311074,0.04223326359832636
Empresa 2354,29238776.9048,0.0005680220589562395,0.6383053142900637,0.04236401673640167
Empresa 1328,29191646.6166,0.0005671064582992855,0.6388724207483629,0.042494769874476986
Empresa 1606,29118228.3984,0.0005656801617205112,0.6394381009100835,0.0426255230125523
Empresa 7217,29106981.5396,0.0005654616688638103,0.6400035625789473,0.04275627615062762
Empresa 2328,29000537.2192,0.000563393773813526,0.6405669563527608,0.04288702928870293
Empresa 1414,28941425.84,0.0005622454163623832,0.6411292017691232,0.04301778242677824
Empresa 3485,28924656.193,0.0005619196322350949,0.6416911214013583,0.043148535564853555
Empresa 7349,28913901.593200002,0.0005617107024997118,0.642252832103858,0.04327928870292887
Empresa 5642,28830879.545199998,0.0005600978322077268,0.6428129299360656,0.043410041841004186
Empresa 1917,28792809.7418,0.0005593582496943498,0.64337228818576,0.0435407949790795
Empresa 7526,28756724.246799998,0.0005586572163633354,0.6439309454021234,0.04367154811715481
Empresa 5911,28525452.6204,0.0005541642997877341,0.6444851097019111,0.043802301255230124
Empresa 2004,28136135.132200003,0.0005466010244169804,0.645031710726328,0.043933054393305436
Empresa 2238,28118940.723800004,0.0005462669884450346,0.6455779777147731,0.044063807531380755
Empresa 3215,28113691.486,0.000546165011441249,0.6461241427262143,0.04419456066945607
Empresa 2499,27929789.4688,0.0005425923448144517,0.6466667350710288,0.04432531380753138
Empresa 1419,27869625.5222,0.0005414235391241885,0.647208158610153,0.04445606694560669
Empresa 2201,27653479.748400003,0.0005372244726629507,0.6477453830828159,0.044586820083682005
Empresa 2530,27583979.15,0.0005358742837295899,0.6482812573665455,0.044717573221757324
Empresa 1769,27360464.4788,0.0005315320616128671,0.6488127894281583,0.04484832635983264
Empresa 2062,27324307.9796,0.0005308296488824337,0.6493436190770407,0.04497907949790795
Empresa 6720,27187572.0286,0.0005281732779722125,0.6498717923550129,0.04510983263598326
Empresa 5413,27187446.0936,0.0005281708314315029,0.6503999631864444,0.045240585774058574
Empresa 1926,27127591.7068,0.0005270080395630743,0.6509269712260075,0.04537133891213389
Empresa 2018,27058584.6312,0.0005256674383028887,0.6514526386643104,0.045502092050209206
Empresa 1618,27030373.874,0.0005251193875946928,0.651977758051905,0.04563284518828452
Empresa 2974,26966878.9422,0.0005238858708162122,0.6525016439227213,0.04576359832635983
Empresa 2564,26920903.4646,0.000522992704678214,0.6530246366273995,0.04589435146443514
Empresa 5419,26560663.7716,0.0005159943239729653,0.6535406309513725,0.04602510460251046
Empresa 3737,26544995.1436,0.000515689929354594,0.6540563208807271,0.046155857740585775
Empresa 4742,26510025.8332,0.0005150105801547844,0.6545713314608819,0.04628661087866109
Empresa 3747,26403823.1656,0.0005129473796962559,0.6550842788405781,0.0464173640167364
Empresa 4246,26381335.0016,0.0005125105018727061,0.6555967893424508,0.04654811715481171
Empresa 5371,26313051.941,0.0005111839660603453,0.6561079733085111,0.04667887029288703
Empresa 1316,26263231.5744,0.0005102161052190308,0.6566181894137302,0.046809623430962344
Empresa 1631,26262152.698599998,0.0005101951458863176,0.6571283845596165,0.046940376569037656
Empresa 5279,26204306.3832,0.0005090713648443294,0.6576374559244609,0.04707112970711297
Empresa 1107,26196207.0984,0.0005089140199443307,0.6581463699444052,0.04720188284518829
Empresa 7222,26149059.206,0.0005079980772903786,0.6586543680216956,0.0473326359832636
Empresa 967,25984889.0584,0.0005048087419237686,0.6591591767636195,0.04746338912133891
Empresa 5246,25947880.4732,0.000504089775708704,0.6596632665393282,0.047594142259414225
Empresa 2914,25898908.597000003,0.0005031383985002576,0.6601664049378284,0.04772489539748954
Empresa 5300,25842768.6964,0.0005020477679984333,0.6606684527058269,0.04785564853556486
Empresa 7514,25683222.5972,0.0004989482640738644,0.6611674009699007,0.04798640167364017
Empresa 1006,25614158.1789,0.0004976065488163791,0.661665007518717,0.04811715481171548
Empresa 1416,25594266.8302,0.0004972201193538616,0.6621622276380709,0.048247907949790794
Empresa 1615,25542043.321200002,0.0004962055726371955,0.662658433210708,0.04837866108786611
Empresa 1773,25325306.4628,0.0004919950231685594,0.6631504282338766,0.048509414225941426
Empresa 4316,25303364.954600003,0.0004915687652335935,0.6636419969991102,0.04864016736401674
Empresa 1045,25290269.8506,0.0004913143664958985,0.664133311365606,0.04877092050209205
Empresa 7576,25273964.6234,0.0004909976046574656,0.6646243089702635,0.04890167364016736
Empresa 5790,25219820.779200003,0.0004899457515665369,0.6651142547218301,0.049032426778242676
Empresa 5422,25207483.8128,0.0004897060811768137,0.6656039608030069,0.049163179916317995
Empresa 1986,25160785.5128,0.0004887988727596449,0.6660927596757665,0.04929393305439331
Empresa 2113,25021083.013800003,0.0004860848706869287,0.6665788445464534,0.04942468619246862
Empresa 3272,24941452.0616,0.0004845378792524865,0.667063382425706,0.04955543933054393
Empresa 4709,24911534.1242,0.0004839566631346919,0.6675473390888407,0.049686192468619245
Empresa 5641,24856630.255599998,0.00048289004504090577,0.6680302291338815,0.049816945606694564
Empresa 5468,24797728.8096,0.0004817457659644808,0.668511974899846,0.049947698744769876
Empresa 5355,24783839.2026,0.0004814759324077653,0.6689934508322538,0.05007845188284519
Empresa 2965,24763411.655600004,0.0004810790862146382,0.6694745299184685,0.0502092050209205
Empresa 4223,24622573.748,0.00047834302654584576,0.6699528729450143,0.050339958158995814
Empresa 2166,24484059.8796,0.0004756521160136188,0.6704285250610279,0.05047071129707113
Empresa 2236,24455716.886200003,0.0004751014963512277,0.6709036265573791,0.050601464435146445
Empresa 2352,24369791.6582,0.00047343222594762083,0.6713770587833268,0.05073221757322176
Empresa 1011,24338641.4001,0.00047282706952125626,0.671849885852848,0.05086297071129707
Empresa 6194,24318776.573400002,0.00047244115530194127,0.67232232700815,0.05099372384937238
Empresa 2341,24210613.253599998,0.0004703398652303222,0.6727926668733804,0.0511244769874477
Empresa 6808,24126997.629,0.0004687154635188264,0.6732613823368991,0.051255230125523014
Empresa 1077,24075884.323799998,0.00046772248474429365,0.6737291048216434,0.05138598326359833
Empresa 1041,24040449.8994,0.0004670340997693971,0.6741961389214128,0.05151673640167364
Empresa 1791,23951850.257,0.0004653128734861399,0.674661451794899,0.05164748953974895
Empresa 3701,23879799.3814,0.000463913140287957,0.6751253649351869,0.05177824267782427
Empresa 50,23850714.4128,0.0004633481062647268,0.6755887130414516,0.05190899581589958
Empresa 75,23831090.090800002,0.0004629668643330156,0.6760516799057846,0.052039748953974896
Empresa 6614,23772097.0994,0.0004618208068030402,0.6765135007125876,0.05217050209205021
Empresa 1403,23666015.7388,0.0004597599629770114,0.6769732606755646,0.05230125523012552
Empresa 1966,23664698.663399998,0.0004597343761378989,0.6774329950517025,0.05243200836820084
Empresa 3098,23501314.7418,0.000456560314792934,0.6778895553664954,0.05256276150627615
Empresa 7409,23365219.84,0.00045391639755297617,0.6783434717640484,0.052693514644351465
Empresa 113,23281391.0782,0.0004522878552226173,0.6787957596192711,0.05282426778242678
Empresa 351,23198053.1158,0.0004506688476579098,0.679246428466929,0.05295502092050209
Empresa 1040,23194592.4754,0.0004506016177566141,0.6796970300846855,0.05308577405857741
Empresa 3027,23139999.9822,0.0004495410487563449,0.6801465711334419,0.05321652719665272
Empresa 2046,23117534.798,0.000449104617361637,0.6805956757508035,0.053347280334728034
Empresa 4665,23045523.741,0.0004477056577198594,0.6810433814085234,0.053478033472803346
Empresa 2307,23000712.864,0.00044683511629126094,0.6814902165248147,0.05360878661087866
Empresa 1099,22944423.1764,0.0004457415758756457,0.6819359581006903,0.05373953974895398
Empresa 3085,22890961.8376,0.00044470298182505984,0.6823806610825154,0.05387029288702929
Empresa 5666,22847225.582200002,0.00044385331708278176,0.6828245143995981,0.0540010460251046
Empresa 7458,22751590.6856,0.00044199541683436605,0.6832665098164324,0.054131799163179915
Empresa 1652,22690783.393600002,0.0004408141128655355,0.683707323929298,0.05426255230125523
Empresa 3867,22682566.9314,0.0004406544915588243,0.6841479784208568,0.05439330543933055
Empresa 5015,22670159.192199998,0.00044041344626509244,0.684588391867122,0.05452405857740586
Empresa 1046,22622939.103,0.0004394961010430672,0.685027887968165,0.05465481171548117
Empresa 330,22504501.1426,0.0004371952054090251,0.6854650831735741,0.054785564853556484
Empresa 1025,22476453.112999998,0.00043665031601180674,0.6859017334895859,0.0549163179916318
Empresa 4884,22462969.4884,0.00043638836947989737,0.6863381218590658,0.055047071129707116
Empresa 5702,22444541.860400002,0.0004360303757364409,0.6867741522348023,0.05517782426778243
Empresa 3154,22349693.0118,0.0004341877460516623,0.687208339980854,0.05530857740585774
Empresa 4248,22317994.2912,0.00043357193463793204,0.6876419119154918,0.05543933054393305
Empresa 5841,22291392.404799998,0.0004330551394814777,0.6880749670549733,0.055570083682008366
Empresa 5980,22227992.6674,0.0004318234720457129,0.688506790527019,0.055700836820083685
Empresa 2981,22065087.8862,0.00042865871896687096,0.6889354492459859,0.055831589958159
Empresa 5981,22062720.771,0.0004286127329923527,0.6893640619789783,0.05596234309623431
Empresa 2442,21986298.1798,0.0004271280704243686,0.6897911900494026,0.05609309623430962
Empresa 5926,21959815.6958,0.0004266135948997276,0.6902178036443023,0.056223849372384935
Empresa 1096,21822998.8794,0.0004239556530164402,0.6906417592973187,0.056354602510460254
Empresa 2067,21789076.9032,0.00042329665039031374,0.6910650559477091,0.056485355648535567
Empresa 2986,21686909.0862,0.00042131183502131387,0.6914863677827304,0.05661610878661088
Empresa 3004,21672567.9822,0.00042103323022712883,0.6919074010129576,0.05674686192468619
Empresa 5212,21618100.0,0.00041997508010350456,0.692327376093061,0.056877615062761504
Empresa 5680,21498676.151,0.0004176550316001651,0.6927450311246612,0.05700836820083682
Empresa 3740,21418745.3222,0.0004161022144595274,0.6931611333391208,0.057139121338912136
Empresa 1406,21402026.7078,0.0004157774217431527,0.6935769107608639,0.05726987447698745
Empresa 4570,21395107.029,0.000415642993062634,0.6939925537539265,0.05740062761506276
Empresa 3327,21324117.781000003,0.0004142638841161824,0.6944068176380427,0.05753138075313807
Empresa 5890,21298499.4514,0.00041376619652911973,0.6948205838345718,0.05766213389121339
Empresa 7144,21265117.0644,0.0004131176765086567,0.6952337015110804,0.057792887029288705
Empresa 2982,21193086.196,0.0004117183319905809,0.695645419843071,0.05792364016736402
Empresa 7338,21175897.8218,0.00041138441324510864,0.6960568042563161,0.05805439330543933
Empresa 430,21107494.54,0.0004100555418940973,0.6964668597982102,0.05818514644351464
Empresa 1462,21013718.835600004,0.00040823376019417224,0.6968750935584044,0.05831589958158996
Empresa 4201,20971654.196000002,0.0004074165699514804,0.6972825101283558,0.058446652719665274
Empresa 5779,20911305.0938,0.0004062441672412228,0.6976887542955971,0.058577405857740586
Empresa 1330,20880947.354000002,0.00040565440707708876,0.6980944087026741,0.0587081589958159
Empresa 2947,20742566.5406,0.0004029660814058941,0.69849737478408,0.05883891213389121
Empresa 310,20694247.07,0.00040202737848862597,0.6988994021625686,0.05896966527196653
Empresa 5145,20612332.822800003,0.00040043602945566577,0.6992998381920243,0.05910041841004184
Empresa 7140,20591629.4114,0.00040003382404163164,0.699699872016066,0.059231171548117155
Empresa 1174,20449053.3338,0.0003972639969240355,0.7000971360129901,0.05936192468619247
Empresa 3739,20397663.3098,0.0003962656423301572,0.7004934016553203,0.05949267782426778
Empresa 2227,20256623.9418,0.0003935256688878312,0.7008869273242081,0.0596234309623431
Empresa 3062,20249306.2016,0.0003933835070638656,0.701280310831272,0.05975418410041841
Empresa 7336,20238901.3718,0.00039318137231434005,0.7016734922035863,0.059884937238493724
Empresa 980,20202976.3794,0.0003924834570692025,0.7020659756606555,0.060015690376569036
Empresa 6425,20194847.6356,0.0003923255398688682,0.7024583012005244,0.06014644351464435
Empresa 2792,20154119.6158,0.00039153431615457504,0.702849835516679,0.06027719665271967
Empresa 4169,19947733.101400003,0.0003875248429391943,0.7032373603596183,0.06040794979079498
Empresa 5686,19935897.739,0.0003872949172162124,0.7036246552768345,0.06053870292887029
Empresa 1005,19894525.056599997,0.0003864911696340919,0.7040111464464686,0.060669456066945605
Empresa 4450,19795354.3502,0.0003845645791675727,0.7043957110256361,0.06080020920502092
Empresa 1366,19749687.7916,0.0003836774144025801,0.7047793884400387,0.06093096234309624
Empresa 2390,19741306.8752,0.00038351459824221304,0.705162903038281,0.06106171548117155
Empresa 6851,19739055.9228,0.00038347086896376126,0.7055463739072447,0.06119246861924686
Empresa 5831,19677101.225,0.00038226727432911047,0.7059286411815738,0.061323221757322174
Empresa 7058,19604381.977199998,0.0003808545566564254,0.7063094957382302,0.06145397489539749
Empresa 1616,19597180.6846,0.00038071465706133924,0.7066902103952916,0.061584728033472806
Empresa 385,19569868.6672,0.0003801840661816896,0.7070703944614732,0.06171548117154812
Empresa 2652,19548925.0448,0.000379777194185765,0.707450171655659,0.06184623430962343
Empresa 7168,19547676.1078,0.0003797529310721417,0.7078299245867312,0.06197698744769874
Empresa 3159,19498731.4122,0.0003788020819015277,0.7082087266686328,0.062107740585774056
Empresa 4629,19449225.625,0.00037784033239787534,0.7085865670010306,0.062238493723849375
Empresa 4237,19275590.808,0.00037446712678876386,0.7089610341278194,0.06236924686192469
Empresa 4490,19257941.591799997,0.0003741242552603983,0.7093351583830798,0.0625
Empresa 7426,19196330.078,0.0003729273276653066,0.7097080857107451,0.06263075313807531
Empresa 1929,19188037.3784,0.0003727662252937391,0.7100808519360388,0.06276150627615062
Empresa 7530,19169182.4792,0.00037239993094771126,0.7104532518669865,0.06289225941422594
Empresa 974,19168648.764000002,0.00037238956245631415,0.7108256414294428,0.06302301255230125
Empresa 5540,19137928.723,0.00037179276386255434,0.7111974341933054,0.06315376569037658
Empresa 3025,19072808.1706,0.0003705276661337727,0.7115679618594392,0.06328451882845189
Empresa 3745,19000898.8762,0.0003691306834352087,0.7119370925428744,0.0634152719665272
Empresa 1440,18978691.2758,0.0003686992561239789,0.7123057917989983,0.06354602510460251
Empresa 4282,18959154.69,0.0003683197186444454,0.7126741115176428,0.06367677824267783
Empresa 7536,18957282.1656,0.00036828334109115045,0.713042394858734,0.06380753138075314
Empresa 4901,18951878.601800002,0.00036817836599436815,0.7134105732247283,0.06393828451882845
Empresa 7585,18866591.9488,0.00036652150119471255,0.7137770947259231,0.06406903765690376
Empresa 2367,18834443.0128,0.0003658969434411707,0.7141429916693642,0.06419979079497908
Empresa 3287,18806222.697,0.0003653487070379414,0.7145083403764022,0.06433054393305439
Empresa 5317,18804653.8228,0.00036531822850061307,0.7148736586049028,0.06446129707112971
Empresa 4230,18705309.3884,0.0003633882630182174,0.715237046867921,0.06459205020920503
Empresa 6009,18680435.775200002,0.0003629050430453182,0.7155999519109664,0.06472280334728034
Empresa 435,18673605.577,0.0003627723527054563,0.7159627242636718,0.06485355648535565
Empresa 2717,18671133.5486,0.0003627243285809815,0.7163254485922528,0.06498430962343096
Empresa 7358,18626208.716000002,0.0003618515733356167,0.7166873001655883,0.06511506276150628
Empresa 973,18617638.5678,0.0003616850809668704,0.7170489852465552,0.06524581589958159
Empresa 3301,18616304.4934,0.00036165916388798723,0.7174106444104432,0.0653765690376569
Empresa 4746,18585892.0542,0.0003610683410779733,0.7177717127515212,0.06550732217573221
Empresa 6100,18570162.0874,0.00036076275483002107,0.7181324755063512,0.06563807531380753
Empresa 4275,18521061.766400002,0.00035980888232295144,0.7184922843886741,0.06576882845188285
Empresa 1770,18514433.1354,0.00035968010783142806,0.7188519644965055,0.06589958158995816
Empresa 2460,18459750.058,0.00035861777905085197,0.7192105822755563,0.06603033472803348
Empresa 7421,18428864.21,0.000358017759322575,0.7195686000348789,0.06616108786610879
Empresa 466,18351194.2838,0.0003565088647630402,0.7199251088996419,0.0662918410041841
Empresa 427,18291838.5284,0.00035535575981261817,0.7202804646594545,0.06642259414225941
Empresa 6246,18140919.8578,0.00035242386104379256,0.7206328885204983,0.06655334728033473
Empresa 2381,18113184.5564,0.0003518850470209525,0.7209847735675193,0.06668410041841004
Empresa 3668,18083408.2358,0.0003513065820943783,0.7213360801496137,0.06681485355648535
Empresa 2833,18060816.529200003,0.0003508676927475343,0.7216869478423612,0.06694560669456066
Empresa 1326,18056380.5912,0.0003507815157284214,0.7220377293580896,0.06707635983263599
Empresa 5640,18030306.5104,0.00035027497425749627,0.7223880043323472,0.0672071129707113
Empresa 1379,18022544.3576,0.00035012417882478224,0.7227381285111719,0.06733786610878661
Empresa 5263,17980858.6444,0.0003493143499896699,0.7230874428611616,0.06746861924686193
Empresa 2707,17956851.0368,0.0003488479539176329,0.7234362908150792,0.06759937238493724
Empresa 4732,17808798.2196,0.0003459717301161369,0.7237822625451954,0.06773012552301255
Empresa 1044,17762953.7144,0.00034508110838047675,0.7241273436535759,0.06786087866108786
Empresa 6660,17726997.1448,0.0003443825796847076,0.7244717262332606,0.06799163179916318
Empresa 6128,17719612.6902,0.0003442391217993173,0.72481596535506,0.06812238493723849
Empresa 1421,17689129.0332,0.0003436469154402745,0.7251596122705003,0.0682531380753138
Empresa 682,17683679.9726,0.0003435410564766296,0.7255031533269769,0.06838389121338913
Empresa 3208,17682548.9606,0.00034351908429335265,0.7258466724112702,0.06851464435146444
Empresa 7455,17655465.424,0.0003429929321128617,0.726189665343383,0.06864539748953975
Empresa 4908,17617876.452,0.000342262690716684,0.7265319280340997,0.06877615062761507
Empresa 1102,17583469.6394,0.0003415942691681765,0.7268735223032678,0.06890690376569038
Empresa 1425,17543347.976600002,0.0003408148251583738,0.7272143371284262,0.06903765690376569
Empresa 1335,17511632.612999998,0.00034019869042088886,0.7275545358188471,0.069168410041841
Empresa 1908,17483748.3612,0.0003396569827368958,0.727894192801584,0.06929916317991631
Empresa 6037,17474108.9136,0.00033946971707627055,0.7282336625186603,0.06942991631799163
Empresa 7329,17389916.8894,0.0003378341176430423,0.7285714966363033,0.06956066945606694
Empresa 347,17382844.7002,0.0003376967261412092,0.7289091933624445,0.06969142259414227
Empresa 7453,17380802.88,0.00033765705967643886,0.729246850422121,0.06982217573221758
Empresa 2807,17363317.762000002,0.0003373173760857131,0.7295841677982067,0.06995292887029289
Empresa 3198,17199391.047199998,0.00033413276989093947,0.7299183005680976,0.0700836820083682
Empresa 6012,17197734.1164,0.00033410058067701894,0.7302524011487747,0.07021443514644352
Empresa 963,17186281.988,0.00033387810004541186,0.73058627924882,0.07034518828451883
Empresa 2518,17173762.8564,0.0003336348907302299,0.7309199141395503,0.07047594142259414
Empresa 2456,17151145.0194,0.0003331954937478011,0.731253109633298,0.07060669456066945
Empresa 2508,17057509.0628,0.00033137642693001167,0.7315844860602281,0.07073744769874477
Empresa 2516,17047518.439,0.00033118233896526505,0.7319156683991933,0.07086820083682008
Empresa 3693,17021504.860400002,0.000330676972871283,0.7322463453720646,0.0709989539748954
Empresa 3328,16996710.9912,0.0003301953020859991,0.7325765406741506,0.07112970711297072
Empresa 2041,16994680.4206,0.00033015585416733875,0.7329066965283179,0.07126046025104603
Empresa 6907,16910930.6552,0.0003285288465009613,0.7332352253748188,0.07139121338912134
Empresa 1408,16898886.5344,0.00032829486522611495,0.7335635202400449,0.07152196652719665
Empresa 1409,16880445.9302,0.0003279366193938701,0.7338914568594388,0.07165271966527197
Empresa 2473,16876267.0598,0.0003278554364300119,0.7342193122958688,0.07178347280334728
Empresa 7511,16857219.9384,0.0003274854077810693,0.7345467977036498,0.07191422594142259
Empresa 2899,16692407.353200002,0.00032428359177173293,0.7348710812954216,0.0720449790794979
Empresa 2884,16679301.676,0.00032402898762835857,0.73519511028305,0.07217573221757322
Empresa 1202,16655088.8166,0.000323558604127216,0.7355186688871772,0.07230648535564854
Empresa 5316,16427214.6584,0.0003191316902058462,0.735837800577383,0.07243723849372385
Empresa 5348,16348360.338,0.0003175997864064144,0.7361554003637895,0.07256799163179917
Empresa 7218,16335862.1748,0.000317356984444583,0.736472757348234,0.07269874476987448
Empresa 2365,16314545.322,0.00031694286169733725,0.7367897002099314,0.07282949790794979
Empresa 3678,16295044.247200001,0.00031656401409041365,0.7371062642240218,0.0729602510460251
Empresa 7346,16291787.5592,0.0003165007463747646,0.7374227649703966,0.07309100418410042
Empresa 3870,16216826.9176,0.00031504448511866117,0.7377378094555153,0.07322175732217573
Empresa 2511,16214957.3124,0.00031500816427669856,0.7380528176197919,0.07335251046025104
Empresa 6921,16186130.7464,0.0003144481502437836,0.7383672657700356,0.07348326359832635
Empresa 15,16150944.8812,0.000313764594031356,0.738681030364067,0.07361401673640168
Empresa 2756,16122268.921,0.00031320750581906906,0.738994237869886,0.07374476987447699
Empresa 3169,16114009.4184,0.0003130470483660066,0.739307284918252,0.0738755230125523
Empresa 7533,16077205.462000001,0.00031233205747701936,0.7396196169757291,0.07400627615062762
Empresa 3540,16068715.6986,0.00031216712674471744,0.7399317841024738,0.07413702928870293
Empresa 7550,16067904.445799999,0.0003121513665271375,0.740243935469001,0.07426778242677824
Empresa 3069,16038750.6446,0.00031158499529218667,0.7405555204642932,0.07439853556485355
Empresa 3096,15997932.5034,0.0003107920207884076,0.7408663124850816,0.07452928870292887
Empresa 2103,15912188.3014,0.00030912626717900804,0.7411754387522607,0.07466004184100418
Empresa 5291,15857392.0872,0.0003080617404885027,0.7414835004927491,0.07479079497907949
Empresa 5347,15852439.9848,0.00030796553593758836,0.7417914660286867,0.07492154811715482
Empresa 2383,15845364.4848,0.0003078280801168052,0.7420992941088035,0.07505230125523013
Empresa 3148,15750142.352400001,0.0003059781986433031,0.7424052723074468,0.07518305439330544
Empresa 4123,15657813.3608,0.0003041845222497677,0.7427094568296966,0.07531380753138076
Empresa 4794,15649382.6934,0.0003040207395761451,0.7430134775692727,0.07544456066945607
Empresa 5551,15631157.5226,0.0003036666789710675,0.7433171442482438,0.07557531380753138
Empresa 2135,15601949.0576,0.0003030992457818383,0.7436202434940257,0.07570606694560669
Empresa 4731,15574282.1794,0.0003025617610173003,0.743922805255043,0.075836820083682
Empresa 5971,15529215.8724,0.0003016862573471214,0.7442244915123901,0.07596757322175732
Empresa 352,15466323.5062,0.0003004644466175594,0.7445249559590077,0.07609832635983263
Empresa 7155,15386476.195,0.00029891325197430816,0.744823869210982,0.07622907949790796
Empresa 1105,15364356.295200001,0.0002984835284236545,0.7451223527394056,0.07635983263598327
Empresa 7345,15356678.7458,0.0002983343765821761,0.7454206871159879,0.07649058577405858
Empresa 6428,15324805.3538,0.00029771517182512666,0.7457184022878129,0.0766213389121339
Empresa 3993,15314828.9878,0.00029752136084682646,0.7460159236486598,0.0767520920502092
Empresa 5730,15286559.828800002,0.0002969721755661828,0.746312895824226,0.07688284518828452
Empresa 302,15176344.5072,0.0002948310212317318,0.7466077268454577,0.07701359832635983
Empresa 6000,15149415.2788,0.0002943078667984368,0.7469020347122561,0.07714435146443514
Empresa 7337,15141729.363400001,0.00029415855243057913,0.7471961932646867,0.07727510460251046
Empresa 2356,15126998.92,0.0002938723839353425,0.747490065648622,0.07740585774058577
Empresa 5304,15123905.903,0.00029381229585811384,0.7477838779444801,0.0775366108786611
Empresa 2930,15122538.952,0.0002937857400851401,0.7480776636845652,0.0776673640167364
Empresa 274,15063776.1324,0.00029264415410540015,0.7483703078386705,0.07779811715481172
Empresa 5940,15059100.125799999,0.0002925533132708032,0.7486628611519414,0.07792887029288703
Empresa 5344,15036941.422,0.0002921228358743903,0.7489549839878158,0.07805962343096234
Empresa 1417,14963811.510400001,0.0002907021402312869,0.7492456861280471,0.07819037656903766
Empresa 2369,14963385.7878,0.00029069386971338585,0.7495363799977605,0.07832112970711297
Empresa 1785,14929702.9902,0.0002900395136127031,0.7498264195113732,0.07845188284518828
Empresa 2762,14926161.0394,0.00028997070409332104,0.7501163902154665,0.0785826359832636
Empresa 431,14923395.1686,0.0002899169714891243,0.7504063071869557,0.0787133891213389
Empresa 5701,14898444.784,0.00028943226007734443,0.750695739447033,0.07884414225941423
Empresa 4644,14868225.7774,0.00028884519508470016,0.7509845846421177,0.07897489539748954
Empresa 5844,14840111.4428,0.00028829901757947574,0.7512728836596971,0.07910564853556486
Empresa 5498,14820776.9404,0.00028792340597650414,0.7515608070656736,0.07923640167364017
Empresa 1027,14814801.338,0.00028780731787918717,0.7518486143835528,0.07936715481171548
Empresa 7347,14790853.9478,0.00028734209165128026,0.752135956475204,0.0794979079497908
Empresa 2964,14789827.920200001,0.0002873221590011631,0.7524232786342052,0.0796286610878661
Empresa 5812,14770307.2298,0.0002869429303217502,0.7527102215645269,0.07975941422594142
Empresa 5213,14694985.3728,0.00028547965172987026,0.7529957012162568,0.07989016736401673
Empresa 5789,14640029.2434,0.0002844120183649148,0.7532801132346217,0.08002092050209204
Empresa 7151,14602015.154,0.0002836735182080635,0.7535637867528298,0.08015167364016737
Empresa 2160,14585693.479600001,0.00028335643684968497,0.7538471431896795,0.08028242677824268
Empresa 6251,14542459.2732,0.0002825165254191683,0.7541296597150987,0.080413179916318
Empresa 5711,14531909.3734,0.0002823115723930657,0.7544119712874918,0.08054393305439331
Empresa 264,14525381.1522,0.0002821847485638946,0.7546941560360557,0.08067468619246862
Empresa 5471,14505787.1436,0.0002818040955309577,0.7549759601315866,0.08080543933054393
Empresa 3549,14484312.369199999,0.00028138690483895214,0.7552573470364256,0.08093619246861924
Empresa 436,14456015.068400001,0.0002808371728472326,0.7555381842092728,0.08106694560669456
Empresa 3097,14408310.0182,0.00027991040628222056,0.7558180946155549,0.08119769874476987
Empresa 7173,14397019.104400001,0.00027969105756852253,0.7560977856731235,0.08132845188284518
Empresa 7419,14367373.204400001,0.0002791151263244612,0.756376900799448,0.08145920502092051
Empresa 3454,14364693.9306,0.00027906307604119056,0.7566559638754892,0.08158995815899582
Empresa 1424,14361765.6526,0.0002790061883504307,0.7569349700638396,0.08172071129707113
Empresa 4638,14354863.044,0.00027887209129288595,0.7572138421551324,0.08185146443514645
Empresa 3808,14344214.692400001,0.0002786652256425198,0.757492507380775,0.08198221757322176
Empresa 341,14343853.21,0.0002786582031197312,0.7577711655838948,0.08211297071129707
Empresa 1983,14336206.1164,0.0002785096429434336,0.7580496752268382,0.08224372384937238
Empresa 7363,14325963.9074,0.00027831066743008086,0.7583279858942683,0.0823744769874477
Empresa 2860,14307111.072999999,0.0002779444131969466,0.7586059303074653,0.08250523012552301
Empresa 178,14266209.076000001,0.00027714980962556583,0.7588830801170908,0.08263598326359832
Empresa 1042,14237275.8702,0.0002765877239000161,0.7591596678409909,0.08276673640167365
Empresa 3532,14236004.612,0.00027656302715218086,0.759436230868143,0.08289748953974896
Empresa 2989,14218625.8134,0.00027622540902967526,0.7597124562771728,0.08302824267782427
Empresa 1678,14212419.8078,0.00027610484488671256,0.7599885611220595,0.08315899581589958
Empresa 4874,14202395.915800001,0.00027591011062025767,0.7602644712326797,0.0832897489539749
Empresa 2948,14169557.8884,0.00027527216588007434,0.7605397433985598,0.08342050209205021
Empresa 7237,14165289.1636,0.00027518923731374245,0.7608149326358735,0.08355125523012552
Empresa 4308,14164745.5872,0.00027517867724869826,0.7610901113131222,0.08368200836820083
Empresa 5894,14155471.1642,0.0002749985029252221,0.7613651098160474,0.08381276150627615
Empresa 4208,14105834.9386,0.00027403421939325604,0.7616391440354406,0.08394351464435146
Empresa 7167,14018614.8852,0.00027233979440154554,0.7619114838298422,0.08407426778242678
Empresa 4195,13986760.2188,0.00027172095342694507,0.7621832047832692,0.0842050209205021
Empresa 6040,13986303.328399999,0.0002717120774118309,0.762454916860681,0.08433577405857741
Empresa 7392,13971884.474000001,0.0002714319621597209,0.7627263488228407,0.08446652719665272
Empresa 1731,13951457.5856,0.0002710351287612235,0.762997383951602,0.08459728033472803
Empresa 3746,13938420.7588,0.0002707818621753707,0.7632681658137773,0.08472803347280335
Empresa 1907,13913692.3046,0.0002703014622080525,0.7635384672759854,0.08485878661087866
Empresa 1320,13909813.738,0.0002702261132496093,0.763808693389235,0.08498953974895397
Empresa 1308,13785266.6574,0.00026780653566639697,0.7640764999249013,0.08512029288702928
Empresa 5061,13764684.7666,0.00026740669103447225,0.7643439066159358,0.0852510460251046
Empresa 1364,13696862.8862,0.00026608911457522003,0.764609995730511,0.08538179916317992
Empresa 1101,13679836.1538,0.00026575833604687614,0.764875754066558,0.08551255230125523
Empresa 5802,13648119.401800001,0.0002651421743369283,0.7651408962408949,0.08564330543933055
Empresa 5941,13643558.1162,0.0002650535621885325,0.7654059498030834,0.08577405857740586
Empresa 359,13624282.0156,0.00026467908515800866,0.7656706288882414,0.08590481171548117
Empresa 4654,13619131.728,0.00026457903046090916,0.7659352079187024,0.08603556485355648
Empresa 2734,13577371.450600002,0.00026376775306621636,0.7661989756717686,0.0861663179916318
Empresa 6324,13543836.855800001,0.00026311627610305267,0.7664620919478717,0.08629707112970711
Empresa 3063,13461589.5528,0.00026151845679119257,0.766723610404663,0.08642782426778242
Empresa 2877,13453783.078,0.00026136680031446907,0.7669849772049775,0.08655857740585773
Empresa 5899,13314900.4114,0.00025866872513532184,0.7672436459301128,0.08668933054393306
Empresa 1979,13296707.761200001,0.00025831529630831855,0.7675019612264211,0.08682008368200837
Empresa 2923,13284390.624,0.00025807601114069437,0.7677600372375618,0.08695083682008369
Empresa 7142,13283671.3794,0.0002580620383674859,0.7680180992759293,0.087081589958159
Empresa 6874,13249989.7388,0.0002574077047438556,0.7682755069806732,0.08721234309623431
Empresa 1404,13230195.070799999,0.00025702315349842127,0.7685325301341716,0.08734309623430962
Empresa 1786,13201254.6738,0.00025646092806934557,0.7687889910622409,0.08747384937238493
Empresa 5358,13200482.047,0.00025644591823951687,0.7690454369804803,0.08760460251046025
Empresa 1080,13190401.4442,0.00025625008225169083,0.769301687062732,0.08773535564853556
Empresa 2922,13176633.34,0.0002559826091312839,0.7695576696718633,0.08786610878661087
Empresa 5062,13110322.5372,0.0002546943883941397,0.7698123640602574,0.0879968619246862
Empresa 1331,13063243.9224,0.00025377979159692845,0.7700661438518543,0.08812761506276151
Empresa 6811,13053836.48,0.00025359703310402163,0.7703197408849584,0.08825836820083682
Empresa 1497,13027973.347000001,0.00025309458971846036,0.7705728354746768,0.08838912133891214
Empresa 5805,13015685.7044,0.0002528558775427734,0.7708256913522196,0.08851987447698745
Empresa 5461,13005214.4272,0.0002526524519188353,0.7710783438041384,0.08865062761506276
Empresa 3185,12972877.8258,0.00025202424838738526,0.7713303680525259,0.08878138075313807
Empresa 3180,12971633.036200002,0.00025200006584535006,0.7715823681183712,0.08891213389121339
Empresa 1008,12939259.0014,0.0002513711350948028,0.771833739253466,0.0890428870292887
Empresa 1043,12937613.5694,0.0002513391692682036,0.7720850784227342,0.08917364016736401
Empresa 3181,12906130.033000002,0.0002507275382404292,0.7723358059609746,0.08930439330543934
Empresa 947,12888878.5222,0.0002503923929394944,0.7725861983539141,0.08943514644351465
Empresa 3177,12841854.5356,0.0002494788574049599,0.7728356772113191,0.08956589958158996
Empresa 2037,12832395.2952,0.0002492950926317047,0.7730849723039508,0.08969665271966527
Empresa 5274,12811513.7948,0.0002488894274805965,0.7733338617314314,0.08982740585774059
Empresa 1967,12807607.0152,0.0002488135304278742,0.7735826752618592,0.0899581589958159
Empresa 7380,12777994.508000001,0.0002482382479061269,0.7738309135097653,0.09008891213389121
Empresa 3281,12766633.3554,0.00024801753466244437,0.7740789310444277,0.09021966527196652
Empresa 6895,12756050.846,0.0002478119481292633,0.774326742992557,0.09035041841004184
Empresa 2060,12750939.843,0.0002477126566145449,0.7745744556491715,0.09048117154811715
Empresa 1095,12698035.9112,0.0002466848913162303,0.7748211405404877,0.09061192468619247
Empresa 4919,12663636.1296,0.0002460166063590415,0.7750671571468467,0.09074267782426779
Empresa 5351,12661584.5906,0.00024597675108703053,0.7753131338979338,0.0908734309623431
Empresa 1338,12653679.9132,0.0002458231868272548,0.7755589570847611,0.09100418410041841
Empresa 4193,12646928.836000001,0.0002456920335719801,0.775804649118333,0.09113493723849372
Empresa 2944,12623072.1368,0.0002452285691991848,0.7760498776875322,0.09126569037656904
Empresa 3190,12589873.6416,0.0002445836216468589,0.776294461309179,0.09139644351464435
Empresa 2212,12529301.167200001,0.0002434068794822743,0.7765378681886613,0.09152719665271966
Empresa 3248,12527920.3856,0.00024338005502207356,0.7767812482436834,0.09165794979079497
Empresa 3617,12524060.8472,0.00024330507572469298,0.7770245533194081,0.09178870292887029
Empresa 5467,12519579.181,0.0002432180103433069,0.7772677713297514,0.09191945606694561
Empresa 3356,12506822.7398,0.00024297019081176598,0.7775107415205632,0.09205020920502092
Empresa 2331,12485942.6278,0.00024256455263312076,0.7777533060731964,0.09218096234309624
Empresa 3000,12459992.88,0.00024206042658083258,0.7779953664997772,0.09231171548117155
Empresa 7164,12417868.2722,0.000241242071335222,0.7782366085711124,0.09244246861924686
Empresa 3123,12399933.2414,0.00024089364728329844,0.7784775022183957,0.09257322175732217
Empresa 2028,12390179.6602,0.00024070416434789866,0.7787182063827436,0.09270397489539749
Empresa 1503,12309198.7916,0.00023913094807185515,0.7789573373308154,0.0928347280334728
Empresa 7546,12301835.394399999,0.00023898789926881953,0.7791963252300842,0.09296548117154811
Empresa 1500,12294397.0592,0.00023884339464438646,0.7794351686247286,0.09309623430962342
Empresa 1453,12273984.3218,0.00023844683615753068,0.7796736154608861,0.09322698744769875
Empresa 1047,12273343.8244,0.00023843439320709236,0.7799120498540932,0.09335774058577406
Empresa 2280,12236485.8984,0.00023771835385005824,0.7801497682079432,0.09348849372384938
Empresa 5755,12219390.0308,0.00023738623223137995,0.7803871544401746,0.09361924686192469
Empresa 4597,12210438.4998,0.00023721233073454288,0.7806243667709092,0.09375
Empresa 2512,12154270.493,0.00023612115421324433,0.7808604879251224,0.09388075313807531
Empresa 2211,12145563.267,0.00023595199883248333,0.7810964399239549,0.09401150627615062
Empresa 24,12136966.045,0.0002357849805007096,0.7813322249044556,0.09414225941422594
Empresa 4215,12105598.600200001,0.0002351756047857984,0.7815674005092415,0.09427301255230125
Empresa 1802,12102614.2166,0.00023511762713089487,0.7818025181363724,0.09440376569037658
Empresa 6389,12045664.950000001,0.00023401127306637624,0.7820365294094387,0.09453451882845189
Empresa 1619,12008733.3854,0.0002332938031314035,0.7822698232125701,0.0946652719665272
Empresa 6120,12007612.501600001,0.00023327202770878584,0.7825030952402788,0.09479602510460251
Empresa 6634,12005995.425,0.00023324061274287216,0.7827363358530217,0.09492677824267783
Empresa 2551,12005204.9448,0.00023322525607483402,0.7829695611090965,0.09505753138075314
Empresa 3912,11991206.704400001,0.0002329533120957934,0.7832025144211924,0.09518828451882845
Empresa 2911,11989309.8474,0.00023291646183279526,0.7834354308830251,0.09531903765690376
Empresa 6590,11986104.3878,0.0002328541893318688,0.783668285072357,0.09544979079497908
Empresa 5855,11982709.9456,0.00023278824546377436,0.7839010733178208,0.09558054393305439
Empresa 7541,11970292.4164,0.00023254700997959874,0.7841336203278003,0.09571129707112971
Empresa 6578,11950186.3018,0.00023215640825744436,0.7843657767360578,0.09584205020920503
Empresa 7152,11934471.803199999,0.00023185112251039344,0.7845976278585681,0.09597280334728034
Empresa 3256,11931453.8132,0.00023179249198356633,0.7848294203505517,0.09610355648535565
Empresa 7582,11888896.2026,0.00023096572478752464,0.7850603860753392,0.09623430962343096
Empresa 3842,11834545.8428,0.00022990985971563309,0.7852902959350548,0.09636506276150628
Empresa 4263,11832618.0138,0.00022987240775923076,0.785520168342814,0.09649581589958159
Empresa 2766,11832099.838,0.0002298623411519381,0.785750030683966,0.0966265690376569
Empresa 4799,11717517.5178,0.00022763634908489982,0.7859776670330508,0.09675732217573221
Empresa 2490,11710781.8376,0.00022750549494732314,0.7862051725279982,0.09688807531380753
Empresa 4787,11700221.24,0.00022730033409493552,0.7864324728620931,0.09701882845188285
Empresa 5951,11686799.114400001,0.00022703958230481434,0.7866595124443979,0.09714958158995816
Empresa 6745,11648435.5754,0.00022629429338651998,0.7868858067377844,0.09728033472803348
Empresa 2141,11636807.8322,0.00022606840108415098,0.7871118751388686,0.09741108786610879
Empresa 5803,11611242.4576,0.0002255717422544892,0.7873374468811231,0.0975418410041841
Empresa 2887,11600728.1044,0.00022536747979259817,0.7875628143609157,0.09767259414225941
Empresa 7509,11600406.1558,0.00022536122529340195,0.7877881755862091,0.09780334728033473
Empresa 5685,11597688.861200001,0.00022530843637960752,0.7880134840225886,0.09793410041841004
Empresa 3720,11583543.8598,0.00022503364127291313,0.7882385176638615,0.09806485355648535
Empresa 6105,11559930.4688,0.0002245749036513488,0.7884630925675129,0.09819560669456066
Empresa 3129,11558262.858000001,0.00022454250695694405,0.7886876350744698,0.09832635983263599
Empresa 5763,11549537.885400001,0.00022437300681277847,0.7889120080812826,0.0984571129707113
Empresa 3760,11533630.0076,0.00022406396428576028,0.7891360720455683,0.09858786610878661
Empresa 312,11524848.5556,0.0002238933669156341,0.789359965412484,0.09871861924686193
Empresa 283,11498666.0906,0.0002233847198635952,0.7895833501323476,0.09884937238493724
Empresa 3600,11490568.7994,0.0002232274136932869,0.7898065775460409,0.09898012552301255
Empresa 2496,11476748.826,0.0002229589329093284,0.7900295364789502,0.09911087866108786
Empresa 5437,11412485.931,0.0002217104969008305,0.790251246975851,0.09924163179916318
Empresa 2074,11407034.253800001,0.0002216045871044669,0.7904728515629555,0.09937238493723849
Empresa 2056,11394986.786600001,0.0002213705408190688,0.7906942221037746,0.0995031380753138
Empresa 1920,11388231.562,0.00022123930699220604,0.7909154614107669,0.09963389121338913
Empresa 5499,11320044.763799999,0.00021991464127060946,0.7911353760520374,0.09976464435146444
Empresa 3550,11312001.317599999,0.00021975838114774235,0.7913551344331852,0.09989539748953975
Empresa 1075,11305762.702399999,0.00021963718349770118,0.7915747716166829,0.10002615062761507
Empresa 5598,11302158.5228,0.0002195671650586979,0.7917943387817415,0.10015690376569038
Empresa 5813,11243188.9384,0.00021842156225678375,0.7920127603439984,0.10028765690376569
Empresa 3078,11234083.7044,0.00021824467476997818,0.7922310050187683,0.100418410041841
Empresa 2453,11227795.5874,0.00021812251544789277,0.7924491275342161,0.10054916317991631
Empresa 2907,11222393.6078,0.00021801757112738227,0.7926671451053435,0.10067991631799163
Empresa 7402,11186079.988,0.00021731210601322546,0.7928844572113568,0.10081066945606694
Empresa 4666,11140630.8564,0.0002164291652050904,0.793100886376562,0.10094142259414227
Empresa 79,11124129.8114,0.0002161085992119797,0.7933169949757739,0.10107217573221758
Empresa 3186,11102104.0736,0.00021568070494759503,0.7935326756807215,0.10120292887029289
Empresa 2498,11095151.002,0.00021554562754476245,0.7937482213082663,0.1013336820083682
Empresa 4651,11078709.053,0.00021522620961033097,0.7939634475178766,0.10146443514644352
Empresa 290,11071478.1056,0.00021508573391110027,0.7941785332517877,0.10159518828451883
Empresa 4911,11061669.4156,0.00021489518037640201,0.7943934284321641,0.10172594142259414
Empresa 3196,11054434.6234,0.00021475462998419702,0.7946081830621483,0.10185669456066945
Empresa 3314,11051204.6888,0.00021469188200716092,0.7948228749441555,0.10198744769874477
Empresa 3250,11043950.726,0.00021455095918748675,0.7950374259033429,0.10211820083682008
Empresa 7196,11042307.0384,0.00021451902724936662,0.7952519449305923,0.1022489539748954
Empresa 46,10967358.4296,0.0002130629997546087,0.7954650079303469,0.10237970711297072
Empresa 7374,10943176.0794,0.0002125932089560493,0.795677601139303,0.10251046025104603
Empresa 3353,10932418.5426,0.00021238422216353304,0.7958899853614665,0.10264121338912134
Empresa 2893,10900916.4942,0.00021177223150291928,0.7961017575929694,0.10277196652719665
Empresa 6867,10892410.5862,0.0002116069871292855,0.7963133645800987,0.10290271966527197
Empresa 2306,10871586.935800001,0.00021120244583080008,0.7965245670259296,0.10303347280334728
Empresa 975,10851659.177199999,0.00021081530903273183,0.7967353823349623,0.10316422594142259
Empresa 1459,10811518.2726,0.0002100354912122568,0.7969454178261746,0.1032949790794979
Empresa 2432,10806299.3482,0.00020993410310724553,0.7971553519292818,0.10342573221757322
Empresa 5417,10795288.7488,0.00020972020006465608,0.7973650721293465,0.10355648535564854
Empresa 3442,10786582.5908,0.00020955106543194351,0.7975746231947785,0.10368723849372385
Empresa 3275,10753740.8966,0.000208913049456794,0.7977835362442353,0.10381799163179917
Empresa 1621,10751759.2404,0.00020887455179875128,0.797992410796034,0.10394874476987448
Empresa 3210,10741920.415000001,0.00020868341282328682,0.7982010942088573,0.10407949790794979
Empresa 4276,10724231.3802,0.000208339767738516,0.7984094339765958,0.1042102510460251
Empresa 3007,10712336.7438,0.0002081086904988468,0.7986175426670946,0.10434100418410042
Empresa 872,10636841.3368,0.0002066420403490986,0.7988241847074438,0.10447175732217573
Empresa 952,10620492.268199999,0.00020632442680327808,0.799030509134247,0.10460251046025104
Empresa 5360,10581042.235,0.00020555803054952515,0.7992360671647966,0.10473326359832635
Empresa 5423,10551300.3574,0.00020498023474751256,0.799441047399544,0.10486401673640168
Empresa 4836,10546844.9284,0.00020489367907651604,0.7996459410786205,0.10499476987447699
Empresa 6760,10543585.9976,0.00020483036778996531,0.7998507714464105,0.1051255230125523
Empresa 5505,10527665.0368,0.000204521071099354,0.8000552925175098,0.10525627615062762
Empresa 1171,10520796.8178,0.00020438764212896837,0.8002596801596388,0.10538702928870293
Empresa 1997,10518619.148,0.000204345336512439,0.8004640254961513,0.10551778242677824
Empresa 5962,10510133.6388,0.00020418048842653,0.8006682059845778,0.10564853556485355
Empresa 2435,10507444.6996,0.0002041282503734211,0.8008723342349512,0.10577928870292887
Empresa 5301,10467976.724,0.0002033615055524547,0.8010756957405036,0.10591004184100418
Empresa 5590,10447959.2534,0.00020297262591831923,0.8012786683664219,0.10604079497907949
Empresa 1430,10442343.0864,0.0002028635205766981,0.8014815318869987,0.10617154811715482
Empresa 1752,10440383.2886,0.0002028254475620464,0.8016843573345607,0.10630230125523013
Empresa 1749,10434012.170200001,0.00020270167577079794,0.8018870590103314,0.10643305439330544
Empresa 1231,10379101.68,0.0002016349290391116,0.8020886939393705,0.10656380753138076
Empresa 5361,10374191.2474,0.0002015395340078865,0.8022902334733785,0.10669456066945607
Empresa 1038,10367742.538800001,0.00020141425487092031,0.8024916477282494,0.10682531380753138
Empresa 4685,10353644.2802,0.00020114036783714514,0.8026927880960866,0.10695606694560669
Empresa 2523,10348742.0,0.0002010451311826896,0.8028938332272693,0.107086820083682
Empresa 5652,10339797.8916,0.00020087137388478902,0.8030947046011541,0.10721757322175732
Empresa 2705,10335586.6074,0.0002007895612176613,0.8032954941623717,0.10734832635983263
Empresa 6606,10329000.3226,0.00020066160938625777,0.8034961557717579,0.10747907949790796
Empresa 5427,10328170.3264,0.00020064548504042812,0.8036968012567983,0.10760983263598327
Empresa 5520,10315612.6756,0.00020040152741229974,0.8038972027842106,0.10774058577405858
Empresa 6173,10304444.3148,0.00020018455953715785,0.8040973873437478,0.1078713389121339
Empresa 1121,10297768.407,0.00020005486659869107,0.8042974422103465,0.1080020920502092
Empresa 5325,10245207.3388,0.00019903376211552094,0.804496475972462,0.10813284518828452
Empresa 2885,10222870.0298,0.0001985998149538105,0.8046950757874158,0.10826359832635983
Empresa 6525,10177174.9556,0.00019771209621592513,0.8048927878836317,0.10839435146443514
Empresa 1401,10161303.8704,0.000197403768459175,0.805090191652091,0.10852510460251046
Empresa 5542,10156011.699000001,0.00019730095738384294,0.8052874926094747,0.10865585774058577
Empresa 7223,10155600.4478,0.00019729296800199793,0.8054847855774767,0.1087866108786611
Empresa 2524,10127434.439800002,0.00019674578663703086,0.8056815313641137,0.1089173640167364
Empresa 1021,10121451.4504,0.000196629555032379,0.8058781609191461,0.10904811715481172
Empresa 123,10092506.906,0.00019606724903171522,0.8060742281681779,0.10917887029288703
Empresa 3022,10065512.9212,0.00019554283657508432,0.8062697710047529,0.10930962343096234
Empresa 5472,10046714.7506,0.00019517764429622845,0.8064649486490492,0.10944037656903766
Empresa 1306,10008864.1364,0.00019444231997398865,0.8066593909690232,0.10957112970711297
Empresa 2066,10006761.814,0.00019440147813227528,0.8068537924471555,0.10970188284518828
Empresa 5776,9994057.0462,0.00019415466246047706,0.8070479471096159,0.1098326359832636
Empresa 5984,9992175.8888,0.00019411811719379074,0.8072420652268097,0.1099633891213389
Empresa 3776,9976709.2196,0.00019381764603137568,0.8074358828728411,0.11009414225941423
Empresa 5988,9960900.4344,0.00019351052857745007,0.8076293934014185,0.11022489539748954
Empresa 4853,9938058.798,0.0001930667838414749,0.8078224601852599,0.11035564853556486
Empresa 3060,9924073.3914,0.0001927950891848161,0.8080152552744447,0.11048640167364017
Empresa 2487,9917923.8652,0.000192675622267814,0.8082079308967125,0.11061715481171548
Empresa 2692,9900309.8574,0.0001923334347334447,0.808400264331446,0.1107479079497908
Empresa 2189,9874523.4068,0.00019183248105775997,0.8085920968125038,0.1108786610878661
Empresa 4530,9865833.126400001,0.00019166365487936727,0.8087837604673831,0.11100941422594142
Empresa 3086,9862916.81,0.00019160699956674972,0.8089753674669499,0.11114016736401673
Empresa 3682,9856682.9474,0.000191485894245524,0.8091668533611954,0.11127092050209204
Empresa 2256,9853581.7602,0.00019142564744572494,0.8093582790086411,0.11140167364016737
Empresa 5684,9833696.7928,0.00019103934195279678,0.8095493183505938,0.11153242677824268
Empresa 3337,9831692.4772,0.00019100040409032677,0.8097403187546842,0.111663179916318
Empresa 1985,9827010.1516,0.00019090944049644337,0.8099312281951807,0.11179393305439331
Empresa 986,9823535.3958,0.0001908419363751078,0.8101220701315558,0.11192468619246862
Empresa 4174,9819307.967,0.00019075981006664813,0.8103128299416225,0.11205543933054393
Empresa 1317,9810352.8048,0.0001905858380264464,0.8105034157796489,0.11218619246861924
Empresa 5264,9782880.5874,0.00019005213493953377,0.8106934679145884,0.11231694560669456
Empresa 4380,9776237.040000001,0.00018992307066693413,0.8108833909852553,0.11244769874476987
Empresa 6307,9747936.642,0.00018937327850587413,0.8110727642637612,0.11257845188284518
Empresa 2872,9739394.6,0.0001892073321566021,0.8112619715959177,0.11270920502092051
Empresa 2660,9737642.9376,0.00018917330259078668,0.8114511448985086,0.11283995815899582
Empresa 5198,9728181.917200001,0.0001889895032374508,0.811640134401746,0.11297071129707113
Empresa 2805,9725089.1316,0.00018892941965563262,0.8118290638214016,0.11310146443514645
Empresa 1214,9703914.3584,0.00018851805709042832,0.812017581878492,0.11323221757322176
Empresa 5515,9695996.3666,0.00018836423417164895,0.8122059461126637,0.11336297071129707
Empresa 2063,9688457.23,0.00018821777127724584,0.8123941638839409,0.11349372384937238
Empresa 5506,9680923.7716,0.00018807141869330013,0.8125822353026342,0.1136244769874477
Empresa 4210,9669715.5922,0.00018785367726175298,0.8127700889798959,0.11375523012552301
Empresa 2393,9632326.9592,0.00018712732785365813,0.8129572163077495,0.11388598326359832
Empresa 4310,9622567.682,0.0001869377342620001,0.8131441540420116,0.11401673640167365
Empresa 5687,9620892.168,0.00018690518403203702,0.8133310592260437,0.11414748953974896
Empresa 5527,9608535.888600001,0.0001866651384484383,0.8135177243644921,0.11427824267782427
Empresa 2866,9592707.0784,0.0001863576319686048,0.8137040819964607,0.11440899581589958
Empresa 388,9570229.4876,0.00018592095955073442,0.8138900029560114,0.1145397489539749
Empresa 1217,9559134.0,0.00018570540738409639,0.8140757083633955,0.11467050209205021
Empresa 6905,9547962.1326,0.00018548837138619552,0.8142611967347817,0.11480125523012552
Empresa 5244,9540786.65,0.00018534897320227945,0.814446545707984,0.11493200836820083
Empresa 2862,9501522.537800001,0.00018458618883795567,0.814631131896822,0.11506276150627615
Empresa 3967,9500720.8258,0.00018457061396960828,0.8148157025107916,0.11519351464435146
Empresa 2958,9489295.4152,0.0001843486523850125,0.8150000511631766,0.11532426778242678
Empresa 2463,9473290.2782,0.00018403772040238487,0.8151840888835791,0.1154550209205021
Empresa 1918,9470039.553199999,0.00018397456853000617,0.8153680634521091,0.11558577405857741
Empresa 156,9456056.6564,0.0001837029226312612,0.8155517663747404,0.11571652719665272
Empresa 2215,9431783.4016,0.00018323136582798047,0.8157349977405683,0.11584728033472803
Empresa 6433,9414457.2376,0.00018289477023846122,0.8159178925108068,0.11597803347280335
Empresa 7535,9409717.0976,0.00018280268348355667,0.8161006951942904,0.11610878661087866
Empresa 1589,9409227.4196,0.00018279317050335606,0.8162834883647938,0.11623953974895397
Empresa 5595,9356180.0732,0.00018176261908793944,0.8164652509838818,0.11637029288702928
Empresa 3056,9307060.724,0.00018080837691980707,0.8166460593608016,0.1165010460251046
Empresa 3150,9297552.2844,0.0001806236563531213,0.8168266830171547,0.11663179916317992
Empresa 2897,9288447.459800001,0.00018044677681973434,0.8170071297939744,0.11676255230125523
Empresa 2633,9284633.6674,0.00018037268623042777,0.8171875024802048,0.11689330543933055
Empresa 3918,9283940.624400001,0.00018035922247600718,0.8173678617026808,0.11702405857740586
Empresa 5275,9282287.2358,0.00018032710207644719,0.8175481888047573,0.11715481171548117
Empresa 3072,9264014.6102,0.00017997211956641805,0.8177281609243238,0.11728556485355648
Empresa 6889,9263030.11,0.00017995299366958356,0.8179081139179933,0.1174163179916318
Empresa 2482,9259366.3182,0.00017988181714367763,0.818087995735137,0.11754707112970711
Empresa 7158,9258702.1824,0.00017986891496976756,0.8182678646501068,0.11767782426778242
Empresa 3965,9227195.15,0.00017925682748492786,0.8184471214775917,0.11780857740585773
Empresa 3700,9223940.1708,0.0001791935929661563,0.8186263150705578,0.11793933054393306
Empresa 3856,9202005.124,0.00017876746055688333,0.8188050825311147,0.11807008368200837
Empresa 3588,9196726.2492,0.00017866490779475406,0.8189837474389094,0.11820083682008369
Empresa 268,9186079.9446,0.00017845808191148074,0.819162205520821,0.118331589958159
Empresa 4233,9184341.4364,0.0001784243078924617,0.8193406298287135,0.11846234309623431
Empresa 6922,9182221.136,0.00017838311679193328,0.8195190129455054,0.11859309623430962
Empresa 3187,9169590.5942,0.00017813774310950024,0.8196971506886149,0.11872384937238493
Empresa 6583,9166575.47,0.00017807916825660305,0.8198752298568716,0.11885460251046025
Empresa 6181,9131850.1798,0.0001774045596400566,0.8200526344165117,0.11898535564853556
Empresa 4591,9094020.9256,0.0001766696502787852,0.8202293040667904,0.11911610878661087
Empresa 3598,9089640.826200001,0.00017658455803680392,0.8204058886248272,0.1192468619246862
Empresa 2980,9084158.8,0.00017647805865006437,0.8205823666834773,0.11937761506276151
Empresa 4912,9074828.1468,0.00017629679194183892,0.8207586634754191,0.11950836820083682
Empresa 2457,9059489.0324,0.00017599879878800687,0.8209346622742072,0.11963912133891214
Empresa 7257,9054592.3236,0.00017590367036920393,0.8211105659445764,0.11976987447698745
Empresa 3131,9046160.428,0.00017573986383532562,0.8212863058084118,0.11990062761506276
Empresa 2181,9043491.6384,0.00017568801722873026,0.8214619938256406,0.12003138075313807
Empresa 7415,9043165.4,0.00017568167939153954,0.8216376755050321,0.12016213389121339
Empresa 2237,9011766.378,0.00017507169022599672,0.8218127471952581,0.1202928870292887
Empresa 2909,9007319.9558,0.00017498530953020852,0.8219877325047883,0.12042364016736401
Empresa 1340,9007080.1186,0.00017498065021013496,0.8221627131549984,0.12055439330543934
Empresa 1244,9006497.8806,0.00017496933906573794,0.8223376824940641,0.12068514644351465
Empresa 835,9005572.8146,0.00017495136779779806,0.8225126338618619,0.12081589958158996
Empresa 4250,8994041.493999999,0.00017472734869840057,0.8226873612105603,0.12094665271966527
Empresa 1205,8979131.8046,0.00017443769798903747,0.8228617989085494,0.12107740585774059
Empresa 5792,8968732.8844,0.00017423567804537984,0.8230360345865948,0.1212081589958159
Empresa 2399,8955082.367,0.00017397048928510399,0.8232100050758799,0.12133891213389121
Empresa 2817,8940334.5686,0.00017368398363408054,0.823383689059514,0.12146966527196652
Empresa 1442,8937353.3,0.00017362606649431824,0.8235573151260083,0.12160041841004184
Empresa 2757,8936376.4716,0.0001736070896376316,0.8237309222156459,0.12173117154811715
Empresa 2459,8907447.253,0.00017304508137146266,0.8239039672970174,0.12186192468619247
Empresa 6476,8896011.643,0.00017282292164300442,0.8240767902186604,0.12199267782426779
Empresa 3991,8889643.604,0.00017269920967529558,0.8242494894283358,0.1221234309623431
Empresa 6772,8879650.15,0.00017250506672822065,0.8244219944950639,0.12225418410041841
Empresa 1894,8863578.9928,0.0001721928521703998,0.8245941873472343,0.12238493723849372
Empresa 6575,8832745.067400001,0.00017159384114307687,0.8247657811883774,0.12251569037656904
Empresa 3283,8806093.875,0.0001710760881183872,0.8249368572764958,0.12264644351464435
Empresa 5712,8794685.3032,0.00017085445366135483,0.8251077117301572,0.12277719665271966
Empresa 5742,8791548.8008,0.00017079352079275465,0.8252785052509499,0.12290794979079497
Empresa 989,8782933.3516,0.00017062614836095457,0.8254491313993109,0.12303870292887029
Empresa 5682,8763444.986,0.00017024754765580718,0.8256193789469667,0.12316945606694561
Empresa 2905,8753924.2466,0.0001700625881407638,0.8257894415351075,0.12330020920502092
Empresa 1181,8752447.9502,0.00017003390811343272,0.8259594754432209,0.12343096234309624
Empresa 3716,8745638.6136,0.00016990162305211665,0.826129377066273,0.12356171548117155
Empresa 5693,8726396.1906,0.0001695278002767196,0.8262989048665497,0.12369246861924686
Empresa 5788,8707302.985000001,0.0001691568763494877,0.8264680617428991,0.12382322175732217
Empresa 2793,8706075.9064,0.00016913303787925542,0.8266371947807784,0.12395397489539749
Empresa 5373,8690426.983,0.00016882902606237747,0.8268060238068408,0.1240847280334728
Empresa 131,8682517.5708,0.0001686753698195871,0.8269746991766603,0.12421548117154811
Empresa 5539,8677380.5264,0.00016857557239828805,0.8271432747490586,0.12434623430962342
Empresa 7520,8672719.1158,0.0001684850151203529,0.8273117597641789,0.12447698744769875
Empresa 1604,8664951.6408,0.0001683341162931975,0.8274800938804722,0.12460774058577406
Empresa 5534,8653105.1,0.00016810397340730887,0.8276481978538794,0.12473849372384938
Empresa 2239,8645451.9366,0.0001679552953129361,0.8278161531491923,0.12486924686192469
Empresa 6890,8622904.4096,0.00016751726424369502,0.827983670413436,0.125
Empresa 6042,8612487.1554,0.00016731488812520617,0.8281509853015612,0.1251307531380753
Empresa 7035,8589684.501,0.00016687190069299832,0.8283178572022541,0.12526150627615062
Empresa 2921,8582896.4354,0.0001667400288636466,0.8284845972311178,0.12539225941422594
Empresa 494,8579717.5156,0.00016667827195172337,0.8286512755030695,0.12552301255230125
Empresa 289,8578789.9042,0.00016666025123426812,0.8288179357543037,0.12565376569037656
Empresa 2462,8576931.3706,0.00016662414548040746,0.8289845598997841,0.12578451882845187
Empresa 7228,8566620.2756,0.00016642383171793155,0.8291509837315021,0.1259152719665272
Empresa 3213,8564859.3216,0.0001663896216440949,0.8293173733531461,0.1260460251046025
Empresa 6526,8559492.0876,0.00016628535232675968,0.8294836587054729,0.1261767782426778
Empresa 1951,8531327.7528,0.00016573820346706843,0.82964939690894,0.12630753138075315
Empresa 2377,8526355.5364,0.00016564160816124219,0.8298150385171013,0.12643828451882846
Empresa 335,8516736.897,0.00016545474674176027,0.829980493263843,0.12656903765690378
Empresa 59,8515272.0994,0.00016542629010175052,0.8301459195539448,0.1266997907949791
Empresa 2773,8510588.314199999,0.00016533529815220091,0.830311254852097,0.1268305439330544
Empresa 4699,8464043.6994,0.00016443107537919975,0.8304756859274762,0.12696129707112971
Empresa 5751,8435053.675999999,0.00016386788585747407,0.8306395538133337,0.12709205020920503
Empresa 2521,8401145.1566,0.00016320914465675775,0.8308027629579904,0.12722280334728034
Empresa 7571,8380950.9141999995,0.0001628168308748079,0.8309655797888652,0.12735355648535565
Empresa 4776,8346241.5906,0.00016214253244158536,0.8311277223213068,0.12748430962343096
Empresa 5644,8343025.130599999,0.00016208004623576014,0.8312898023675426,0.12761506276150628
Empresa 1927,8333292.9806,0.000161890979644532,0.8314516933471872,0.1277458158995816
Empresa 1169,8319770.2316,0.00016162827304244882,0.8316133216202296,0.1278765690376569
Empresa 2323,8314303.7626,0.00016152207588561457,0.8317748436961152,0.1280073221757322
Empresa 5224,8286676.186799999,0.00016098535464925844,0.8319358290507645,0.12813807531380753
Empresa 3194,8278542.726,0.00016082734581171032,0.8320966563965762,0.12826882845188284
Empresa 6386,8265937.4068,0.0001605824621290208,0.8322572388587052,0.12839958158995815
Empresa 6405,8256995.078400001,0.00016040873941120095,0.8324176475981164,0.12853033472803346
Empresa 2235,8254341.7392,0.00016035719295970604,0.8325780047910761,0.12866108786610878
Empresa 6062,8238599.561600001,0.00016005136949240025,0.8327380561605685,0.1287918410041841
Empresa 7186,8214542.007200001,0.00015958400310329878,0.8328976401636718,0.12892259414225943
Empresa 1078,8206596.4788,0.000159429645230671,0.8330570698089025,0.12905334728033474
Empresa 2735,8186351.7734,0.00015903635110343331,0.833216106160006,0.12918410041841005
Empresa 259,8163669.1088000005,0.00015859569471446546,0.8333747018547204,0.12931485355648537
Empresa 6932,8142407.0088,0.000158182635650502,0.8335328844903709,0.12944560669456068
Empresa 2208,8125748.5584,0.00015785901174085497,0.8336907435021117,0.129576359832636
Empresa 2834,8120878.158,0.0001577643944156448,0.8338485078965273,0.1297071129707113
Empresa 1375,8111842.5932,0.00015758886039319783,0.8340060967569205,0.12983786610878661
Empresa 6600,8111057.007999999,0.00015757359882038162,0.8341636703557409,0.12996861924686193
Empresa 7141,8102485.827400001,0.00015740708639518856,0.8343210774421361,0.13009937238493724
Empresa 3309,8084651.5268,0.0001570606192300318,0.8344781380613662,0.13023012552301255
Empresa 4192,8059765.418,0.00015657715650496603,0.8346347152178711,0.13036087866108786
Empresa 2558,8057599.247,0.00015653507427575798,0.8347912502921468,0.13049163179916318
Empresa 5333,8056793.9572,0.0001565194299014484,0.8349477697220483,0.1306223849372385
Empresa 5777,8027687.0768,0.00015595397019742478,0.8351037236922457,0.1307531380753138
Empresa 6427,8025468.449200001,0.0001559108688932385,0.8352596345611389,0.13088389121338911
Empresa 5799,7999307.4332,0.00015540263853117202,0.8354150371996701,0.13101464435146443
Empresa 6570,7998648.317,0.00015538983387308953,0.8355704270335432,0.13114539748953974
Empresa 3144,7998188.899,0.00015538090875426083,0.8357258079422974,0.13127615062761505
Empresa 5939,7994702.2706,0.00015531317398378698,0.8358811211162812,0.13140690376569036
Empresa 3946,7980284.6266,0.00015503308224613176,0.8360361541985274,0.1315376569037657
Empresa 2259,7979516.8414,0.00015501816647412256,0.8361911723650015,0.13166841004184102
Empresa 6552,7977689.44,0.00015498266552587336,0.8363461550305273,0.13179916317991633
Empresa 1088,7976148.227,0.0001549527243629991,0.8365011077548903,0.13192991631799164
Empresa 955,7957220.970799999,0.00015458502433669084,0.836655692779227,0.13206066945606695
Empresa 2218,7952142.5596,0.00015448636598325006,0.8368101791452103,0.13219142259414227
Empresa 278,7923398.283000001,0.00015392795058746586,0.8369641070957977,0.13232217573221758
Empresa 7162,7896146.5008000005,0.00015339852989774714,0.8371175056256954,0.1324529288702929
Empresa 3959,7877329.0528,0.00015303296311661727,0.8372705385888121,0.1325836820083682
Empresa 5869,7873532.3484,0.0001529592044960854,0.8374234977933082,0.13271443514644352
Empresa 3676,7855481.5642,0.00015260853170151394,0.8375761063250097,0.13284518828451883
Empresa 3804,7848763.0966,0.00015247801195331762,0.837728584336963,0.13297594142259414
Empresa 3109,7843111.5966,0.00015236822019709458,0.83788095255716,0.13310669456066945
Empresa 3122,7832439.9626,0.0001521609022392729,0.8380331134593992,0.13323744769874477
Empresa 3963,7828975.157,0.0001520935914205884,0.8381852070508198,0.13336820083682008
Empresa 6514,7824389.2006,0.0001520044999922741,0.8383372115508121,0.1334989539748954
Empresa 6167,7792753.9904,0.00015138992239582317,0.8384886014732079,0.1336297071129707
Empresa 2159,7790371.6562,0.00015134364076161487,0.8386399451139696,0.13376046025104602
Empresa 2382,7785735.842,0.00015125358074524018,0.8387911986947147,0.13389121338912133
Empresa 7381,7780483.4892,0.00015115154322631335,0.8389423502379411,0.13402196652719664
Empresa 7161,7747999.7352,0.00015052048095959183,0.8390928707189006,0.13415271966527198
Empresa 3440,7742550.6746000005,0.00015041462199594685,0.8392432853408965,0.1342834728033473
Empresa 6053,7712681.6338,0.000149834355792969,0.8393931196966895,0.1344142259414226
Empresa 2665,7710258.8224,0.0001497872878077256,0.8395429069844972,0.13454497907949792
Empresa 2010,7703820.064,0.00014966220197341052,0.8396925691864706,0.13467573221757323
Empresa 12,7682480.0,0.00014924762830191237,0.8398418168147725,0.13480648535564854
Empresa 7081,7670910.0,0.0001490228577773613,0.83999083967255,0.13493723849372385
Empresa 6933,7657853.379600001,0.00014876920666101107,0.8401396088792109,0.13506799163179917
Empresa 3450,7642527.7576,0.0001484714756241907,0.8402880803548352,0.13519874476987448
Empresa 6709,7641995.8936,0.0001484611430960775,0.8404365414979312,0.1353294979079498
Empresa 7584,7635488.0,0.00014833471417142802,0.8405848762121026,0.1354602510460251
Empresa 1104,7627536.7044,0.00014818024425933876,0.840733056456362,0.13559100418410042
Empresa 1975,7596809.5256,0.00014758330699945538,0.8408806397633615,0.13572175732217573
Empresa 2933,7579948.1908,0.00014725574165221016,0.8410278955050137,0.13585251046025104
Empresa 7174,7579665.954000001,0.00014725025863461435,0.8411751457636483,0.13598326359832635
Empresa 2075,7557942.2466,0.0001468282319183229,0.8413219739955666,0.13611401673640167
Empresa 5465,7557776.938,0.00014682502046622827,0.8414687990160329,0.13624476987447698
Empresa 1484,7554745.0462,0.00014676611986897087,0.8416155651359019,0.1363755230125523
Empresa 2302,7533850.6942,0.00014636020504968006,0.8417619253409515,0.1365062761506276
Empresa 4783,7520995.73,0.00014611047151067235,0.8419080358124622,0.13663702928870292
Empresa 1753,7520636.668400001,0.00014610349601679352,0.842054139308479,0.13676778242677826
Empresa 3571,7516727.913,0.0001460275605801816,0.8422001668690592,0.13689853556485357
Empresa 4253,7516227.5906,0.0001460178408110984,0.8423461847098703,0.13702928870292888
Empresa 2619,7509692.374,0.00014589088108221015,0.8424920755909525,0.1371600418410042
Empresa 2125,7507429.7092,0.00014584692426682734,0.8426379225152193,0.1372907949790795
Empresa 5143,7501315.9076,0.00014572815137204486,0.8427836506665913,0.13742154811715482
Empresa 2146,7476827.0414,0.00014525240588358896,0.8429289030724749,0.13755230125523013
Empresa 6384,7468767.237,0.0001450958279697802,0.8430739989004447,0.13768305439330544
Empresa 2771,7456635.8606,0.00014486015157937792,0.843218859052024,0.13781380753138076
Empresa 3146,7448045.4916,0.0001446932663809149,0.8433635523184049,0.13794456066945607
Empresa 1199,7442208.355400001,0.00014457986826807567,0.843508132186673,0.13807531380753138
Empresa 3742,7411578.6672,0.0001439848249592122,0.8436521170116322,0.1382060669456067
Empresa 3217,7408911.8712,0.00014393301708230723,0.8437960500287145,0.138336820083682
Empresa 2916,7406471.153,0.00014388560122145197,0.843939935629936,0.13846757322175732
Empresa 6002,7397962.130000001,0.00014372029633267694,0.8440836559262687,0.13859832635983263
Empresa 3170,7373095.797,0.00014323721779230773,0.844226893144061,0.13872907949790794
Empresa 2394,7366855.6866,0.00014311599109499877,0.8443700091351559,0.13885983263598325
Empresa 7537,7355491.614800001,0.00014289522113998394,0.8445129043562959,0.13899058577405857
Empresa 2961,7347713.9938,0.0001427441252063686,0.8446556484815022,0.13912133891213388
Empresa 2402,7340202.9456,0.0001425982079856389,0.8447982466894879,0.1392520920502092
Empresa 6897,7301575.8776,0.0001418477994863969,0.8449400944889743,0.13938284518828453
Empresa 5818,7300074.3764,0.00014181862980512308,0.8450819131187794,0.13951359832635984
Empresa 4758,7291004.6,0.00014164243115352506,0.845223555549933,0.13964435146443516
Empresa 1992,7289909.2592,0.00014162115195506542,0.845365176701888,0.13977510460251047
Empresa 3711,7288615.573000001,0.00014159601949821336,0.8455067727213863,0.13990585774058578
Empresa 3475,7280705.8404,0.00014144235703100844,0.8456482150784174,0.1400366108786611
Empresa 4255,7253092.3978,0.00014090591036049308,0.8457891209887779,0.1401673640167364
Empresa 3296,7214276.3828,0.00014015183118568474,0.8459292728199636,0.14029811715481172
Empresa 2316,7208087.7856,0.00014003160523591124,0.8460693044251995,0.14042887029288703
Empresa 949,7204812.194,0.0001399679702798052,0.8462092723954793,0.14055962343096234
Empresa 2865,7180394.6524,0.00013949361041518292,0.8463487660058945,0.14069037656903766
Empresa 4267,7162820.4276,0.00013915219574561728,0.84648791820164,0.14082112970711297
Empresa 1937,7152874.375,0.0001389589736660914,0.8466268771753062,0.14095188284518828
Empresa 5438,7139358.692600001,0.00013869640434692858,0.8467655735796531,0.1410826359832636
Empresa 1797,7136433.6186,0.000138639578900314,0.8469042131585535,0.1412133891213389
Empresa 3768,7130425.994,0.0001385228687073453,0.8470427360272608,0.14134414225941422
Empresa 2529,7128357.3492,0.0001384826811207588,0.8471812187083815,0.14147489539748953
Empresa 5632,7126180.3379999995,0.00013844038829885925,0.8473196590966804,0.14160564853556484
Empresa 5673,7122771.4956,0.00013837416467791199,0.8474580332613583,0.14173640167364016
Empresa 4038,7111957.07,0.00013816407270601653,0.8475961973340643,0.14186715481171547
Empresa 4336,7098975.174000001,0.0001379118732614541,0.8477341092073258,0.1419979079497908
Empresa 5690,7095857.9311999995,0.0001378513145493271,0.8478719605218752,0.14212866108786612
Empresa 1789,7094000.4478,0.00013781522919771407,0.848009775751073,0.14225941422594143
Empresa 4264,7084083.978800001,0.00013762258183912943,0.8481473983329121,0.14239016736401675
Empresa 4775,7053392.5958,0.00013702633998466892,0.8482844246728968,0.14252092050209206
Empresa 5399,7028194.987000001,0.00013653682574548063,0.8484209614986422,0.14265167364016737
Empresa 3719,7022117.5864,0.00013641876001334847,0.8485573802586556,0.14278242677824268
Empresa 279,7016452.0243999995,0.0001363086950744879,0.8486936889537301,0.142913179916318
Empresa 6515,7011847.8052,0.00013621924885454562,0.8488299082025846,0.1430439330543933
Empresa 2088,6999543.021199999,0.0001359802036726815,0.8489658884062573,0.14317468619246862
Empresa 4985,6989257.985400001,0.00013578039616258711,0.8491016688024199,0.14330543933054393
Empresa 2243,6987395.1798,0.00013574420741653277,0.8492374130098365,0.14343619246861924
Empresa 4922,6984335.52,0.00013568476737001642,0.8493730977772065,0.14356694560669456
Empresa 3156,6963521.1434,0.0001352804062337515,0.8495083781834403,0.14369769874476987
Empresa 5083,6957217.4692,0.00013515794468176072,0.849643536128122,0.14382845188284518
Empresa 2936,6956275.7246,0.00013513964939846469,0.8497786757775205,0.1439592050209205
Empresa 4532,6953074.750600001,0.0001350774640393416,0.8499137532415598,0.1440899581589958
Empresa 2919,6952853.4254,0.00013507316435210732,0.850048826405912,0.14422071129707112
Empresa 6496,6952395.716200001,0.00013506427243015608,0.8501838906783421,0.14435146443514643
Empresa 6123,6942417.2676,0.00013487042099316144,0.8503187610993352,0.14448221757322174
Empresa 1405,6930013.7648,0.0001346294580000217,0.8504533905573353,0.14461297071129708
Empresa 5484,6918375.039,0.0001344033523385548,0.8505877939096739,0.1447437238493724
Empresa 3798,6905366.799000001,0.000134150641108798,0.8507219445507826,0.1448744769874477
Empresa 2344,6903488.899,0.00013411415912365933,0.8508560587099063,0.14500523012552302
Empresa 3832,6899923.7726,0.00013404489937162656,0.850990103609278,0.14513598326359833
Empresa 2492,6894681.619200001,0.0001339430599965622,0.8511240466692745,0.14526673640167365
Empresa 7521,6889051.479200001,0.00013383368320130757,0.8512578803524758,0.14539748953974896
Empresa 7431,6888710.3244,0.00013382705558304055,0.8513917074080589,0.14552824267782427
Empresa 2350,6886090.3602,0.0001337761575080588,0.851525483565567,0.14565899581589958
Empresa 2137,6885098.7222,0.0001337568929451007,0.8516592404585122,0.1457897489539749
Empresa 3839,6872962.166,0.0001335211159266636,0.8517927615744388,0.1459205020920502
Empresa 6885,6871439.999,0.00013349154477065284,0.8519262531192094,0.14605125523012552
Empresa 7327,6843486.8078000005,0.00013294849780013423,0.8520592016170095,0.14618200836820083
Empresa 7208,6840839.485,0.0001328970682293121,0.8521920986852388,0.14631276150627615
Empresa 2514,6798776.109200001,0.00013207990253847764,0.8523241785877773,0.14644351464435146
Empresa 6502,6795666.1288,0.00013201948491307992,0.8524561980726904,0.14657426778242677
Empresa 4866,6793577.5836000005,0.00013197891072119119,0.8525881769834115,0.14670502092050208
Empresa 7154,6784855.459,0.00013180946590515472,0.8527199864493167,0.1468357740585774
Empresa 381,6782375.4384,0.00013176128651611762,0.8528517477358328,0.1469665271966527
Empresa 1542,6763659.9844,0.00013139770117361188,0.8529831454370065,0.14709728033472802
Empresa 1221,6745988.18,0.00013105439082402223,0.8531141998278305,0.14722803347280336
Empresa 7307,6717709.8718,0.00013050502780176374,0.8532447048556323,0.14735878661087867
Empresa 7267,6716633.399,0.0001304841151521595,0.8533751889707845,0.14748953974895398
Empresa 6183,6710048.591600001,0.00013035619202222298,0.8535055451628066,0.1476202928870293
Empresa 7411,6706782.3984,0.000130292739648943,0.8536358379024556,0.1477510460251046
Empresa 1034,6699494.1706,0.00013015115116271536,0.8537659890536182,0.14788179916317992
Empresa 1889,6699270.1932,0.00013014679995116085,0.8538961358535694,0.14801255230125523
Empresa 6044,6665020.7148,0.0001294814349359864,0.8540256172885053,0.14814330543933055
Empresa 1122,6656961.8894,0.00012932487604122204,0.8541549421645466,0.14827405857740586
Empresa 2052,6634344.0346,0.00012888547871299247,0.8542838276432596,0.14840481171548117
Empresa 311,6627635.0366,0.0001287551429308255,0.8544125827861905,0.14853556485355648
Empresa 2960,6619382.12,0.00012859481342406158,0.8545411775996146,0.1486663179916318
Empresa 6879,6618129.1958,0.00012857047285105754,0.8546697480724657,0.1487970711297071
Empresa 3704,6612324.7404000005,0.00012845770962849998,0.8547982057820942,0.14892782426778242
Empresa 3810,6606804.4264,0.00012835046642422455,0.8549265562485184,0.14905857740585773
Empresa 4364,6587413.7294,0.00012797376312810517,0.8550545300116466,0.14918933054393305
Empresa 3139,6580400.5472,0.00012783751795594734,0.8551823675296025,0.14932008368200836
Empresa 6119,6574777.2424,0.0001277282739482026,0.8553100958035508,0.14945083682008367
Empresa 4688,6574750.0796,0.00012772774625617112,0.8554378235498069,0.14958158995815898
Empresa 1705,6556935.074200001,0.0001273816539390892,0.855565205203746,0.1497123430962343
Empresa 3890,6551273.2146000005,0.00012727166092679648,0.8556924768646728,0.14984309623430964
Empresa 6686,6544452.4682,0.00012713915420716312,0.8558196160188799,0.14997384937238495
Empresa 3233,6530552.501599999,0.00012686911939437795,0.8559464851382743,0.15010460251046026
Empresa 2522,6525652.6066,0.00012677392907723057,0.8560732590673515,0.15023535564853557
Empresa 2929,6523299.4822,0.00012672821490214658,0.8561999872822537,0.15036610878661089
Empresa 1708,6517867.5452,0.0001266226885988779,0.8563266099708525,0.1504968619246862
Empresa 6891,6493346.514400001,0.00012614631824836375,0.8564527562891009,0.1506276150627615
Empresa 1518,6493101.7822,0.00012614156383306829,0.856578897852934,0.15075836820083682
Empresa 3197,6486134.3282,0.00012600620702318363,0.8567049040599571,0.15088912133891214
Empresa 2371,6479798.364800001,0.00012588311818852898,0.8568307871781456,0.15101987447698745
Empresa 6549,6470543.9134,0.00012570333185355832,0.8569564905099992,0.15115062761506276
Empresa 6691,6465209.467,0.0001255996995013096,0.8570820902095005,0.15128138075313807
Empresa 4503,6449585.1254,0.00012529616523534616,0.8572073863747359,0.15141213389121339
Empresa 3713,6437588.2992,0.000125063102753244,0.8573324494774892,0.1515428870292887
Empresa 3241,6433330.112000001,0.00012498037890098983,0.8574574298563902,0.151673640167364
Empresa 3311,6432419.998,0.00012496269810572782,0.8575823925544959,0.15180439330543932
Empresa 6455,6423388.3314,0.0001247872398136576,0.8577071797943095,0.15193514644351463
Empresa 3941,6420879.012,0.00012473849123649218,0.8578319182855461,0.15206589958158995
Empresa 4992,6411805.6756,0.00012456222342473275,0.8579564805089708,0.15219665271966526
Empresa 7389,6408646.1044,0.00012450084239828672,0.858080981351369,0.15232740585774057
Empresa 3176,6399305.7858,0.0001243193879202231,0.8582053007392892,0.1524581589958159
Empresa 1509,6393592.0214,0.0001242083865527772,0.858329509125842,0.15258891213389122
Empresa 950,6386138.6452,0.00012406358972666222,0.8584535727155687,0.15271966527196654
Empresa 3576,6379246.6632,0.00012392969911219923,0.8585775024146809,0.15285041841004185
Empresa 1133,6372408.9712000005,0.00012379686319019764,0.8587012992778711,0.15298117154811716
Empresa 1777,6367461.2298,0.00012370074336048102,0.8588250000212315,0.15311192468619247
Empresa 7076,6357989.671800001,0.00012351673929306739,0.8589485167605246,0.1532426778242678
Empresa 5282,6346000.5174,0.00012328382585111302,0.8590718005863758,0.1533734309623431
Empresa 4073,6326812.900599999,0.00012291106779640075,0.8591947116541722,0.1535041841004184
Empresa 2197,6321442.427000001,0.00012280673554331868,0.8593175183897155,0.15363493723849372
Empresa 5531,6312282.2622,0.0001226287809152227,0.8594401471706307,0.15376569037656904
Empresa 331,6307171.811,0.0001225295001203293,0.859562676670751,0.15389644351464435
Empresa 5345,6298379.6434,0.0001223586945781173,0.8596850353653291,0.15402719665271966
Empresa 2669,6289247.5492,0.000122181285277894,0.859807216650607,0.15415794979079497
Empresa 7555,6287865.7174,0.00012215444041544565,0.8599293710910224,0.15428870292887029
Empresa 2210,6285342.4072,0.0001221054200388459,0.8600514765110613,0.1544194560669456
Empresa 2036,6274927.111,0.00012190308195844581,0.8601733795930198,0.1545502092050209
Empresa 3323,6273480.255799999,0.00012187497388564948,0.8602952545669054,0.15468096234309622
Empresa 2903,6273434.1716,0.00012187407860736017,0.8604171286455127,0.15481171548117154
Empresa 1714,6270811.1814,0.00012182312174624121,0.8605389517672589,0.15494246861924685
Empresa 6637,6263809.586999999,0.00012168710169040871,0.8606606388689493,0.1550732217573222
Empresa 2908,6250025.0,0.00012141930835845454,0.8607820581773077,0.1552039748953975
Empresa 7570,6246841.8972,0.00012135747018334165,0.8609034156474911,0.1553347280334728
Empresa 5559,6243421.289,0.00012129101798806097,0.8610247066654791,0.15546548117154813
Empresa 3278,6239634.784,0.00012121745751139154,0.8611459241229905,0.15559623430962344
Empresa 3164,6236653.2484,0.00012115953518461715,0.8612670836581752,0.15572698744769875
Empresa 4533,6210249.209000001,0.00012064658360413271,0.8613877302417793,0.15585774058577406
Empresa 7408,6207569.4546,0.0001205945239842402,0.8615083247657636,0.15598849372384938
Empresa 6871,6205478.9514,0.0001205539117542627,0.8616288786775178,0.1561192468619247
Empresa 3421,6202827.6236000005,0.000120502404378259,0.861749381081896,0.15625
Empresa 3288,6195131.223999999,0.000120352886333726,0.8618697339682297,0.1563807531380753
Empresa 2257,6194406.4436,0.00012033880601646651,0.8619900727742462,0.15651150627615062
Empresa 1302,6166225.2878,0.00011979133037501263,0.8621098641046212,0.15664225941422594
Empresa 3535,6156640.771,0.00011960513185567775,0.8622294692364769,0.15677301255230125
Empresa 2250,6132289.819200001,0.00011913206563187448,0.8623486013021088,0.15690376569037656
Empresa 4807,6132120.968400001,0.00011912878536541927,0.8624677300874742,0.15703451882845187
Empresa 4960,6107000.593800001,0.00011864077155593255,0.8625863708590301,0.1571652719665272
Empresa 2945,6100628.8168,0.00011851698697005419,0.8627048878460002,0.1572960251046025
Empresa 4713,6093649.6326,0.00011838140227743771,0.8628232692482777,0.1574267782426778
Empresa 7210,6074702.8676,0.00011801332325344499,0.8629412825715311,0.15755753138075315
Empresa 1780,6067530.767,0.00011787399077168223,0.8630591565623028,0.15768828451882846
Empresa 1197,6061753.955,0.00011776176457777791,0.8631769183268806,0.15781903765690378
Empresa 1224,6060188.0,0.00011773134275178194,0.8632946496696324,0.1579497907949791
Empresa 6055,6056769.9906,0.00011766494104341907,0.8634123146106758,0.1580805439330544
Empresa 3395,6042854.449,0.00011739460365492777,0.8635297092143307,0.15821129707112971
Empresa 871,6042576.6266,0.0001173892063959321,0.8636470984207266,0.15834205020920503
Empresa 1237,6019859.1808,0.00011694787431218736,0.8637640462950388,0.15847280334728034
Empresa 7556,6008053.2596,0.00011671852054374029,0.8638807648155825,0.15860355648535565
Empresa 5252,5996117.79,0.00011648665003701985,0.8639972514656196,0.15873430962343096
Empresa 4366,5983074.84,0.00011623326449568939,0.8641134847301153,0.15886506276150628
Empresa 151,5970460.0156000005,0.00011598819615536894,0.8642294729262706,0.1589958158995816
Empresa 7628,5965844.0484,0.00011589852170689403,0.8643453714479775,0.1591265690376569
Empresa 1657,5963204.3262,0.0001158472397930165,0.8644612186877705,0.1592573221757322
Empresa 1471,5930739.279999999,0.00011521654096294313,0.8645764352287334,0.15938807531380753
Empresa 3244,5910929.2328,0.00011483169094561164,0.864691266919679,0.15951882845188284
Empresa 3641,5899358.5564,0.00011460690728062989,0.8648058738269596,0.15964958158995815
Empresa 2070,5895290.046,0.00011452786828177514,0.8649204016952414,0.15978033472803346
Empresa 966,5894994.1566,0.00011452212003496036,0.8650349238152764,0.15991108786610878
Empresa 2803,5892460.4868,0.00011447289840229093,0.8651493967136786,0.1600418410041841
Empresa 3774,5855774.936000001,0.00011376020778027184,0.8652631569214589,0.16017259414225943
Empresa 2645,5855207.9882,0.00011374919367876801,0.8653769061151377,0.16030334728033474
Empresa 1465,5853057.6236000005,0.00011370741852067658,0.8654906135336584,0.16043410041841005
Empresa 5892,5844725.3368,0.00011354554708811424,0.8656041590807465,0.16056485355648537
Empresa 3295,5835942.1938000005,0.0001133749168669114,0.8657175339976134,0.16069560669456068
Empresa 26,5816285.547,0.00011299304696093463,0.8658305270445743,0.160826359832636
Empresa 7398,5812395.5884,0.0001129174766899749,0.8659434445212643,0.1609571129707113
Empresa 990,5811830.1536,0.00011290649198153969,0.8660563510132459,0.16108786610878661
Empresa 6666,5810696.5605999995,0.00011288446965714579,0.866169235482903,0.16121861924686193
Empresa 6580,5802016.0702,0.00011271583366919692,0.8662819513165723,0.16134937238493724
Empresa 7542,5795525.941,0.00011258974985375281,0.866394541066426,0.16148012552301255
Empresa 1131,5793778.4082,0.00011255580051372463,0.8665070968669397,0.16161087866108786
Empresa 3378,5782689.3642,0.00011234037352697873,0.8666194372404668,0.16174163179916318
Empresa 6567,5781778.6450000005,0.00011232268097448931,0.8667317599214412,0.1618723849372385
Empresa 2478,5775957.3864,0.0001122095913159699,0.8668439695127572,0.1620031380753138
Empresa 2988,5773429.8754,0.0001121604893303797,0.8669561300020876,0.16213389121338911
Empresa 7440,5769546.894400001,0.00011208505461333634,0.867068215056701,0.16226464435146443
Empresa 419,5766936.2930000005,0.00011203433842957906,0.8671802493951305,0.16239539748953974
Empresa 1064,5757564.1302000005,0.0001118522653138717,0.8672921016604443,0.16252615062761505
Empresa 1787,5757249.8889999995,0.00011184616054642488,0.8674039478209907,0.16265690376569036
Empresa 1788,5753297.4702,0.00011176937686043341,0.8675157171978511,0.1627876569037657
Empresa 5273,5749912.017,0.00011170360762174652,0.8676274208054728,0.16291841004184102
Empresa 2881,5747712.2396,0.00011166087252061484,0.8677390816779934,0.16304916317991633
Empresa 847,5746911.7202,0.00011164532082092157,0.8678507269988144,0.16317991631799164
Empresa 941,5745651.889599999,0.00011162084607720438,0.8679623478448916,0.16331066945606695
Empresa 5526,5745279.7806,0.00011161361711133403,0.8680739614620029,0.16344142259414227
Empresa 7372,5739889.1218,0.0001115088927201368,0.868185470354723,0.16357217573221758
Empresa 5942,5729490.522,0.0001113068790008937,0.8682967772337239,0.1637029288702929
Empresa 392,5721384.2596,0.0001111493985469787,0.8684079266322708,0.1638336820083682
Empresa 6387,5716745.0456,0.00011105927248264986,0.8685189859047535,0.16396443514644352
Empresa 4305,5704020.324,0.00011081206916814698,0.8686297979739217,0.16409518828451883
Empresa 4817,5699440.7756,0.00011072310222812321,0.8687405210761499,0.16422594142259414
Empresa 7242,5695258.1316,0.00011064184595449396,0.8688511629221043,0.16435669456066945
Empresa 2997,5680690.9498,0.00011035884914425913,0.8689615217712485,0.16448744769874477
Empresa 4690,5662220.228,0.00011000001821704886,0.8690715217894656,0.16461820083682008
Empresa 441,5654373.9168,0.0001098475878381193,0.8691813693773037,0.1647489539748954
Empresa 1796,5643527.8072,0.00010963688034078736,0.8692910062576445,0.1648797071129707
Empresa 5624,5641978.4418,0.00010960678080114353,0.8694006130384457,0.16501046025104602
Empresa 468,5638453.668,0.00010953830497954025,0.8695101513434252,0.16514121338912133
Empresa 2932,5629783.8042,0.00010936987543467316,0.8696195212188599,0.16527196652719664
Empresa 5352,5624393.27,0.00010926515346408158,0.869728786372324,0.16540271966527198
Empresa 7545,5615243.9632,0.0001090874097744779,0.8698378737820984,0.1655334728033473
Empresa 3346,5613721.351199999,0.00010905782997344695,0.8699469316120719,0.1656642259414226
Empresa 2411,5586008.4244,0.00010851945062222126,0.8700554510626941,0.16579497907949792
Empresa 1695,5584173.369000001,0.00010848380097962506,0.8701639348636737,0.16592573221757323
Empresa 1452,5577028.9652,0.00010834500656391798,0.8702722798702376,0.16605648535564854
Empresa 1211,5571279.4762,0.00010823331117425241,0.8703805131814119,0.16618723849372385
Empresa 5630,5567032.5386,0.00010815080586810826,0.87048866398728,0.16631799163179917
Empresa 875,5556604.9604,0.00010794822918515137,0.8705966122164651,0.16644874476987448
Empresa 1048,5556243.1932,0.00010794120112954987,0.8707045534175947,0.1665794979079498
Empresa 2204,5553072.497,0.00010787960397759948,0.8708124330215723,0.1667102510460251
Empresa 5722,5506806.559,0.00010698079506203273,0.8709194138166343,0.16684100418410042
Empresa 2385,5505758.584,0.00010696043603952048,0.8710263742526738,0.16697175732217573
Empresa 2007,5499907.4036,0.00010684676508984452,0.8711332210177637,0.16710251046025104
Empresa 5832,5498553.5,0.00010682046278886236,0.8712400414805526,0.16723326359832635
Empresa 6747,5488990.930600001,0.00010663469064192253,0.8713466761711944,0.16736401673640167
Empresa 4119,5479227.3458,0.0001064450133664692,0.8714531211845609,0.16749476987447698
Empresa 307,5474254.72,0.0001063484101072244,0.8715594695946681,0.1676255230125523
Empresa 2648,5463891.827,0.00010614709006440015,0.8716656166847325,0.1677562761506276
Empresa 2370,5463290.2938,0.00010613540407192834,0.8717717520888044,0.16788702928870292
Empresa 4279,5456417.9808,0.00010600189556735711,0.8718777539843717,0.16801778242677826
Empresa 3909,5455322.818,0.00010598061982690553,0.8719837346041986,0.16814853556485357
Empresa 2996,5444270.62,0.00010576590864783013,0.8720895005128465,0.16827928870292888
Empresa 1977,5442349.4482,0.00010572858602092965,0.8721952290988675,0.1684100418410042
Empresa 5778,5442076.4496,0.00010572328247395265,0.8723009523813414,0.1685407949790795
Empresa 2325,5441342.1106,0.00010570901646165981,0.8724066613978031,0.16867154811715482
Empresa 6408,5433311.3558,0.0001055530028947681,0.8725122144006978,0.16880230125523013
Empresa 1955,5422297.979599999,0.00010533904590725275,0.8726175534466051,0.16893305439330544
Empresa 6495,5420907.7106,0.0001053120371352219,0.8727228654837403,0.16906380753138076
Empresa 5588,5417189.4864,0.00010523980315044813,0.8728281052868908,0.16919456066945607
Empresa 7622,5413487.0508,0.00010516787589099018,0.8729332731627818,0.16932531380753138
Empresa 4550,5410183.8336000005,0.00010510370425203166,0.8730383768670338,0.1694560669456067
Empresa 1391,5400523.115,0.000104916025359442,0.8731432928923932,0.169586820083682
Empresa 903,5389842.0648,0.0001047085244729934,0.8732480014168662,0.16971757322175732
Empresa 1466,5377085.9796,0.00010446071185746857,0.8733524621287236,0.16984832635983263
Empresa 1492,5362796.495600001,0.00010418310988562381,0.8734566452386092,0.16997907949790794
Empresa 6199,5360199.3866,0.0001041326558188782,0.8735607778944281,0.17010983263598325
Empresa 42,5358380.191000001,0.00010409731428480104,0.8736648752087129,0.17024058577405857
Empresa 6052,5345968.0196,0.0001038561828866683,0.8737687313915996,0.17037133891213388
Empresa 5536,5342674.3610000005,0.00010379219694274313,0.8738725235885424,0.1705020920502092
Empresa 5483,5324860.5838,0.00010344612848591685,0.8739759697170283,0.17063284518828453
Empresa 6746,5314782.2772,0.00010325033710639495,0.8740792200541346,0.17076359832635984
Empresa 3064,5310623.841200001,0.00010316955112186322,0.8741823896052565,0.17089435146443516
Empresa 2378,5307590.0982,0.00010311061456132188,0.8742855002198179,0.17102510460251047
Empresa 4219,5306956.970000001,0.00010309831477241767,0.8743885985345903,0.17115585774058578
Empresa 3054,5302514.3036,0.00010301200704059972,0.8744916105416308,0.1712866108786611
Empresa 4824,5297038.8456,0.00010290563525435794,0.8745945161768852,0.1714173640167364
Empresa 5898,5295737.167200001,0.00010288034753294355,0.8746973965244181,0.17154811715481172
Empresa 6472,5295259.3440000005,0.00010287106485608038,0.8748002675892742,0.17167887029288703
Empresa 210,5282714.883,0.00010262736346635,0.8749028949527405,0.17180962343096234
Empresa 7241,5261544.4886,0.0001022160859681442,0.8750051110387087,0.17194037656903766
Empresa 4586,5259440.3684,0.00010217520920054934,0.8751072862479092,0.17207112970711297
Empresa 6842,5258349.7624,0.00010215402198510435,0.8752094402698943,0.17220188284518828
Empresa 2429,5253879.417,0.00010206717653303153,0.8753115074464274,0.1723326359832636
Empresa 5723,5242418.0504,0.00010184451643080559,0.8754133519628582,0.1724633891213389
Empresa 2539,5234871.1886,0.00010169790345885222,0.875515049866317,0.17259414225941422
Empresa 5494,5230835.715,0.00010161950626629526,0.8756166693725833,0.17272489539748953
Empresa 6801,5228199.09,0.00010156828452175814,0.8757182376571051,0.17285564853556484
Empresa 3824,5219485.206799999,0.00010139899981149531,0.8758196366569166,0.17298640167364016
Empresa 1572,5208975.624,0.00010119483002422057,0.8759208314869409,0.17311715481171547
Empresa 6611,5207449.007,0.00010116517241800808,0.8760219966593589,0.1732479079497908
Empresa 7052,5207162.16,0.00010115959983800324,0.8761231562591969,0.17337866108786612
Empresa 5268,5206866.413,0.00010115385435759491,0.8762243101135545,0.17350941422594143
Empresa 6510,5202858.1556,0.00010107598589447186,0.876325386099449,0.17364016736401675
Empresa 6795,5196386.04,0.00010095025202944445,0.8764263363514785,0.17377092050209206
Empresa 554,5191967.813,0.00010086441908213453,0.8765272007705606,0.17390167364016737
Empresa 271,5190147.8164,0.00010082906198702103,0.8766280298325476,0.17403242677824268
Empresa 2248,5187784.047599999,0.00010078314102305443,0.8767288129735706,0.174163179916318
Empresa 6102,5179782.9298,0.0001006277032145064,0.8768294406767851,0.1742939330543933
Empresa 3694,5179238.961800001,0.00010061713554184443,0.876930057812327,0.17442468619246862
Empresa 470,5179185.9,0.00010061610470963876,0.8770306739170367,0.17455543933054393
Empresa 2513,5175677.555600001,0.00010054794806218035,0.8771312218650988,0.17468619246861924
Empresa 2546,5170162.2434,0.00010044080202793168,0.8772316626671268,0.17481694560669456
Empresa 6406,5154010.5412,0.0001001270227214592,0.8773317896898483,0.17494769874476987
Empresa 7631,5153671.0596,0.00010012042760846807,0.8774319101174567,0.17507845188284518
Empresa 3805,5152467.8152,0.00010009705216551636,0.8775320071696222,0.1752092050209205
Empresa 5327,5148532.555600001,0.00010002060183150283,0.8776320277714537,0.1753399581589958
Empresa 3799,5138985.401,9.983512914806183e-05,0.8777318629006017,0.17547071129707112
Empresa 2943,5131108.0644000005,9.968209603832569e-05,0.87783154499664,0.17560146443514643
Empresa 1712,5129969.968,9.965998622632762e-05,0.8779312049828663,0.17573221757322174
Empresa 2319,5128745.2746,9.963619409340348e-05,0.8780308411769596,0.17586297071129708
Empresa 2578,5116770.289,9.94035559088915e-05,0.8781302447328685,0.1759937238493724
Empresa 5780,5108560.8934,9.924407188510072e-05,0.8782294888047536,0.1761244769874477
Empresa 2150,5092792.336200001,9.893773594099896e-05,0.8783284265406947,0.17625523012552302
Empresa 1184,5088552.9458,9.885537725439697e-05,0.878427281917949,0.17638598326359833
Empresa 1636,5074997.427,9.85920340330281e-05,0.8785258739519821,0.17651673640167365
Empresa 3673,5070622.4896,9.850704207328081e-05,0.8786243809940554,0.17664748953974896
Empresa 5815,5058186.7688,9.82654531806804e-05,0.8787226464472361,0.17677824267782427
Empresa 6350,5050142.966600001,9.810918614179719e-05,0.8788207556333779,0.17690899581589958
Empresa 7156,5040780.576,9.792730287073286e-05,0.8789186829362486,0.1770397489539749
Empresa 2297,5039699.315,9.790629720071154e-05,0.8790165892334494,0.1771705020920502
Empresa 4761,5038881.1736,9.789040315821933e-05,0.8791144796366076,0.17730125523012552
Empresa 1287,5035047.0536,9.781591766439117e-05,0.879212295554272,0.17743200836820083
Empresa 95,5035004.7964,9.781509673327535e-05,0.8793101106510053,0.17756276150627615
Empresa 5289,5032824.9194,9.777274823744589e-05,0.8794078833992427,0.17769351464435146
Empresa 7552,5032559.9842,9.776760133823447e-05,0.879505651000581,0.17782426778242677
Empresa 133,5030840.166,9.773419041006278e-05,0.879603385190991,0.17795502092050208
Empresa 3762,5022227.7784,9.756687745600149e-05,0.879700952068447,0.1780857740585774
Empresa 2559,5015658.546,9.743925690177108e-05,0.8797983913253488,0.1782165271966527
Empresa 7384,5014642.1482,9.741951132989047e-05,0.8798958108366787,0.17834728033472802
Empresa 4058,5013744.9392,9.740208124021356e-05,0.8799932129179189,0.17847803347280336
Empresa 3183,5009256.954,9.7314893099541e-05,0.8800905278110184,0.17860878661087867
Empresa 6254,5004746.9502,9.722727720327018e-05,0.8801877550882217,0.17873953974895398
Empresa 3469,4999658.1616,9.71284172479589e-05,0.8802848835054696,0.1788702928870293
Empresa 390,4997787.9156,9.709208395716724e-05,0.8803819755894268,0.1790010460251046
Empresa 114,4997706.0,9.709049258185342e-05,0.8804790660820087,0.17913179916317992
Empresa 493,4985503.9754,9.685344370804814e-05,0.8805759195257167,0.17926255230125523
Empresa 7503,4978590.58,9.671913709521435e-05,0.8806726386628119,0.17939330543933055
Empresa 6656,4976668.6428000005,9.668179959887917e-05,0.8807693204624107,0.17952405857740586
Empresa 2506,4967561.077,9.650486681216787e-05,0.8808658253292229,0.17965481171548117
Empresa 5600,4967309.919,9.649998756278108e-05,0.8809623253167856,0.17978556485355648
Empresa 6005,4965359.8222,9.646210300956922e-05,0.8810587874197953,0.1799163179916318
Empresa 912,4947298.447,9.611122446351754e-05,0.8811548986442588,0.1800470711297071
Empresa 5565,4938034.0098,9.593124413429417e-05,0.8812508298883931,0.18017782426778242
Empresa 6717,4926460.1828000005,9.57063992625696e-05,0.8813465362876557,0.18030857740585773
Empresa 7240,4920916.6398,9.559870478824104e-05,0.881442134992444,0.18043933054393305
Empresa 2926,4920353.9818,9.558777402473172e-05,0.8815377227664687,0.18057008368200836
Empresa 4573,4895300.731,9.510106423008819e-05,0.8816328238306987,0.18070083682008367
Empresa 3204,4890864.4192,9.501487994915837e-05,0.8817278387106479,0.18083158995815898
Empresa 14,4885585.1884,9.491232027101297e-05,0.8818227510309189,0.1809623430962343
Empresa 5508,4884333.35,9.488800079185815e-05,0.8819176390317107,0.18109309623430964
Empresa 5127,4878829.9816,9.4781086789951e-05,0.8820124201185007,0.18122384937238495
Empresa 6784,4878709.1018,9.477873845667066e-05,0.8821071988569573,0.18135460251046026
Empresa 4170,4875048.852200001,9.47076307451253e-05,0.8822019064877025,0.18148535564853557
Empresa 2013,4869579.108,9.460136996094256e-05,0.8822965078576634,0.18161610878661089
Empresa 6884,4867060.497,9.455244087575586e-05,0.8823910602985392,0.1817468619246862
Empresa 6712,4859750.393,9.441042740033642e-05,0.8824854707259395,0.1818776150627615
Empresa 7513,4859388.3054,9.440339312032039e-05,0.8825798741190598,0.18200836820083682
Empresa 6349,4854015.5356,9.429901625893421e-05,0.8826741731353187,0.18213912133891214
Empresa 6761,4848995.544000001,9.420149282374201e-05,0.8827683746281424,0.18226987447698745
Empresa 1910,4842784.607799999,9.40808328939557e-05,0.8828624554610364,0.18240062761506276
Empresa 4898,4839705.9554,9.402102387797833e-05,0.8829564764849144,0.18253138075313807
Empresa 5501,4837278.8719999995,9.397387290054121e-05,0.8830504503578149,0.18266213389121339
Empresa 4232,4835284.7914,9.393513387353526e-05,0.8831443854916885,0.1827928870292887
Empresa 1948,4833641.9582,9.390321853385384e-05,0.8832382887102224,0.182923640167364
Empresa 4442,4830533.8468,9.384283721754087e-05,0.88333213154744,0.18305439330543932
Empresa 2483,4826248.9774,9.3759595009877e-05,0.8834258911424498,0.18318514644351463
Empresa 4505,4818544.1228,9.360991270996069e-05,0.8835195010551599,0.18331589958158995
Empresa 300,4809502.2746,9.343425661982888e-05,0.8836129353117796,0.18344665271966526
Empresa 3316,4805140.26,9.334951571146746e-05,0.8837062848274911,0.18357740585774057
Empresa 1402,4792406.0332,9.310212773933365e-05,0.8837993869552305,0.1837081589958159
Empresa 1794,4776869.0362,9.280029031793014e-05,0.8838921872455484,0.18383891213389122
Empresa 3949,4771117.9986,9.268856484359436e-05,0.883984875810392,0.18396966527196654
Empresa 3140,4766845.268800001,9.26055584720809e-05,0.8840774813688641,0.18410041841004185
Empresa 7368,4762045.1071999995,9.251230567685512e-05,0.884169993674541,0.18423117154811716
Empresa 4990,4755717.313999999,9.238937556477088e-05,0.8842623830501057,0.18436192468619247
Empresa 4214,4748233.0192,9.224397808265414e-05,0.8843546270281883,0.1844926778242678
Empresa 3474,4746098.016,9.220250135065913e-05,0.884446829529539,0.1846234309623431
Empresa 2373,4745996.7696,9.220053443566892e-05,0.8845390300639747,0.1847541841004184
Empresa 3119,4742433.3164,9.213130718891202e-05,0.8846311613711636,0.18488493723849372
Empresa 5285,4739580.9732,9.207589468439484e-05,0.884723237265848,0.18501569037656904
Empresa 1970,4738773.2982,9.206020397277714e-05,0.8848152974698208,0.18514644351464435
Empresa 4840,4735199.9304,9.199078411497075e-05,0.8849072882539357,0.18527719665271966
Empresa 4209,4732551.6108,9.193933517930344e-05,0.884999227589115,0.18540794979079497
Empresa 1696,4726874.710200001,9.182904996532884e-05,0.8850910566390803,0.18553870292887029
Empresa 5470,4726274.0136,9.181738022549493e-05,0.8851828740193057,0.1856694560669456
Empresa 4590,4722706.769,9.174807932316616e-05,0.885274622098629,0.1858002092050209
Empresa 29,4721234.922599999,9.171948574603678e-05,0.885366341584375,0.18593096234309622
Empresa 5738,4720312.2062,9.170156012380345e-05,0.8854580431444988,0.18606171548117154
Empresa 2904,4714791.1268,9.159430205009333e-05,0.8855496374465489,0.18619246861924685
Empresa 2455,4710873.062,9.151818575965935e-05,0.8856411556323086,0.1863232217573222
Empresa 4541,4704112.8356,9.138685476276981e-05,0.8857325424870713,0.1864539748953975
Empresa 3059,4696989.0442,9.124846078439727e-05,0.8858237909478557,0.1865847280334728
Empresa 4260,4694096.3484000005,9.119226434945062e-05,0.8859149832122052,0.18671548117154813
Empresa 3667,4679764.180000001,9.091383314727066e-05,0.8860058970453525,0.18684623430962344
Empresa 5064,4679019.8552,9.089937314072506e-05,0.8860967964184933,0.18697698744769875
Empresa 860,4678975.9604,9.0898520395935e-05,0.8861876949388892,0.18710774058577406
Empresa 1923,4672807.121200001,9.077867828505729e-05,0.8862784736171743,0.18723849372384938
Empresa 4205,4669469.7458,9.071384305435011e-05,0.8863691874602286,0.1873692468619247
Empresa 1671,4668615.2746,9.06972432324108e-05,0.886459884703461,0.1875
Empresa 1063,4663365.6452,9.059525862100746e-05,0.886550479962082,0.1876307531380753
Empresa 2253,4660484.8932,9.053929421840231e-05,0.8866410192563005,0.18776150627615062
Empresa 6046,4653795.5108,9.040933950872464e-05,0.8867314285958092,0.18789225941422594
Empresa 5747,4650358.7936,9.034257436371361e-05,0.8868217711701729,0.18802301255230125
Empresa 4892,4649556.8858,9.032699569155738e-05,0.8869120981658645,0.18815376569037656
Empresa 4727,4647225.6732,9.028170719726678e-05,0.8870023798730617,0.18828451882845187
Empresa 5518,4645243.803400001,9.024320538961442e-05,0.8870926230784514,0.1884152719665272
Empresa 2941,4645187.68,9.024211507966992e-05,0.8871828651935311,0.1885460251046025
Empresa 7145,4636256.886,9.0068616440773e-05,0.8872729338099719,0.1886767782426778
Empresa 2554,4635422.3152,9.005240322413592e-05,0.887362986213196,0.18880753138075315
Empresa 1665,4633541.2824,9.00158603780552e-05,0.887453002073574,0.18893828451882846
Empresa 10,4628302.9293,8.99140948314631e-05,0.8875429161684055,0.18906903765690378
Empresa 1602,4625032.9714,8.985056932131245e-05,0.8876327667377268,0.1891997907949791
Empresa 1142,4620783.1146,8.976800730383597e-05,0.8877225347450307,0.1893305439330544
Empresa 1557,4611999.313,8.959736428800325e-05,0.8878121321093188,0.18946129707112971
Empresa 7496,4609378.886,8.95464572222005e-05,0.887901678566541,0.18959205020920503
Empresa 2938,4606029.4778,8.948138823014782e-05,0.8879911599547712,0.18972280334728034
Empresa 3905,4603777.8312,8.943764546546452e-05,0.8880805976002366,0.18985355648535565
Empresa 7211,4600062.9355999995,8.936547614544165e-05,0.8881699630763821,0.18998430962343096
Empresa 1178,4599503.285800001,8.935460382226874e-05,0.8882593176802044,0.19011506276150628
Empresa 2076,4594272.026000001,8.925297607729822e-05,0.8883485706562817,0.1902458158995816
Empresa 5248,4589396.606,8.915826123626045e-05,0.8884377289175179,0.1903765690376569
Empresa 2397,4589210.6672,8.915464900103051e-05,0.888526883566519,0.1905073221757322
Empresa 1693,4588655.859,8.914387073567708e-05,0.8886160274372547,0.19063807531380753
Empresa 121,4579316.4838,8.896243458505621e-05,0.8887049898718397,0.19076882845188284
Empresa 1583,4578129.74,8.893937969945262e-05,0.8887939292515391,0.19089958158995815
Empresa 1113,4577737.606000001,8.893176170767439e-05,0.8888828610132468,0.19103033472803346
Empresa 2468,4563844.528,8.866186071980151e-05,0.8889715228739665,0.19116108786610878
Empresa 7071,4563567.631200001,8.865648144244781e-05,0.8890601793554089,0.1912918410041841
Empresa 4805,4557715.2048,8.854278628671534e-05,0.8891487221416956,0.19142259414225943
Empresa 5270,4555905.5322,8.850762975606991e-05,0.8892372297714517,0.19155334728033474
Empresa 5233,4553591.0872,8.846266700613951e-05,0.8893256924384578,0.19168410041841005
Empresa 5356,4551349.017,8.841911028229039e-05,0.8894141115487402,0.19181485355648537
Empresa 6543,4549086.192,8.83751503547003e-05,0.8895024866990948,0.19194560669456068
Empresa 6394,4546770.1628,8.83301568284981e-05,0.8895908168559233,0.192076359832636
Empresa 4564,4540890.1998,8.821592671891719e-05,0.8896790327826423,0.1922071129707113
Empresa 673,4534280.1698,8.808751358923714e-05,0.8897671202962315,0.19233786610878661
Empresa 4565,4527265.7594,8.79512445568236e-05,0.8898550715407884,0.19246861924686193
Empresa 272,4526747.1564,8.794116965031161e-05,0.8899430127104386,0.19259937238493724
Empresa 363,4524024.5218,8.788827699627507e-05,0.8900309009874349,0.19273012552301255
Empresa 3163,4521363.671,8.783658461683962e-05,0.8901187375720517,0.19286087866108786
Empresa 2142,4518997.837400001,8.779062353997943e-05,0.8902065281955918,0.19299163179916318
Empresa 1033,4514797.5536,8.770902457775044e-05,0.8902942372201695,0.1931223849372385
Empresa 3116,4505537.5664,8.75291306987288e-05,0.8903817663508683,0.1932531380753138
Empresa 5602,4504658.8516,8.751205989609035e-05,0.8904692784107644,0.19338389121338911
Empresa 5514,4496844.4914,8.736025022960936e-05,0.890556638660994,0.19351464435146443
Empresa 6500,4496483.8456,8.73532439594587e-05,0.8906439919049535,0.19364539748953974
Empresa 6942,4485140.137,8.713286960056704e-05,0.8907311247745541,0.19377615062761505
Empresa 5880,4483330.3042,8.709770995771435e-05,0.8908182224845118,0.19390690376569036
Empresa 3506,4481107.458000001,8.70545266987368e-05,0.8909052770112106,0.1940376569037657
Empresa 946,4477760.9156,8.698951338061402e-05,0.8909922665245912,0.19416841004184102
Empresa 3677,4469367.6282,8.682645688868612e-05,0.8910790929814799,0.19429916317991633
Empresa 3521,4467155.408600001,8.678348007279034e-05,0.8911658764615527,0.19442991631799164
Empresa 637,4466306.2596,8.676698364529232e-05,0.891252643445198,0.19456066945606695
Empresa 3175,4462102.131,8.668530999008902e-05,0.8913393287551881,0.19469142259414227
Empresa 5258,4461659.1958,8.667670508280759e-05,0.8914260054602708,0.19482217573221758
Empresa 6588,4441172.09,8.627870184018016e-05,0.891512284162111,0.1949529288702929
Empresa 2977,4441100.1602,8.627730445911906e-05,0.8915985614665701,0.1950836820083682
Empresa 969,4440042.680000001,8.625676077897592e-05,0.8916848182273491,0.19521443514644352
Empresa 2318,4428979.9088,8.604184419422116e-05,0.8917708600715434,0.19534518828451883
Empresa 6743,4417077.4582,8.581061514799772e-05,0.8918566706866914,0.19547594142259414
Empresa 7543,4415066.7346,8.57715527972372e-05,0.8919424422394886,0.19560669456066945
Empresa 6097,4413616.0346,8.574337003146656e-05,0.89202818560952,0.19573744769874477
Empresa 2732,4413169.8064,8.573470115103583e-05,0.892113920310671,0.19586820083682008
Empresa 4367,4409594.9078,8.566525155436005e-05,0.8921995855622255,0.1959989539748954
Empresa 21,4408170.0178,8.563757019975955e-05,0.8922852231324252,0.1961297071129707
Empresa 1790,4406433.6634,8.560383802263817e-05,0.8923708269704478,0.19626046025104602
Empresa 2281,4401021.288600001,8.549869175445641e-05,0.8924563256622022,0.19639121338912133
Empresa 5620,4392291.2786,8.532909374866243e-05,0.8925416547559509,0.19652196652719664
Empresa 7428,4389259.6182,8.527019764681554e-05,0.8926269249535977,0.19665271966527198
Empresa 5554,4384431.1546,8.517639502830665e-05,0.892712101348626,0.1967834728033473
Empresa 5603,4384357.6228,8.517496652517293e-05,0.8927972763151512,0.1969142259414226
Empresa 2750,4382426.643200001,8.513745336202779e-05,0.8928824137685132,0.19704497907949792
Empresa 1087,4382246.7564,8.513395869907222e-05,0.8929675477272122,0.19717573221757323
Empresa 472,4369341.9166,8.488325622620328e-05,0.8930524309834384,0.19730648535564854
Empresa 30,4348473.2322,8.447784005167617e-05,0.8931369088234902,0.19743723849372385
Empresa 2708,4342299.6404,8.435790561198297e-05,0.8932212667291022,0.19756799163179917
Empresa 2064,4334692.8638,8.421012867451325e-05,0.8933054768577767,0.19769874476987448
Empresa 1019,4330243.024,8.41236815849701e-05,0.8933896005393617,0.1978294979079498
Empresa 6633,4318654.0492,8.389854243675876e-05,0.8934734990817984,0.1979602510460251
Empresa 4660,4315276.6238,8.383292915423584e-05,0.8935573320109527,0.19809100418410042
Empresa 4596,4313937.6544,8.380691698013076e-05,0.8936411389279328,0.19822175732217573
Empresa 4188,4312483.6792,8.377867058701163e-05,0.8937249175985199,0.19835251046025104
Empresa 2419,4308673.0374,8.37046412044479e-05,0.8938086222397243,0.19848326359832635
Empresa 2320,4306696.7568,8.366624797824893e-05,0.8938922884877026,0.19861401673640167
Empresa 3013,4304533.594,8.362422418937725e-05,0.893975912711892,0.19874476987447698
Empresa 1733,4303555.3594,8.360522001442688e-05,0.8940595179319064,0.1988755230125523
Empresa 2374,4302073.812,8.357643797585769e-05,0.8941430943698823,0.1990062761506276
Empresa 2444,4297596.6314,8.3489459736275e-05,0.8942265838296185,0.19913702928870292
Empresa 3076,4290451.7826000005,8.335065667554777e-05,0.894309934486294,0.19926778242677826
Empresa 2931,4288687.6068,8.331638401176503e-05,0.8943932508703057,0.19939853556485357
Empresa 4389,4280226.359,8.315200725235598e-05,0.8944764028775581,0.19952928870292888
Empresa 4491,4278734.398599999,8.312302292031469e-05,0.8945595259004785,0.1996600418410042
Empresa 5219,4273514.958000001,8.302162478708005e-05,0.8946425475252656,0.1997907949790795
Empresa 6527,4270081.3202,8.295491946560861e-05,0.8947255024447313,0.19992154811715482
Empresa 7104,4269259.1738,8.293894761793482e-05,0.8948084413923492,0.20005230125523013
Empresa 4786,4249125.1844,8.254780437171669e-05,0.8948909891967208,0.20018305439330544
Empresa 2127,4248491.896,8.253550147060519e-05,0.8949735246981915,0.20031380753138076
Empresa 4227,4245386.3834,8.247517064121002e-05,0.8950559998688327,0.20044456066945607
Empresa 951,4244468.5086,8.24573390767962e-05,0.8951384572079094,0.20057531380753138
Empresa 4863,4243579.2562,8.244006356007999e-05,0.8952208972714695,0.2007060669456067
Empresa 3383,4240773.9762,8.238556535289654e-05,0.8953032828368224,0.200836820083682
Empresa 2544,4227621.1112,8.213004449158285e-05,0.8953854128813139,0.20096757322175732
Empresa 6248,4224008.5478,8.205986318039943e-05,0.8954674727444943,0.20109832635983263
Empresa 2051,4217687.5898,8.193706585582508e-05,0.8955494098103501,0.20122907949790794
Empresa 2678,4211856.238600001,8.182378012824813e-05,0.8956312335904784,0.20135983263598325
Empresa 2955,4207608.446599999,8.174125822366523e-05,0.895712974848702,0.20149058577405857
Empresa 4920,4194831.5354,8.149304102119623e-05,0.8957944678897233,0.20162133891213388
Empresa 6464,4193059.6522000004,8.145861862566406e-05,0.8958759265083489,0.2017520920502092
Empresa 4306,4192200.6242,8.144193027871815e-05,0.8959573684386276,0.20188284518828453
Empresa 5860,4189944.5454,8.139810140963393e-05,0.8960387665400372,0.20201359832635984
Empresa 1575,4189534.202,8.139012966363011e-05,0.8961201566697009,0.20214435146443516
Empresa 4770,4185741.6628,8.131645196048711e-05,0.8962014731216614,0.20227510460251047
Empresa 5323,4182067.3334,8.124507072050341e-05,0.8962827181923819,0.20240585774058578
Empresa 6850,4181710.7816,8.123814398453836e-05,0.8963639563363665,0.2025366108786611
Empresa 5914,4181027.1548,8.122486315874465e-05,0.8964451811995252,0.2026673640167364
Empresa 5231,4179756.6442,8.12001809345433e-05,0.8965263813804597,0.20279811715481172
Empresa 5591,4179640.9264,8.119793288349699e-05,0.8966075793133432,0.20292887029288703
Empresa 3352,4173429.7766,8.107726880410102e-05,0.8966886565821474,0.20305962343096234
Empresa 2869,4169645.7992000002,8.100375743114619e-05,0.8967696603395785,0.20319037656903766
Empresa 1470,4168453.484,8.098059430988998e-05,0.8968506409338884,0.20332112970711297
Empresa 2625,4163412.3994,8.088266110074147e-05,0.8969315235949892,0.20345188284518828
Empresa 4323,4162036.228,8.085592620294976e-05,0.8970123795211922,0.2035826359832636
Empresa 329,4161377.7882000003,8.084313468529796e-05,0.8970932226558774,0.2037133891213389
Empresa 5379,4159907.4904000005,8.081457119283883e-05,0.8971740372270702,0.20384414225941422
Empresa 3095,4156867.6954,8.07555170600231e-05,0.8972547927441302,0.20397489539748953
Empresa 5543,4156445.3192,8.074731155267376e-05,0.897335540055683,0.20410564853556484
Empresa 4529,4150302.023,8.062796566595409e-05,0.8974161680213489,0.20423640167364016
Empresa 4182,4148200.7152,8.058714353488674e-05,0.8974967551648838,0.20436715481171547
Empresa 2574,4144613.677,8.051745810206057e-05,0.8975772726229859,0.2044979079497908
Empresa 6741,4141010.2984,8.044745522409358e-05,0.89765772007821,0.20462866108786612
Empresa 5362,4140504.2444,8.043762410715052e-05,0.8977381577023171,0.20475941422594143
Empresa 2642,4123711.4218,8.011138974721145e-05,0.8978182690920643,0.20489016736401675
Empresa 282,4122965.0678,8.009689031937386e-05,0.8978983659823837,0.20502092050209206
Empresa 5774,4118929.2204,8.001848586499996e-05,0.8979783844682487,0.20515167364016737
Empresa 6948,4118410.6352,8.000841130428877e-05,0.898058392879553,0.20528242677824268
Empresa 5418,4117467.7514,7.999009388974109e-05,0.8981383829734427,0.205413179916318
Empresa 5110,4117286.2626,7.99865681047129e-05,0.8982183695415474,0.2055439330543933
Empresa 2322,4115395.333,7.99498329933835e-05,0.8982983193745409,0.20567468619246862
Empresa 7184,4114880.5392000005,7.993983208824422e-05,0.8983782592066291,0.20580543933054393
Empresa 6347,4112203.7751999996,7.98878305628873e-05,0.898458147037192,0.20593619246861924
Empresa 358,4107045.3352,7.978761748901822e-05,0.898537934654681,0.20606694560669456
Empresa 977,4105799.7624,7.976341973174748e-05,0.8986176980744127,0.20619769874476987
Empresa 377,4105537.0878,7.975831674923855e-05,0.8986974563911619,0.20632845188284518
Empresa 2978,4094694.4492000006,7.9547676683064e-05,0.898777004067845,0.2064592050209205
Empresa 5313,4092882.872,7.95124831517322e-05,0.8988565165509967,0.2065899581589958
Empresa 2433,4092143.727,7.949812377322145e-05,0.8989360146747699,0.20672071129707112
Empresa 2466,4091959.675,7.949454819287706e-05,0.8990155092229628,0.20685146443514643
Empresa 2738,4082258.4080000003,7.930608156604906e-05,0.8990948153045288,0.20698221757322174
Empresa 3418,4072634.5888,7.911911951853232e-05,0.8991739344240474,0.20711297071129708
Empresa 267,4069706.8092,7.906224151019507e-05,0.8992529966655576,0.2072437238493724
Empresa 1850,4064500.6296,7.896110099856161e-05,0.8993319577665562,0.2073744769874477
Empresa 3453,4059202.9402,7.885818272497936e-05,0.8994108159492812,0.20750523012552302
Empresa 1990,4052614.466,7.873018836007657e-05,0.8994895461376412,0.20763598326359833
Empresa 355,4051420.8158,7.870699930375985e-05,0.899568253136945,0.20776673640167365
Empresa 6497,4042741.9096000004,7.85383940920828e-05,0.8996467915310371,0.20789748953974896
Empresa 7356,4040187.5562,7.848877063887564e-05,0.899725280301676,0.20802824267782427
Empresa 1239,4036239.3026,7.841206787027298e-05,0.8998036923695463,0.20815899581589958
Empresa 6664,4031952.9736,7.832879730694296e-05,0.8998820211668532,0.2082897489539749
Empresa 7548,4026955.1074,7.823170370215384e-05,0.8999602528705554,0.2084205020920502
Empresa 4931,4022961.98,7.815412916971674e-05,0.900038406999725,0.20855125523012552
Empresa 987,4019020.3124,7.807755434741268e-05,0.9001164845540724,0.20868200836820083
Empresa 3801,4012975.2188,7.796011624374523e-05,0.9001944446703162,0.20881276150627615
Empresa 7579,4011029.4474,7.792231572012946e-05,0.9002723669860363,0.20894351464435146
Empresa 6116,4009857.4598000003,7.789954750339487e-05,0.9003502665335397,0.20907426778242677
Empresa 5299,4002141.7116,7.774965357338467e-05,0.9004280161871131,0.20920502092050208
Empresa 6431,4000557.0132,7.771886761913892e-05,0.9005057350547322,0.2093357740585774
Empresa 3942,3994664.43,7.760439233678586e-05,0.900583339447069,0.2094665271966527
Empresa 1007,3988650.4151999997,7.748755800132743e-05,0.9006608270050703,0.20959728033472802
Empresa 1016,3971636.2674000002,7.715702395415411e-05,0.9007379840290245,0.20972803347280336
Empresa 958,3966527.08,7.7057767711118e-05,0.9008150417967357,0.20985878661087867
Empresa 4947,3964492.54,7.701824267887771e-05,0.9008920600394146,0.20998953974895398
Empresa 3114,3963945.0832,7.700760722925758e-05,0.9009690676466439,0.2101202928870293
Empresa 2935,3961383.2894,7.69578392313131e-05,0.9010460254858752,0.2102510460251046
Empresa 5569,3959612.4208,7.692343654642692e-05,0.9011229489224216,0.21038179916317992
Empresa 4277,3952830.2292,7.679167883134152e-05,0.901199740601253,0.21051255230125523
Empresa 5298,3939978.2909999997,7.6542004078471e-05,0.9012762826053314,0.21064330543933055
Empresa 3402,3939441.9948,7.653158544595685e-05,0.9013528141907774,0.21077405857740586
Empresa 162,3932863.008,7.64037753928842e-05,0.9014292179661703,0.21090481171548117
Empresa 3192,3932774.6488,7.640205883767825e-05,0.9015056200250079,0.21103556485355648
Empresa 1315,3922019.5684,7.619311976567332e-05,0.9015818131447736,0.2111663179916318
Empresa 1266,3918187.6378,7.611867680534443e-05,0.9016579318215789,0.2112970711297071
Empresa 6416,3916436.2246000003,7.608465208074031e-05,0.9017340164736597,0.21142782426778242
Empresa 3633,3914547.9294,7.604796814793034e-05,0.9018100644418077,0.21155857740585773
Empresa 3508,3907013.1004000003,7.590158893732251e-05,0.901885966030745,0.21168933054393305
Empresa 364,3906474.508,7.589112569650425e-05,0.9019618571564415,0.21182008368200836
Empresa 2372,3900402.6788,7.577316820002469e-05,0.9020376303246416,0.21195083682008367
Empresa 2963,3900192.8702,7.576909224591255e-05,0.9021133994168875,0.21208158995815898
Empresa 3184,3885895.6076,7.549133915911513e-05,0.9021888907560466,0.2122123430962343
Empresa 4536,3884550.8888000003,7.546521529134937e-05,0.9022643559713379,0.21234309623430964
Empresa 3674,3883135.7354,7.543772308979032e-05,0.9023397936944277,0.21247384937238495
Empresa 1351,3880718.6734,7.539076679820757e-05,0.9024151844612259,0.21260460251046026
Empresa 5816,3875296.3661999996,7.528542757317548e-05,0.9024904698887991,0.21273535564853557
Empresa 3862,3866406.7614,7.511272911734596e-05,0.9025655826179164,0.21286610878661089
Empresa 2844,3859486.5308,7.497828971700227e-05,0.9026405609076334,0.2129968619246862
Empresa 1455,3858439.8374,7.495795559214816e-05,0.9027155188632257,0.2131276150627615
Empresa 5433,3856856.8478,7.492720283477989e-05,0.9027904460660604,0.21325836820083682
Empresa 5698,3852018.0958000002,7.483320034340457e-05,0.9028652792664038,0.21338912133891214
Empresa 2220,3850990.0568000004,7.481322861779619e-05,0.9029400924950216,0.21351987447698745
Empresa 3819,3845963.319,7.471557412409811e-05,0.9030148080691457,0.21365062761506276
Empresa 1703,3841131.776,7.462171168204961e-05,0.9030894297808277,0.21378138075313807
Empresa 3065,3835241.1152,7.450727374618372e-05,0.9031639370545739,0.21391213389121339
Empresa 4593,3835055.301,7.450366393155943e-05,0.9032384407185055,0.2140428870292887
Empresa 4130,3828010.8976,7.43668122247861e-05,0.9033128075307303,0.214173640167364
Empresa 6535,3827417.7126,7.435528841289277e-05,0.9033871628191432,0.21430439330543932
Empresa 3199,3824669.0188,7.430188950647478e-05,0.9034614647086497,0.21443514644351463
Empresa 7400,3816109.96,7.413561257163126e-05,0.9035356003212214,0.21456589958158995
Empresa 4099,3813585.742,7.408657455919035e-05,0.9036096868957806,0.21469665271966526
Empresa 1054,3813335.5808,7.408171467464875e-05,0.9036837686104552,0.21482740585774057
Empresa 6138,3812830.0785999997,7.40718942775307e-05,0.9037578405047327,0.2149581589958159
Empresa 6778,3811332.3510000003,7.404279790602799e-05,0.9038318833026387,0.21508891213389122
Empresa 5834,3810951.3064,7.40353953481525e-05,0.9039059186979869,0.21521966527196654
Empresa 3452,3810506.1462000003,7.40267472157702e-05,0.9039799454452027,0.21535041841004185
Empresa 4156,3809969.2804,7.401631751763021e-05,0.9040539617627202,0.21548117154811716
Empresa 4140,3809343.3789999997,7.40041581238536e-05,0.9041279659208441,0.21561192468619247
Empresa 6001,3801626.8298,7.385424863280709e-05,0.9042018201694769,0.2157426778242678
Empresa 1061,3800823.231,7.383863710957421e-05,0.9042756588065864,0.2158734309623431
Empresa 5363,3800773.8894,7.38376785497372e-05,0.9043494964851362,0.2160041841004184
Empresa 6424,3796262.0878,7.375002772758487e-05,0.9044232465128638,0.21613493723849372
Empresa 6903,3794466.4416,7.371514368797536e-05,0.9044969616565517,0.21626569037656904
Empresa 5804,3794215.5150000006,7.371026893399906e-05,0.9045706719254857,0.21639644351464435
Empresa 3277,3793572.1162,7.369776961802917e-05,0.9046443696951038,0.21652719665271966
Empresa 369,3792481.0652,7.3676573757564e-05,0.9047180462688613,0.21665794979079497
Empresa 7538,3791779.14,7.36629374485407e-05,0.9047917092063099,0.21678870292887029
Empresa 1056,3791668.691,7.366079175453326e-05,0.9048653699980644,0.2169194560669456
Empresa 7588,3791116.98,7.365007365852024e-05,0.904939020071723,0.2170502092050209
Empresa 3628,3789319.4114,7.361515227242356e-05,0.9050126352239954,0.21718096234309622
Empresa 2998,3787273.0522,7.357539762844742e-05,0.9050862106216239,0.21731171548117154
Empresa 5713,3784722.5792,7.35258495598162e-05,0.9051597364711836,0.21744246861924685
Empresa 5955,3783891.7642,7.35097093071494e-05,0.9052332461804908,0.2175732217573222
Empresa 3980,3779010.8439999996,7.341488761366227e-05,0.9053066610681045,0.2177039748953975
Empresa 3338,3777835.8304000003,7.33920606107905e-05,0.9053800531287153,0.2178347280334728
Empresa 5259,3776260.566,7.336145793097246e-05,0.9054534145866463,0.21796548117154813
Empresa 6029,3770564.1210000003,7.325079302771175e-05,0.905526665379674,0.21809623430962344
Empresa 5669,3770162.1436,7.324298380808723e-05,0.905599908363482,0.21822698744769875
Empresa 6397,3769809.6146,7.323613522310457e-05,0.9056731444987052,0.21835774058577406
Empresa 277,3766581.4778,7.317342217194997e-05,0.9057463179208771,0.21848849372384938
Empresa 7180,3762457.0398,7.309329666695962e-05,0.9058194112175441,0.2186192468619247
Empresa 2413,3760324.8312,7.305187422569131e-05,0.9058924630917697,0.21875
Empresa 2871,3758534.7029999997,7.301709738433196e-05,0.9059654801891541,0.2188807531380753
Empresa 2946,3757273.9646,7.299260500477365e-05,0.9060384727941589,0.21901150627615062
Empresa 7261,3757201.7678,7.299120243670045e-05,0.9061114639965956,0.21914225941422594
Empresa 6794,3755203.7,7.295238595031372e-05,0.9061844163825459,0.21927301255230125
Empresa 7527,3753037.1196,7.291029576768708e-05,0.9062573266783136,0.21940376569037656
Empresa 4743,3752105.5744000003,7.289219862825346e-05,0.9063302188769419,0.21953451882845187
Empresa 1395,3750519.185,7.286137982293105e-05,0.9064030802567649,0.2196652719665272
Empresa 7432,3748608.7822000002,7.28242664055188e-05,0.9064759045231704,0.2197960251046025
Empresa 6531,3739933.0444,7.265572274638538e-05,0.9065485602459168,0.2199267782426778
Empresa 2801,3738262.0160000003,7.262325965822568e-05,0.906621183505575,0.22005753138075315
Empresa 4546,3737484.9748,7.260816406979683e-05,0.9066937916696448,0.22018828451882846
Empresa 6837,3737313.6676000003,7.260483608283025e-05,0.9067663965057277,0.22031903765690378
Empresa 3234,3736883.1924,7.259647323611372e-05,0.9068389929789638,0.2204497907949791
Empresa 3332,3734823.6434000004,7.255646235373959e-05,0.9069115494413175,0.2205805439330544
Empresa 4206,3732950.7808000003,7.25200782302293e-05,0.9069840695195477,0.22071129707112971
Empresa 400,3730636.9766,7.247512792912796e-05,0.9070565446474768,0.22084205020920503
Empresa 3207,3730609.4756,7.247459366688114e-05,0.9071290192411436,0.22097280334728034
Empresa 7444,3729154.6994000003,7.24463317127257e-05,0.9072014655728564,0.22110355648535565
Empresa 1309,3724435.5634000003,7.235465300277343e-05,0.9072738202258592,0.22123430962343096
Empresa 4231,3723297.6450000005,7.233254664878343e-05,0.907346152772508,0.22136506276150628
Empresa 3058,3719163.6306000003,7.225223510295891e-05,0.907418405007611,0.2214958158995816
Empresa 3616,3716916.6832,7.220858362968867e-05,0.9074906135912406,0.2216265690376569
Empresa 3276,3713732.0140000004,7.214671502410478e-05,0.9075627603062647,0.2217573221757322
Empresa 4788,3713323.8600000003,7.213878581160023e-05,0.9076348990920763,0.22188807531380753
Empresa 4327,3710385.2046,7.208169651896989e-05,0.9077069807885952,0.22201882845188284
Empresa 2054,3708216.5238,7.203956553184806e-05,0.907779020354127,0.22214958158995815
Empresa 7176,3704727.4746000003,7.197178373246443e-05,0.9078509921378595,0.22228033472803346
Empresa 428,3703486.334,7.194767207959462e-05,0.9079229398099391,0.22241108786610878
Empresa 7476,3690536.478,7.169609507648478e-05,0.9079946359050156,0.2225418410041841
Empresa 1115,3684326.859,7.157546073595822e-05,0.9080662113657516,0.22267259414225943
Empresa 2484,3675980.4211999997,7.141331439175433e-05,0.9081376246801434,0.22280334728033474
Empresa 5394,3675676.0768,7.140740188955622e-05,0.908209032082033,0.22293410041841005
Empresa 3171,3675407.012,7.14021747645576e-05,0.9082804342567975,0.22306485355648537
Empresa 6566,3674527.9233999997,7.13850967001022e-05,0.9083518193534976,0.22319560669456068
Empresa 6344,3671023.1746,7.13170099044068e-05,0.908423136363402,0.223326359832636
Empresa 3811,3668127.6308000004,7.126075814133104e-05,0.9084943971215433,0.2234571129707113
Empresa 155,3666662.5306,7.123229562270755e-05,0.908565629417166,0.22358786610878661
Empresa 5719,3664978.971,7.11995890907797e-05,0.9086368290062568,0.22371861924686193
Empresa 1270,3664888.6004,7.119783346008256e-05,0.9087080268397169,0.22384937238493724
Empresa 1800,3661555.0876,7.113307326815052e-05,0.908779159912985,0.22398012552301255
Empresa 4571,3657706.9234,7.105831493748565e-05,0.9088502182279224,0.22411087866108786
Empresa 3115,3655583.6682,7.101706643402326e-05,0.9089212352943564,0.22424163179916318
Empresa 1586,3652665.1446,7.096036824210566e-05,0.9089921956625985,0.2243723849372385
Empresa 3735,3652092.9636,7.094925247516458e-05,0.9090631449150737,0.2245031380753138
Empresa 2069,3649296.2632,7.08949209439701e-05,0.9091340398360176,0.22463389121338911
Empresa 4643,3648799.2872,7.088526618543861e-05,0.9092049251022031,0.22476464435146443
Empresa 6755,3644570.7548,7.080311843732892e-05,0.9092757282206404,0.22489539748953974
Empresa 3391,3643679.0104,7.078579450849974e-05,0.9093465140151489,0.22502615062761505
Empresa 137,3641589.7354,7.074520613877792e-05,0.9094172592212877,0.22515690376569036
Empresa 2118,3639794.1604,7.071032348237163e-05,0.9094879695447701,0.2252876569037657
Empresa 3222,3634844.0516,7.06141576611477e-05,0.9095585837024313,0.22541841004184102
Empresa 1015,3632371.7028,7.056612731225841e-05,0.9096291498297435,0.22554916317991633
Empresa 5374,3627748.6868000003,7.047631592666393e-05,0.9096996261456702,0.22567991631799164
Empresa 1567,3621978.176,7.036421214624529e-05,0.9097699903578165,0.22581066945606695
Empresa 5445,3617397.5061999997,7.027522342077068e-05,0.9098402655812372,0.22594142259414227
Empresa 1210,3617016.3014,7.026781775068793e-05,0.9099105333989879,0.22607217573221758
Empresa 2291,3614262.0362,7.021431060861735e-05,0.9099807477095965,0.2262029288702929
Empresa 7489,3613636.473,7.020215778505607e-05,0.9100509498673816,0.2263336820083682
Empresa 6196,3612267.2791999998,7.017555844118069e-05,0.9101211254258227,0.22646443514644352
Empresa 2434,3605785.4804000002,7.004963646051429e-05,0.9101911750622832,0.22659518828451883
Empresa 1428,3603333.9398,7.000201035276836e-05,0.910261177072636,0.22672594142259414
Empresa 396,3603296.9514,7.000129177869141e-05,0.9103311783644147,0.22685669456066945
Empresa 4286,3601702.196,6.997031044698971e-05,0.9104011486748617,0.22698744769874477
Empresa 1993,3601425.7798,6.996494050625779e-05,0.9104711136153679,0.22711820083682008
Empresa 859,3593796.6286,6.981672889717365e-05,0.9105409303442651,0.2272489539748954
Empresa 367,3593592.0888,6.981275530010039e-05,0.9106107430995651,0.2273797071129707
Empresa 1486,3584424.5548,6.963465751047034e-05,0.9106803777570756,0.22751046025104602
Empresa 2486,3581922.4978,6.958605002003414e-05,0.9107499638070956,0.22764121338912133
Empresa 7020,3579459.3338,6.953819810436125e-05,0.9108195020052,0.22777196652719664
Empresa 1370,3574090.6402000003,6.943390043135988e-05,0.9108889359056314,0.22790271966527198
Empresa 4782,3573681.3114,6.942594839600207e-05,0.9109583618540273,0.2280334728033473
Empresa 1009,3572833.7466,6.940948274477587e-05,0.9110277713367722,0.2281642259414226
Empresa 5147,3566310.0466,6.928274674900977e-05,0.9110970540835212,0.22829497907949792
Empresa 1763,3565691.0694,6.927072187174709e-05,0.911166324805393,0.22842573221757323
Empresa 1094,3556226.489,6.90868533582498e-05,0.9112354116587512,0.22855648535564854
Empresa 1445,3552367.6092,6.901188685549909e-05,0.9113044235456067,0.22868723849372385
Empresa 450,3547521.6838,6.891774500639855e-05,0.9113733412906131,0.22881799163179917
Empresa 5547,3546558.9352,6.889904167815025e-05,0.9114422403322913,0.22894874476987448
Empresa 6630,3545378.7774,6.887611473884524e-05,0.9115111164470301,0.2290794979079498
Empresa 4338,3540853.3232000005,6.878819868747395e-05,0.9115799046457176,0.2292102510460251
Empresa 6555,3540303.499,6.877751724634646e-05,0.9116486821629639,0.22934100418410042
Empresa 2241,3536523.0994,6.870407537935384e-05,0.9117173862383433,0.22947175732217573
Empresa 5457,3533592.81,6.86471486131028e-05,0.9117860333869564,0.22960251046025104
Empresa 5700,3530790.0754000004,6.859269985543476e-05,0.9118546260868119,0.22973326359832635
Empresa 6168,3524191.9358000006,6.846451772069378e-05,0.9119230906045326,0.22986401673640167
Empresa 6591,3518300.1180000002,6.835005730777541e-05,0.9119914406618403,0.22999476987447698
Empresa 1646,3515278.6214,6.82913586581893e-05,0.9120597320204985,0.2301255230125523
Empresa 6171,3514484.7592,6.827593628799784e-05,0.9121280079567865,0.2302562761506276
Empresa 7495,3514275.6626,6.827187416591798e-05,0.9121962798309524,0.23038702928870292
Empresa 463,3514130.5036000004,6.82690541603369e-05,0.9122645488851128,0.23051778242677826
Empresa 3066,3507591.6914,6.814202457968563e-05,0.9123326909096925,0.23064853556485357
Empresa 5020,3506876.6476000003,6.812813341546758e-05,0.912400819043108,0.23077928870292888
Empresa 7528,3503504.0104,6.806261315336174e-05,0.9124688816562614,0.2309100418410042
Empresa 901,3503398.1182,6.80605559843609e-05,0.9125369422122458,0.2310407949790795
Empresa 2360,3500000.65,6.799455333012929e-05,0.912604936765576,0.23117154811715482
Empresa 2870,3497678.6578,6.794944396065674e-05,0.9126728862095366,0.23130230125523013
Empresa 3193,3494102.0682,6.787996151290428e-05,0.9127407661710495,0.23143305439330544
Empresa 4234,3487132.4248,6.774456216952036e-05,0.912808510733219,0.23156380753138076
Empresa 4555,3484134.2462,6.768631651899143e-05,0.912876197049738,0.23169456066945607
Empresa 287,3482292.2309999997,6.765053166827966e-05,0.9129438475814062,0.23182531380753138
Empresa 6385,3479273.44,6.759188558041622e-05,0.9130114394669866,0.2319560669456067
Empresa 1241,3468874.6266,6.738986771156344e-05,0.9130788293346982,0.232086820083682
Empresa 5397,3467067.2858,6.735475648082372e-05,0.913146184091179,0.23221757322175732
Empresa 285,3466168.6172,6.733729803548062e-05,0.9132135213892144,0.23234832635983263
Empresa 1922,3463574.7656,6.728690725028273e-05,0.9132808082964647,0.23247907949790794
Empresa 7586,3459580.944,6.720931923161415e-05,0.9133480176156964,0.23260983263598325
Empresa 2045,3454967.1128000002,6.711968627923611e-05,0.9134151373019757,0.23274058577405857
Empresa 3715,3454857.536,6.711755752946819e-05,0.9134822548595051,0.23287133891213388
Empresa 7377,3453849.3618,6.709797171756043e-05,0.9135493528312226,0.2330020920502092
Empresa 6546,3451496.0772,6.705225443026917e-05,0.9136164050856529,0.23313284518828453
Empresa 5552,3445171.1142,6.692937930051323e-05,0.9136833344649534,0.23326359832635984
Empresa 5312,3443009.9806000004,6.688739493293355e-05,0.9137502218598863,0.23339435146443516
Empresa 4878,3438000.0993999997,6.67900679125997e-05,0.9138170119277989,0.23352510460251047
Empresa 6627,3435838.9836,6.674808389082082e-05,0.9138837600116897,0.23365585774058578
Empresa 3952,3435670.738,6.674481538159305e-05,0.9139505048270713,0.2337866108786611
Empresa 5001,3430805.82,6.665030456303142e-05,0.9140171551316343,0.2339173640167364
Empresa 4557,3428642.675,6.660828111996055e-05,0.9140837634127542,0.23404811715481172
Empresa 4509,3422887.1518,6.649646850382141e-05,0.9141502598812581,0.23417887029288703
Empresa 7362,3421349.57,6.64665978843118e-05,0.9142167264791424,0.23430962343096234
Empresa 3679,3417878.2318,6.639916015673115e-05,0.9142831256392991,0.23444037656903766
Empresa 1494,3415625.7664,6.635540148521074e-05,0.9143494810407844,0.23457112970711297
Empresa 1029,3414946.554,6.634220641801717e-05,0.9144158232472024,0.23470188284518828
Empresa 5715,3413625.5270000002,6.631654281112555e-05,0.9144821397900135,0.2348326359832636
Empresa 153,3410713.536,6.62599715281041e-05,0.9145483997615416,0.2349633891213389
Empresa 5705,3408804.6817999994,6.622288819536204e-05,0.9146146226497369,0.23509414225941422
Empresa 3511,3408646.6,6.621981713839507e-05,0.9146808424668753,0.23522489539748953
Empresa 1362,3406937.8356,6.618662095252453e-05,0.9147470290878278,0.23535564853556484
Empresa 4780,3404561.6780000003,6.614045931119627e-05,0.914813169547139,0.23548640167364016
Empresa 1969,3400929.232,6.606989174051144e-05,0.9148792394388795,0.23561715481171547
Empresa 6305,3400206.3384,6.605584807813748e-05,0.9149452952869577,0.2357479079497908
Empresa 7629,3395324.3680000002,6.596100598240277e-05,0.9150112562929401,0.23587866108786612
Empresa 1136,3394840.1190000004,6.595159847144828e-05,0.9150772078914116,0.23600941422594143
Empresa 7138,3392234.2702,6.590097461650647e-05,0.9151431088660281,0.23614016736401675
Empresa 2491,3389674.4522,6.585124500245156e-05,0.9152089601110306,0.23627092050209206
Empresa 365,3387690.7668000003,6.581270792311688e-05,0.9152747728189538,0.23640167364016737
Empresa 4781,3381509.9838,6.569263377989766e-05,0.9153404654527336,0.23653242677824268
Empresa 2448,3380829.9882,6.567942349746857e-05,0.9154061448762311,0.236663179916318
Empresa 7581,3379956.5777999996,6.566245574347061e-05,0.9154718073319745,0.2367939330543933
Empresa 5269,3377815.6294,6.562086351400608e-05,0.9155374281954886,0.23692468619246862
Empresa 188,3376899.499,6.560306583807131e-05,0.9156030312613266,0.23705543933054393
Empresa 1654,3370629.8762,6.548126580302434e-05,0.9156685125271296,0.23718619246861924
Empresa 945,3367188.1215999997,6.541440279638493e-05,0.915733926929926,0.23731694560669456
Empresa 4423,3364590.5319999997,6.536393939301756e-05,0.915799290869319,0.23744769874476987
Empresa 2848,3363342.0578,6.533968527021528e-05,0.9158646305545892,0.23757845188284518
Empresa 5442,3362890.3828,6.533091057473761e-05,0.9159299614651639,0.2377092050209205
Empresa 4207,3362626.9606,6.532579306859479e-05,0.9159952872582325,0.2378399581589958
Empresa 717,3360710.6838,6.528856553691622e-05,0.9160605758237694,0.23797071129707112
Empresa 2673,3358547.5744,6.524654278544696e-05,0.9161258223665549,0.23810146443514643
Empresa 7286,3358195.2946,6.52396990416756e-05,0.9161910620655966,0.23823221757322174
Empresa 5851,3357369.5526,6.522365734223878e-05,0.9162562857229388,0.23836297071129708
Empresa 5737,3356355.8426,6.520396398628005e-05,0.9163214896869251,0.2384937238493724
Empresa 4831,3354387.7322,6.516572948265148e-05,0.9163866554164077,0.2386244769874477
Empresa 1431,3351722.1822,6.5113945811803e-05,0.9164517693622195,0.23875523012552302
Empresa 7383,3336614.7704000003,6.482045394707567e-05,0.9165165898161666,0.23888598326359833
Empresa 3848,3335319.7136,6.479529486356146e-05,0.9165813851110302,0.23901673640167365
Empresa 2193,3335031.3714,6.478969323628884e-05,0.9166461748042665,0.23914748953974896
Empresa 3405,3331778.7596,6.472650470902462e-05,0.9167109013089755,0.23927824267782427
Empresa 362,3327515.7664,6.464368749055256e-05,0.9167755449964661,0.23940899581589958
Empresa 3149,3327138.353,6.46363554760417e-05,0.9168401813519421,0.2395397489539749
Empresa 2579,3326953.0016,6.46327546522384e-05,0.9169048141065943,0.2396705020920502
Empresa 6855,3326800.4378,6.462979079352159e-05,0.9169694438973878,0.23980125523012552
Empresa 6757,3318713.5952,6.447268760828702e-05,0.9170339165849961,0.23993200836820083
Empresa 5146,3317940.6658,6.44576718998446e-05,0.917098374256896,0.24006276150627615
Empresa 3074,3317602.4836,6.445110203031236e-05,0.9171628253589263,0.24019351464435146
Empresa 1609,3314317.0308,6.438727550055922e-05,0.9172272126344269,0.24032426778242677
Empresa 5121,3307050.9995999997,6.424611822793792e-05,0.9172914587526548,0.24045502092050208
Empresa 3846,3306690.959,6.42391237150147e-05,0.9173556978763698,0.2405857740585774
Empresa 5404,3293085.707,6.397481432619105e-05,0.917419672690696,0.2407165271966527
Empresa 7412,3292889.3018,6.397099876008661e-05,0.9174836436894561,0.24084728033472802
Empresa 5990,3292101.6696,6.395569742017759e-05,0.9175475993868762,0.24097803347280336
Empresa 5546,3291276.4438,6.393966574896419e-05,0.9176115390526252,0.24110878661087867
Empresa 2467,3289989.3614,6.391466158421151e-05,0.9176754537142093,0.24123953974895398
Empresa 6086,3285923.0048,6.383566442725441e-05,0.9177392893786366,0.2413702928870293
Empresa 3591,3283766.5704,6.379377135108777e-05,0.9178030831499877,0.2415010460251046
Empresa 5382,3281858.4638,6.375670254197962e-05,0.9178668398525297,0.24163179916317992
Empresa 2962,3272978.6311999997,6.358419393079312e-05,0.9179304240464605,0.24176255230125523
Empresa 5638,3272270.4048,6.357043520828414e-05,0.9179939944816689,0.24189330543933055
Empresa 2192,3270945.9958,6.354470589923918e-05,0.918057539187568,0.24202405857740586
Empresa 1660,3269336.2172,6.351343271165637e-05,0.9181210526202797,0.24215481171548117
Empresa 1764,3264511.9366,6.341971135633714e-05,0.918184472331636,0.24228556485355648
Empresa 1691,3263141.0518,6.33930791613851e-05,0.9182478654107974,0.2424163179916318
Empresa 4574,3256990.6712,6.327359564594425e-05,0.9183111390064433,0.2425470711297071
Empresa 7342,3256244.4952,6.325909967611472e-05,0.9183743981061194,0.24267782426778242
Empresa 5886,3255249.1547999997,6.32397631865888e-05,0.918437637869306,0.24280857740585773
Empresa 5541,3239732.4498,6.29383199781053e-05,0.918500576189284,0.24293933054393305
Empresa 1123,3237126.423,6.288769266515541e-05,0.9185634638819492,0.24307008368200836
Empresa 1473,3235749.3082,6.286093943992092e-05,0.9186263248213892,0.24320083682008367
Empresa 2191,3233748.3924000002,6.282206762540506e-05,0.9186891468890146,0.24333158995815898
Empresa 391,3232127.5422,6.27905793497203e-05,0.9187519374683644,0.2434623430962343
Empresa 2332,3222503.4381999997,6.260361176939064e-05,0.9188145410801337,0.24359309623430964
Empresa 2376,3216519.2384,6.248735665028396e-05,0.918877028436784,0.24372384937238495
Empresa 320,3212777.3224,6.241466240463607e-05,0.9189394430991886,0.24385460251046026
Empresa 4558,3209560.2216,6.235216374998181e-05,0.9190017952629386,0.24398535564853557
Empresa 5850,3204793.2926,6.225955656486273e-05,0.9190640548195035,0.24411610878661089
Empresa 6900,3202572.4222000004,6.221641168977476e-05,0.9191262712311933,0.2442468619246862
Empresa 3079,3200938.0974000003,6.21846616428791e-05,0.9191884558928362,0.2443776150627615
Empresa 6729,3199753.81,6.216165447778686e-05,0.919250617547314,0.24450836820083682
Empresa 1352,3199185.5094000003,6.215061409542172e-05,0.9193127681614094,0.24463912133891214
Empresa 7580,3198275.0215999996,6.213292603834276e-05,0.9193749010874477,0.24476987447698745
Empresa 5708,3189982.0016,6.19718174423607e-05,0.9194368729048901,0.24490062761506276
Empresa 6726,3189096.505,6.195461488961478e-05,0.9194988275197797,0.24503138075313807
Empresa 7632,3187268.1602000003,6.191909561392281e-05,0.9195607466153937,0.24516213389121339
Empresa 5485,3185274.2931999997,6.188036073652652e-05,0.9196226269761302,0.2452928870292887
Empresa 5489,3184840.5072,6.187193357085989e-05,0.919684498909701,0.245423640167364
Empresa 1768,3180402.0238,6.17857071022316e-05,0.9197462846168033,0.24555439330543932
Empresa 2723,3175781.6956,6.1695947932559e-05,0.9198079805647359,0.24568514644351463
Empresa 3692,3174574.6598,6.16724988340354e-05,0.9198696530635699,0.24581589958158995
Empresa 3423,3157842.8022000003,6.134744884186032e-05,0.9199310005124118,0.24594665271966526
Empresa 7574,3156199.346,6.131552139915065e-05,0.9199923160338109,0.24607740585774057
Empresa 5464,3150237.2716,6.119969611044707e-05,0.9200535157299213,0.2462081589958159
Empresa 5218,3145858.0088,6.111462012110368e-05,0.9201146303500425,0.24633891213389122
Empresa 6340,3145043.6054,6.109879869678093e-05,0.9201757291487392,0.24646966527196654
Empresa 1410,3139877.4046,6.0998434853759996e-05,0.920236727583593,0.24660041841004185
Empresa 4628,3139734.8088,6.0995664643495115e-05,0.9202977232482364,0.24673117154811716
Empresa 1496,3135739.2428,6.091804273634745e-05,0.9203586412909728,0.24686192468619247
Empresa 4888,3132983.6070000003,6.086450896761472e-05,0.9204195057999404,0.2469926778242678
Empresa 5238,3132732.2888,6.0859626606020666e-05,0.9204803654265464,0.2471234309623431
Empresa 5302,3130235.0022,6.081111179020075e-05,0.9205411765383367,0.2472541841004184
Empresa 7143,3126034.5048,6.072950867836208e-05,0.9206019060470151,0.24738493723849372
Empresa 3117,3124985.8178,6.070913582381758e-05,0.9206626151828389,0.24751569037656904
Empresa 2102,3124942.3146,6.070829068664527e-05,0.9207233234735255,0.24764644351464435
Empresa 1474,3121447.9787999997,6.0640406184421955e-05,0.92078396387971,0.24777719665271966
Empresa 3772,3121070.423,6.063307140350465e-05,0.9208445969511134,0.24790794979079497
Empresa 978,3119993.7188,6.061215425848993e-05,0.9209052091053719,0.24803870292887029
Empresa 7562,3115850.5196,6.0531664279449e-05,0.9209657407696513,0.2481694560669456
Empresa 3526,3115732.648,6.052937438650503e-05,0.9210262701440378,0.2483002092050209
Empresa 122,3115537.1506,6.052557645624173e-05,0.921086795720494,0.24843096234309622
Empresa 4552,3113653.9818,6.048899211406419e-05,0.9211472847126081,0.24856171548117154
Empresa 3917,3112855.8654,6.0473487097479846e-05,0.9212077581997056,0.24869246861924685
Empresa 4239,3105748.4322,6.033541091004893e-05,0.9212680936106156,0.2488232217573222
Empresa 373,3103880.2332,6.029911738635007e-05,0.9213283927280019,0.2489539748953975
Empresa 6156,3103765.3164,6.029688489634007e-05,0.9213886896128983,0.2490847280334728
Empresa 4348,3102960.9522,6.0281258503672475e-05,0.921448970871402,0.24921548117154813
Empresa 4842,3101301.12,6.0249012924220374e-05,0.9215092198843262,0.24934623430962344
Empresa 7438,3100840.0644,6.024005599171742e-05,0.9215694599403179,0.24947698744769875
Empresa 1377,3097720.383,6.0179449904879886e-05,0.9216296393902228,0.24960774058577406
Empresa 5695,3093288.9484,6.009336037337118e-05,0.9216897327505962,0.24973849372384938
Empresa 2116,3090234.7532,6.003402648770261e-05,0.9217497667770839,0.2498692468619247
Empresa 3081,3090192.0332,6.00331965657658e-05,0.9218097999736496,0.25
Empresa 5923,3085883.5966,5.994949651783347e-05,0.9218697494701675,0.2501307531380753
Empresa 1563,3083550.8176,5.9904177593071875e-05,0.9219296536477606,0.2502615062761506
Empresa 5292,3080514.547,5.9845191928815946e-05,0.9219894988396894,0.25039225941422594
Empresa 1577,3079014.8436000003,5.981605717342365e-05,0.9220493148968628,0.25052301255230125
Empresa 2040,3072525.9248,5.968999687243442e-05,0.9221090048937353,0.25065376569037656
Empresa 1761,3070934.6048,5.9659082280288464e-05,0.9221686639760156,0.2507845188284519
Empresa 5553,3070544.1796,5.965149748538769e-05,0.922228315473501,0.2509152719665272
Empresa 2089,3069622.371,5.96335894989955e-05,0.922287949063,0.2510460251046025
Empresa 3724,3067355.096,5.9589543121203666e-05,0.9223475386061213,0.2511767782426778
Empresa 6036,3065867.461,5.956064281875851e-05,0.92240709924894,0.2513075313807531
Empresa 2875,3064295.7388000004,5.9530108953301074e-05,0.9224666293578934,0.25143828451882844
Empresa 7146,3061033.6040000003,5.946673542260511e-05,0.9225260960933159,0.25156903765690375
Empresa 7270,3058752.0,5.942241067516363e-05,0.9225855185039911,0.25169979079497906
Empresa 495,3058199.0608,5.941166871889493e-05,0.92264493017271,0.2518305439330544
Empresa 5342,3050394.5262,5.926004993445941e-05,0.9227041902226445,0.2519612970711297
Empresa 4369,3049177.558,5.9236407879085514e-05,0.9227634266305236,0.252092050209205
Empresa 3105,3042036.999,5.909768815635276e-05,0.92282252431868,0.2522228033472803
Empresa 2786,3038122.4052,5.902163929707615e-05,0.922881545957977,0.2523535564853556
Empresa 3121,3035886.7074,5.8978206369915944e-05,0.9229405241643469,0.25248430962343094
Empresa 2305,3035855.8956,5.897760778871902e-05,0.9229995017721356,0.2526150627615063
Empresa 7238,3035060.9476,5.8962164324678324e-05,0.9230584639364603,0.2527458158995816
Empresa 439,3032136.906,5.890535893451055e-05,0.9231173692953948,0.25287656903765693
Empresa 3360,3030393.0756,5.887148152105021e-05,0.9231762407769158,0.25300732217573224
Empresa 3793,3028677.1912000002,5.8838147014856873e-05,0.9232350789239308,0.25313807531380755
Empresa 6830,3027343.0456000003,5.8812228552770485e-05,0.9232938911524835,0.25326882845188287
Empresa 2973,3014774.3588,5.856805652814177e-05,0.9233524592090117,0.2533995815899582
Empresa 5661,3013358.8494,5.854055741056658e-05,0.9234109997664223,0.2535303347280335
Empresa 4092,3011671.0,5.850776754064426e-05,0.923469507533963,0.2536610878661088
Empresa 81,3007729.4748,5.843119548474666e-05,0.9235279387294477,0.2537918410041841
Empresa 6638,3007512.653,5.842698328511657e-05,0.9235863657127328,0.25392259414225943
Empresa 2698,3007085.1682,5.8418678532935624e-05,0.9236447843912657,0.25405334728033474
Empresa 6856,3006555.3868,5.840838646351683e-05,0.9237031927777293,0.25418410041841005
Empresa 4828,3005044.3982,5.8379032470412885e-05,0.9237615718101997,0.25431485355648537
Empresa 3904,3001756.4,5.831515649114434e-05,0.9238198869666908,0.2544456066945607
Empresa 6705,2999982.897,5.828070262773873e-05,0.9238781676693185,0.254576359832636
Empresa 5381,2996801.3606000002,5.8218894883096875e-05,0.9239363865642016,0.2547071129707113
Empresa 3933,2994615.307,5.817642639438739e-05,0.923994562990596,0.2548378661087866
Empresa 3091,2991753.9036000003,5.8120837877259456e-05,0.9240526838284733,0.2549686192468619
Empresa 1976,2991128.5184,5.810868851170625e-05,0.924110792516985,0.25509937238493724
Empresa 2809,2990585.2624000004,5.809813467107657e-05,0.9241688906516561,0.25523012552301255
Empresa 1506,2987692.9581999998,5.8041945843747666e-05,0.9242269325974999,0.25536087866108786
Empresa 7367,2984870.2876,5.798710978917577e-05,0.9242849197072891,0.2554916317991632
Empresa 7523,2984171.2994,5.797353053728562e-05,0.9243428932378264,0.2556223849372385
Empresa 7621,2983796.8052000003,5.7966255234107124e-05,0.9244008594930605,0.2557531380753138
Empresa 3468,2983671.3686,5.7963818375820175e-05,0.9244588233114364,0.2558838912133891
Empresa 4076,2982497.512,5.794101385000084e-05,0.9245167643252864,0.2560146443514644
Empresa 5512,2978883.4712,5.787080383735045e-05,0.9245746351291237,0.25614539748953974
Empresa 5140,2977254.0236000004,5.7839148539875915e-05,0.9246324742776636,0.25627615062761505
Empresa 2015,2973576.9886,5.776771473816953e-05,0.9246902419924018,0.25640690376569036
Empresa 3565,2966796.2922,5.7635986070351944e-05,0.9247478779784721,0.2565376569037657
Empresa 2311,2965446.803,5.760976952796992e-05,0.9248054877480001,0.256668410041841
Empresa 3376,2963021.3572,5.756265036420707e-05,0.9248630503983643,0.2567991631799163
Empresa 5477,2962895.8850000002,5.756021281431852e-05,0.9249206106111786,0.2569299163179916
Empresa 6773,2959545.48,5.749512445742063e-05,0.924978105735636,0.2570606694560669
Empresa 5256,2955674.3182,5.741991935211311e-05,0.9250355256549881,0.25719142259414224
Empresa 4269,2951602.7818,5.734082156712116e-05,0.9250928664765553,0.25732217573221755
Empresa 7407,2949313.8798,5.729635504134882e-05,0.9251501628315967,0.25745292887029286
Empresa 1176,2948626.4972,5.7283001251584835e-05,0.9252074458328483,0.2575836820083682
Empresa 3935,2948318.2546,5.727701301900999e-05,0.9252647228458674,0.2577144351464435
Empresa 3770,2947637.903,5.7263795820564765e-05,0.925321986641688,0.25784518828451886
Empresa 7015,2947495.1826,5.726102318969423e-05,0.9253792476648777,0.25797594142259417
Empresa 4921,2944583.601,5.7204459860091355e-05,0.9254364521247378,0.2581066945606695
Empresa 1305,2941521.8942,5.714498004648223e-05,0.9254935971047843,0.2582374476987448
Empresa 5247,2940735.8996,5.7129710520247464e-05,0.9255507268153046,0.2583682008368201
Empresa 3216,2938414.032,5.708460357138055e-05,0.9256078114188759,0.2584989539748954
Empresa 2686,2937698.3830000004,5.707070064993506e-05,0.9256648821195259,0.25862970711297073
Empresa 3333,2931241.9136,5.694527074381699e-05,0.9257218273902698,0.25876046025104604
Empresa 1666,2929953.7098,5.692024479361347e-05,0.9257787476350634,0.25889121338912136
Empresa 2122,2927146.9524,5.686571788496303e-05,0.9258356133529484,0.25902196652719667
Empresa 2727,2921070.1036,5.67476628726559e-05,0.9258923610158211,0.259152719665272
Empresa 6463,2919639.6778,5.671987397400444e-05,0.9259490808897951,0.2592834728033473
Empresa 3229,2915796.8002,5.6645218346179235e-05,0.9260057261081412,0.2594142259414226
Empresa 4914,2907941.1262000003,5.64926060760252e-05,0.9260622187142172,0.2595449790794979
Empresa 4221,2907215.9008,5.6478517113745525e-05,0.926118697231331,0.25967573221757323
Empresa 3587,2906753.4746,5.646953355458043e-05,0.9261751667648855,0.25980648535564854
Empresa 2737,2901687.381,5.637111449529808e-05,0.9262315378793808,0.25993723849372385
Empresa 7147,2900481.2174,5.6347682341014035e-05,0.9262878855617218,0.26006799163179917
Empresa 6398,2898014.707,5.629976541478943e-05,0.9263441853271366,0.2601987447698745
Empresa 7413,2897879.16,5.6297132141644117e-05,0.9264004824592782,0.2603294979079498
Empresa 5830,2896977.1984,5.627960972315172e-05,0.9264567620690013,0.2604602510460251
Empresa 2450,2893678.5201999997,5.621552626339898e-05,0.9265129775952647,0.2605910041841004
Empresa 4303,2888763.4418,5.612004097816324e-05,0.926569097636243,0.26072175732217573
Empresa 5319,2888688.1122,5.6118577549148e-05,0.9266252162137921,0.26085251046025104
Empresa 2720,2884624.2298,5.603962845850307e-05,0.9266812558422506,0.26098326359832635
Empresa 5407,2883498.0416,5.6017749987244884e-05,0.9267372735922378,0.26111401673640167
Empresa 1435,2882323.5976,5.599493404999891e-05,0.9267932685262877,0.261244769874477
Empresa 7330,2881902.1826,5.5986747215893146e-05,0.9268492552735036,0.2613755230125523
Empresa 3490,2881874.4146,5.598620776663422e-05,0.9269052414812702,0.2615062761506276
Empresa 2342,2876628.1316,5.588428816578259e-05,0.926961125769436,0.2616370292887029
Empresa 1755,2872046.0912,5.5795272813645844e-05,0.9270169210422496,0.26176778242677823
Empresa 1479,2871735.8372,5.5789245505579805e-05,0.9270727102877552,0.26189853556485354
Empresa 6576,2871713.9432,5.5788820170587196e-05,0.9271284991079257,0.26202928870292885
Empresa 4006,2871284.447,5.5780476342915055e-05,0.9271842795842686,0.26216004184100417
Empresa 6734,2867764.3012,5.5712090429521596e-05,0.9272399916746982,0.2622907949790795
Empresa 3246,2866065.5404000003,5.5679088583704594e-05,0.9272956707632819,0.2624215481171548
Empresa 6645,2865480.846,5.566772971879619e-05,0.9273513384930007,0.2625523012552301
Empresa 6019,2861389.6228,5.558824947811171e-05,0.9274069267424788,0.2626830543933054
Empresa 6592,2859222.9534,5.554615756648105e-05,0.9274624729000454,0.2628138075313807
Empresa 3574,2858678.7718,5.55355857442094e-05,0.9275180084857896,0.26294456066945604
Empresa 2059,2857832.5064000003,5.551914533644212e-05,0.927573527631126,0.2630753138075314
Empresa 6114,2851473.9548,5.539561768056337e-05,0.9276289232488065,0.2632060669456067
Empresa 3008,2851186.2,5.5390027464717387e-05,0.9276843132762712,0.26333682008368203
Empresa 6718,2850328.329,5.5373361594823935e-05,0.927739686637866,0.26346757322175735
Empresa 6878,2844626.4016,5.526259018491468e-05,0.927794949228051,0.26359832635983266
Empresa 7540,2843390.3874,5.523857812267729e-05,0.9278501878061737,0.26372907949790797
Empresa 2343,2840522.3802,5.518286131344995e-05,0.9279053706674871,0.2638598326359833
Empresa 4353,2837976.8734,5.5133409723243874e-05,0.9279605040772104,0.2639905857740586
Empresa 6244,2837024.2886,5.511490384725638e-05,0.9280156189810577,0.2641213389121339
Empresa 5096,2827040.0906,5.492094071660109e-05,0.9280705399217742,0.2642520920502092
Empresa 4995,2826955.7186000003,5.4919301620775896e-05,0.9281254592233951,0.26438284518828453
Empresa 4190,2820458.0956,5.479307222319205e-05,0.9281802522956183,0.26451359832635984
Empresa 4127,2818371.455,5.475253503198967e-05,0.9282350048306502,0.26464435146443516
Empresa 3432,2818191.6393999998,5.474904175223733e-05,0.9282897538724025,0.26477510460251047
Empresa 3262,2817210.0050000004,5.472997152933281e-05,0.9283444838439319,0.2649058577405858
Empresa 1950,2813989.3798,5.466740440611877e-05,0.9283991512483379,0.2650366108786611
Empresa 3112,2809351.928,5.457731257606982e-05,0.928453728560914,0.2651673640167364
Empresa 2476,2805464.1410000003,5.450178449280856e-05,0.9285082303454069,0.2652981171548117
Empresa 2034,2805259.4588,5.4497808129328847e-05,0.9285627281535362,0.26542887029288703
Empresa 568,2803323.691,5.446020194576661e-05,0.928617188355482,0.26555962343096234
Empresa 3280,2802879.6344000003,5.4451575253034346e-05,0.9286716399307351,0.26569037656903766
Empresa 6573,2802195.972,5.443829373563902e-05,0.9287260782244707,0.26582112970711297
Empresa 1106,2800233.4864,5.4400168505065466e-05,0.9287804783929758,0.2659518828451883
Empresa 4381,2799334.5508,5.438270487271027e-05,0.9288348610978485,0.2660826359832636
Empresa 1689,2798883.8192000003,5.4373948504675385e-05,0.9288892350463532,0.2662133891213389
Empresa 5375,2798032.5164,5.435741023527972e-05,0.9289435924565885,0.2663441422594142
Empresa 6243,2797787.3748,5.435264786656569e-05,0.9289979451044551,0.26647489539748953
Empresa 5077,2797689.4214000003,5.435074492472477e-05,0.9290522958493799,0.26660564853556484
Empresa 6003,2797083.1,5.433896591183587e-05,0.9291066348152917,0.26673640167364016
Empresa 3534,2797034.0788000003,5.4338013576413384e-05,0.9291609728288681,0.26686715481171547
Empresa 2294,2795597.334,5.431010191847543e-05,0.9292152829307866,0.2669979079497908
Empresa 6010,2794239.1584,5.42837166252996e-05,0.9292695666474119,0.2671286610878661
Empresa 759,2792822.1716,5.425618880625742e-05,0.9293238228362182,0.2672594142259414
Empresa 7587,2785321.5542,5.411047422480065e-05,0.9293779333104429,0.2673901673640167
Empresa 4879,2779245.7734,5.399243996054193e-05,0.9294319257504035,0.26752092050209203
Empresa 5558,2778696.4476,5.398176820183705e-05,0.9294859075186053,0.26765167364016734
Empresa 1954,2777938.8974,5.396705126529187e-05,0.9295398745698705,0.26778242677824265
Empresa 971,2774069.7114,5.389188454387392e-05,0.9295937664544144,0.26791317991631797
Empresa 3235,2772318.5652,5.385786500628191e-05,0.9296476243194207,0.2680439330543933
Empresa 3009,2769912.5214,5.381112276539869e-05,0.9297014354421861,0.2681746861924686
Empresa 6581,2769495.2004,5.3803015465478534e-05,0.9297552384576515,0.26830543933054396
Empresa 1936,2767862.7980000004,5.377130276507003e-05,0.9298090097604166,0.2684361924686193
Empresa 5936,2767094.3186,5.375637350682934e-05,0.9298627661339234,0.2685669456066946
Empresa 2650,2766236.1628,5.3739702104122984e-05,0.9299165058360275,0.2686976987447699
Empresa 5824,2763995.748,5.3696177539748916e-05,0.9299702020135672,0.2688284518828452
Empresa 308,2762145.26,5.366022808785302e-05,0.930023862241655,0.2689592050209205
Empresa 1194,2759505.4132,5.360894375336983e-05,0.9300774711854084,0.26908995815899583
Empresa 3709,2755234.9617999997,5.3525981644359644e-05,0.9301309971670527,0.26922071129707115
Empresa 7623,2754951.7816000003,5.352048029932107e-05,0.930184517647352,0.26935146443514646
Empresa 1292,2751858.0882,5.346037908166176e-05,0.9302379780264337,0.26948221757322177
Empresa 2976,2748527.9217999997,5.3395683900281424e-05,0.930291373710334,0.2696129707112971
Empresa 4004,2748200.4552,5.338932220283502e-05,0.9303447630325369,0.2697437238493724
Empresa 4984,2741022.0,5.3249866270184164e-05,0.9303980128988071,0.2698744769874477
Empresa 1571,2739888.852,5.322785259081044e-05,0.9304512407513978,0.270005230125523
Empresa 3260,2738937.6556,5.320937368728589e-05,0.9305044501250851,0.27013598326359833
Empresa 6654,2737928.627,5.3189771276939385e-05,0.930557639896362,0.27026673640167365
Empresa 3143,2732860.2016000003,5.3091306917751315e-05,0.9306107312032798,0.27039748953974896
Empresa 7525,2731251.4020000002,5.306005274921289e-05,0.9306637912560289,0.27052824267782427
Empresa 2598,2729886.765,5.303354193034411e-05,0.9307168247979593,0.2706589958158996
Empresa 3470,2729005.3802,5.301641925758462e-05,0.9307698412172168,0.2707897489539749
Empresa 432,2728388.6636,5.300443829702443e-05,0.9308228456555139,0.2709205020920502
Empresa 6043,2723153.7014,5.2902738625486054e-05,0.9308757483941393,0.2710512552301255
Empresa 2317,2721829.8086,5.28770193446645e-05,0.930928625413484,0.27118200836820083
Empresa 7416,2718113.7382,5.2804827201788375e-05,0.9309814302406858,0.27131276150627615
Empresa 5426,2717616.0146000003,5.2795157919623e-05,0.9310342253986055,0.27144351464435146
Empresa 1807,2717091.0748,5.278495990802371e-05,0.9310870103585135,0.27157426778242677
Empresa 4748,2713600.8686,5.271715563158764e-05,0.9311397275141451,0.2717050209205021
Empresa 336,2713212.9176,5.2709618902999027e-05,0.9311924371330481,0.2718357740585774
Empresa 2900,2709117.0842,5.263004909990553e-05,0.9312450671821481,0.2719665271966527
Empresa 5631,2707174.054,5.259230182961404e-05,0.9312976594839777,0.272097280334728
Empresa 3101,2704961.5496,5.254931948090535e-05,0.9313502088034586,0.27222803347280333
Empresa 7259,2702402.4436,5.2499603698882713e-05,0.9314027084071576,0.27235878661087864
Empresa 6991,2699492.2504000003,5.24430673417428e-05,0.9314551514744993,0.27248953974895396
Empresa 7350,2698014.6012,5.2414361033550356e-05,0.9315075658355328,0.27262029288702927
Empresa 3671,2697174.3344,5.2398037160655035e-05,0.9315599638726935,0.2727510460251046
Empresa 1944,2695663.0076,5.236867659733576e-05,0.9316123325492908,0.2728817991631799
Empresa 1276,2692367.2664,5.2304650194716175e-05,0.9316646371994854,0.2730125523012552
Empresa 3863,2692275.1514,5.2302860675539934e-05,0.931716940060161,0.2731433054393305
Empresa 3718,2691316.6036,5.228423895628209e-05,0.9317692242991173,0.27327405857740583
Empresa 1143,2690280.8216,5.2264116807322664e-05,0.9318214884159247,0.27340481171548114
Empresa 1963,2687809.4518,5.221610547747775e-05,0.9318737045214022,0.2735355648535565
Empresa 3010,2687272.1054000002,5.220566644271599e-05,0.9319259101878449,0.2736663179916318
Empresa 7182,2686294.5650000004,5.2186675753997076e-05,0.9319780968635989,0.27379707112970714
Empresa 5535,2685568.8589999997,5.21725774550956e-05,0.9320302694410539,0.27392782426778245
Empresa 2682,2684442.475,5.215069518002855e-05,0.932082420136234,0.27405857740585776
Empresa 2270,2682246.4,5.2108032005464715e-05,0.9321345281682395,0.2741893305439331
Empresa 6415,2681874.4868,5.2100806843403225e-05,0.9321866289750829,0.2743200836820084
Empresa 2139,2681685.2194,5.209712994342237e-05,0.9322387261050263,0.2744508368200837
Empresa 7615,2679712.2496,5.205880103617351e-05,0.9322907849060625,0.274581589958159
Empresa 2658,2675685.5514,5.19805743234144e-05,0.932342765480386,0.2747123430962343
Empresa 4265,2675158.173,5.197032893710455e-05,0.9323947358093231,0.27484309623430964
Empresa 1376,2674062.85,5.1949050084445706e-05,0.9324466848594075,0.27497384937238495
Empresa 4686,2672153.9424,5.1911965714301236e-05,0.9324985968251218,0.27510460251046026
Empresa 836,2668150.9716,5.183419995401786e-05,0.9325504310250758,0.2752353556485356
Empresa 7129,2666407.9422,5.180033810159384e-05,0.9326022313631774,0.2753661087866109
Empresa 6928,2664492.68,5.1763130280561274e-05,0.932653994493458,0.2754968619246862
Empresa 7268,2664091.1476,5.175532970595692e-05,0.9327057498231639,0.2756276150627615
Empresa 6563,2663044.65,5.173499938491168e-05,0.9327574848225488,0.2757583682008368
Empresa 672,2662934.023,5.173285023289617e-05,0.9328092176727817,0.27588912133891214
Empresa 6888,2660692.0062,5.168929454644947e-05,0.9328609069673282,0.27601987447698745
Empresa 2843,2658908.9268,5.1654654642209694e-05,0.9329125616219703,0.27615062761506276
Empresa 3594,2653393.49,5.15475061873554e-05,0.9329641091281577,0.2762813807531381
Empresa 211,2649480.3736,5.147148602954576e-05,0.9330155806141873,0.2764121338912134
Empresa 6193,2649298.2084,5.14679471040869e-05,0.9330670485612914,0.2765428870292887
Empresa 3744,2647634.4245999996,5.143562475685565e-05,0.9331184841860483,0.276673640167364
Empresa 260,2640135.1777999997,5.128993680206101e-05,0.9331697741228503,0.2768043933054393
Empresa 2565,2639389.0017999997,5.1275440832231504e-05,0.9332210495636826,0.27693514644351463
Empresa 6512,2637488.8162000002,5.123852590448247e-05,0.9332722880895871,0.27706589958158995
Empresa 7326,2635532.4716,5.1200519975187336e-05,0.9333234886095623,0.27719665271966526
Empresa 5564,2634366.6962,5.117787244293438e-05,0.9333746664820052,0.27732740585774057
Empresa 6220,2632116.349,5.1134154921710004e-05,0.9334258006369269,0.2774581589958159
Empresa 1336,2630352.1376,5.109988156632565e-05,0.9334769005184933,0.2775889121338912
Empresa 2364,2629406.6550000003,5.1081513664860146e-05,0.9335279820321581,0.2777196652719665
Empresa 5511,2625963.156,5.101461676974163e-05,0.9335789966489279,0.2778504184100418
Empresa 1347,2621244.5896,5.092294912541518e-05,0.9336299195980533,0.27798117154811713
Empresa 1759,2621071.894,5.091959416598565e-05,0.9336808391922193,0.27811192468619245
Empresa 1694,2620412.76,5.0906789162102375e-05,0.9337317459813814,0.27824267782426776
Empresa 3559,2615949.2142,5.082007580593784e-05,0.9337825660571873,0.27837343096234307
Empresa 58,2613131.3318,5.076533277178302e-05,0.9338333313899592,0.2785041841004184
Empresa 3049,2604818.5716000004,5.0603840682705995e-05,0.9338839352306418,0.2786349372384937
Empresa 4351,2603620.8452000003,5.058057243800447e-05,0.9339345158030798,0.27876569037656906
Empresa 3497,2603591.048,5.057999356745354e-05,0.9339850957966473,0.2788964435146444
Empresa 6768,2603203.72,5.0572468941893193e-05,0.9340356682655893,0.2790271966527197
Empresa 6835,2602877.0544000003,5.05661228054831e-05,0.9340862343883948,0.279157949790795
Empresa 115,2601838.5846,5.054594844060181e-05,0.9341367803368353,0.2792887029288703
Empresa 1069,2601180.1626,5.0533157268750816e-05,0.9341873134941041,0.2794194560669456
Empresa 3857,2599566.2722,5.050180420118159e-05,0.9342378152983053,0.27955020920502094
Empresa 438,2599422.0388,5.049900217724246e-05,0.9342883143004825,0.27968096234309625
Empresa 5131,2598992.24,5.04906524709566e-05,0.9343388049529535,0.27981171548117156
Empresa 3627,2593911.3012,5.039194501380121e-05,0.9343891968979673,0.2799424686192469
Empresa 5406,2593496.3654,5.038388405118919e-05,0.9344395807820185,0.2800732217573222
Empresa 1222,2587666.1,5.0270619417461446e-05,0.9344898514014359,0.2802039748953975
Empresa 262,2586363.3536,5.024531094799861e-05,0.9345400967123839,0.2803347280334728
Empresa 2409,2584518.2768,5.020946661954805e-05,0.9345903061790035,0.2804654811715481
Empresa 4492,2580365.6792,5.0128794057681016e-05,0.9346404349730612,0.28059623430962344
Empresa 5387,2580106.44,5.012375781472784e-05,0.9346905587308759,0.28072698744769875
Empresa 3427,2579704.961,5.0115958277525925e-05,0.9347406746891535,0.28085774058577406
Empresa 3386,2578500.0434,5.009255032929836e-05,0.9347907672394827,0.2809884937238494
Empresa 7512,2577515.116,5.007341613324454e-05,0.934840840655616,0.2811192468619247
Empresa 476,2573176.8822,4.9989137214761294e-05,0.9348908297928308,0.28125
Empresa 5918,2572512.3548,4.99762274332335e-05,0.934940806020264,0.2813807531380753
Empresa 2162,2571418.2244,4.995497174922873e-05,0.9349907609920132,0.2815115062761506
Empresa 343,2570678.8836000003,4.994060856690911e-05,0.9350407016005801,0.28164225941422594
Empresa 7619,2564958.2662000004,4.9829474066152504e-05,0.9350905310746462,0.28177301255230125
Empresa 2666,2557895.7068000003,4.969226964255603e-05,0.9351402233442888,0.28190376569037656
Empresa 1964,2554936.9196,4.963478924921299e-05,0.935189858133538,0.2820345188284519
Empresa 874,2554216.8562,4.9620800569167344e-05,0.9352394789341072,0.2821652719665272
Empresa 3153,2553376.6962,4.960447877107687e-05,0.9352890834128783,0.2822960251046025
Empresa 2285,2553216.1046,4.96013589561961e-05,0.9353386847718345,0.2824267782426778
Empresa 301,2552906.7762,4.959534962977203e-05,0.9353882801214642,0.2825575313807531
Empresa 6294,2552521.5664,4.95878661545077e-05,0.9354378679876187,0.28268828451882844
Empresa 5367,2551802.3752,4.957389441870161e-05,0.9354874418820375,0.28281903765690375
Empresa 1570,2545323.282,4.944802499975785e-05,0.9355368899070372,0.28294979079497906
Empresa 6601,2543590.007,4.9414352646176066e-05,0.9355863042596834,0.2830805439330544
Empresa 2258,2541570.2766,4.93751153202072e-05,0.9356356793750036,0.2832112970711297
Empresa 5954,2541179.5844,4.936752533829432e-05,0.9356850469003418,0.283342050209205
Empresa 2200,2540224.6144000003,4.934897312499869e-05,0.9357343958734669,0.2834728033472803
Empresa 3294,2537188.86,4.928999748896616e-05,0.9357836858709558,0.2836035564853556
Empresa 7423,2536616.3586,4.927887549761057e-05,0.9358329647464535,0.28373430962343094
Empresa 5732,2533549.4186,4.9219294018564186e-05,0.9358821840404721,0.2838650627615063
Empresa 3927,2530985.115,4.916947726270592e-05,0.9359313535177348,0.2839958158995816
Empresa 1972,2525739.366,4.906756803587849e-05,0.9359804210857707,0.28412656903765693
Empresa 2758,2525410.2618,4.906117452475784e-05,0.9360294822602955,0.28425732217573224
Empresa 296,2519204.4164,4.894061349400236e-05,0.9360784228737895,0.28438807531380755
Empresa 6073,2517755.2294,4.891246012130032e-05,0.9361273353339108,0.28451882845188287
Empresa 5579,2513635.9712,4.8832435244344807e-05,0.9361761677691551,0.2846495815899582
Empresa 6618,2511706.202,4.879494559565453e-05,0.9362249627147508,0.2847803347280335
Empresa 1599,2511675.3546,4.8794346322856e-05,0.9362737570610736,0.2849110878661088
Empresa 5996,2509777.6432000003,4.8757479461419136e-05,0.9363225145405351,0.2850418410041841
Empresa 5574,2507933.4208,4.87216517314073e-05,0.9363712361922665,0.28517259414225943
Empresa 2312,2504856.8154,4.866188248252272e-05,0.936419898074749,0.28530334728033474
Empresa 7332,2504412.2426,4.8653245761567045e-05,0.9364685513205105,0.28543410041841005
Empresa 2252,2504259.7144,4.8650282594451844e-05,0.936517201603105,0.28556485355648537
Empresa 6870,2497938.08,4.852747212944683e-05,0.9365657290752345,0.2856956066945607
Empresa 7467,2497678.912,4.852243726969688e-05,0.9366142515125042,0.285826359832636
Empresa 2589,2497093.0962,4.8511056619337653e-05,0.9366627625691235,0.2859571129707113
Empresa 55,2495749.4098,4.848495280801871e-05,0.9367112475219316,0.2860878661087866
Empresa 2314,2494384.4524000003,4.845843576473541e-05,0.9367597059576963,0.2862186192468619
Empresa 2182,2491353.8066000002,4.83995593735345e-05,0.9368081055170698,0.28634937238493724
Empresa 6048,2490387.3912,4.838078481031995e-05,0.9368564863018801,0.28648012552301255
Empresa 404,2487906.0,4.8332578794620695e-05,0.9369048188806748,0.28661087866108786
Empresa 7590,2485301.949,4.828198986556039e-05,0.9369531008705403,0.2867416317991632
Empresa 3518,2481782.6932,4.821362124220729e-05,0.9370013144917825,0.2868723849372385
Empresa 5654,2481247.2158,4.8203218516530255e-05,0.937049517710299,0.2870031380753138
Empresa 7352,2477302.54,4.812658525388981e-05,0.9370976442955529,0.2871338912133891
Empresa 6025,2476678.8814,4.8114469431014894e-05,0.9371457587649838,0.2872646443514644
Empresa 6298,2475370.8128,4.8089057567110766e-05,0.937193847822551,0.28739539748953974
Empresa 2081,2473974.9368000003,4.8061939867825703e-05,0.9372419097624188,0.28752615062761505
Empresa 7165,2473232.0182,4.804750717954386e-05,0.9372899572695984,0.28765690376569036
Empresa 4199,2472880.7352,4.804068280061769e-05,0.937337997952399,0.2877876569037657
Empresa 2401,2469028.6016,4.796584735637285e-05,0.9373859637997554,0.287918410041841
Empresa 6481,2468311.7422,4.795192092047248e-05,0.9374339157206758,0.2880491631799163
Empresa 5651,2467941.8582,4.794473517970298e-05,0.9374818604558555,0.2881799163179916
Empresa 2664,2464559.9828000003,4.787903544697832e-05,0.9375297394913025,0.2883106694560669
Empresa 2538,2462184.288,4.7832882796471035e-05,0.9375775723740989,0.28844142259414224
Empresa 4314,2459464.5904,4.778004719956764e-05,0.9376253524212984,0.28857217573221755
Empresa 4827,2454993.4262,4.76931858406577e-05,0.937673045607139,0.28870292887029286
Empresa 5689,2454514.5705999997,4.768388310734773e-05,0.9377207294902464,0.2888336820083682
Empresa 7030,2452064.6676000003,4.763628881327607e-05,0.9377683657790598,0.2889644351464435
Empresa 6516,2451708.0802,4.7629361385709404e-05,0.9378159951404454,0.28909518828451886
Empresa 3681,2449607.8226,4.7588559656889665e-05,0.9378635837001024,0.28922594142259417
Empresa 4288,2445461.0456,4.750800017188652e-05,0.9379110917002742,0.2893566945606695
Empresa 3869,2443329.1218000003,4.7466583263431133e-05,0.9379585582835376,0.2894874476987448
Empresa 2649,2443189.0536,4.7463862156880836e-05,0.9380060221456945,0.2896182008368201
Empresa 6475,2443014.5068,4.746047123416738e-05,0.9380534826169287,0.2897489539748954
Empresa 1772,2439916.5592,4.740028737011519e-05,0.9381008829042988,0.28987970711297073
Empresa 7353,2438915.4337999998,4.7380838495326995e-05,0.9381482637427941,0.29001046025104604
Empresa 3093,2435434.8574,4.731322129712751e-05,0.9381955769640913,0.29014121338912136
Empresa 5425,2435400.6636,4.731255701377726e-05,0.938242889521105,0.29027196652719667
Empresa 60,2431763.5896,4.7241899534882614e-05,0.9382901314206399,0.290402719665272
Empresa 38,2430226.7554,4.72120434390069e-05,0.9383373434640789,0.2905334728033473
Empresa 2022,2423954.338,4.7090189113233236e-05,0.9383844336531921,0.2906642259414226
Empresa 5947,2422572.9156,4.706335220420345e-05,0.9384314970053963,0.2907949790794979
Empresa 2301,2419516.9226,4.700398339265338e-05,0.9384785009887889,0.29092573221757323
Empresa 852,2416022.213,4.693609162861312e-05,0.9385254370804176,0.29105648535564854
Empresa 1548,2410877.5146,4.683614551296705e-05,0.9385722732259305,0.29118723849372385
Empresa 2092,2410537.677,4.6829543483959776e-05,0.9386191027694145,0.29131799163179917
Empresa 3596,2409783.2418,4.681488706255582e-05,0.9386659176564771,0.2914487447698745
Empresa 6137,2408252.7266,4.6785153725966595e-05,0.938712702810203,0.2915794979079498
Empresa 7231,2407419.028,4.676895745356905e-05,0.9387594717676566,0.2917102510460251
Empresa 5236,2406241.3087999998,4.674607788897459e-05,0.9388062178455456,0.2918410041841004
Empresa 5748,2405910.2822,4.673964703136678e-05,0.938852957492577,0.29197175732217573
Empresa 4599,2404760.064,4.6717301729019144e-05,0.938899674794306,0.29210251046025104
Empresa 1596,2404611.1848,4.6714409451069384e-05,0.9389463892037571,0.29223326359832635
Empresa 2569,2404280.888,4.6707992771294655e-05,0.9389930971965283,0.29236401673640167
Empresa 1303,2401615.8008,4.665621809126714e-05,0.9390397534146196,0.292494769874477
Empresa 2588,2400063.0,4.662605181206755e-05,0.9390863794664317,0.2926255230125523
Empresa 342,2398288.9274,4.6591586883036114e-05,0.9391329710533147,0.2927562761506276
Empresa 2763,2394991.513,4.652752797514067e-05,0.9391794985812899,0.2928870292887029
Empresa 3527,2389562.7444,4.642206322441566e-05,0.9392259206445143,0.29301778242677823
Empresa 2706,2388709.715,4.640549141234172e-05,0.9392723261359266,0.29314853556485354
Empresa 5441,2383264.7662,4.6299712328683145e-05,0.9393186258482553,0.29327928870292885
Empresa 284,2382551.4134,4.6285854015541744e-05,0.9393649117022709,0.29341004184100417
Empresa 3577,2381149.2184,4.6258613556970194e-05,0.9394111703158279,0.2935407949790795
Empresa 3103,2379693.0894,4.623032532195342e-05,0.9394574006411498,0.2936715481171548
Empresa 3961,2379401.8992,4.622466836655168e-05,0.9395036253095164,0.2938023012552301
Empresa 2449,2372551.4624,4.6091584851172256e-05,0.9395497168943675,0.2939330543933054
Empresa 4779,2370861.0142,4.6058744494332115e-05,0.9395957756388619,0.2940638075313807
Empresa 988,2370216.6186,4.604622581351705e-05,0.9396418218646754,0.29419456066945604
Empresa 3615,2365156.399,4.5947920868501e-05,0.9396877697855439,0.2943253138075314
Empresa 6831,2358640.0682,4.582132803426899e-05,0.9397335911135782,0.2944560669456067
Empresa 3778,2355321.3116,4.5756854511205956e-05,0.9397793479680895,0.29458682008368203
Empresa 291,2355000.4488,4.575062110585894e-05,0.9398250985891954,0.29471757322175735
Empresa 5139,2349600.0,4.564570652421787e-05,0.9398707442957196,0.29484832635983266
Empresa 167,2347008.676,4.559536484273457e-05,0.9399163396605623,0.29497907949790797
Empresa 6304,2346069.904,4.55771273081733e-05,0.9399619167878704,0.2951098326359833
Empresa 5513,2342803.3014,4.551366698147479e-05,0.9400074304548519,0.2952405857740586
Empresa 1613,2334616.9568,4.535463076972907e-05,0.9400527850856216,0.2953713389121339
Empresa 5979,2332583.4136,4.531512510233398e-05,0.9400981002107239,0.2955020920502092
Empresa 1049,2331660.6438,4.529719844269821e-05,0.9401433974091666,0.29563284518828453
Empresa 3257,2327225.2042,4.521103110600792e-05,0.9401886084402726,0.29576359832635984
Empresa 489,2325861.4572,4.518453757717949e-05,0.9402337929778498,0.29589435146443516
Empresa 7018,2324822.133,4.5164346613859464e-05,0.9402789573244636,0.29602510460251047
Empresa 2715,2324709.637,4.516216115275922e-05,0.9403241194856164,0.2961558577405858
Empresa 5453,2322336.3452000003,4.5116055185360885e-05,0.9403692355408018,0.2962866108786611
Empresa 4633,2320801.5224,4.5086238164976356e-05,0.9404143217789668,0.2964173640167364
Empresa 7486,2318122.836,4.503419929313229e-05,0.9404593559782599,0.2965481171548117
Empresa 303,2315478.1832,4.498282159243121e-05,0.9405043387998523,0.29667887029288703
Empresa 3426,2310958.2826,4.489501343091171e-05,0.9405492338132831,0.29680962343096234
Empresa 6872,2310916.8086,4.4894207715031394e-05,0.9405941280209982,0.29694037656903766
Empresa 3828,2309935.4946,4.487514371654139e-05,0.9406390031647147,0.29707112970711297
Empresa 1680,2308816.7112,4.485340909841891e-05,0.9406838565738131,0.2972018828451883
Empresa 3595,2308703.1116,4.485120219766863e-05,0.9407287077760108,0.2973326359832636
Empresa 1082,2307885.1304,4.483531126738368e-05,0.9407735430872782,0.2974633891213389
Empresa 2576,2307816.0842,4.4833969906053315e-05,0.9408183770571843,0.2975941422594142
Empresa 6411,2307178.2034,4.4821577788333606e-05,0.9408631986349726,0.29772489539748953
Empresa 4554,2306987.0492000002,4.481786423346722e-05,0.9409080164992061,0.29785564853556484
Empresa 6605,2306836.8706,4.481494671205855e-05,0.9409528314459181,0.29798640167364016
Empresa 411,2303618.8264,4.475242972996152e-05,0.9409975838756481,0.29811715481171547
Empresa 3211,2301859.9016,4.471825907741685e-05,0.9410423021347255,0.2982479079497908
Empresa 6898,2299072.2614,4.466410355883313e-05,0.9410869662382844,0.2983786610878661
Empresa 6833,2298622.3842,4.4655363789236974e-05,0.9411316216020736,0.2985094142259414
Empresa 5383,2298343.2624000004,4.4649941286782384e-05,0.9411762715433605,0.2986401673640167
Empresa 5625,2290673.011,4.450093122363487e-05,0.9412207724745841,0.29877092050209203
Empresa 2770,2289608.8024,4.448025683078666e-05,0.9412652527314149,0.29890167364016734
Empresa 1144,2288940.0564,4.446726509446762e-05,0.9413097199965094,0.29903242677824265
Empresa 2485,2288663.4444,4.4461891349926804e-05,0.9413541818878592,0.29916317991631797
Empresa 7529,2286501.3674,4.4419888654904345e-05,0.9413986017765141,0.2992939330543933
Empresa 4940,2285520.0,4.440082361901193e-05,0.9414430026001331,0.2994246861924686
Empresa 1359,2283590.2308,4.4363333970321655e-05,0.9414873659341034,0.29955543933054396
Empresa 3335,2280890.7896,4.431089189473662e-05,0.9415316768259981,0.2996861924686193
Empresa 3104,2280155.5250000004,4.429660790080181e-05,0.941575973433899,0.2998169456066946
Empresa 2991,2278400.0,4.426250329621127e-05,0.9416202359371952,0.2999476987447699
Empresa 119,2275917.5942,4.421427756986601e-05,0.9416644502147651,0.3000784518828452
Empresa 3218,2275647.052,4.42090217434004e-05,0.9417086592365085,0.3002092050209205
Empresa 3268,2270347.8674,4.410607442255035e-05,0.941752765310931,0.30033995815899583
Empresa 3936,2268257.916,4.4065472912397874e-05,0.9417968307838434,0.30047071129707115
Empresa 3836,2265614.9542,4.4014128062773455e-05,0.9418408449119061,0.30060146443514646
Empresa 1580,2260955.1812,4.392360259851253e-05,0.9418847685145046,0.30073221757322177
Empresa 6866,2257867.5042,4.3863618261525983e-05,0.9419286321327661,0.3008629707112971
Empresa 5648,2256834.8372,4.384355662770779e-05,0.9419724756893938,0.3009937238493724
Empresa 1956,2252913.9422,4.37673853549455e-05,0.9420162430747487,0.3011244769874477
Empresa 4930,2251865.6646,4.374702045381955e-05,0.9420599900952026,0.301255230125523
Empresa 3871,2251675.7920000004,4.3743331796611275e-05,0.9421037334269992,0.30138598326359833
Empresa 266,2250758.4868,4.3725511297823246e-05,0.942147458938297,0.30151673640167365
Empresa 1810,2248043.2214,4.3672761805320796e-05,0.9421911317001023,0.30164748953974896
Empresa 3132,2247326.2196,4.365883260301396e-05,0.9422347905327053,0.30177824267782427
Empresa 3852,2235683.1862,4.343264325775176e-05,0.9422782231759631,0.3019089958158996
Empresa 6492,2235215.776,4.342356287436071e-05,0.9423216467388374,0.3020397489539749
Empresa 3083,2234320.6674,4.340617358917901e-05,0.9423650529124267,0.3021705020920502
Empresa 3888,2233647.4535999997,4.3393095056857394e-05,0.9424084460074835,0.3023012552301255
Empresa 3722,2233091.9512,4.33823033052725e-05,0.9424518283107888,0.30243200836820083
Empresa 5845,2232787.0728,4.337638042905017e-05,0.9424952046912178,0.30256276150627615
Empresa 5414,2231622.3832,4.335375399064644e-05,0.9425385584452085,0.30269351464435146
Empresa 7373,2226577.4359999998,4.32557457427228e-05,0.9425818141909512,0.30282426778242677
Empresa 4266,2225365.6832000003,4.323220500698536e-05,0.9426250463959582,0.3029550209205021
Empresa 6859,2224045.5818,4.3206559381735694e-05,0.94266825295534,0.3030857740585774
Empresa 4818,2223765.2852000003,4.3201114056427845e-05,0.9427114540693964,0.3032165271966527
Empresa 2339,2223300.2068000003,4.319207897294251e-05,0.9427546461483693,0.303347280334728
Empresa 3334,2222432.4212,4.317522049199956e-05,0.9427978213688614,0.30347803347280333
Empresa 4341,2218319.1616,4.309531214991601e-05,0.9428409166810113,0.30360878661087864
Empresa 5663,2218224.0562,4.309346453620419e-05,0.9428840101455476,0.30373953974895396
Empresa 2500,2216731.5083999997,4.306446879273629e-05,0.9429270746143403,0.30387029288702927
Empresa 5403,2215388.1958,4.30383722432343e-05,0.9429701129865836,0.3040010460251046
Empresa 1207,2213938.1010000003,4.301020123469111e-05,0.9430131231878183,0.3041317991631799
Empresa 7366,2212575.6,4.2983731911919165e-05,0.9430561069197302,0.3042625523012552
Empresa 4064,2211978.143,4.2972125107832156e-05,0.943099079044838,0.3043933054393305
Empresa 3107,2211381.7362,4.296053870599276e-05,0.943142039583544,0.30452405857740583
Empresa 3698,2208561.3262,4.2905746568123345e-05,0.9431849453301122,0.30465481171548114
Empresa 270,2207200.0,4.2879300068204666e-05,0.9432278246301804,0.3047855648535565
Empresa 6550,2206905.054,4.287357014883265e-05,0.9432706982003293,0.3049163179916318
Empresa 5308,2206811.7464,4.2871757461002344e-05,0.9433135699577903,0.30504707112970714
Empresa 5714,2205964.7690000003,4.2855303221202794e-05,0.9433564252610115,0.30517782426778245
Empresa 6418,2204206.6986,4.282114916709684e-05,0.9433992464101786,0.30530857740585776
Empresa 4839,2202210.304,4.278236518598596e-05,0.9434420287753645,0.3054393305439331
Empresa 4357,2200159.21,4.274251855899516e-05,0.9434847712939235,0.3055700836820084
Empresa 5328,2199532.828,4.273034982859678e-05,0.9435275016437521,0.3057008368200837
Empresa 3583,2199373.8384000002,4.2727261135788645e-05,0.9435702289048878,0.305831589958159
Empresa 4085,2197309.9462,4.268716587801761e-05,0.9436129160707658,0.3059623430962343
Empresa 5581,2196873.1342,4.267867992621379e-05,0.943655594750692,0.30609309623430964
Empresa 5297,2196278.1514,4.266712118843894e-05,0.9436982618718804,0.30622384937238495
Empresa 5609,2196125.3562,4.2664152834311636e-05,0.9437409260247147,0.30635460251046026
Empresa 6883,2195688.918,4.265567414432477e-05,0.943783581698859,0.3064853556485356
Empresa 3214,2193237.413,4.260804872818047e-05,0.9438261897475871,0.3066161087866109
Empresa 3892,2193006.0130000003,4.260355331768945e-05,0.9438687933009048,0.3067468619246862
Empresa 3479,2192920.6798,4.260189554862068e-05,0.9439113951964534,0.3068776150627615
Empresa 3135,2191679.9664,4.257779219497024e-05,0.9439539729886484,0.3070083682008368
Empresa 3142,2187217.5598,4.249110097005735e-05,0.9439964640896185,0.30713912133891214
Empresa 3843,2185958.4590000003,4.2466640404173284e-05,0.9440389307300227,0.30726987447698745
Empresa 3339,2182996.539,4.2409099149888203e-05,0.9440813398291725,0.30740062761506276
Empresa 4913,2182685.128,4.240304936476971e-05,0.9441237428785373,0.3075313807531381
Empresa 5728,2175711.5508,4.226757359940745e-05,0.9441660104521367,0.3076621338912134
Empresa 3881,2175600.6568,4.226541926037983e-05,0.944208275871397,0.3077928870292887
Empresa 6047,2174719.0762,4.2248292783811457e-05,0.9442505241641808,0.307923640167364
Empresa 3396,2173953.6228,4.223342231170796e-05,0.9442927575864924,0.3080543933054393
Empresa 372,2171514.115,4.2186029965307585e-05,0.9443349436164578,0.30818514644351463
Empresa 86,2169879.541,4.2154275077200625e-05,0.944377097891535,0.30831589958158995
Empresa 5517,2169449.0302,4.214591153888248e-05,0.9444192438030738,0.30844665271966526
Empresa 4534,2168237.6512,4.212237806496199e-05,0.9444613661811389,0.30857740585774057
Empresa 2747,2167777.183,4.211343254388566e-05,0.9445034796136828,0.3087081589958159
Empresa 3758,2166918.066,4.209674246793572e-05,0.9445455763561507,0.3088389121338912
Empresa 5502,2164919.2506,4.2057911457915084e-05,0.9445876342676086,0.3089696652719665
Empresa 5875,2164449.5086000003,4.2048785774618314e-05,0.9446296830533832,0.3091004184100418
Empresa 177,2163644.8418,4.2033153503337e-05,0.9446717162068866,0.30923117154811713
Empresa 6413,2162586.5784,4.201259460795833e-05,0.9447137288014946,0.30936192468619245
Empresa 6412,2161216.192,4.198597209542888e-05,0.9447557147735901,0.30949267782426776
Empresa 6021,2156146.5206,4.188748353018432e-05,0.9447976022571203,0.30962343096234307
Empresa 48,2155949.6704,4.1883659319059694e-05,0.9448394859164393,0.3097541841004184
Empresa 4228,2155581.8156,4.187651299958219e-05,0.9448813624294389,0.3098849372384937
Empresa 3249,2154064.063,4.184702760217159e-05,0.944923209457041,0.31001569037656906
Empresa 2379,2153913.1724,4.184409624873063e-05,0.9449650535532897,0.3101464435146444
Empresa 4745,2151062.0752,4.178870795026995e-05,0.94500684226124,0.3102771966527197
Empresa 4594,2151055.1866,4.178857412535764e-05,0.9450486308353654,0.310407949790795
Empresa 4595,2150568.9617999997,4.177912823051358e-05,0.945090409963596,0.3105387029288703
Empresa 6551,2150268.5512,4.177329215029382e-05,0.9451321832557462,0.3106694560669456
Empresa 6923,2148646.544,4.17417813975566e-05,0.9451739250371438,0.31080020920502094
Empresa 4631,2148509.7154,4.173912322675318e-05,0.9452156641603706,0.31093096234309625
Empresa 5365,2145190.6918,4.167464451667804e-05,0.9452573388048873,0.31106171548117156
Empresa 1711,2144837.789,4.1667788669878414e-05,0.9452990065935571,0.3111924686192469
Empresa 5023,2144513.2416000003,4.1661483683764366e-05,0.9453406680772409,0.3113232217573222
Empresa 6049,2142522.009,4.1622799984887506e-05,0.9453822908772258,0.3114539748953975
Empresa 3516,2142462.7528,4.162164881400099e-05,0.9454239125260399,0.3115847280334728
Empresa 7300,2138434.2924,4.1543387866961997e-05,0.9454654559139068,0.3117154811715481
Empresa 1710,2137440.1268,4.152407420028934e-05,0.9455069799881072,0.31184623430962344
Empresa 2405,2135873.7802,4.1493644766675615e-05,0.9455484736328739,0.31197698744769875
Empresa 2614,2133500.3104000003,4.144753534126922e-05,0.9455899211682152,0.31210774058577406
Empresa 6451,2132814.1738,4.1434205757561715e-05,0.9456313553739727,0.3122384937238494
Empresa 2644,2132755.772,4.1433071185113943e-05,0.9456727884451578,0.3123692468619247
Empresa 4087,2132121.4156,4.1420747535954016e-05,0.9457142091926938,0.3125
Empresa 1180,2128903.6384,4.1358235740869106e-05,0.9457555674284347,0.3126307531380753
Empresa 1588,2121558.6998,4.121554553327036e-05,0.945796782973968,0.3127615062761506
Empresa 5305,2120498.6563999997,4.119495205781099e-05,0.9458379779260258,0.31289225941422594
Empresa 2497,2119281.884,4.117131380624598e-05,0.945879149239832,0.31302301255230125
Empresa 1569,2119200.7872,4.116973833776928e-05,0.9459203189781697,0.31315376569037656
Empresa 3057,2116541.5918,4.111807811780888e-05,0.9459614370562875,0.3132845188284519
Empresa 5991,2116166.2076,4.1110785524590013e-05,0.9460025478418121,0.3134152719665272
Empresa 1098,2114638.5226000003,4.1081107170329104e-05,0.9460436289489825,0.3135460251046025
Empresa 3162,2112355.0496,4.1036746113802894e-05,0.9460846656950963,0.3136767782426778
Empresa 5378,2110721.9174,4.10050192355613e-05,0.9461256707143318,0.3138075313807531
Empresa 6625,2108860.696,4.0968861265778786e-05,0.9461666395755977,0.31393828451882844
Empresa 1147,2108845.9576,4.0968574942710585e-05,0.9462076081505404,0.31406903765690375
Empresa 3913,2107860.781,4.094943590544547e-05,0.9462485575864459,0.31419979079497906
Empresa 968,2107177.5458,4.0936162687269515e-05,0.9462894937491332,0.3143305439330544
Empresa 3555,2105761.0752,4.0908644896450744e-05,0.9463304023940297,0.3144612970711297
Empresa 7213,2103610.6038,4.086686766355446e-05,0.9463712692616932,0.314592050209205
Empresa 3102,2101108.173,4.0818252911301325e-05,0.9464120875146046,0.3147228033472803
Empresa 41,2100167.4608,4.0799977684452094e-05,0.9464528874922891,0.3148535564853556
Empresa 160,2097573.7516,4.074958966566066e-05,0.9464936370819548,0.31498430962343094
Empresa 1052,2096594.9474,4.073057442508444e-05,0.9465343676563799,0.3151150627615063
Empresa 5658,2096144.7676000001,4.072182877687457e-05,0.9465750894851568,0.3152458158995816
Empresa 5482,2095990.4594,4.0718831029678664e-05,0.9466158083161864,0.31537656903765693
Empresa 2537,2095735.7592,4.071388296593128e-05,0.9466565221991523,0.31550732217573224
Empresa 3053,2092823.074,4.065729819667837e-05,0.946697179497349,0.31563807531380755
Empresa 7290,2088661.6120000002,4.057645342600946e-05,0.946737755950775,0.31576882845188287
Empresa 2384,2086626.1642,4.053691075792801e-05,0.9467782928615329,0.3158995815899582
Empresa 4304,2085273.9516,4.051064130802252e-05,0.946818803502841,0.3160303347280335
Empresa 3515,2079556.2712,4.039956386439906e-05,0.9468592030667053,0.3161610878661088
Empresa 6861,2076575.8214,4.0341662631473894e-05,0.9468995447293368,0.3162918410041841
Empresa 4311,2074838.844,4.030791835132425e-05,0.9469398526476881,0.31642259414225943
Empresa 6779,2074060.895,4.0292805127054246e-05,0.9469801454528152,0.31655334728033474
Empresa 4226,2073441.9,4.028077990399076e-05,0.9470204262327192,0.31668410041841005
Empresa 1901,2072970.7340000002,4.0271626556629436e-05,0.9470606978592758,0.31681485355648537
Empresa 4095,2072373.811,4.026003012656663e-05,0.9471009578894024,0.3169456066945607
Empresa 5758,2070256.7680000002,4.0218902307585894e-05,0.94714117679171,0.317076359832636
Empresa 4024,2069876.3642,4.021151219853945e-05,0.9471813883039085,0.3172071129707113
Empresa 4515,2067850.9378,4.017216421631235e-05,0.9472215604681249,0.3173378661087866
Empresa 1946,2067319.9638,4.016184897823949e-05,0.9472617223171031,0.3174686192468619
Empresa 3061,2066047.4952000002,4.013712871594937e-05,0.9473018594458191,0.31759937238493724
Empresa 7009,2060958.1191999998,4.003825734921145e-05,0.9473418977031683,0.31773012552301255
Empresa 523,2060609.8621999999,4.0031491756422465e-05,0.9473819291949248,0.31786087866108786
Empresa 389,2059567.6009999998,4.001124373596929e-05,0.9474219404386608,0.3179916317991632
Empresa 4495,2059485.2938,4.000964475303772e-05,0.9474619500834138,0.3181223849372385
Empresa 2296,2058878.2248,3.999785121651492e-05,0.9475019479346304,0.3182531380753138
Empresa 3802,2058029.1648,3.9981356518020945e-05,0.9475419292911484,0.3183838912133891
Empresa 429,2056645.2148,3.995447050527657e-05,0.9475818837616538,0.3185146443514644
Empresa 5009,2051857.2106,3.9861453892002004e-05,0.9476217452155458,0.31864539748953974
Empresa 3736,2049678.6864,3.981913167703387e-05,0.9476615643472228,0.31877615062761505
Empresa 2601,2047436.6874,3.977557633638798e-05,0.9477013399235592,0.31890690376569036
Empresa 4859,2044475.2658000002,3.971804476452551e-05,0.9477410579683238,0.3190376569037657
Empresa 4661,2043611.0224000001,3.9701255097943154e-05,0.9477807592234216,0.319168410041841
Empresa 4220,2043195.5526,3.9693183761306926e-05,0.9478204524071829,0.3192991631799163
Empresa 6748,2042155.8190000001,3.967298484456835e-05,0.9478601253920275,0.3194299163179916
Empresa 3661,2042108.5422,3.967206639762495e-05,0.9478997974584251,0.3195606694560669
Empresa 2714,2041975.7898,3.966948741520633e-05,0.9479394669458403,0.31969142259414224
Empresa 4512,2041019.912,3.965091756606954e-05,0.9479791178634064,0.31982217573221755
Empresa 1998,2037911.9608,3.959053936196382e-05,0.9480187084027684,0.31995292887029286
Empresa 2879,2036944.4596000002,3.9571743704900057e-05,0.9480582801464733,0.3200836820083682
Empresa 2985,2035877.3674,3.9551013292321116e-05,0.9480978311597656,0.3202144351464435
Empresa 5614,2034415.8806,3.952262097126144e-05,0.9481373537807369,0.32034518828451886
Empresa 6826,2033273.797,3.950043369988259e-05,0.9481768542144369,0.32047594142259417
Empresa 5278,2031710.6544,3.947006651041413e-05,0.9482163242809473,0.3206066945606695
Empresa 6789,2031407.2,3.946417129825636e-05,0.9482557884522456,0.3207374476987448
Empresa 7436,2031402.9102,3.946408796026188e-05,0.9482952525402059,0.3208682008368201
Empresa 5808,2027671.4428,3.9391596699687703e-05,0.9483346441369055,0.3209989539748954
Empresa 3580,2026977.8479999998,3.937812222544207e-05,0.9483740222591309,0.32112970711297073
Empresa 6494,2026612.0936,3.9371016710459805e-05,0.9484133932758414,0.32126046025104604
Empresa 7361,2025625.8668,3.935185727094707e-05,0.9484527451331124,0.32139121338912136
Empresa 3947,2025320.668,3.934592817031022e-05,0.9484920910612827,0.32152196652719667
Empresa 6785,2024512.3522,3.933022500986347e-05,0.9485314212862926,0.321652719665272
Empresa 2077,2024484.9046,3.9329691785019076e-05,0.9485707509780776,0.3217834728033473
Empresa 1203,2024010.2676,3.932047100650037e-05,0.9486100714490842,0.3219142259414226
Empresa 4365,2023187.4092,3.9304485326794305e-05,0.9486493759344109,0.3220449790794979
Empresa 3247,2020061.0706,3.924374991045495e-05,0.9486886196843214,0.32217573221757323
Empresa 4970,2018208.144,3.92077530838485e-05,0.9487278274374052,0.32230648535564854
Empresa 4916,2012368.3734,3.909430379248982e-05,0.9487669217411977,0.32243723849372385
Empresa 1039,2012041.3518,3.908795074006359e-05,0.9488060096919377,0.32256799163179917
Empresa 327,2011254.3248,3.907266115738201e-05,0.9488450823530952,0.3226987447698745
Empresa 298,2009708.9644,3.904263942291974e-05,0.9488841249925181,0.3228294979079498
Empresa 3243,2009557.522,3.9039697349653774e-05,0.9489231646898677,0.3229602510460251
Empresa 1161,2009019.4636000001,3.9029244482859727e-05,0.9489621939343506,0.3230910041841004
Empresa 4671,2006706.2824,3.898430628478663e-05,0.9490011782406353,0.32322175732217573
Empresa 6786,2006327.7298,3.8976952139024126e-05,0.9490401551927744,0.32335251046025104
Empresa 7390,2002436.5964000002,3.890135904521115e-05,0.9490790565518196,0.32348326359832635
Empresa 991,1999720.2452,3.8848588458859465e-05,0.9491179051402784,0.32361401673640167
Empresa 6860,1999141.2645999999,3.883734059601012e-05,0.9491567424808744,0.323744769874477
Empresa 6653,1998515.648,3.8825186735046434e-05,0.9491955676676095,0.3238755230125523
Empresa 6035,1995594.5256,3.876843805621101e-05,0.9492343361056657,0.3240062761506276
Empresa 3812,1994979.5,3.875648994672749e-05,0.9492730925956124,0.3241370292887029
Empresa 4700,1994559.9896000002,3.874834011330808e-05,0.9493118409357257,0.32426778242677823
Empresa 5119,1993347.3111999999,3.8724781395928665e-05,0.9493505657171216,0.32439853556485354
Empresa 5725,1989197.8286000001,3.8644169349202865e-05,0.9493892098864708,0.32452928870292885
Empresa 5078,1989170.0962,3.864363059154555e-05,0.9494278535170624,0.32466004184100417
Empresa 6873,1987756.5804,3.861617020366075e-05,0.949466469687266,0.3247907949790795
Empresa 7056,1987335.5926,3.860799166877435e-05,0.9495050776789348,0.3249215481171548
Empresa 2436,1986117.2538,3.8584322986738316e-05,0.9495436620019215,0.3250523012552301
Empresa 2852,1986084.4306,3.85836853300502e-05,0.9495822456872516,0.3251830543933054
Empresa 6838,1985369.3868,3.856979416583214e-05,0.9496208154814174,0.3253138075313807
Empresa 5255,1984749.5374,3.855775234432992e-05,0.9496593732337617,0.32544456066945604
Empresa 6557,1983870.6802,3.854067877528502e-05,0.949697913912537,0.3255753138075314
Empresa 275,1979221.5694,3.845036044570749e-05,0.9497363642729827,0.3257060669456067
Empresa 3564,1978527.0312,3.843686764401909e-05,0.9497748011406267,0.32583682008368203
Empresa 1443,1970587.8218,3.8282632530677796e-05,0.9498130837731574,0.32596757322175735
Empresa 7177,1969744.4400000002,3.826624814264125e-05,0.9498513500213001,0.32609832635983266
Empresa 4636,1967947.53,3.823133955117443e-05,0.9498895813608512,0.32622907949790797
Empresa 3223,1967324.1028,3.8219228223710005e-05,0.9499278005890749,0.3263598326359833
Empresa 2990,1965422.6,3.818228770670125e-05,0.9499659828767816,0.3264905857740586
Empresa 7328,1964887.2294,3.817188705582906e-05,0.9500041547638374,0.3266213389121339
Empresa 138,1964774.1282,3.816968983750137e-05,0.9500423244536749,0.3267520920502092
Empresa 7518,1959329.4108,3.806391524925328e-05,0.9500803883689242,0.32688284518828453
Empresa 6904,1955635.5904,3.799215535738592e-05,0.9501183805242815,0.32701359832635984
Empresa 3513,1955396.3050000002,3.798750675713739e-05,0.9501563680310386,0.32714435146443516
Empresa 6788,1955127.7920000001,3.7982290351963775e-05,0.9501943503213907,0.32727510460251047
Empresa 4736,1954086.314,3.796205754674611e-05,0.9502323123789373,0.3274058577405858
Empresa 7094,1953777.662,3.7956061360752695e-05,0.950270268440298,0.3275366108786611
Empresa 3493,1953509.149,3.795084495557908e-05,0.9503082192852537,0.3276673640167364
Empresa 1163,1952890.688,3.793883010653981e-05,0.9503461581153602,0.3277981171548117
Empresa 1208,1950854.7952,3.789927879343818e-05,0.9503840573941535,0.32792887029288703
Empresa 305,1946104.0642,3.7806986287053476e-05,0.9504218643804406,0.32805962343096234
Empresa 4877,1944704.29,3.777979285739168e-05,0.950459644173298,0.32819037656903766
Empresa 2954,1938313.8408,3.7655645526466785e-05,0.9504972998188245,0.32832112970711297
Empresa 1803,1936639.377,3.7623115698751336e-05,0.9505349229345232,0.3284518828451883
Empresa 3544,1935959.3814,3.760990541632226e-05,0.9505725328399396,0.3285826359832636
Empresa 5228,1934981.1468,3.7590901241371866e-05,0.9506101237411809,0.3287133891213389
Empresa 3087,1934963.8096,3.759056443138585e-05,0.9506477143056123,0.3288441422594142
Empresa 2788,1934500.173,3.7581557357765875e-05,0.9506852958629701,0.32897489539748953
Empresa 6613,1934052.5386,3.75728611590714e-05,0.9507228687241291,0.32910564853556484
Empresa 7170,1930778.104,3.75092486800178e-05,0.9507603779728092,0.32923640167364016
Empresa 1611,1929965.3204,3.7493458723568484e-05,0.9507978714315328,0.32936715481171547
Empresa 5054,1929813.5219999999,3.749050973428637e-05,0.9508353619412672,0.3294979079497908
Empresa 4531,1928724.5714,3.746935467831644e-05,0.9508728312959455,0.3296286610878661
Empresa 5863,1927366.4314,3.744297007674221e-05,0.9509102742660223,0.3297594142259414
Empresa 577,1926064.7886,3.7417683046929406e-05,0.9509476919490691,0.3298901673640167
Empresa 1313,1925424.9854000001,3.740525358272254e-05,0.9509850972026519,0.33002092050209203
Empresa 1132,1925341.4856,3.74036314311369e-05,0.951022500834083,0.33015167364016734
Empresa 5878,1925138.9572,3.739969690955483e-05,0.9510599005309925,0.33028242677824265
Empresa 5905,1923650.8594,3.7370787616288686e-05,0.9510972713186089,0.33041317991631797
Empresa 5934,1923108.5112,3.7360251411500154e-05,0.9511346315700204,0.3305439330543933
Empresa 316,1922514.6498,3.7348714459176156e-05,0.9511719802844796,0.3306746861924686
Empresa 4059,1922312.7088000001,3.734479134902072e-05,0.9512093250758286,0.33080543933054396
Empresa 5908,1921146.702,3.732213932135727e-05,0.95124664721515,0.3309361924686193
Empresa 374,1920052.981,3.730089159077105e-05,0.9512839481067408,0.3310669456066946
Empresa 4429,1918600.323,3.727267078691165e-05,0.9513212207775277,0.3311976987447699
Empresa 5706,1918222.073,3.7265322519762866e-05,0.9513584861000475,0.3313284518828452
Empresa 4747,1917512.4226,3.725153613318932e-05,0.9513957376361807,0.3314592050209205
Empresa 2231,1917029.1882,3.724214833288084e-05,0.9514329797845136,0.33158995815899583
Empresa 5645,1913943.6116,3.718220480038953e-05,0.951470161989314,0.33172071129707115
Empresa 2279,1912937.9472,3.716266774639555e-05,0.9515073246570604,0.33185146443514646
Empresa 154,1911602.431,3.7136722657647026e-05,0.951544461379718,0.33198221757322177
Empresa 6482,1911252.6609999998,3.712992767178944e-05,0.9515815913073898,0.3321129707112971
Empresa 1258,1911143.28,3.712780272583041e-05,0.9516187191101156,0.3322437238493724
Empresa 4078,1910974.536,3.712452453418004e-05,0.9516558436346498,0.3323744769874477
Empresa 3780,1908961.0,3.7085407546892015e-05,0.9516929290421967,0.332505230125523
Empresa 3375,1906769.0724,3.704282494391621e-05,0.9517299718671406,0.33263598326359833
Empresa 2857,1905757.0,3.702316340163172e-05,0.9517669950305422,0.33276673640167365
Empresa 7365,1904754.6642,3.7003691012388644e-05,0.9518039987215545,0.33289748953974896
Empresa 935,1903934.7962000002,3.6987763427218154e-05,0.9518409864849817,0.33302824267782427
Empresa 1120,1902958.5374,3.6968797636157335e-05,0.9518779552826179,0.3331589958158996
Empresa 2438,1901331.119,3.693718175997479e-05,0.9519148924643779,0.3332897489539749
Empresa 3401,1900678.0014,3.6924493636764285e-05,0.9519518169580147,0.3334205020920502
Empresa 3303,1900584.0352,3.6922668154304125e-05,0.9519887396261689,0.3335512552301255
Empresa 421,1899890.209,3.6909189184648004e-05,0.9520256488153536,0.33368200836820083
Empresa 6396,1895326.7874000003,3.6820535540155384e-05,0.9520624693508937,0.33381276150627615
Empresa 5245,1894932.82,3.681288193089401e-05,0.9520992822328246,0.33394351464435146
Empresa 1924,1893547.1256,3.678596202967055e-05,0.9521360681948543,0.33407426778242677
Empresa 4691,1891040.0312,3.673725667760598e-05,0.9521728054515319,0.3342050209205021
Empresa 5324,1888703.2294,3.669185960186199e-05,0.9522094973111338,0.3343357740585774
Empresa 1655,1888650.0607999999,3.669082669485148e-05,0.9522461881378287,0.3344665271966527
Empresa 4240,1888243.2952,3.668292445480988e-05,0.9522828710622835,0.334597280334728
Empresa 7442,1887755.86,3.667345504551095e-05,0.952319544517329,0.33472803347280333
Empresa 900,1885695.7770000002,3.6633433789112615e-05,0.9523561779511182,0.33485878661087864
Empresa 2266,1884934.0794,3.6618636280979396e-05,0.9523927965873992,0.33498953974895396
Empresa 6918,1883725.8332,3.659516366800093e-05,0.9524293917510672,0.33512029288702927
Empresa 2704,1883575.5122,3.65922433801858e-05,0.9524659839944474,0.3352510460251046
Empresa 1339,1881033.4052,3.6542857837933856e-05,0.9525025268522853,0.3353817991631799
Empresa 3830,1877438.9622,3.647302855197198e-05,0.9525389998808372,0.3355125523012552
Empresa 185,1877133.1582,3.6467087694107694e-05,0.9525754669685313,0.3356433054393305
Empresa 7534,1872902.0804,3.638489049648259e-05,0.9526118518590279,0.33577405857740583
Empresa 4040,1872811.6030000001,3.6383132790980605e-05,0.9526482349918188,0.33590481171548114
Empresa 5354,1871665.1406,3.636086045260324e-05,0.9526845958522714,0.3360355648535565
Empresa 614,1868360.5172000001,3.6296661495380966e-05,0.9527208925137668,0.3361663179916318
Empresa 6402,1867333.4038,3.6276707751414546e-05,0.9527571692215182,0.33629707112970714
Empresa 5071,1862542.5337999999,3.618363546421005e-05,0.9527933528569824,0.33642782426778245
Empresa 5455,1862215.0672000002,3.617727376676365e-05,0.9528295301307492,0.33655857740585776
Empresa 917,1860226.5758,3.613864332121107e-05,0.9528656687740704,0.3366893305439331
Empresa 5786,1859269.0782,3.612004200420084e-05,0.9529017888160746,0.3368200836820084
Empresa 1206,1859150.8328,3.6117744849439925e-05,0.952937906560924,0.3369508368200837
Empresa 7397,1858196.9664,3.6099214075794324e-05,0.9529740057749998,0.337081589958159
Empresa 4771,1854655.5852,3.6030415622038114e-05,0.9530100361906219,0.3372123430962343
Empresa 4302,1853164.1232,3.6001440972419445e-05,0.9530460376315942,0.33734309623430964
Empresa 4283,1853014.7456,3.599853901204709e-05,0.9530820361706063,0.33747384937238495
Empresa 6675,1852572.736,3.598995208640762e-05,0.9531180261226927,0.33760460251046026
Empresa 2595,1852454.6508,3.598765804385397e-05,0.9531540137807365,0.3377353556485356
Empresa 1454,1851785.175,3.5974652129701834e-05,0.9531899884328662,0.3378661087866109
Empresa 2670,1851497.9186,3.596907159627844e-05,0.9532259575044625,0.3379968619246862
Empresa 1501,1850197.1836,3.59438022023068e-05,0.9532619013066648,0.3381276150627615
Empresa 1841,1850144.7804,3.594278416473098e-05,0.9532978440908295,0.3382583682008368
Empresa 6740,1846437.254,3.587075800624222e-05,0.9533337148488358,0.33838912133891214
Empresa 4810,1846098.431,3.586417568788095e-05,0.9533695790245237,0.33851987447698745
Empresa 3188,1839763.0016,3.57410972272505e-05,0.9534053201217509,0.33865062761506276
Empresa 5286,1837201.991,3.569134444454152e-05,0.9534410114661955,0.3387813807531381
Empresa 3955,1836737.0906,3.568231281906425e-05,0.9534766937790146,0.3389121338912134
Empresa 6506,1835683.206,3.5661838990684106e-05,0.9535123556180053,0.3390428870292887
Empresa 5545,1834689.9304000002,3.56425426140518e-05,0.9535479981606193,0.339173640167364
Empresa 5573,1833723.7998000002,3.5623773583650175e-05,0.953583621934203,0.3393043933054393
Empresa 6069,1832674.7034,3.560339277568711e-05,0.9536192253269786,0.33943514644351463
Empresa 5677,1831431.409,3.5579239280919656e-05,0.9536548045662595,0.33956589958158995
Empresa 7385,1829233.02,3.553653115225092e-05,0.9536903410974118,0.33969665271966526
Empresa 379,1827227.672,3.5497573233334114e-05,0.9537258386706451,0.33982740585774057
Empresa 230,1826695.363,3.548723206020073e-05,0.9537613259027052,0.3399581589958159
Empresa 3001,1826238.0988,3.547834878326966e-05,0.9537968042514885,0.3400889121338912
Empresa 2327,1825414.2614,3.5462344084519205e-05,0.953832266595573,0.3402196652719665
Empresa 4108,1825252.406,3.545919971778114e-05,0.9538677257952908,0.3403504184100418
Empresa 2090,1824309.5756,3.544088334063588e-05,0.9539031666786314,0.34048117154811713
Empresa 6445,1822955.85,3.541458449766179e-05,0.953938581263129,0.34061192468619245
Empresa 7343,1820771.2204,3.537214367301686e-05,0.953973953406802,0.34074267782426776
Empresa 2396,1819509.0936,3.53476243209956e-05,0.954009301031123,0.34087343096234307
Empresa 4005,1819222.6738,3.534206004021014e-05,0.9540446430911632,0.3410041841004184
Empresa 6723,1818888.1940000001,3.533556209724577e-05,0.9540799786532604,0.3411349372384937
Empresa 3816,1815265.5024,3.526518402540318e-05,0.9541152438372859,0.34126569037656906
Empresa 1368,1815172.8,3.526338309480032e-05,0.9541505072203806,0.3413964435146444
Empresa 5370,1815141.65,3.526277794338806e-05,0.954185769998324,0.3415271966527197
Empresa 5966,1814398.8560000001,3.524834767571189e-05,0.9542210183459998,0.341657949790795
Empresa 3179,1814065.4086,3.524186978919432e-05,0.954256260215789,0.3417887029288703
Empresa 1369,1811896.5498,3.5199735344064394e-05,0.9542914599511331,0.3419194560669456
Empresa 1218,1808080.3900000001,3.512559876325051e-05,0.9543265855498964,0.34205020920502094
Empresa 3406,1807414.2606,3.511265785965008e-05,0.954361698207756,0.34218096234309625
Empresa 3823,1806295.7976000002,3.509092946594214e-05,0.9543967891372219,0.34231171548117156
Empresa 6534,1805774.4,3.508080026870344e-05,0.9544318699374906,0.3424424686192469
Empresa 3845,1804542.3551999999,3.5056865320046016e-05,0.9544669268028106,0.3425732217573222
Empresa 4910,1803216.3086,3.5031104197326816e-05,0.954501957907008,0.3427039748953975
Empresa 6914,1803094.1828,3.5028731657989976e-05,0.9545369866386659,0.3428347280334728
Empresa 4278,1801402.4174000002,3.499586571189012e-05,0.9545719825043778,0.3429654811715481
Empresa 2818,1800781.5,3.498380314233948e-05,0.9546069663075202,0.34309623430962344
Empresa 1325,1797715.0406,3.492423099991488e-05,0.9546418905385201,0.34322698744769875
Empresa 4755,1795996.3794,3.4890842548795645e-05,0.9546767813810689,0.34335774058577406
Empresa 3355,1795146.2336,3.487432675645244e-05,0.9547116557078253,0.3434884937238494
Empresa 4577,1794942.8508000001,3.4870375636431645e-05,0.9547465260834618,0.3436192468619247
Empresa 898,1793626.8612000002,3.48448098911684e-05,0.9547813708933529,0.34375
Empresa 212,1792381.0748,3.4820607984287964e-05,0.9548161915013372,0.3438807531380753
Empresa 1726,1792177.2826,3.4816648910848605e-05,0.954851008150248,0.3440115062761506
Empresa 5615,1790916.3306,3.4792152381680606e-05,0.9548858003026297,0.34414225941422594
Empresa 3579,1789773.446,3.476994954926545e-05,0.954920570252179,0.34427301255230125
Empresa 3152,1782904.3726000001,3.463650398044109e-05,0.9549552067561594,0.34440376569037656
Empresa 5138,1781504.1,3.46093008683567e-05,0.9549898160570278,0.3445345188284519
Empresa 5563,1781228.9654,3.460395582528287e-05,0.9550244200128531,0.3446652719665272
Empresa 1958,1779587.841,3.457207368247893e-05,0.9550589920865357,0.3447960251046025
Empresa 3258,1779495.3878000001,3.457027759308737e-05,0.9550935623641288,0.3449267782426778
Empresa 1982,1778314.0552,3.454732783092908e-05,0.9551281096919597,0.3450575313807531
Empresa 4280,1774478.707,3.447281847684524e-05,0.9551625825104365,0.34518828451882844
Empresa 2856,1771563.1204,3.441617734206079e-05,0.9551969986877785,0.34531903765690375
Empresa 3883,1771207.779,3.440927412055063e-05,0.9552314079618991,0.34544979079497906
Empresa 981,1770357.7044000002,3.439275971141065e-05,0.9552658007216105,0.3455805439330544
Empresa 7596,1769072.2596,3.436778736033221e-05,0.9553001685089708,0.3457112970711297
Empresa 4903,1768364.496,3.4354037628644216e-05,0.9553345225465995,0.345842050209205
Empresa 1390,1766751.1574,3.432269528090001e-05,0.9553688452418804,0.3459728033472803
Empresa 5226,1766567.0876,3.43191193547548e-05,0.9554031643612352,0.3461035564853556
Empresa 5720,1765310.4254,3.429470616358129e-05,0.9554374590673987,0.34623430962343094
Empresa 7388,1764404.4766000002,3.427710628570814e-05,0.9554717361736844,0.3463650627615063
Empresa 2689,1764152.2506,3.427220628827292e-05,0.9555060083799727,0.3464958158995816
Empresa 729,1763027.1304000001,3.425034856506316e-05,0.9555402587285378,0.34662656903765693
Empresa 3285,1762919.6896,3.4248261311392095e-05,0.9555745069898491,0.34675732217573224
Empresa 1736,1762771.024,3.4245373183052014e-05,0.9556087523630322,0.34688807531380755
Empresa 6536,1761137.0196,3.421362936057088e-05,0.9556429659923928,0.34701882845188287
Empresa 6260,1760166.35,3.419477215096347e-05,0.9556771607645438,0.3471495815899582
Empresa 5091,1759344.702,3.417880998571227e-05,0.9557113395745295,0.3472803347280335
Empresa 6725,1755151.2534,3.409734381099317e-05,0.9557454369183405,0.3474110878661088
Empresa 7073,1754524.5154000001,3.408516816457865e-05,0.9557795220865051,0.3475418410041841
Empresa 6136,1753010.1092,3.405574777771975e-05,0.9558135778342828,0.34767259414225943
Empresa 5839,1752881.3974000001,3.405324729208432e-05,0.9558476310815749,0.34780334728033474
Empresa 3409,1752524.2937999999,3.404630983629425e-05,0.9558816773914112,0.34793410041841005
Empresa 1243,1752499.267,3.4045823640359607e-05,0.9559157232150515,0.34806485355648537
Empresa 7230,1750224.9432,3.4001640325448204e-05,0.9559497248553769,0.3481956066945607
Empresa 2553,1749790.1069999998,3.399319275753395e-05,0.9559837180481344,0.348326359832636
Empresa 5372,1748771.3418,3.397340119414603e-05,0.9560176914493286,0.3484571129707113
Empresa 1413,1746539.0616,3.393003466074075e-05,0.9560516214839894,0.3485878661087866
Empresa 7531,1746300.2568,3.392539539711402e-05,0.9560855468793865,0.3487186192468619
Empresa 6620,1744385.4752,3.3888196912703236e-05,0.9561194350762993,0.34884937238493724
Empresa 7630,1744102.5264,3.388270006307514e-05,0.9561533177763624,0.34898012552301255
Empresa 7057,1743843.5720000002,3.387766935293488e-05,0.9561871954457153,0.34911087866108786
Empresa 2928,1743817.3526,3.387715998834617e-05,0.9562210726057037,0.3492416317991632
Empresa 386,1743767.4058,3.3876189671281725e-05,0.956254948795375,0.3493723849372385
Empresa 1953,1741879.6446,3.383951611249597e-05,0.9562887883114874,0.3495031380753138
Empresa 4424,1741814.906,3.38382584349609e-05,0.9563226265699224,0.3496338912133891
Empresa 1195,1740895.1444,3.382039021566152e-05,0.9563564469601381,0.3497646443514644
Empresa 562,1738826.5529999998,3.3780203666477426e-05,0.9563902271638046,0.34989539748953974
Empresa 855,1735723.7282,3.3719925053004134e-05,0.9564239470888576,0.35002615062761505
Empresa 128,1731200.321,3.363204876872564e-05,0.9564575791376263,0.35015690376569036
Empresa 2800,1730532.4294,3.361907363084533e-05,0.9564911982112572,0.3502876569037657
Empresa 437,1726270.522,3.35362775062225e-05,0.9565247344887634,0.350418410041841
Empresa 1683,1725703.9302,3.352527032073483e-05,0.9565582597590842,0.3505491631799163
Empresa 5904,1716924.7566,3.335471721311193e-05,0.9565916144762973,0.3506799163179916
Empresa 4416,1715887.96,3.3334575353506506e-05,0.9566249490516507,0.3508106694560669
Empresa 5253,1710160.6320000002,3.322331048584566e-05,0.9566581723621366,0.35094142259414224
Empresa 3034,1708800.0,3.319687747215845e-05,0.9566913692396087,0.35107217573221755
Empresa 2275,1708557.8665999998,3.31921735437808e-05,0.9567245614131525,0.35120292887029286
Empresa 7355,1706124.9270000001,3.314490879787821e-05,0.9567577063219505,0.3513336820083682
Empresa 3018,1705556.4306,3.313386461170419e-05,0.9567908401865621,0.3514644351464435
Empresa 4204,1704034.851,3.3104304867120075e-05,0.9568239444914293,0.35159518828451886
Empresa 5724,1702633.457,3.3077079969584837e-05,0.9568570215713988,0.35172594142259417
Empresa 2458,1702538.2804,3.30752309726698e-05,0.9568900968023715,0.3518566945606695
Empresa 4296,1702508.9104,3.3074660401338245e-05,0.9569231714627728,0.3519874476987448
Empresa 3354,1701323.8576,3.30516383668113e-05,0.9569562231011397,0.3521182008368201
Empresa 6393,1700381.401,3.3033329251482985e-05,0.9569892564303912,0.3522489539748954
Empresa 5618,1700014.454,3.3026200567846645e-05,0.9570222826309591,0.35237970711297073
Empresa 3089,1699747.3828,3.3021012172538396e-05,0.9570553036431316,0.35251046025104604
Empresa 714,1699485.082,3.301591645184642e-05,0.9570883195595835,0.35264121338912136
Empresa 4562,1697014.7980000002,3.296792621585073e-05,0.9571212874857994,0.35277196652719667
Empresa 2477,1696531.4924,3.295853703233902e-05,0.9571542460228317,0.352902719665272
Empresa 4937,1696216.1120000002,3.295241013364057e-05,0.9571871984329654,0.3530334728033473
Empresa 4328,1695072.6934,3.29301969272012e-05,0.9572201286298926,0.3531642259414226
Empresa 3669,1691627.2008,3.286326130239231e-05,0.957252991891195,0.3532949790794979
Empresa 6880,1691284.1236,3.2856596337638163e-05,0.9572858484875326,0.35342573221757323
Empresa 846,1690114.9128,3.283388206582945e-05,0.9573186823695985,0.35355648535564854
Empresa 6844,1689583.9922,3.282356786515901e-05,0.9573515059374637,0.35368723849372385
Empresa 1676,1688225.7632,3.279718153458075e-05,0.9573843031189982,0.35381799163179917
Empresa 1620,1686140.2796,3.2756666820430825e-05,0.9574170597858187,0.3539487447698745
Empresa 4907,1686124.135,3.275635317909887e-05,0.9574498161389978,0.3540794979079498
Empresa 4187,1684907.9856,3.27327270305621e-05,0.9574825488660283,0.3542102510460251
Empresa 4684,1684465.0504,3.272412212328067e-05,0.9575152729881516,0.3543410041841004
Empresa 1268,1682430.9376,3.2684605390259754e-05,0.9575479575935419,0.35447175732217573
Empresa 7434,1682190.6909999999,3.267993811676765e-05,0.9575806375316587,0.35460251046025104
Empresa 5454,1680294.9198,3.264310894761875e-05,0.9576132806406062,0.35473326359832635
Empresa 7564,1677530.4908,3.2589404353287353e-05,0.9576458700449595,0.35486401673640167
Empresa 1293,1674719.7818,3.253480067685776e-05,0.9576784048456364,0.354994769874477
Empresa 6018,1674632.9534,3.2533113860521206e-05,0.9577109379594969,0.3551255230125523
Empresa 4290,1672809.6816,3.249769313805922e-05,0.957743435652635,0.3552562761506276
Empresa 5571,1670048.2608,3.244404698406421e-05,0.9577758796996191,0.3553870292887029
Empresa 7459,1661809.7444,3.228399723015318e-05,0.9578081636968492,0.35551778242677823
Empresa 2626,1660442.651,3.225743869077303e-05,0.9578404211355399,0.35564853556485354
Empresa 4809,1656493.6853999998,3.21807220901381e-05,0.95787260185763,0.35577928870292885
Empresa 5549,1655494.34,3.216130779543061e-05,0.9579047631654254,0.35591004184100417
Empresa 5053,1652932.3326,3.211153564787644e-05,0.9579368747010732,0.3560407949790795
Empresa 1891,1649180.9648000002,3.203865778200004e-05,0.9579689133588553,0.3561715481171548
Empresa 5476,1648919.3404,3.203357520173873e-05,0.958000946934057,0.3563023012552301
Empresa 4516,1648768.9126,3.203065283911875e-05,0.9580329775868961,0.3564330543933054
Empresa 6553,1646873.9246,3.199383888520536e-05,0.9580649714257813,0.3565638075313807
Empresa 6737,1644990.6312000002,3.195725212242217e-05,0.9580969286779037,0.35669456066945604
Empresa 2472,1644316.296,3.194415180464971e-05,0.9581288728297084,0.3568253138075314
Empresa 5080,1644043.4042,3.193885033247757e-05,0.9581608116800409,0.3569560669456067
Empresa 5332,1643406.9474,3.192648587882242e-05,0.9581927381659197,0.35708682008368203
Empresa 5410,1641685.6874,3.189304694078536e-05,0.9582246312128604,0.35721757322175735
Empresa 5337,1641430.5778,3.188809092361941e-05,0.958256519303784,0.35734832635983266
Empresa 5193,1636837.5548,3.1798862212384744e-05,0.9582883181659964,0.35747907949790797
Empresa 6291,1633066.3577999999,3.172559912440934e-05,0.9583200437651208,0.3576098326359833
Empresa 1150,1632895.1218,3.172227252064598e-05,0.9583517660376415,0.3577405857740586
Empresa 709,1631944.9934,3.170381436516985e-05,0.9583834698520066,0.3578713389121339
Empresa 5398,1631599.976,3.169711170812773e-05,0.9584151669637148,0.3580020920502092
Empresa 5854,1630785.8396,3.1681295470817095e-05,0.9584468482591856,0.35813284518828453
Empresa 1519,1630426.5288,3.167431513572696e-05,0.9584785225743213,0.35826359832635984
Empresa 346,1630340.1632,3.1672637310211384e-05,0.9585101952116315,0.35839435146443516
Empresa 5727,1630168.8382,3.1669308977444e-05,0.958541864520609,0.35852510460251047
Empresa 4421,1629628.1454000003,3.165880493213052e-05,0.9585735233255411,0.3586558577405858
Empresa 972,1628320.059,3.163339272242557e-05,0.9586051567182635,0.3587866108786611
Empresa 1766,1627721.0356,3.162175548786755e-05,0.9586367784737514,0.3589173640167364
Empresa 2471,1627498.6602,3.161743539838568e-05,0.9586683959091498,0.3590481171548117
Empresa 3705,1627260.8344,3.1612815153803325e-05,0.9587000087243036,0.35917887029288703
Empresa 1332,1625976.9738,3.158787357899672e-05,0.9587315965978827,0.35930962343096234
Empresa 6172,1625407.2136,3.15768048409654e-05,0.9587631734027237,0.35944037656903766
Empresa 6988,1623449.0,3.153876260258554e-05,0.9587947121653262,0.35957112970711297
Empresa 56,1623440.6696000001,3.1538600767807865e-05,0.958826250766094,0.3597018828451883
Empresa 6673,1622723.294,3.152466430368408e-05,0.9588577754303976,0.3598326359832636
Empresa 3320,1622291.4482,3.151627483030541e-05,0.958889291705228,0.3599633891213389
Empresa 4639,1621177.72,3.1494638419612125e-05,0.9589207863436475,0.3600941422594142
Empresa 3191,1618646.2218000002,3.1445458974641165e-05,0.9589522318026221,0.36022489539748953
Empresa 5075,1618096.8426,3.143478617853386e-05,0.9589836665888006,0.36035564853556484
Empresa 3160,1616682.1342,3.140730262199498e-05,0.9590150738914226,0.36048640167364016
Empresa 1204,1615509.1854,3.13845157320168e-05,0.9590464584071546,0.36061715481171547
Empresa 3792,1615078.7458000001,3.137615357690189e-05,0.9590778345607316,0.3607479079497908
Empresa 7624,1614509.395,3.1365092792289134e-05,0.9591091996535239,0.3608786610878661
Empresa 3499,1613794.6004,3.135120646928237e-05,0.9591405508599932,0.3610094142259414
Empresa 5283,1613174.3594,3.1339157040162395e-05,0.9591718900170333,0.3611401673640167
Empresa 208,1611487.4000000001,3.130638446028043e-05,0.9592031964014935,0.36127092050209203
Empresa 4646,1609398.125,3.126579609055861e-05,0.9592344621975841,0.36140167364016734
Empresa 5390,1608908.269,3.125627965234992e-05,0.9592657184772365,0.36153242677824265
Empresa 7299,1607723.0204,3.123325381401411e-05,0.9592969517310506,0.36166317991631797
Empresa 5329,1605482.0894,3.118971922141663e-05,0.959328141450272,0.3617939330543933
Empresa 4598,1603782.6166,3.115670354356734e-05,0.9593592981538156,0.3619246861924686
Empresa 2653,1602388.9656,3.1129629069383146e-05,0.959390427782885,0.36205543933054396
Empresa 3803,1601908.5436,3.112029590560217e-05,0.9594215480787905,0.3621861924686193
Empresa 401,1600488.869,3.1092715870638145e-05,0.9594526407946612,0.3623169456066946
Empresa 3875,1599551.1116,3.1074498046722876e-05,0.9594837152927079,0.3624476987447699
Empresa 6799,1597143.715,3.102772952497832e-05,0.9595147430222329,0.3625784518828452
Empresa 3847,1596660.5874,3.101834379947469e-05,0.9595457613660324,0.3627092050209205
Empresa 6059,1594474.4448000002,3.097587358176116e-05,0.9595767372396142,0.36283995815899583
Empresa 1642,1594349.2218,3.0973440873083906e-05,0.9596077106804873,0.36297071129707115
Empresa 309,1592167.28,3.0931052264360834e-05,0.9596386417327517,0.36310146443514646
Empresa 3486,1591421.6558,3.0916567014356346e-05,0.9596695582997661,0.36323221757322177
Empresa 1010,1589642.5992,3.088200526109895e-05,0.9597004403050272,0.3633629707112971
Empresa 4569,1589341.0315999999,3.0876146703826727e-05,0.959731316451731,0.3634937238493724
Empresa 4185,1589031.2582,3.087012873238248e-05,0.9597621865804634,0.3636244769874477
Empresa 6989,1587730.8969999999,3.084486660022778e-05,0.9597930314470636,0.363755230125523
Empresa 3731,1581720.1752,3.072809623791866e-05,0.9598237595433016,0.36388598326359833
Empresa 1762,1580387.8452,3.0702213047514585e-05,0.959854461756349,0.36401673640167365
Empresa 4493,1579389.7458,3.0682822958863574e-05,0.9598851445793078,0.36414748953974896
Empresa 1633,1579118.2246,3.067754811335358e-05,0.9599158221274212,0.36427824267782427
Empresa 3831,1578293.5862,3.06615278535668e-05,0.9599464836552748,0.3644089958158996
Empresa 5599,1576752.658,3.063159222350548e-05,0.9599771152474983,0.3645397489539749
Empresa 2777,1576170.2598,3.0620277966901194e-05,0.9600077355254651,0.3646705020920502
Empresa 71,1575718.2466,3.061149670120819e-05,0.9600383470221664,0.3648012552301255
Empresa 5735,1573822.4398,3.057466684045767e-05,0.9600689216890068,0.36493200836820083
Empresa 723,1573557.5045999999,3.056951994124626e-05,0.9600994912089481,0.36506276150627615
Empresa 4034,1573344.6344,3.056538450939533e-05,0.9601300565934575,0.36519351464435146
Empresa 357,1572977.6518,3.055825513415737e-05,0.9601606148485917,0.36532426778242677
Empresa 5745,1571607.3188,3.0531633659030354e-05,0.9601911464822508,0.3654550209205021
Empresa 4291,1570204.3228,3.050437763942248e-05,0.9602216508598902,0.3655857740585774
Empresa 7205,1567836.46,3.045837714127028e-05,0.9602521092370314,0.3657165271966527
Empresa 4955,1566896.6556000002,3.044011955026221e-05,0.9602825493565816,0.365847280334728
Empresa 6219,1566553.0978,3.043344524888627e-05,0.9603129828018305,0.36597803347280333
Empresa 3943,1565206.9728,3.040729406285677e-05,0.9603433900958934,0.36610878661087864
Empresa 6797,1564756.7396,3.039854737724447e-05,0.9603737886432707,0.36623953974895396
Empresa 7281,1558104.6304000001,3.0269316774456656e-05,0.9604040579600451,0.36637029288702927
Empresa 1965,1557073.512,3.0249285225308664e-05,0.9604343072452705,0.3665010460251046
Empresa 7284,1556755.426,3.0243105764887542e-05,0.9604645503510354,0.3666317991631799
Empresa 4409,1553584.0,3.018149443510406e-05,0.9604947318454705,0.3667625523012552
Empresa 4065,1553285.4940000002,3.0175695355570644e-05,0.9605249075408261,0.3668933054393305
Empresa 6646,1552358.2920000001,3.0157682591533927e-05,0.9605550652234176,0.36702405857740583
Empresa 7465,1551563.7000000002,3.0142246043509375e-05,0.9605852074694611,0.36715481171548114
Empresa 5480,1551481.9624,3.0140658126203623e-05,0.9606153481275873,0.3672855648535565
Empresa 1386,1550800.5428,3.012742017970998e-05,0.960645475547767,0.3674163179916318
Empresa 6893,1549685.3728,3.010575575915133e-05,0.9606755813035261,0.36754707112970714
Empresa 3014,1549668.0,3.0105418257563696e-05,0.9607056867217837,0.36767782426778245
Empresa 7430,1547713.56,3.0067449328954915e-05,0.9607357541711127,0.36780857740585776
Empresa 8,1546155.8998,3.0037188646135006e-05,0.9607657913597588,0.3679393305439331
Empresa 7600,1545373.9102,3.0021996925081813e-05,0.9607958133566838,0.3680700836820084
Empresa 1002,1544648.1864,3.0007898280379546e-05,0.9608258212549642,0.3682008368200837
Empresa 5826,1543438.4984000002,2.9984397657535718e-05,0.9608558056526217,0.368331589958159
Empresa 6547,1541783.7926,2.9952251668716036e-05,0.9608857579042904,0.3684623430962343
Empresa 1704,1540836.0494000001,2.993383985054804e-05,0.9609156917441409,0.36859309623430964
Empresa 4606,1540535.4608,2.99280003123202e-05,0.9609456197444532,0.36872384937238495
Empresa 7617,1539542.5412,2.9908710851704037e-05,0.960975528455305,0.36885460251046026
Empresa 6139,1539376.9478,2.9905493866796497e-05,0.9610054339491718,0.3689853556485356
Empresa 4694,1539190.4572,2.9901870911741542e-05,0.9610353358200836,0.3691161087866109
Empresa 1392,1539002.7384000001,2.9898224096430906e-05,0.96106523404418,0.3692468619246862
Empresa 231,1534766.107,2.981591900895402e-05,0.961095049963189,0.3693776150627615
Empresa 960,1534730.8274,2.9815233631754542e-05,0.9611248651968207,0.3695083682008368
Empresa 1756,1533843.9780000001,2.97980047981473e-05,0.9611546632016189,0.36963912133891214
Empresa 393,1530526.0936,2.9733548219323803e-05,0.9611843967498382,0.36976987447698745
Empresa 7414,1529976.2516,2.9722866432395524e-05,0.9612141196162707,0.36990062761506276
Empresa 1978,1529390.1687999999,2.9711480595024186e-05,0.9612438310968657,0.3700313807531381
Empresa 6465,1528858.6786,2.9701155328727923e-05,0.9612735322521945,0.3701621338912134
Empresa 3969,1528546.8582000001,2.9695097590190872e-05,0.9613032273497847,0.3702928870292887
Empresa 586,1528005.4712,2.9684580058645914e-05,0.9613329119298434,0.370423640167364
Empresa 376,1527935.3926,2.9683218640868746e-05,0.9613625951484842,0.3705543933054393
Empresa 3884,1527383.4858,2.9672496741046855e-05,0.9613922676452252,0.37068514644351463
Empresa 3675,1526776.3278,2.9660701475520032e-05,0.9614219283467007,0.37081589958158995
Empresa 5391,1526748.1326,2.9660153727041737e-05,0.9614515885004278,0.37094665271966526
Empresa 7391,1525465.9808,2.9635245349112605e-05,0.9614812237457769,0.37107740585774057
Empresa 768,1524477.8138,2.9616048217311904e-05,0.9615108397939942,0.3712081589958159
Empresa 1017,1523607.1268,2.959913337083742e-05,0.9615404389273651,0.3713389121338912
Empresa 5,1522905.6822,2.9585506398435906e-05,0.9615700244337635,0.3714696652719665
Empresa 6222,1521861.552,2.9565222068897995e-05,0.9615995896558324,0.3716004184100418
Empresa 6533,1520142.4636,2.953182531855939e-05,0.9616291214811509,0.37173117154811713
Empresa 1191,1518897.7452,2.950764415972738e-05,0.9616586291253106,0.37186192468619245
Empresa 117,1518669.745,2.9503214797190497e-05,0.9616881323401079,0.37199267782426776
Empresa 4173,1517654.6822,2.9483495160370418e-05,0.9617176158352683,0.37212343096234307
Empresa 7554,1516196.88,2.945517442007779e-05,0.9617470710096884,0.3722541841004184
Empresa 5164,1516039.0118,2.9452107512720493e-05,0.9617765231172011,0.3723849372384937
Empresa 4729,1512482.02,2.938300579165655e-05,0.9618059061229928,0.37251569037656906
Empresa 4607,1509809.706,2.933109071650139e-05,0.9618352372137092,0.3726464435146444
Empresa 7169,1507103.75,2.9278522077820997e-05,0.961864515735787,0.3727771966527197
Empresa 2541,1506551.6296,2.9267796028389424e-05,0.9618937835318154,0.372907949790795
Empresa 5754,1506491.0206,2.926661857664158e-05,0.961923050150392,0.3730387029288703
Empresa 5364,1504851.2846000001,2.9234763406300592e-05,0.9619522849137984,0.3731694560669456
Empresa 4600,1504540.5144000002,2.922872607001115e-05,0.9619815136398684,0.37330020920502094
Empresa 6107,1504085.7244000002,2.921989085939226e-05,0.9620107335307277,0.37343096234309625
Empresa 263,1503633.2128,2.9211099911276662e-05,0.962039944630639,0.37356171548117156
Empresa 4443,1502621.5854000002,2.919144701401234e-05,0.962069136077653,0.3736924686192469
Empresa 7427,1500633.9484,2.9152833166898498e-05,0.9620982889108198,0.3738232217573222
Empresa 4865,1499992.9170000001,2.9140379842435946e-05,0.9621274292906623,0.3739539748953975
Empresa 743,1496807.34,2.9078493601010897e-05,0.9621565077842633,0.3740847280334728
Empresa 6916,1496377.8082,2.907014908173714e-05,0.962185577933345,0.3742154811715481
Empresa 45,1494391.3638,2.9031558403277367e-05,0.9622146094917483,0.37434623430962344
Empresa 4284,1492942.96,2.9003420245810834e-05,0.9622436129119941,0.37447698744769875
Empresa 5660,1492479.359,2.8994413863792477e-05,0.962272607325858,0.37460774058577406
Empresa 1286,1492449.099,2.8993826002420574e-05,0.9623016011518604,0.3747384937238494
Empresa 3541,1491696.2658,2.8979200703089244e-05,0.9623305803525635,0.3748692468619247
Empresa 2789,1491201.9242,2.8969597123077197e-05,0.9623595499496865,0.375
Empresa 2391,1490955.5366,2.896481054830668e-05,0.9623885147602348,0.3751307531380753
Empresa 5568,1488806.7384000001,2.892306582068625e-05,0.9624174378260555,0.3752615062761506
Empresa 7462,1488734.3636,2.892165979460498e-05,0.9624463594858501,0.37539225941422594
Empresa 3488,1487382.7028,2.8895401064524504e-05,0.9624752548869147,0.37552301255230125
Empresa 1536,1487275.44,2.8893317268861508e-05,0.9625041482041835,0.37565376569037656
Empresa 484,1487189.822,2.889165396697983e-05,0.9625330398581505,0.3757845188284519
Empresa 5384,1486980.1736,2.8887581125074968e-05,0.9625619274392756,0.3759152719665272
Empresa 2358,1485981.5402000002,2.8868180662399756e-05,0.962590795619938,0.3760460251046025
Empresa 4942,1483656.166,2.8823005590773865e-05,0.9626196186255288,0.3761767782426778
Empresa 3480,1481989.3206,2.8790623765803807e-05,0.9626484092492946,0.3763075313807531
Empresa 2100,1481290.991,2.877705730854352e-05,0.9626771863066031,0.37643828451882844
Empresa 5974,1481046.864,2.8772314650475493e-05,0.9627059586212536,0.37656903765690375
Empresa 1795,1480851.6692000001,2.8768522598825915e-05,0.9627347271438524,0.37669979079497906
Empresa 707,1480543.213,2.876253021664138e-05,0.9627634896740691,0.3768305439330544
Empresa 5284,1480007.0414,2.8752114004732878e-05,0.9627922417880739,0.3769612970711297
Empresa 1855,1478166.29,2.8716353705878416e-05,0.9628209581417797,0.377092050209205
Empresa 3916,1478084.1074,2.871475714355249e-05,0.9628496728989232,0.3772228033472803
Empresa 16,1477531.2928,2.870401760788944e-05,0.9628783769165311,0.3773535564853556
Empresa 1648,1477025.3278,2.869418821995042e-05,0.962907071104751,0.37748430962343094
Empresa 4096,1476947.88,2.869268364063915e-05,0.9629357637883916,0.3776150627615063
Empresa 1248,1476324.0790000001,2.868056505135778e-05,0.962964444353443,0.3777458158995816
Empresa 3748,1476312.5802,2.8680341664036455e-05,0.962993124695107,0.37787656903765693
Empresa 600,1475844.7962,2.8671254018828453e-05,0.9630217959491258,0.37800732217573224
Empresa 1873,1475725.9812,2.866894579844172e-05,0.9630504648949243,0.37813807531380755
Empresa 4225,1475521.4592,2.8664972547169268e-05,0.9630791298674715,0.37826882845188287
Empresa 1625,1472941.3136,2.8614848028592767e-05,0.9631077447155001,0.3783995815899582
Empresa 5584,1472406.5126,2.86044584433464e-05,0.9631363491739434,0.3785303347280335
Empresa 7625,1469033.4837999998,2.8538930573622812e-05,0.9631648881045171,0.3786610878661088
Empresa 6806,1465706.4502,2.8474296253184526e-05,0.9631933624007702,0.3787918410041841
Empresa 507,1463585.598,2.8433094432831082e-05,0.963221795495203,0.37892259414225943
Empresa 1345,1459830.3320000002,2.8360140836577948e-05,0.9632501556360397,0.37905334728033474
Empresa 7480,1459502.1,2.8353764269696836e-05,0.9632785094003093,0.37918410041841005
Empresa 6616,1459387.29,2.8351533854491674e-05,0.9633068609341638,0.37931485355648537
Empresa 5662,1458758.861,2.833932535700048e-05,0.9633352002595208,0.3794456066945607
Empresa 1482,1458624.8448,2.8336721822724565e-05,0.9633635369813435,0.379576359832636
Empresa 1444,1458038.406,2.8325329069337088e-05,0.9633918623104128,0.3797071129707113
Empresa 3800,1457777.725,2.832026481651855e-05,0.9634201825752293,0.3798378661087866
Empresa 4785,1455493.0415999999,2.8275880245537464e-05,0.9634484584554749,0.3799686192468619
Empresa 4798,1453626.3912,2.8239616806508818e-05,0.9634766980722814,0.38009937238493724
Empresa 306,1453169.2516,2.8230735950183403e-05,0.9635049288082316,0.38023012552301255
Empresa 3466,1452150.9848,2.8210954069218064e-05,0.9635331397623008,0.38036087866108786
Empresa 5376,1452089.379,2.8209757252625033e-05,0.9635613495195534,0.3804916317991632
Empresa 6469,1451768.9434,2.820353214649739e-05,0.9635895530516999,0.3806223849372385
Empresa 433,1448821.0498000002,2.8146263383248233e-05,0.9636176993150831,0.3807531380753138
Empresa 5487,1448226.779,2.8134718477505675e-05,0.9636458340335606,0.3808838912133891
Empresa 6343,1447466.6834,2.8119952091445088e-05,0.963673953985652,0.3810146443514644
Empresa 5601,1447428.8228,2.8119216573128598e-05,0.9637020732022251,0.38114539748953974
Empresa 3106,1447103.51,2.8112896717579837e-05,0.9637301860989427,0.38127615062761505
Empresa 2404,1445539.6731999998,2.8082516041879895e-05,0.9637582686149846,0.38140690376569036
Empresa 2120,1444429.3626,2.806094602494156e-05,0.9637863295610095,0.3815376569037657
Empresa 7379,1443710.83,2.8046987083765323e-05,0.9638143765480933,0.381668410041841
Empresa 5806,1443304.5984,2.803909521774793e-05,0.9638424156433111,0.3817991631799163
Empresa 7519,1437580.154,2.7927886369817813e-05,0.9638703435296809,0.3819299163179916
Empresa 328,1437215.699,2.7920806098294455e-05,0.9638982643357792,0.3820606694560669
Empresa 4679,1436062.0632,2.7898394402191868e-05,0.9639261627301814,0.38219142259414224
Empresa 6678,1435884.9888,2.7894954375763816e-05,0.9639540576845571,0.38232217573221755
Empresa 5369,1435794.6003999999,2.789319839926586e-05,0.9639819508829564,0.38245292887029286
Empresa 4523,1430891.6438000002,2.7797948604379683e-05,0.9640097488315608,0.3825836820083682
Empresa 1911,1429340.0,2.7767804802232537e-05,0.964037516636363,0.3827144351464435
Empresa 2043,1428958.0298,2.7760384262715087e-05,0.9640652770206256,0.38284518828451886
Empresa 383,1427446.97,2.7731028886407913e-05,0.964093008049512,0.38297594142259417
Empresa 4833,1425792.7448,2.7698892234210022e-05,0.9641207069417462,0.3831066945606695
Empresa 2609,1425646.1974,2.7696045256165976e-05,0.9641484029870024,0.3832374476987448
Empresa 1233,1424000.0,2.7664064560132042e-05,0.9641760670515626,0.3833682008368201
Empresa 4834,1423409.2002,2.7652587085546853e-05,0.9642037196386481,0.3834989539748954
Empresa 3084,1421016.2928,2.7606100045659196e-05,0.9642313257386939,0.38362970711297073
Empresa 1728,1420830.8346000002,2.7602497147051053e-05,0.9642589282358409,0.38376046025104604
Empresa 3317,1419599.662,2.7578579142633165e-05,0.9642865068149835,0.38389121338912136
Empresa 413,1416671.9002,2.7521701480096727e-05,0.9643140285164636,0.38402196652719667
Empresa 4905,1415234.0162,2.7493767690907134e-05,0.9643415222841546,0.384152719665272
Empresa 1995,1415206.0167999999,2.7493223746237716e-05,0.9643690155079009,0.3842834728033473
Empresa 2536,1411691.4601999999,2.7424946414297663e-05,0.9643964404543152,0.3844142259414226
Empresa 4716,1411514.7774,2.7421513995487368e-05,0.9644238619683106,0.3845449790794979
Empresa 1562,1408970.0182,2.7372076928915185e-05,0.9644512340452396,0.38467573221757323
Empresa 884,1407721.9000000001,2.7347829722129037e-05,0.9644785818749617,0.38480648535564854
Empresa 1200,1404518.4518,2.728559629669375e-05,0.9645058674712584,0.38493723849372385
Empresa 5917,1403822.8456000001,2.727208274695694e-05,0.9645331395540054,0.38506799163179917
Empresa 2816,1403778.1676,2.727121478693136e-05,0.9645604107687924,0.3851987447698745
Empresa 168,1403255.5062,2.726106103783537e-05,0.9645876718298302,0.3853294979079498
Empresa 2359,1401790.5662,2.7232601631419135e-05,0.9646149044314616,0.3854602510460251
Empresa 4466,1400901.1358,2.721532265669488e-05,0.9646421197541183,0.3855910041841004
Empresa 532,1398012.0,2.7159195381909635e-05,0.9646692789495002,0.38572175732217573
Empresa 4411,1395721.496,2.7114697734064663e-05,0.9646963936472343,0.38585251046025104
Empresa 4020,1395467.5433999998,2.7109764193951166e-05,0.9647235034114282,0.38598326359832635
Empresa 3539,1392604.2888,2.7054139713539304e-05,0.9647505575511417,0.38611401673640167
Empresa 7181,1391919.06,2.704082776567297e-05,0.9647775983789074,0.386244769874477
Empresa 1720,1391152.3962,2.70259337791146e-05,0.9648046243126865,0.3863755230125523
Empresa 4539,1390481.977,2.701290953751969e-05,0.9648316372222241,0.3865062761506276
Empresa 4561,1390079.8572,2.7005097551488714e-05,0.9648586423197756,0.3866370292887029
Empresa 242,1387062.0808,2.6946471174271273e-05,0.9648855887909499,0.38676778242677823
Empresa 3796,1385481.2272,2.691575991299984e-05,0.9649125045508629,0.38689853556485354
Empresa 4262,1385329.1439999999,2.6912805390904815e-05,0.9649394173562538,0.38702928870292885
Empresa 5038,1384633.4131999998,2.6899289420562346e-05,0.9649663166456743,0.38716004184100417
Empresa 5449,1383293.7674,2.68732641060266e-05,0.9649931899097803,0.3872907949790795
Empresa 3573,1382994.8698,2.6867457418875427e-05,0.9650200573671992,0.3874215481171548
Empresa 6756,1381554.9032,2.6839483170991415e-05,0.9650468968503702,0.3875523012552301
Empresa 1849,1380803.2982,2.6824881731915772e-05,0.965073721732102,0.3876830543933054
Empresa 4876,1380135.4065999999,2.681190659403545e-05,0.9651005336386961,0.3878138075313807
Empresa 6299,1377936.8752,2.676919569896026e-05,0.9651273028343951,0.38794456066945604
Empresa 4790,1377274.3592,2.6756324992923658e-05,0.965154059159388,0.3880753138075314
Empresa 5144,1375067.4796,2.671345191726998e-05,0.9651807726113053,0.3882060669456067
Empresa 7106,1373710.1940000001,2.668708391413449e-05,0.9652074596952195,0.38833682008368203
Empresa 7127,1372288.0096,2.665945512125667e-05,0.9652341191503407,0.38846757322175735
Empresa 6739,1371818.588,2.6650335662374425e-05,0.9652607694860031,0.38859832635983266
Empresa 5339,1371334.695,2.6640935067436084e-05,0.9652874104210706,0.38872907949790797
Empresa 5254,1365738.553,2.6532218751722837e-05,0.9653139426398223,0.3888598326359833
Empresa 1582,1365291.2568,2.6523529123243694e-05,0.9653404661689455,0.3889905857740586
Empresa 142,1364007.236,2.6498584436229822e-05,0.9653669647533818,0.3891213389121339
Empresa 4581,1361619.9,2.6452205631994756e-05,0.9653934169590138,0.3892520920502092
Empresa 4948,1358222.7522,2.6386209202177687e-05,0.965419803168216,0.38938284518828453
Empresa 979,1357806.4636000001,2.6378121958704343e-05,0.9654461812901747,0.38951359832635984
Empresa 5781,1357062.8152,2.6363675092589427e-05,0.9654725449652672,0.38964435146443516
Empresa 7490,1355846.4344000001,2.6340044448642163e-05,0.9654988850097159,0.38977510460251047
Empresa 3113,1354598.4942,2.6315800699864083e-05,0.9655252008104158,0.3899058577405858
Empresa 7078,1350933.1004,2.6244593051885495e-05,0.9655514454034677,0.3900366108786611
Empresa 4659,1349956.1830000002,2.6225614466194825e-05,0.9655776710179339,0.3901673640167364
Empresa 1605,1348333.8020000001,2.619409645164066e-05,0.9656038651143856,0.3902981171548117
Empresa 3030,1346730.2,2.6162943256937877e-05,0.9656300280576425,0.39042887029288703
Empresa 5757,1345020.51,2.612972908942537e-05,0.965656157786732,0.39055962343096234
Empresa 4774,1344308.4744,2.611589636554369e-05,0.9656822736830976,0.39069037656903766
Empresa 1824,1344058.5802000002,2.6111041668014197e-05,0.9657083847247656,0.39082112970711297
Empresa 1451,1344026.7538,2.6110423376171275e-05,0.9657344951481418,0.3909518828451883
Empresa 125,1343523.53,2.610064724155653e-05,0.9657605957953833,0.3910826359832636
Empresa 6800,1343234.2622,2.6095027632641946e-05,0.9657866908230159,0.3912133891213389
Empresa 6902,1343143.945,2.609327303934722e-05,0.9658127840960553,0.3913441422594142
Empresa 169,1342853.805,2.6087636486193092e-05,0.9658388717325415,0.39147489539748953
Empresa 6816,1341499.5454,2.6061327269194793e-05,0.9658649330598107,0.39160564853556484
Empresa 1304,1340488.2206,2.6041680250544184e-05,0.9658909747400612,0.39173640167364016
Empresa 3665,1337538.4758000001,2.5984375524011105e-05,0.9659169591155853,0.39186715481171547
Empresa 6016,1337308.6422000001,2.59799105439911e-05,0.9659429390261293,0.3919979079497908
Empresa 6608,1336938.8116,2.5972725840624023e-05,0.9659689117519699,0.3921286610878661
Empresa 890,1335343.629,2.5941736209702957e-05,0.9659948534881796,0.3922594142259414
Empresa 5842,1334289.1392,2.5921250624095375e-05,0.9660207747388037,0.3923901673640167
Empresa 2143,1333036.5176,2.589691592970505e-05,0.9660466716547333,0.39252092050209203
Empresa 2106,1332820.2476000001,2.5892714449899983e-05,0.9660725643691832,0.39265167364016734
Empresa 1012,1330350.17758,2.584472837089624e-05,0.9660984090975541,0.39278242677824265
Empresa 2699,1329554.6418,2.5829273488046655e-05,0.9661242383710421,0.39291317991631797
Empresa 1510,1329140.685,2.5821231544479024e-05,0.9661500596025866,0.3930439330543933
Empresa 3403,1329133.5472,2.5821092878355413e-05,0.966175880695465,0.3931746861924686
Empresa 6798,1327787.796,2.5794948954142863e-05,0.9662016756444192,0.39330543933054396
Empresa 6124,1327382.5968,2.5787077144572274e-05,0.9662274627215638,0.3934361924686193
Empresa 6253,1326892.723,2.5777560360562782e-05,0.9662532402819244,0.3935669456066946
Empresa 5833,1326073.5492,2.576164626162376e-05,0.966279001928186,0.3936976987447699
Empresa 3220,1325882.9468,2.5757943426582388e-05,0.9663047598716127,0.3938284518828452
Empresa 5217,1324530.7876000002,2.5731675014079315e-05,0.9663304915466268,0.3939592050209205
Empresa 4384,1323734.7004,2.571620941878697e-05,0.9663562077560456,0.39408995815899583
Empresa 183,1323535.3582,2.571233679554936e-05,0.9663819200928412,0.39422071129707115
Empresa 6651,1322422.52,2.5690717674896426e-05,0.9664076108105161,0.39435146443514646
Empresa 1448,1322109.0620000002,2.5684628122685128e-05,0.9664332954386388,0.39448221757322177
Empresa 3267,1321812.2648,2.567886224002918e-05,0.9664589743008788,0.3946129707112971
Empresa 3137,1320488.3186,2.5653141921805206e-05,0.9664846274428006,0.3947437238493724
Empresa 1719,1320192.447,2.564739402079122e-05,0.9665102748368214,0.3948744769874477
Empresa 5946,1318677.6136,2.5617965334712962e-05,0.9665358928021561,0.395005230125523
Empresa 997,1315112.5762,2.554870731168425e-05,0.9665614415094678,0.39513598326359833
Empresa 382,1312116.676,2.5490505923658607e-05,0.9665869320153915,0.39526673640167365
Empresa 2636,1309921.0282,2.544785104831415e-05,0.9666123798664398,0.39539748953974896
Empresa 5500,1307648.1106,2.5403695051666494e-05,0.9666377835614914,0.39552824267782427
Empresa 883,1307018.845,2.539147030153737e-05,0.966663175031793,0.3956589958158996
Empresa 2430,1306725.3586,2.5385768737831524e-05,0.9666885608005308,0.3957897489539749
Empresa 4556,1305820.46,2.5368189262205983e-05,0.966713928989793,0.3959205020920502
Empresa 6528,1304506.286,2.5342658788625054e-05,0.9667392716485816,0.3960512552301255
Empresa 1515,1302953.592,2.5312494584230298e-05,0.9667645841431659,0.39618200836820083
Empresa 4141,1302186.2874,2.529758814884288e-05,0.9667898817313147,0.39631276150627615
Empresa 3147,1301451.361,2.5283310725123395e-05,0.9668151650420399,0.39644351464435146
Empresa 5743,1300666.7726,2.5268068517152377e-05,0.966840433110557,0.39657426778242677
Empresa 1942,1300491.1222,2.5264656154788886e-05,0.9668656977667118,0.3967050209205021
Empresa 4733,1300013.8152,2.5255383506149134e-05,0.966890953150218,0.3968357740585774
Empresa 1836,1298737.7866,2.5230594083697608e-05,0.9669161837443017,0.3969665271966527
Empresa 7522,1297088.2249999999,2.5198548031311146e-05,0.966941382292333,0.397097280334728
Empresa 5664,1295031.6664,2.51585952434726e-05,0.9669665408875764,0.39722803347280333
Empresa 5149,1294722.1066,2.5152581421638034e-05,0.966991693468998,0.39735878661087864
Empresa 3425,1292055.6488,2.5100780114948382e-05,0.967016794249113,0.39748953974895396
Empresa 3006,1291707.2672000001,2.5094012101553745e-05,0.9670418882612146,0.39762029288702927
Empresa 4662,1291328.3052,2.508665000237268e-05,0.967066974911217,0.3977510460251046
Empresa 5424,1291240.8716,2.5084951428808685e-05,0.9670920598626458,0.3978817991631799
Empresa 2755,1291147.831,2.5083143927990488e-05,0.9671171430065738,0.3980125523012552
Empresa 4640,1288903.0908000001,2.503953533402032e-05,0.9671421825419079,0.3981433054393305
Empresa 1301,1288712.0611999999,2.5035824199759572e-05,0.9671672183661076,0.39827405857740583
Empresa 4083,1287519.301,2.5012652433483203e-05,0.9671922310185411,0.39840481171548114
Empresa 870,1287230.0866,2.500703386197104e-05,0.9672172380524031,0.3985355648535565
Empresa 7357,1287037.188,2.5003286418625563e-05,0.9672422413388218,0.3986663179916318
Empresa 1157,1286806.7848,2.4998810372979733e-05,0.9672672401491947,0.39879707112970714
Empresa 6271,1286741.2452,2.4997537134408354e-05,0.9672922376863291,0.39892782426778245
Empresa 856,1285012.3846,2.4963950539426705e-05,0.9673172016368685,0.39905857740585776
Empresa 4196,1283620.478,2.4936909953721595e-05,0.9673421385468223,0.3991893305439331
Empresa 1481,1282465.7920000001,2.49144778553714e-05,0.9673670530246776,0.3993200836820084
Empresa 325,1281839.499,2.4902310853977046e-05,0.9673919553355316,0.3994508368200837
Empresa 6470,1281783.9808,2.490123230126001e-05,0.9674168565678328,0.399581589958159
Empresa 4961,1280572.317,2.4877693294526598e-05,0.9674417342611273,0.3997123430962343
Empresa 2602,1280265.0,2.4871723043593713e-05,0.9674666059841709,0.39984309623430964
Empresa 2084,1280027.3344,2.486710591121863e-05,0.9674914730900821,0.39997384937238495
Empresa 6065,1279765.8346,2.4862025751562968e-05,0.9675163351158337,0.40010460251046026
Empresa 3182,1279682.762,2.4860411899196692e-05,0.9675411955277329,0.4002353556485356
Empresa 7160,1279414.6406,2.4855203101640827e-05,0.9675660507308346,0.4003661087866109
Empresa 6703,1276303.699,2.4794766802999532e-05,0.9675908454976375,0.4004968619246862
Empresa 5915,1273192.7396,2.4734330158557432e-05,0.9676155798277961,0.4006276150627615
Empresa 1952,1272746.5648,2.472566231552913e-05,0.9676403054901116,0.4007583682008368
Empresa 2309,1272479.0664,2.4720465621001506e-05,0.9676650259557326,0.40088912133891214
Empresa 6504,1272349.2154,2.4717943004114432e-05,0.9676897438987366,0.40101987447698745
Empresa 7232,1271629.4368,2.4703959856881708e-05,0.9677144478585935,0.40115062761506276
Empresa 6631,1271014.7316,2.469201797181271e-05,0.9677391398765653,0.4012813807531381
Empresa 4171,1270744.6165999998,2.468677044456646e-05,0.9677638266470099,0.4014121338912134
Empresa 1329,1269683.79,2.4666161753871586e-05,0.9677884928087638,0.4015428870292887
Empresa 1643,1269485.854,2.4662316448897728e-05,0.9678131551252127,0.401673640167364
Empresa 4333,1267431.8408,2.4622413110574573e-05,0.9678377775383232,0.4018043933054393
Empresa 7437,1266840.0442,2.461091627114419e-05,0.9678623884545944,0.40193514644351463
Empresa 3128,1265909.8874000001,2.4592846104173518e-05,0.9678869813006985,0.40206589958158995
Empresa 5895,1265070.831,2.4576545745733073e-05,0.9679115578464442,0.40219665271966526
Empresa 1193,1264994.6292,2.45750653724783e-05,0.9679361329118167,0.40232740585774057
Empresa 6403,1263145.3338000001,2.4539139089236476e-05,0.967960672050906,0.4024581589958159
Empresa 136,1262361.9024,2.452391935831791e-05,0.9679851959702643,0.4025889121338912
Empresa 7191,1261589.952,2.4508922668919864e-05,0.9680097048929333,0.4027196652719665
Empresa 1024,1261525.1778,2.4507664299783182e-05,0.968034212557233,0.4028504184100418
Empresa 4444,1258454.5888,2.4448011931571366e-05,0.9680586605691646,0.40298117154811713
Empresa 6080,1258327.3544,2.4445540147402918e-05,0.9680831061093119,0.40311192468619245
Empresa 1667,1257020.0690000001,2.4420143498734298e-05,0.9681075262528106,0.40324267782426776
Empresa 3165,1256753.4072,2.4414963056844603e-05,0.9681319412158674,0.40337343096234307
Empresa 5921,1255510.5756,2.4390818552898137e-05,0.9681563320344203,0.4035041841004184
Empresa 158,1255374.6369999999,2.438817767213506e-05,0.9681807202120924,0.4036349372384937
Empresa 7235,1254395.014,2.4369146524721725e-05,0.9682050893586172,0.40376569037656906
Empresa 2995,1254109.502,2.436359987977742e-05,0.9682294529584969,0.4038964435146444
Empresa 5529,1254005.5678,2.4361580748865338e-05,0.9682538145392457,0.4040271966527197
Empresa 6509,1253796.044,2.435751032756612e-05,0.9682781720495733,0.404157949790795
Empresa 7634,1253642.6436,2.435453021621138e-05,0.9683025265797895,0.4042887029288703
Empresa 6679,1253570.9452,2.4353137330560778e-05,0.9683268797171201,0.4044194560669456
Empresa 2290,1253066.5822,2.4343339064694386e-05,0.9683512230561847,0.40455020920502094
Empresa 1581,1252611.1692000001,2.4334491751047253e-05,0.9683755575479358,0.40468096234309625
Empresa 6995,1250993.256,2.4303060532495643e-05,0.9683998606084683,0.40481171548117156
Empresa 1365,1250673.4612,2.429684787519705e-05,0.9684241574563435,0.4049424686192469
Empresa 6558,1250569.26,2.4294823557272862e-05,0.9684484522799007,0.4050732217573222
Empresa 2030,1249595.6,2.427590825312987e-05,0.9684727281881539,0.4052039748953975
Empresa 3263,1249581.0752,2.427562607967136e-05,0.9684970038142335,0.4053347280334728
Empresa 5957,1249082.7464,2.426594504027854e-05,0.9685212697592738,0.4054654811715481
Empresa 1594,1247158.0324,2.422855359901745e-05,0.9685454983128728,0.40559623430962344
Empresa 1949,1245439.0864,2.41951596150853e-05,0.9685696934724879,0.40572698744769875
Empresa 6410,1245263.8276,2.4191754860339562e-05,0.9685938852273482,0.40585774058577406
Empresa 1108,1245098.4656,2.418854237084252e-05,0.9686180737697191,0.4059884937238494
Empresa 4431,1245008.5222,2.4186795039364738e-05,0.9686422605647584,0.4061192468619247
Empresa 2640,1244878.956,2.4184277955290573e-05,0.9686664448427137,0.40625
Empresa 2268,1244871.0706,2.418412476553307e-05,0.9686906289674793,0.4063807531380753
Empresa 2957,1244372.368,2.4174436464323308e-05,0.9687148034039436,0.4065115062761506
Empresa 662,1243886.606,2.416499956030023e-05,0.9687389684035038,0.40664225941422594
Empresa 6266,1242338.0416,2.4134915581692703e-05,0.9687631033190856,0.40677301255230125
Empresa 5932,1241952.1376,2.4127418620196905e-05,0.9687872307377058,0.40690376569037656
Empresa 6296,1239298.3534000001,2.407586352368184e-05,0.9688113066012295,0.4070345188284519
Empresa 5230,1238906.4863999998,2.406825071891569e-05,0.9688353748519484,0.4071652719665272
Empresa 7544,1238548.3148,2.406129251507721e-05,0.9688594361444635,0.4072960251046025
Empresa 2451,1238009.758,2.4050829965860566e-05,0.9688834869744293,0.4074267782426778
Empresa 6383,1237831.58,2.4047368499782482e-05,0.9689075343429291,0.4075575313807531
Empresa 2044,1236683.1418,2.402505777751554e-05,0.9689315594007066,0.40768828451882844
Empresa 5167,1235437.2308,2.400085345002946e-05,0.9689555602541566,0.40781903765690375
Empresa 2224,1234997.9624,2.3992319777714274e-05,0.9689795525739343,0.40794979079497906
Empresa 1213,1234624.4294,2.3985063147779345e-05,0.9690035376370821,0.4080805439330544
Empresa 2355,1232450.5865999998,2.3942831878423455e-05,0.9690274804689606,0.4082112970711297
Empresa 132,1231315.6408,2.3920783273168227e-05,0.9690514012522338,0.408342050209205
Empresa 2416,1231224.0954,2.3919004819617818e-05,0.9690753202570533,0.4084728033472803
Empresa 5994,1228589.4462000001,2.3867821458970277e-05,0.9690991880785124,0.4086035564853556
Empresa 7558,1225530.0,2.380838556206364e-05,0.9691229964640744,0.40873430962343094
Empresa 6488,1223855.554,2.3775856080148995e-05,0.9691467723201546,0.4088650627615063
Empresa 2091,1223186.2562,2.3762853624004924e-05,0.9691705351737786,0.4089958158995816
Empresa 4218,1222065.4436,2.3741079584590456e-05,0.9691942762533632,0.40912656903765693
Empresa 4658,1219636.776,2.3693897830881535e-05,0.969217970151194,0.40925732217573224
Empresa 6763,1219378.7294,2.368888475658243e-05,0.9692416590359506,0.40938807531380755
Empresa 5670,1219255.767,2.3686495964607663e-05,0.9692653455319152,0.40951882845188287
Empresa 5089,1219101.7614,2.3683504096025485e-05,0.9692890290360112,0.4096495815899582
Empresa 6461,1218443.9445999998,2.367072468140193e-05,0.9693126997606927,0.4097803347280335
Empresa 3954,1216574.7844,2.3634412484459496e-05,0.9693363341731771,0.4099110878661088
Empresa 6058,1213768.0092,2.3579885230008246e-05,0.9693599140584072,0.4100418410041841
Empresa 1552,1213007.7356,2.3565115385939592e-05,0.9693834791737931,0.41017259414225943
Empresa 3495,1212090.3236,2.3547292812346727e-05,0.9694070264666055,0.41030334728033474
Empresa 3944,1211732.4724,2.354034083292277e-05,0.9694305668074384,0.41043410041841005
Empresa 2244,1211288.5760000001,2.353171725239776e-05,0.9694540985246909,0.41056485355648537
Empresa 850,1210751.7102,2.3521287554257783e-05,0.9694776198122451,0.4106956066945607
Empresa 4752,1208794.707,2.348326883033279e-05,0.9695011030810754,0.410826359832636
Empresa 1488,1205567.2466,2.3420568919608868e-05,0.969524523649995,0.4109571129707113
Empresa 2895,1202431.118,2.335964331282567e-05,0.9695478832933078,0.4110878661087866
Empresa 7491,1200321.5332,2.3318660384383058e-05,0.9695712019536922,0.4112186192468619
Empresa 2503,1199351.2552,2.32998107823934e-05,0.9695945017644746,0.41134937238493724
Empresa 4982,1198004.3826000001,2.327364507273001e-05,0.9696177754095473,0.41148012552301255
Empresa 2392,1196909.3800000001,2.3252372444485687e-05,0.9696410277819918,0.41161087866108786
Empresa 867,1195725.68,2.3229376690820074e-05,0.9696642571586827,0.4117416317991632
Empresa 5919,1195537.8188,2.322572710910298e-05,0.9696874828857918,0.4118723849372385
Empresa 9,1192903.6146,2.3174552393475612e-05,0.9697106574381852,0.4120031380753138
Empresa 3124,1192618.2094,2.316900782333615e-05,0.9697338264460085,0.4121338912133891
Empresa 5852,1191726.1801999998,2.3151678361694063e-05,0.9697569781243701,0.4122646443514644
Empresa 7046,1191370.1624000003,2.3144761999753234e-05,0.9697801228863698,0.41239539748953974
Empresa 6926,1190395.6302,2.3125829751370694e-05,0.9698032487161212,0.41252615062761505
Empresa 4037,1189719.2836,2.3112690358107054e-05,0.9698263614064794,0.41265690376569036
Empresa 4198,1189304.4546,2.310463147029988e-05,0.9698494660379496,0.4127876569037657
Empresa 1389,1188365.4512,2.3086389440328122e-05,0.96987255242739,0.412918410041841
Empresa 3041,1186666.6726000002,2.3053387248710306e-05,0.9698956058146387,0.4130491631799163
Empresa 3542,1186027.0118,2.3040960550909892e-05,0.9699186467751897,0.4131799163179916
Empresa 3795,1183923.0518,2.30000868955223e-05,0.9699416468620852,0.4133106694560669
Empresa 126,1183110.642,2.2984304200889937e-05,0.9699646311662861,0.41344142259414224
Empresa 6439,1182455.424,2.2971575273184206e-05,0.9699876027415593,0.41357217573221755
Empresa 5405,1182440.2228,2.297127995929503e-05,0.9700105740215186,0.41370292887029286
Empresa 3336,1182193.7818,2.2966492347122087e-05,0.9700335405138657,0.4138336820083682
Empresa 4425,1181914.1082,2.2961059124842476e-05,0.9700565015729905,0.4139644351464435
Empresa 1607,1181676.6206,2.295644545047546e-05,0.970079458018441,0.41409518828451886
Empresa 2969,1181260.2963999999,2.2948357515400498e-05,0.9701024063759563,0.41422594142259417
Empresa 3957,1178635.277,2.2897361232989547e-05,0.9701253037371893,0.4143566945606695
Empresa 6689,1178208.5398,2.2889071004442486e-05,0.9701481928081938,0.4144874476987448
Empresa 937,1176408.5682,2.285410293523687e-05,0.970171046911129,0.4146182008368201
Empresa 1058,1176200.0768,2.2850052570384457e-05,0.9701938969636994,0.4147489539748954
Empresa 3110,1174555.6772,2.2818106800232033e-05,0.9702167150704997,0.41487970711297073
Empresa 3297,1173201.204,2.2791793433624045e-05,0.9702395068639333,0.41501046025104604
Empresa 6195,1173158.4306,2.2790962474284825e-05,0.9702622978264076,0.41514121338912136
Empresa 2016,1172743.1387999998,2.2782894595656664e-05,0.9702850807210033,0.41527196652719667
Empresa 3838,1172602.679,2.2780165881488618e-05,0.9703078608868848,0.415402719665272
Empresa 6008,1172280.4456000002,2.277390584947947e-05,0.9703306347927343,0.4155334728033473
Empresa 2156,1171146.9238,2.2751884908288792e-05,0.9703533866776426,0.4156642259414226
Empresa 5950,1170519.9188,2.2739704074862164e-05,0.9703761263817174,0.4157949790794979
Empresa 487,1170519.1356,2.2739688859626652e-05,0.970398866070577,0.41592573221757323
Empresa 3578,1169791.1868,2.2725546989823512e-05,0.9704215916175668,0.41605648535564854
Empresa 5612,1169651.172,2.2722826920675638e-05,0.9704443144444875,0.41618723849372385
Empresa 6447,1169407.5612,2.2718094290831014e-05,0.9704670325387784,0.41631799163179917
Empresa 1858,1168659.267,2.270355717070547e-05,0.9704897360959491,0.4164487447698745
Empresa 5993,1168046.1637999997,2.26916464077091e-05,0.9705124277423568,0.4165794979079498
Empresa 6104,1166783.0224,2.2667107345041847e-05,0.9705350948497018,0.4167102510460251
Empresa 7072,1166037.505,2.2652624169842194e-05,0.9705577474738717,0.4168410041841004
Empresa 5739,1165100.068,2.2634412570341457e-05,0.970580381886442,0.41697175732217573
Empresa 4544,1165066.426,2.263375900681622e-05,0.9706030156454488,0.41710251046025104
Empresa 3100,1165065.1088,2.2633733417556506e-05,0.9706256493788664,0.41723326359832635
Empresa 4152,1164887.536,2.263028370870586e-05,0.9706482796625752,0.41736401673640167
Empresa 5865,1163908.9098,2.2611271926137712e-05,0.9706708909345013,0.417494769874477
Empresa 2209,1163810.3156,2.260935653546773e-05,0.9706935002910367,0.4176255230125523
Empresa 5222,1163565.2808,2.2604596241558546e-05,0.9707161048872783,0.4177562761506276
Empresa 7635,1162472.6278,2.2583369259020747e-05,0.9707386882565373,0.4178870292887029
Empresa 3230,1162065.0968,2.2575452149544446e-05,0.9707612637086869,0.41801778242677823
Empresa 837,1161748.4170000001,2.2569300007387084e-05,0.9707838330086943,0.41814853556485354
Empresa 6595,1160334.3494,2.2541828899677253e-05,0.970806374837594,0.41827928870292885
Empresa 5125,1160201.5258,2.253924853405541e-05,0.970828914086128,0.41841004184100417
Empresa 1318,1158121.4000000001,2.249883790594839e-05,0.970851412924034,0.4185407949790795
Empresa 7493,1157335.2274,2.2483564921705547e-05,0.9708738964889557,0.4186715481171548
Empresa 5265,1156526.4666,2.246785311623862e-05,0.9708963643420719,0.4188023012552301
Empresa 7592,1156391.418,2.24652295255159e-05,0.9709188295715975,0.4189330543933054
Empresa 1945,1156323.3329999999,2.2463906837429115e-05,0.9709412934784349,0.4190638075313807
Empresa 1559,1155676.2318,2.2451335594891377e-05,0.9709637448140298,0.41919456066945604
Empresa 2333,1155415.8,2.244627618328414e-05,0.9709861910902131,0.4193253138075314
Empresa 1630,1154837.5492,2.2435042498267883e-05,0.9710086261327113,0.4194560669456067
Empresa 6130,1152985.5304,2.2399063307502588e-05,0.9710310251960188,0.41958682008368203
Empresa 4829,1152568.2628,2.2390957044984855e-05,0.9710534161530638,0.41971757322175735
Empresa 4983,1152109.361,2.2382041954379546e-05,0.9710757981950182,0.41984832635983266
Empresa 4962,1150876.8,2.235809697749872e-05,0.9710981562919957,0.41997907949790797
Empresa 2967,1150350.2582,2.2347867843826802e-05,0.9711205041598395,0.4201098326359833
Empresa 43,1148760.5936,2.2316985411155904e-05,0.9711428211452506,0.4202405857740586
Empresa 7247,1148233.5,2.230674555765897e-05,0.9711651278908083,0.4203713389121339
Empresa 6877,1143715.8778000001,2.2218981658642764e-05,0.971187346872467,0.4205020920502092
Empresa 2326,1142949.2140000002,2.2204087672084395e-05,0.9712095509601391,0.42063284518828453
Empresa 6776,1142441.7182,2.2194228545275967e-05,0.9712317451886844,0.42076359832635984
Empresa 4457,1142406.403,2.2193542476474876e-05,0.9712539387311608,0.42089435146443516
Empresa 222,1140384.3052,2.2154259158998682e-05,0.9712760929903198,0.42102510460251047
Empresa 4145,1139945.8912,2.214574208512223e-05,0.971298238732405,0.4211558577405858
Empresa 7516,1139936.297,2.214555569848726e-05,0.9713203842881034,0.4212866108786611
Empresa 2068,1139742.3126,2.2141787161292556e-05,0.9713425260752647,0.4214173640167364
Empresa 1035,1139475.3126,2.213660014918753e-05,0.9713646626754139,0.4215481171548117
Empresa 6892,1139278.7828,2.2132782162477423e-05,0.9713867954575763,0.42167887029288703
Empresa 6623,1139238.6616,2.213200272745844e-05,0.9714089274603038,0.42180962343096234
Empresa 3293,1138087.2864,2.210963494805835e-05,0.9714310370952519,0.42194037656903766
Empresa 2812,1137911.5648,2.2106221202491628e-05,0.9714531433164544,0.42207112970711297
Empresa 894,1130883.484,2.196968659505832e-05,0.9714751130030495,0.4222018828451883
Empresa 2353,1130315.9309999999,2.1958660736327074e-05,0.9714970716637857,0.4223326359832636
Empresa 1327,1130071.5014,2.1953912199645326e-05,0.9715190255759854,0.4224633891213389
Empresa 1591,1129994.819,2.1952422489768765e-05,0.9715409779984752,0.4225941422594142
Empresa 3447,1128898.1076,2.193111666464697e-05,0.9715629091151398,0.42272489539748953
Empresa 4136,1127903.3902,2.19117922781493e-05,0.9715848209074179,0.42285564853556484
Empresa 7470,1127433.5414,2.1902664520047683e-05,0.971606723571938,0.42298640167364016
Empresa 7341,1125752.1,2.186999913841589e-05,0.9716285935710764,0.42311715481171547
Empresa 4968,1123876.4784,2.183356141578051e-05,0.9716504271324923,0.4232479079497908
Empresa 4329,1122678.7698,2.1810293516879787e-05,0.9716722374260092,0.4233786610878661
Empresa 2593,1122251.196,2.1801987035694802e-05,0.9716940394130449,0.4235094142259414
Empresa 4749,1121417.8,2.1785796641910986e-05,0.9717158252096868,0.4236401673640167
Empresa 1234,1121400.0,2.1785450841103984e-05,0.9717376106605279,0.42377092050209203
Empresa 7265,1121113.6158,2.1779887251920134e-05,0.9717593905477798,0.42390167364016734
Empresa 4013,1120189.7424,2.176193915263433e-05,0.9717811524869324,0.42403242677824265
Empresa 1068,1119732.1400000001,2.1753049305487932e-05,0.9718029055362379,0.42416317991631797
Empresa 3434,1119705.173,2.175252541726532e-05,0.9718246580616552,0.4242939330543933
Empresa 6336,1119513.1644,2.1748795263960193e-05,0.9718464068569191,0.4244246861924686
Empresa 7096,1117404.2916,2.170782616754987e-05,0.9718681146830866,0.42455543933054396
Empresa 1242,1116504.466,2.169034524515432e-05,0.9718898050283318,0.4246861924686193
Empresa 4090,1116364.38,2.1687623792803213e-05,0.9719114926521246,0.4248169456066946
Empresa 4224,1116033.2288000002,2.1681190514589762e-05,0.9719331738426392,0.4249476987447699
Empresa 2464,1115353.1442,2.1667978503156646e-05,0.9719548418211423,0.4250784518828452
Empresa 6209,1114049.7926,2.164265827646637e-05,0.9719764844794188,0.4252092050209205
Empresa 7220,1113797.4775999999,2.163775655002712e-05,0.9719981222359688,0.42533995815899583
Empresa 4256,1111659.84,2.1596228639512682e-05,0.9720197184646083,0.42547071129707115
Empresa 1311,1111539.2806,2.1593886530646858e-05,0.972041312351139,0.42560146443514646
Empresa 111,1110918.8438,2.1581833297718008e-05,0.9720628941844367,0.42573221757322177
Empresa 1685,1110791.378,2.157935701813907e-05,0.9720844735414549,0.4258629707112971
Empresa 6286,1110480.4476,2.1573316569642365e-05,0.9721060468580245,0.4259937238493724
Empresa 141,1110021.083,2.1564392488216077e-05,0.9721276112505127,0.4261244769874477
Empresa 1192,1109992.781,2.156384266493294e-05,0.9721491750931777,0.426255230125523
Empresa 4084,1109422.3978,2.1552761823873377e-05,0.9721707278550016,0.42638598326359833
Empresa 5037,1107421.66,2.1513893467365585e-05,0.972192241748469,0.42651673640167365
Empresa 911,1105321.4024,2.147309173854585e-05,0.9722137148402075,0.42664748953974896
Empresa 4549,1104395.9626,2.1455113208789027e-05,0.9722351699534163,0.42677824267782427
Empresa 7464,1103600.0,2.1439650034102333e-05,0.9722566096034504,0.4269089958158996
Empresa 3028,1103600.0,2.1439650034102333e-05,0.9722780492534845,0.4270397489539749
Empresa 1561,1103039.923,2.1428769411710026e-05,0.9722994780228962,0.4271705020920502
Empresa 1718,1102167.4204,2.1411819293553226e-05,0.9723208898421898,0.4273012552301255
Empresa 3302,1101906.3834000002,2.140674812471855e-05,0.9723422965903145,0.42743200836820083
Empresa 5672,1101104.2264,2.1391164611351018e-05,0.9723636877549258,0.42756276150627615
Empresa 6236,1100728.2726,2.1383860952506338e-05,0.9723850716158783,0.42769351464435146
Empresa 1284,1100250.0934000001,2.1374571359627046e-05,0.9724064461872379,0.42782426778242677
Empresa 1672,1099919.7966,2.136815467985232e-05,0.9724278143419178,0.4279550209205021
Empresa 4977,1099443.2728,2.135889724644808e-05,0.9724491732391642,0.4280857740585774
Empresa 4117,1097846.684,2.1327880297263257e-05,0.9724705011194615,0.4282165271966527
Empresa 3575,1097622.4574,2.132352424449746e-05,0.972491824643706,0.428347280334728
Empresa 2050,1097564.6252000001,2.1322400737675513e-05,0.9725131470444437,0.42847803347280333
Empresa 2883,1097440.4168,2.1319987739644254e-05,0.9725344670321834,0.42860878661087864
Empresa 2340,1095760.2926,2.1287347947272175e-05,0.9725557543801306,0.42873953974895396
Empresa 7376,1095234.0,2.127712365481156e-05,0.9725770315037855,0.42887029288702927
Empresa 5556,1094829.1212,2.1269258069655495e-05,0.9725983007618552,0.4290010460251046
Empresa 6072,1094479.013,2.1262456513582583e-05,0.9726195632183687,0.4291317991631799
Empresa 7378,1094298.61,2.125895182240362e-05,0.9726408221701911,0.4292625523012552
Empresa 1245,1091843.0822,2.121124825527694e-05,0.9726620334184464,0.4293933054393305
Empresa 3444,1091636.7624,2.120724007812298e-05,0.9726832406585245,0.42952405857740583
Empresa 7557,1090984.2322,2.1194563366339104e-05,0.9727044352218909,0.42965481171548114
Empresa 5462,1090814.4914000002,2.119126580984354e-05,0.9727256264877007,0.4297855648535565
Empresa 5694,1088531.0718,2.1146905790719754e-05,0.9727467733934914,0.4299163179916318
Empresa 4089,1088105.5628,2.1138639422428376e-05,0.9727679120329138,0.43004707112970714
Empresa 6911,1087469.5332,2.1126283267992593e-05,0.9727890383161818,0.43017782426778245
Empresa 6006,1087324.6234,2.1123468103622793e-05,0.9728101617842854,0.43030857740585776
Empresa 5452,1085922.0012,2.1096219345831872e-05,0.9728312580036312,0.4304393305439331
Empresa 5510,1084240.7734,2.106355811380976e-05,0.9728523215617451,0.4305700836820084
Empresa 4504,1083900.2238,2.1056942252770203e-05,0.9728733785039978,0.4307008368200837
Empresa 3420,1083697.0368,2.105299493655828e-05,0.9728944314989344,0.430831589958159
Empresa 1783,1082742.6364,2.1034453788888463e-05,0.9729154659527233,0.4309623430962343
Empresa 2398,1081726.915,2.101472135743853e-05,0.9729364806740807,0.43109309623430964
Empresa 4254,1081200.6758,2.1004498102380333e-05,0.9729574851721831,0.43122384937238495
Empresa 37,1080667.192,2.0994134106393687e-05,0.9729784793062894,0.43135460251046026
Empresa 2548,1080169.682,2.0984468973837992e-05,0.9729994637752633,0.4314853556485356
Empresa 6770,1079267.4,2.0966940330931077e-05,0.9730204307155942,0.4316161087866109
Empresa 4388,1076544.0,2.0914032807459823e-05,0.9730413447484016,0.4317468619246862
Empresa 4791,1076287.4308,2.0909048434627703e-05,0.9730622537968363,0.4318776150627615
Empresa 1026,1072766.217,2.0840641773185827e-05,0.9730830944386095,0.4320083682008368
Empresa 457,1071724.2406000001,2.082039928554557e-05,0.973103914837895,0.43213912133891214
Empresa 4668,1071576.5184,2.081752948464826e-05,0.9731247323673797,0.43226987447698745
Empresa 1564,1071144.548,2.0809137590663943e-05,0.9731455415049703,0.43240062761506276
Empresa 6603,1070781.4636,2.0802083945802724e-05,0.9731663435889162,0.4325313807531381
Empresa 3626,1070299.9914000002,2.079273037977414e-05,0.973187136319296,0.4326621338912134
Empresa 6681,1070166.7228,2.079014136913212e-05,0.9732079264606651,0.4327928870292887
Empresa 4832,1070158.9086,2.078998956257784e-05,0.9732287164502277,0.432923640167364
Empresa 3090,1069887.8858,2.0784724399490435e-05,0.9732495011746272,0.4330543933054393
Empresa 1670,1068613.6194,2.07599692113188e-05,0.9732702611438385,0.43318514644351463
Empresa 2927,1068000.0178,2.074804876589984e-05,0.9732910091926045,0.43331589958158995
Empresa 3003,1068000.0,2.074804842009903e-05,0.9733117572410246,0.43344665271966526
Empresa 6979,1066889.7962,2.072648047796553e-05,0.9733324837215026,0.43357740585774057
Empresa 7059,1066141.5554,2.071194439524241e-05,0.9733531956658978,0.4337081589958159
Empresa 1730,1065081.2984,2.0691346770173356e-05,0.973373887012668,0.4338389121338912
Empresa 3437,1064930.8528,2.068842406175258e-05,0.9733945754367298,0.4339696652719665
Empresa 1238,1064408.1914,2.0678270312656588e-05,0.9734152537070424,0.4341004184100418
Empresa 5509,1064116.3604000001,2.06726009084258e-05,0.9734359263079508,0.43423117154811713
Empresa 5746,1063253.6478,2.0655840980712848e-05,0.9734565821489316,0.43436192468619245
Empresa 1784,1061894.0838,2.062942871507406e-05,0.9734772115776467,0.43449267782426776
Empresa 1767,1060160.7376,2.0595754978289052e-05,0.9734978073326249,0.43462343096234307
Empresa 5451,1059179.1387999998,2.057668544698613e-05,0.9735183840180719,0.4347541841004184
Empresa 5211,1057362.2928,2.0541389558615477e-05,0.9735389254076305,0.4348849372384937
Empresa 844,1055115.381,2.0497738776946852e-05,0.9735594231464075,0.43501569037656906
Empresa 3392,1055009.4176,2.0495680224742774e-05,0.9735799188266323,0.4351464435146444
Empresa 7301,1054422.1778,2.048427191031898e-05,0.9736004030985427,0.4352771966527197
Empresa 6390,1053837.875,2.0472920653028345e-05,0.9736208760191957,0.435407949790795
Empresa 7201,1053732.0184,2.0470864175629103e-05,0.9736413468833713,0.4355387029288703
Empresa 3729,1052670.5154,2.045024234450356e-05,0.9736617971257159,0.4356694560669456
Empresa 2295,1052033.1508,2.043786025500725e-05,0.9736822349859708,0.43580020920502094
Empresa 5528,1050925.8128,2.041634798680368e-05,0.9737026513339576,0.43593096234309625
Empresa 5867,1050221.7694,2.0402670527484345e-05,0.9737230540044851,0.43606171548117156
Empresa 3841,1050139.0350000001,2.0401063245333405e-05,0.9737434550677304,0.4361924686192469
Empresa 7088,1048617.6334,2.0371506958757355e-05,0.9737638265746892,0.4363232217573222
Empresa 3365,1047932.8496,2.0358203655911194e-05,0.973784184778345,0.4364539748953975
Empresa 4800,1047850.4,2.0356601906573163e-05,0.9738045413802516,0.4365847280334728
Empresa 2603,1047225.8692,2.0344469139458703e-05,0.9738248858493911,0.4367154811715481
Empresa 129,1046634.4998000001,2.033298059924769e-05,0.9738452188299903,0.43684623430962344
Empresa 5165,1044968.4198000001,2.0300613643712337e-05,0.973865519443634,0.43697698744769875
Empresa 886,1044551.5260000001,2.0292514643011548e-05,0.973885811958277,0.43710774058577406
Empresa 2119,1042571.5252,2.0254049144443912e-05,0.9739060660074214,0.4372384937238494
Empresa 7055,1042227.3444000001,2.0247362740039728e-05,0.9739263133701614,0.4373692468619247
Empresa 1498,1042225.956,2.0247335767576782e-05,0.973946560705929,0.4375
Empresa 761,1041300.0,2.0229347209596556e-05,0.9739667900531386,0.4376307531380753
Empresa 534,1040970.7000000001,2.0222949894667027e-05,0.9739870130030333,0.4377615062761506
Empresa 7195,1040819.4,2.0220010587807513e-05,0.974007233013621,0.43789225941422594
Empresa 1845,1040798.752,2.0219609458871388e-05,0.9740274526230799,0.43802301255230125
Empresa 63,1040050.974,2.020508236696925e-05,0.9740476577054469,0.43815376569037656
Empresa 1066,1037943.7388,2.0164145084233166e-05,0.9740678218505311,0.4382845188284519
Empresa 3351,1037531.7044,2.0156140487152695e-05,0.9740879779910182,0.4384152719665272
Empresa 2439,1037349.2188,2.015259533727931e-05,0.9741081305863555,0.4385460251046025
Empresa 1565,1037122.8384,2.0148197442615864e-05,0.9741282787837982,0.4386767782426778
Empresa 1426,1036979.6730000001,2.0145416166725153e-05,0.9741484241999648,0.4388075313807531
Empresa 4766,1036501.6362000001,2.0136129340252316e-05,0.9741685603293051,0.43893828451882844
Empresa 1673,1036405.0,2.0134251987671103e-05,0.9741886945812928,0.43906903765690375
Empresa 7070,1036233.9954,2.0130929879318238e-05,0.974208825511172,0.43919979079497906
Empresa 1158,1036186.7898,2.013001281557807e-05,0.9742289555239876,0.4393305439330544
Empresa 4667,1036079.7050000001,2.012793247792315e-05,0.9742490834564655,0.4394612970711297
Empresa 4904,1035818.3832,2.0122855776275556e-05,0.9742692063122418,0.439592050209205
Empresa 5956,1034930.7328000001,2.0105611381632e-05,0.9742893119236234,0.4397228033472803
Empresa 6687,1034667.1860000001,2.0100491454883534e-05,0.9743094124150783,0.4398535564853556
Empresa 3038,1034200.4344,2.0091423866122334e-05,0.9743295038389445,0.43998430962343094
Empresa 7447,1033795.1640000001,2.008355067334852e-05,0.9743495873896179,0.4401150627615063
Empresa 2011,1032787.4347999999,2.0063973506460927e-05,0.9743696513631244,0.4402458158995816
Empresa 207,1031721.82,2.0043271795348968e-05,0.9743896946349198,0.44037656903765693
Empresa 1348,1031707.0104,2.0042984089077543e-05,0.9744097376190088,0.44050732217573224
Empresa 5604,1031395.902,2.003694018257277e-05,0.9744297745591914,0.44063807531380755
Empresa 4712,1031359.9994,2.0036242702345044e-05,0.9744498108018937,0.44076882845188287
Empresa 4161,1031242.4659999999,2.0033959379616412e-05,0.9744698447612734,0.4408995815899582
Empresa 4826,1030377.9556,2.0017164526021958e-05,0.9744898619257994,0.4410303347280335
Empresa 2752,1028735.2826,1.998525229854781e-05,0.974509847178098,0.4411610878661088
Empresa 7505,1028721.6299999999,1.9984987069328837e-05,0.9745298321651673,0.4412918410041841
Empresa 5386,1028550.1092000001,1.9981654932752573e-05,0.9745498138201001,0.44142259414225943
Empresa 6388,1027692.8256,1.9965000474285758e-05,0.9745697788205744,0.44155334728033474
Empresa 2421,1027119.2918,1.995385842648336e-05,0.9745897326790008,0.44168410041841005
Empresa 6519,1026639.9199999999,1.9944545664949996e-05,0.9746096772246657,0.44181485355648537
Empresa 6122,1026002.9292,1.9932170837270635e-05,0.974629609395503,0.4419456066945607
Empresa 2950,1025411.809,1.9920687138270917e-05,0.9746495300826413,0.442076359832636
Empresa 6694,1024676.9538,1.9906411097754663e-05,0.974669436493739,0.4422071129707113
Empresa 4452,1024107.1402,1.9895341322320927e-05,0.9746893318350613,0.4423378661087866
Empresa 4312,1024048.8452,1.9894208824677995e-05,0.974709226043886,0.4424686192468619
Empresa 6151,1023457.7250000001,1.988272512567828e-05,0.9747291087690116,0.44259937238493724
Empresa 635,1023083.1062,1.987544740189412e-05,0.9747489842164135,0.44273012552301255
Empresa 5909,1022765.1092000001,1.9869269670477035e-05,0.974768853486084,0.44286087866108786
Empresa 2808,1021669.2878,1.9847981135395593e-05,0.9747887014672194,0.4429916317991632
Empresa 7559,1021238.955,1.983962105508552e-05,0.9748085410882745,0.4431223849372385
Empresa 6742,1020811.488,1.9831316648705378e-05,0.9748283724049233,0.4432531380753138
Empresa 1447,1020267.7335999999,1.982075312565309e-05,0.9748481931580489,0.4433838912133891
Empresa 345,1020101.7308,1.9817528187326992e-05,0.9748680106862363,0.4435146443514644
Empresa 5311,1020039.3596,1.9816316501299258e-05,0.9748878270027376,0.44364539748953974
Empresa 3259,1019984.1440000001,1.981524382719594e-05,0.9749076422465648,0.44377615062761505
Empresa 6671,1019555.876,1.980692385977948e-05,0.9749274491704246,0.44390690376569036
Empresa 4632,1019484.6582,1.9805540310750664e-05,0.9749472547107354,0.4440376569037657
Empresa 3407,1019187.416,1.9799765783074544e-05,0.9749670544765184,0.444168410041841
Empresa 962,1018600.1406,1.9788356777049142e-05,0.9749868428332955,0.4442991631799163
Empresa 1925,1018584.7614,1.978805800515189e-05,0.9750066308913007,0.4444299163179916
Empresa 4139,1018194.354,1.9780473556051926e-05,0.9750264113648567,0.4445606694560669
Empresa 5428,1017767.9016,1.977218886031778e-05,0.975046183553717,0.44469142259414224
Empresa 6457,1017513.1836,1.9767240450769585e-05,0.9750659507941677,0.44482217573221755
Empresa 5770,1017423.5072,1.976549830630391e-05,0.975085716292474,0.44495292887029286
Empresa 4441,1017091.8398,1.975905499986705e-05,0.9751054753474738,0.4450836820083682
Empresa 1429,1016905.5628,1.9755436194421775e-05,0.9751252307836682,0.4452144351464435
Empresa 926,1016806.043,1.9753502822109828e-05,0.9751449842864903,0.44534518828451886
Empresa 7199,1016636.32,1.975020561141507e-05,0.9751647344921017,0.44547594142259417
Empresa 2806,1015437.7748,1.972692145987642e-05,0.9751844614135616,0.4456066945606695
Empresa 7488,1015149.8064,1.972132709442075e-05,0.975204182740656,0.4457374476987448
Empresa 6727,1013090.3286000001,1.9681317595249853e-05,0.9752238640582512,0.4458682008368201
Empresa 1487,1010954.115,1.9639817348799966e-05,0.9752435038756,0.4459989539748954
Empresa 426,1010285.9564,1.9626837023907547e-05,0.9752631307126239,0.44612970711297073
Empresa 6959,1009804.5020000001,1.9617483803679768e-05,0.9752827481964276,0.44626046025104604
Empresa 3584,1009029.1874,1.9602421757929196e-05,0.9753023506181855,0.44639121338912136
Empresa 7627,1008235.8236,1.9587009070160324e-05,0.9753219376272556,0.44652196652719667
Empresa 5821,1008043.5658,1.95832740756439e-05,0.9753415209013313,0.446652719665272
Empresa 3141,1006787.5800000001,1.9558874024901057e-05,0.9753610797753562,0.4467834728033473
Empresa 4825,1006125.6514000001,1.9546014730291086e-05,0.9753806257900866,0.4469142259414226
Empresa 5953,1003559.8882,1.949616961876664e-05,0.9754001219597053,0.4470449790794979
Empresa 6562,1003445.3096,1.9493943698971972e-05,0.9754196159034042,0.44717573221757323
Empresa 4407,1003349.7592,1.9492087440239984e-05,0.9754391079908444,0.44730648535564854
Empresa 6148,1003119.5695999999,1.948761554420384e-05,0.9754585956063886,0.44743723849372385
Empresa 7524,1001618.0327999999,1.945844517132841e-05,0.97547805405156,0.44756799163179917
Empresa 1182,1001283.375,1.945194377035597e-05,0.9754975059953304,0.4476987447698745
Empresa 3833,999037.9761999999,1.940832238175594e-05,0.9755169143177121,0.4478294979079498
Empresa 6269,998929.0401999999,1.9406206080817088e-05,0.9755363205237929,0.4479602510460251
Empresa 3446,998881.4786,1.940528210106078e-05,0.975555725805894,0.4480910041841004
Empresa 7478,996533.0,1.9359658179987405e-05,0.975575085464074,0.44822175732217573
Empresa 7620,996203.6466000001,1.9353259827655457e-05,0.9755944387239016,0.44835251046025104
Empresa 4872,994976.1052,1.93294123666022e-05,0.9756137681362682,0.44848326359832635
Empresa 2892,994922.1,1.9328363206953756e-05,0.9756330964994752,0.44861401673640167
Empresa 3448,993399.8974,1.9298791359341396e-05,0.9756523952908345,0.448744769874477
Empresa 2695,993065.56,1.9292296182783483e-05,0.9756716875870173,0.4488755230125523
Empresa 5469,990867.9542,1.9249603269350254e-05,0.9756909371902867,0.4490062761506276
Empresa 5524,990513.7342000001,1.924272183329092e-05,0.97571017991212,0.4491370292887029
Empresa 7474,990461.4199999999,1.924170552471914e-05,0.9757294216176446,0.44926778242677823
Empresa 1610,989885.7858,1.9230522672421515e-05,0.975748652140317,0.44939853556485354
Empresa 7410,986478.047,1.916432049112428e-05,0.9757678164608081,0.44952928870292885
Empresa 104,986410.4248,1.9163006793858478e-05,0.975786979467602,0.44966004184100417
Empresa 5767,986182.2466,1.9158573973313524e-05,0.9758061380415752,0.4497907949790795
Empresa 1036,984511.2894,1.9126112268357052e-05,0.9758252641538436,0.4499215481171548
Empresa 7593,984508.6549999999,1.9126061089837615e-05,0.9758443902149335,0.4500523012552301
Empresa 4812,983906.8548,1.9114369910353695e-05,0.9758635045848438,0.4501830543933054
Empresa 584,982883.2657999999,1.9094484634947066e-05,0.9758825990694788,0.4503138075313807
Empresa 5678,982828.9046,1.9093428559282485e-05,0.9759016924980382,0.45044456066945604
Empresa 3790,982227.229,1.9081739800404214e-05,0.9759207742378385,0.4505753138075314
Empresa 5523,981047.89,1.905882876793632e-05,0.9759398330666065,0.4507060669456067
Empresa 5533,980297.887,1.9044258450933306e-05,0.9759588773250574,0.45083682008368203
Empresa 5665,979060.1284,1.9020212500216832e-05,0.9759778975375576,0.45096757322175735
Empresa 3685,978980.954,1.901867437822729e-05,0.9759969162119358,0.45109832635983266
Empresa 7178,978466.0,1.900867036088073e-05,0.9760159248822967,0.45122907949790797
Empresa 96,978127.5864,1.9002095995938014e-05,0.9760349269782926,0.4513598326359833
Empresa 2700,977196.1479999999,1.8984000931309232e-05,0.9760539109792239,0.4514905857740586
Empresa 6886,977148.9602000001,1.8983084213369874e-05,0.9760728940634372,0.4516213389121339
Empresa 1968,976090.679,1.8962524972190396e-05,0.9760918565884095,0.4517520920502092
Empresa 3118,974984.7294000001,1.894103967644977e-05,0.976110797628086,0.45188284518828453
Empresa 482,974914.4016,1.8939673417461303e-05,0.9761297373015034,0.45201359832635984
Empresa 2207,974787.6122,1.893721027831303e-05,0.9761486745117818,0.45214435146443516
Empresa 375,974079.101,1.892344602299114e-05,0.9761675979578047,0.45227510460251047
Empresa 5550,972785.6996,1.8898319098951978e-05,0.9761864962769037,0.4524058577405858
Empresa 3419,972480.0202,1.8892380661693337e-05,0.9762053886575653,0.4525366108786611
Empresa 7091,971832.1536000001,1.8879794549720902e-05,0.9762242684521151,0.4526673640167364
Empresa 6650,971552.2664000001,1.8874357177831605e-05,0.9762431428092929,0.4527981171548117
Empresa 1804,968449.05,1.881407095674055e-05,0.9762619568802496,0.45292887029288703
Empresa 3807,967692.3008000001,1.8799369581231684e-05,0.9762807562498309,0.45305962343096234
Empresa 3361,967376.956,1.879324337413484e-05,0.9762995494932051,0.45319037656903766
Empresa 2611,967007.1788000001,1.878605970817019e-05,0.9763183355529133,0.45332112970711297
Empresa 7506,965673.1044000001,1.876014262928703e-05,0.9763370956955425,0.4534518828451883
Empresa 7308,964339.4216,1.8734233158021624e-05,0.9763558299287005,0.4535826359832636
Empresa 804,962941.3384,1.8707072579436485e-05,0.97637453700128,0.4537133891213389
Empresa 5888,962718.7315999999,1.8702747994544123e-05,0.9763932397492745,0.4538441422594142
Empresa 5891,962499.5602000001,1.8698490149207513e-05,0.9764119382394237,0.45397489539748953
Empresa 3791,960239.7612000002,1.8654589007754623e-05,0.9764305928284315,0.45410564853556484
Empresa 2992,959931.5898000001,1.8648602158383e-05,0.9764492414305899,0.45423640167364016
Empresa 315,959898.642,1.8647962081089237e-05,0.9764678893926709,0.45436715481171547
Empresa 4579,959629.2034,1.8642727694273653e-05,0.9764865321203652,0.4544979079497908
Empresa 6328,958835.1098,1.8627300828671696e-05,0.9765051594211939,0.4546286610878661
Empresa 7575,958038.008,1.8611815522733357e-05,0.9765237712367166,0.4547594142259414
Empresa 3212,957216.36,1.859585335748216e-05,0.9765423670900741,0.4548901673640167
Empresa 6999,956862.0688,1.8588970538219597e-05,0.9765609560606123,0.45502092050209203
Empresa 4332,956319.5426,1.8578430875422995e-05,0.9765795344914877,0.45515167364016734
Empresa 5787,955819.7542,1.8568721480364004e-05,0.976598103212968,0.45528242677824265
Empresa 1089,955818.6862,1.8568700732315583e-05,0.9766166719137004,0.45541317991631797
Empresa 229,955542.4124,1.8563333557990112e-05,0.9766352352472584,0.4555439330543933
Empresa 681,954751.2914,1.854796444112292e-05,0.9766537832116995,0.4556746861924686
Empresa 3925,954385.0742,1.854084993531967e-05,0.9766723240616348,0.45580543933054396
Empresa 1468,953562.1089999999,1.8524862180808753e-05,0.9766908489238156,0.4559361924686193
Empresa 569,952028.906,1.849507662829767e-05,0.976709344000444,0.4560669456066946
Empresa 4521,951909.5926,1.8492758725488336e-05,0.9767278367591694,0.4561976987447699
Empresa 216,951621.9446,1.848717058444719e-05,0.9767463239297539,0.4563284518828452
Empresa 2568,951084.2066,1.847672394206767e-05,0.976764800653696,0.4564592050209205
Empresa 7532,950728.26,1.846980896333006e-05,0.9767832704626593,0.45658995815899583
Empresa 2504,950482.2996,1.846503068777891e-05,0.9768017354933471,0.45672071129707115
Empresa 895,949480.6224,1.84455710931657e-05,0.9768201810644404,0.45685146443514646
Empresa 5847,948588.344,1.842823679031232e-05,0.9768386093012307,0.45698221757322177
Empresa 5995,948301.7818,1.84226697431204e-05,0.9768570319709738,0.4571129707112971
Empresa 2656,948200.6599999999,1.842070524873582e-05,0.9768754526762226,0.4572437238493724
Empresa 4463,948175.0814,1.8420208332976162e-05,0.9768938728845555,0.4573744769874477
Empresa 6701,947759.4336,1.8412133538331867e-05,0.9769122850180939,0.457505230125523
Empresa 2172,947708.1695999999,1.84111376320077e-05,0.9769306961557259,0.45763598326359833
Empresa 7369,946780.398,1.8393113802345163e-05,0.9769490892695283,0.45776673640167365
Empresa 6524,946507.3104000001,1.8387808526364145e-05,0.9769674770780546,0.45789748953974896
Empresa 2313,945125.6922,1.836096781352548e-05,0.9769858380458681,0.45802824267782427
Empresa 6966,944880.5506,1.8356205444811454e-05,0.9770041942513129,0.4581589958158996
Empresa 4251,943525.7748,1.8329886199589752e-05,0.9770225241375124,0.4582897489539749
Empresa 3733,943249.768,1.8324524212276387e-05,0.9770408486617247,0.4584205020920502
Empresa 7445,942467.992,1.8309336640832872e-05,0.9770591579983655,0.4585512552301255
Empresa 4894,941529.2021999999,1.8291098760470798e-05,0.977077449097126,0.45868200836820083
Empresa 943,940163.96,1.826457618437458e-05,0.9770957136733104,0.45881276150627615
Empresa 7306,939215.6294,1.824615295477995e-05,0.9771139598262651,0.45894351464435146
Empresa 6639,939114.561,1.8244189497797794e-05,0.977132204015763,0.45907426778242677
Empresa 134,937926.5,1.822110902293447e-05,0.9771504251247859,0.4592050209205021
Empresa 5436,937815.7306,1.82189571045125e-05,0.9771686440818904,0.4593357740585774
Empresa 4934,937593.8536,1.8214646697453223e-05,0.9771868587285879,0.4594665271966527
Empresa 1649,936707.5737999999,1.8197428929471804e-05,0.9772050561575174,0.459597280334728
Empresa 5314,935999.5431999998,1.8183674010771697e-05,0.9772232398315281,0.45972803347280333
Empresa 4172,934940.2829999999,1.8163095750547836e-05,0.9772414029272787,0.45985878661087864
Empresa 5769,934476.86,1.815409282653755e-05,0.9772595570201053,0.45998953974895396
Empresa 380,932844.9738,1.8122390154352446e-05,0.9772776794102596,0.46012029288702927
Empresa 4757,932719.6084,1.8119954679268735e-05,0.9772957993649388,0.4602510460251046
Empresa 299,931554.7942,1.8097325820259353e-05,0.9773138966907591,0.4603817991631799
Empresa 6584,930019.9892,1.8067509145675634e-05,0.9773319641999048,0.4605125523012552
Empresa 5635,929404.2338,1.8055546858359027e-05,0.9773500197467632,0.4606433054393305
Empresa 1097,927315.2436,1.801496402145012e-05,0.9773680347107846,0.46077405857740583
Empresa 5478,926181.2946,1.799293478104008e-05,0.9773860276455656,0.46090481171548114
Empresa 7116,926049.45,1.799037343446262e-05,0.977404018019,0.4610355648535565
Empresa 6192,925849.8052,1.798649493261129e-05,0.9774220045139326,0.4611663179916318
Empresa 6473,925244.0,1.7974725947945794e-05,0.9774399792398806,0.46129707112970714
Empresa 1943,925119.9696000001,1.797231640792261e-05,0.9774579515562885,0.46142782426778245
Empresa 6564,923576.1222,1.7942324066528934e-05,0.9774758938803549,0.46155857740585776
Empresa 402,923058.4626,1.793226748745971e-05,0.9774938261478424,0.4616893305439331
Empresa 1815,922205.4154,1.7915695329584967e-05,0.977511741843172,0.4618200836820084
Empresa 3108,921850.9996,1.7908810089716755e-05,0.9775296506532617,0.4619508368200837
Empresa 3205,920565.1454,1.788382978521976e-05,0.9775475344830469,0.462081589958159
Empresa 5627,920250.0854,1.7877709110935832e-05,0.9775654121921578,0.4622123430962343
Empresa 344,918875.16,1.7850998419200604e-05,0.977583263190577,0.46234309623430964
Empresa 755,918464.3894,1.7843018373977427e-05,0.9776011062089509,0.46247384937238495
Empresa 5113,916611.0,1.7807012556549995e-05,0.9776189132215075,0.46260460251046026
Empresa 2170,916406.4246,1.7803038267875124e-05,0.9776367162597754,0.4627353556485356
Empresa 143,916351.6184,1.7801973547190368e-05,0.9776545182333226,0.4628661087866109
Empresa 39,915506.1896,1.7785549392061016e-05,0.9776723037827146,0.4629968619246862
Empresa 5575,915470.5184,1.7784856407243784e-05,0.9776900886391219,0.4631276150627615
Empresa 3494,914398.7982,1.7764036086455023e-05,0.9777078526752083,0.4632583682008368
Empresa 3364,914047.7288,1.775721585713853e-05,0.9777256098910655,0.46338912133891214
Empresa 409,913558.7272,1.774771601736858e-05,0.9777433576070829,0.46351987447698745
Empresa 82,913469.6382,1.7745985284329538e-05,0.9777611035923672,0.46365062761506276
Empresa 2214,912813.6548,1.7733241487189106e-05,0.9777788368338545,0.4637813807531381
Empresa 865,912697.2072000001,1.77309792583097e-05,0.9777965678131127,0.4639121338912134
Empresa 3572,912182.1464,1.7720973166158297e-05,0.977814288786279,0.4640428870292887
Empresa 2336,908896.0172,1.76571334959745e-05,0.977831945919775,0.464173640167364
Empresa 2221,908708.2628,1.7653485989062245e-05,0.977849599405764,0.4643043933054393
Empresa 6462,908645.8025999999,1.7652272574030475e-05,0.977867251678338,0.46443514644351463
Empresa 3394,908374.6908,1.7647005681939032e-05,0.97788489868402,0.46456589958158995
Empresa 5741,908275.7762000001,1.7645084066854526e-05,0.9779025437680868,0.46469665271966526
Empresa 3020,907800.0,1.7635841157084178e-05,0.9779201796092439,0.46482740585774057
Empresa 1126,907768.9034,1.7635237043074344e-05,0.9779378148462871,0.4649581589958159
Empresa 4584,907339.87,1.7626902206223186e-05,0.9779554417484932,0.4650889121338912
Empresa 4261,906058.1454,1.7602002127513418e-05,0.9779730437506208,0.4652196652719665
Empresa 5402,905214.817,1.7585618776879292e-05,0.9779906293693976,0.4653504184100418
Empresa 5261,904895.5205999999,1.7579415802003294e-05,0.9780082087851997,0.46548117154811713
Empresa 1801,904427.6476,1.757032642779126e-05,0.9780257791116275,0.46561192468619245
Empresa 3866,904040.4619999999,1.7562804568637356e-05,0.9780433419161961,0.46574267782426776
Empresa 593,902150.1732,1.7526081906137012e-05,0.9780608679981022,0.46587343096234307
Empresa 3893,901951.1158,1.7522214815712313e-05,0.9780783902129179,0.4660041841004184
Empresa 1827,901177.1718,1.750717939662388e-05,0.9780958973923145,0.4661349372384937
Empresa 2710,900905.5438,1.7501902476309033e-05,0.9781133992947908,0.46626569037656906
Empresa 763,900859.0502,1.7500999244601148e-05,0.9781309002940354,0.4663964435146444
Empresa 7021,897298.0,1.7431818680953202e-05,0.9781483321127163,0.4665271966527197
Empresa 294,896185.4288,1.741020474731237e-05,0.9781657423174637,0.466657949790795
Empresa 5761,895145.9088,1.7390009980183476e-05,0.9781831323274438,0.4667887029288703
Empresa 417,895114.6520000001,1.7389402753966383e-05,0.9782005217301978,0.4669194560669456
Empresa 1921,894949.2544,1.738618957286772e-05,0.9782179079197707,0.46705020920502094
Empresa 2608,894581.72,1.737904947780475e-05,0.9782352869692486,0.46718096234309625
Empresa 6471,894242.007,1.7372449869403125e-05,0.978252659419118,0.46731171548117156
Empresa 7159,891495.378,1.7319091075878736e-05,0.9782699785101938,0.4674424686192469
Empresa 5260,891288.186,1.7315065954485237e-05,0.9782872935761483,0.4675732217573222
Empresa 505,890979.0,1.730905939446762e-05,0.9783046026355428,0.4677039748953975
Empresa 5726,890302.2262,1.7295911701984608e-05,0.9783218985472447,0.4678347280334728
Empresa 5938,889692.1668,1.728406007092624e-05,0.9783391826073157,0.4679654811715481
Empresa 5762,889579.1902000001,1.72818652732042e-05,0.9783564644725888,0.46809623430962344
Empresa 6142,888539.0294,1.7261658057246254e-05,0.9783737261306461,0.46822698744769875
Empresa 6013,888468.0074,1.7260278312026315e-05,0.9783909864089582,0.46835774058577406
Empresa 2586,887810.6000000001,1.7247506850821326e-05,0.978408233915809,0.4684884937238494
Empresa 2242,887389.274,1.7239321745719594e-05,0.9784254732375547,0.4686192468619247
Empresa 7500,887285.8204,1.72373119514293e-05,0.9784427105495062,0.46875
Empresa 1857,887250.5052,1.723662588262821e-05,0.9784599471753888,0.4688807531380753
Empresa 1495,886919.176,1.723018914640668e-05,0.9784771773645352,0.4690115062761506
Empresa 1111,886189.5539999999,1.721601477132768e-05,0.9784943933793065,0.46914225941422594
Empresa 4447,885550.979,1.72036091673765e-05,0.9785115969884739,0.46927301255230125
Empresa 7179,885043.9103999999,1.7193758339787443e-05,0.9785287907468136,0.46940376569037656
Empresa 1732,883099.0646,1.7155975797813636e-05,0.9785459467226114,0.4695345188284519
Empresa 5567,882974.4824,1.7153555537965432e-05,0.9785631002781494,0.4696652719665272
Empresa 3225,882877.2054000001,1.715166573655517e-05,0.978580251943886,0.4697960251046025
Empresa 1475,882233.7176000001,1.713916469158125e-05,0.9785973911085776,0.4699267782426778
Empresa 6696,882038.4872,1.7135371948330057e-05,0.9786145264805259,0.4700575313807531
Empresa 4893,881260.3068000001,1.712025422864956e-05,0.9786316467347546,0.47018828451882844
Empresa 1679,879855.2994,1.7092959133550497e-05,0.9786487396938881,0.47031903765690375
Empresa 2493,879006.72,1.7076473771678305e-05,0.9786658161676598,0.47044979079497906
Empresa 4194,878447.5152,1.7065610093525545e-05,0.9786828817777533,0.4705805439330544
Empresa 6713,877772.7528000001,1.705250147653373e-05,0.9786999342792299,0.4707112970711297
Empresa 475,876090.7774,1.7019825720877718e-05,0.9787169541049507,0.470842050209205
Empresa 4300,875976.715,1.701760982930645e-05,0.97873397171478,0.4709728033472803
Empresa 4583,875924.828,1.701660181995404e-05,0.9787509883166,0.4711035564853556
Empresa 7439,873879.4478000001,1.697686619502229e-05,0.9787679651827951,0.47123430962343094
Empresa 5566,873473.7324000001,1.69689843572283e-05,0.9787849341671523,0.4713650627615063
Empresa 2702,872922.6799999999,1.6958279055845142e-05,0.9788018924462081,0.4714958158995816
Empresa 1853,872763.904,1.6955194512646688e-05,0.9788188476407207,0.47162656903765693
Empresa 6766,871811.6574,1.6936695206874522e-05,0.9788357843359276,0.47175732217573224
Empresa 6762,871452.1151999999,1.692971037637389e-05,0.9788527140463039,0.47188807531380755
Empresa 6958,870860.0694,1.6918208695732214e-05,0.9788696322549997,0.47201882845188287
Empresa 4067,870288.7962,1.6907110564632302e-05,0.9788865393655644,0.4721495815899582
Empresa 6544,869817.6302,1.689795721727097e-05,0.9789034373227816,0.4722803347280335
Empresa 7560,869782.4752000001,1.689727426067714e-05,0.9789203345970423,0.4724110878661088
Empresa 3932,869736.0706,1.6896372757973287e-05,0.9789372309698002,0.4725418410041841
Empresa 2924,868748.0994,1.6877179429981467e-05,0.9789541081492302,0.47267259414225943
Empresa 6927,868227.9122,1.6867073747197652e-05,0.9789709752229774,0.47280334728033474
Empresa 5063,866962.1186,1.684248316021015e-05,0.9789878177061376,0.47293410041841005
Empresa 6423,866675.8234,1.6836921300030334e-05,0.9790046546274377,0.47306485355648537
Empresa 4844,866313.9138,1.682989047802238e-05,0.9790214845179157,0.4731956066945607
Empresa 6960,865974.3788,1.682329432762882e-05,0.9790383078122433,0.473326359832636
Empresa 3321,865424.1274,1.681260458728198e-05,0.9790551204168306,0.4734571129707113
Empresa 4738,864944.364,1.6803284218130864e-05,0.9790719237010488,0.4735878661087866
Empresa 6096,861791.895,1.6742041166206837e-05,0.979088665742215,0.4737186192468619
Empresa 2194,861395.2932,1.6734336378426032e-05,0.9791054000785934,0.47384937238493724
Empresa 1472,861221.0668,1.67309516801271e-05,0.9791221310302735,0.47398012552301255
Empresa 4330,860574.7666,1.6718395998625677e-05,0.979138849426272,0.47411087866108786
Empresa 6485,860560.5800000001,1.6718120395382498e-05,0.9791555675466674,0.4742416317991632
Empresa 6582,860127.061,1.670969841672797e-05,0.9791722772450842,0.4743723849372385
Empresa 3291,860071.1334,1.6708611910592373e-05,0.9791889858569948,0.4745031380753138
Empresa 1632,858523.8150000001,1.6678552138041334e-05,0.9792056644091328,0.4746338912133891
Empresa 7420,858209.289,1.6672441837781615e-05,0.9792223368509706,0.4747646443514644
Empresa 269,857066.9206,1.665024903358986e-05,0.9792389871000042,0.47489539748953974
Empresa 1201,856527.5094,1.6639769885934485e-05,0.9792556268698902,0.47502615062761505
Empresa 944,856200.3454,1.6633414067101795e-05,0.9792722602839573,0.47515690376569036
Empresa 7393,855796.41,1.6625566809388505e-05,0.9792888858507667,0.4752876569037657
Empresa 6441,855394.8242,1.6617765197381743e-05,0.979305503615964,0.475418410041841
Empresa 3477,855106.66,1.661216702811719e-05,0.9793221157829921,0.4755491631799163
Empresa 2751,854635.1736000001,1.6603007456341334e-05,0.9793387187904484,0.4756799163179916
Empresa 615,853176.0008,1.6574660089386567e-05,0.9793552934505378,0.4758106694560669
Empresa 1280,852896.4696000001,1.656922963351341e-05,0.9793718626801714,0.47594142259414224
Empresa 4200,852469.8214,1.6560941133970388e-05,0.9793884236213054,0.47607217573221755
Empresa 6517,852411.1348,1.6559801028709704e-05,0.9794049834223341,0.47620292887029286
Empresa 5532,852323.2206,1.6558093118523922e-05,0.9794215415154526,0.4763336820083682
Empresa 3157,852308.4288000001,1.6557805758053305e-05,0.9794380993212106,0.4764644351464435
Empresa 2581,851889.2744,1.654966284065003e-05,0.9794546489840513,0.47659518828451886
Empresa 1984,851199.8982,1.6536270321195664e-05,0.9794711852543725,0.47672594142259417
Empresa 2610,850142.24,1.651572318304443e-05,0.9794877009775556,0.4768566945606695
Empresa 4677,850078.0532,1.6514476225334383e-05,0.9795042154537809,0.4769874476987448
Empresa 2267,849854.0046,1.651012363057665e-05,0.9795207255774114,0.4771182008368201
Empresa 1246,849821.8044,1.6509498076916788e-05,0.9795372350754884,0.4772489539748954
Empresa 1230,848265.319,1.6479260216950143e-05,0.9795537143357054,0.47737970711297073
Empresa 3019,847324.5,1.646098291529607e-05,0.9795701753186207,0.47751046025104604
Empresa 2534,847272.88,1.6459980092955764e-05,0.9795866352987136,0.47764121338912136
Empresa 3752,847085.2502,1.645633500664916e-05,0.9796030916337203,0.47777196652719667
Empresa 13,846795.1636,1.6450699490897455e-05,0.9796195423332111,0.477902719665272
Empresa 1541,845917.8193999999,1.643365531492115e-05,0.979635975988526,0.4780334728033473
Empresa 849,845631.5064,1.6428093108940526e-05,0.979652404081635,0.4781642259414226
Empresa 3854,844654.7314,1.6409117289656315e-05,0.9796688131989246,0.4782949790794979
Empresa 4540,842917.2734000001,1.6375363672884882e-05,0.9796851885625976,0.47842573221757323
Empresa 2547,842207.3204,1.6361571407697622e-05,0.9797015501340053,0.47855648535564854
Empresa 5997,841938.3979999999,1.6356347049105437e-05,0.9797179064810544,0.47868723849372385
Empresa 522,841255.2518,1.6343075559933523e-05,0.9797342495566144,0.47881799163179917
Empresa 2375,841190.9404,1.6341826181617827e-05,0.979750591382796,0.4789487447698745
Empresa 6807,840935.2434,1.6336858753025248e-05,0.979766928241549,0.4790794979079498
Empresa 3388,840867.105,1.6335535027536047e-05,0.9797832637765765,0.4792102510460251
Empresa 5999,839829.5430000001,1.631537829849592e-05,0.979799579154875,0.4793410041841004
Empresa 7616,839087.1762000001,1.6300956330039112e-05,0.979815880111205,0.47947175732217573
Empresa 4871,838629.378,1.6292062679083833e-05,0.9798321721738841,0.47960251046025104
Empresa 6319,838404.5818,1.628769556069221e-05,0.9798484598694448,0.47973326359832635
Empresa 2754,837994.274,1.6279724506290016e-05,0.979864739593951,0.47986401673640167
Empresa 3818,836913.9029999999,1.6258736126309047e-05,0.9798809983300774,0.479994769874477
Empresa 7364,836736.6328,1.625529229607212e-05,0.9798972536223735,0.4801255230125523
Empresa 360,835359.3934000001,1.622853665023198e-05,0.9799134821590237,0.4802562761506276
Empresa 6245,835273.5796,1.6226869544541426e-05,0.9799297090285682,0.4803870292887029
Empresa 4630,835172.2442000001,1.622490090054717e-05,0.9799459339294688,0.48051778242677823
Empresa 6268,834355.42,1.6209032447314668e-05,0.9799621429619162,0.48064853556485354
Empresa 7150,833681.9569999999,1.619594907378176e-05,0.97997833891099,0.48077928870292885
Empresa 1127,832449.2002000001,1.6172000293092055e-05,0.9799945109112831,0.48091004184100417
Empresa 3517,832445.7648,1.6171933553536302e-05,0.9800106828448366,0.4810407949790795
Empresa 3455,831950.2662000001,1.61623074964718e-05,0.9800268451523331,0.4811715481171548
Empresa 4951,831695.21,1.615735251670827e-05,0.9800430025048498,0.4813023012552301
Empresa 5750,831609.3072,1.6155683682013682e-05,0.9800591581885317,0.4814330543933054
Empresa 6802,830923.135,1.6142353406704575e-05,0.9800753005419385,0.4815638075313807
Empresa 6542,829573.183,1.611612787350157e-05,0.980091416669812,0.48169456066945604
Empresa 3644,827960.9480000001,1.6084806965407396e-05,0.9801075014767774,0.4818253138075314
Empresa 5237,827053.059,1.6067169395246274e-05,0.9801235686461727,0.4819560669456067
Empresa 4687,826568.2226,1.6057750472865163e-05,0.9801396263966455,0.48208682008368203
Empresa 1521,826036.59,1.6047422440162445e-05,0.9801556738190857,0.48221757322175735
Empresa 502,825753.125,1.6041915562310944e-05,0.980171715734648,0.48234832635983266
Empresa 5118,825146.5366,1.603013136240994e-05,0.9801877458660104,0.48247907949790797
Empresa 5341,824865.3678,1.6024669092862544e-05,0.9802037705351033,0.4826098326359833
Empresa 2820,824244.0766000001,1.601259926149496e-05,0.9802197831343649,0.4827405857740586
Empresa 5112,824181.9724000001,1.6011392762479332e-05,0.9802357945271274,0.4828713389121339
Empresa 858,823866.4140000001,1.6005262405772807e-05,0.9802517997895331,0.4830020920502092
Empresa 6054,823479.6912000001,1.599774953743989e-05,0.9802677975390706,0.48313284518828453
Empresa 3370,823118.4580000001,1.5990731855862596e-05,0.9802837882709264,0.48326359832635984
Empresa 529,820847.2136,1.59466083644908e-05,0.9802997348792909,0.48339435146443516
Empresa 2304,820763.3222,1.59449786052874e-05,0.9803156798578961,0.48352510460251047
Empresa 2287,820623.4676,1.594226164834679e-05,0.9803316221195445,0.4836558577405858
Empresa 7260,820194.1672,1.593392162448352e-05,0.980347556041169,0.4837866108786611
Empresa 1190,819417.6066,1.591883537267646e-05,0.9803634748765416,0.4839173640167364
Empresa 4861,818537.7882000001,1.5901743130387984e-05,0.980379376619672,0.4840481171548117
Empresa 5133,817732.0,1.5886089073655827e-05,0.9803952627087457,0.48417887029288703
Empresa 3298,817259.0006000001,1.5876900108811374e-05,0.9804111396088545,0.48430962343096234
Empresa 1558,816966.2974,1.5871213760341036e-05,0.9804270108226149,0.48444037656903766
Empresa 5448,816119.4446,1.5854761941147126e-05,0.980442865584556,0.48457112970711297
Empresa 4765,816013.9618,1.5852712725564836e-05,0.9804587182972815,0.4847018828451883
Empresa 3934,814669.4744,1.5826593353209577e-05,0.9804745448906347,0.4848326359832636
Empresa 3362,814339.0708,1.5820174598630012e-05,0.9804903650652333,0.4849633891213389
Empresa 6593,812912.9704,1.5792469729574655e-05,0.980506157534963,0.4850941422594142
Empresa 6951,812285.2,1.578027402671332e-05,0.9805219378089897,0.48522489539748953
Empresa 4719,811401.0028,1.5763096717426322e-05,0.9805377009057071,0.48535564853556484
Empresa 3449,810883.0762,1.5753034951344993e-05,0.9805534539406585,0.48548640167364016
Empresa 3683,810136.3840000001,1.5738528953292084e-05,0.9805691924696118,0.48561715481171547
Empresa 2814,809762.139,1.573125849132487e-05,0.9805849237281031,0.4857479079497908
Empresa 2345,808731.2164,1.5711230745985757e-05,0.9806006349588491,0.4858786610878661
Empresa 881,808710.693,1.5710832037655283e-05,0.9806163457908867,0.4860094142259414
Empresa 5646,808664.235,1.570992949754901e-05,0.9806320557203843,0.4861401673640167
Empresa 1092,808510.5142,1.5706943161779743e-05,0.980647762663546,0.48627092050209203
Empresa 5557,807994.5634,1.5696919779587994e-05,0.9806634595833256,0.48640167364016734
Empresa 4335,807827.6528,1.569367720542074e-05,0.980679153260531,0.48653242677824265
Empresa 2388,807687.8872,1.5690961977484162e-05,0.9806948442225085,0.48666317991631797
Empresa 6066,806822.1664,1.567414360943483e-05,0.980710518366118,0.4867939330543933
Empresa 3167,806639.3782,1.5670592580947732e-05,0.9807261889586989,0.4869246861924686
Empresa 6499,806405.7532,1.5666053945355834e-05,0.9807418550126442,0.48705543933054396
Empresa 4835,806122.8044,1.5660557095727736e-05,0.9807575155697399,0.4871861924686193
Empresa 6669,805557.0492,1.5649566162877995e-05,0.9807731651359027,0.4873169456066946
Empresa 2677,805497.4904,1.5648409113377768e-05,0.9807888135450161,0.4874476987447699
Empresa 5613,804166.709,1.5622556007643905e-05,0.9808044361010237,0.4875784518828452
Empresa 3138,803823.3826,1.5615886201678456e-05,0.9808200519872254,0.4877092050209205
Empresa 1076,803440.0952,1.5608440072901287e-05,0.9808356604272983,0.48783995815899583
Empresa 1713,802032.2753999999,1.558109034127472e-05,0.9808512415176396,0.48797071129707115
Empresa 4692,801705.3071999999,1.5574738326250907e-05,0.9808668162559658,0.48810146443514646
Empresa 843,801598.8809999999,1.5572670783225842e-05,0.9808823889267491,0.48823221757322177
Empresa 3706,800889.6756,1.5558893041672478e-05,0.9808979478197908,0.4883629707112971
Empresa 4134,800580.2404,1.5552881640443562e-05,0.9809135007014312,0.4884937238493724
Empresa 4074,800407.7583999999,1.5549530830623713e-05,0.9809290502322618,0.4886244769874477
Empresa 5856,799311.7234,1.5528238145932588e-05,0.9809445784704077,0.488755230125523
Empresa 2505,798669.1256,1.5515754390999023e-05,0.9809600942247987,0.48888598326359833
Empresa 361,798439.8616000001,1.551130047660484e-05,0.9809756055252753,0.48901673640167365
Empresa 1074,798006.3248000001,1.550287815214951e-05,0.9809911084034274,0.48914748953974896
Empresa 6984,797472.574,1.5492508969150758e-05,0.9810066009123966,0.48927824267782427
Empresa 3099,796527.5898,1.5474150750107846e-05,0.9810220750631466,0.4894089958158996
Empresa 180,795195.5624,1.5448273438317492e-05,0.981037523336585,0.4895397489539749
Empresa 5214,795161.9738,1.544762091219468e-05,0.9810529709574972,0.4896705020920502
Empresa 4720,794517.0264,1.5435091511554587e-05,0.9810684060490088,0.4898012552301255
Empresa 5829,793961.5418,1.542430010577049e-05,0.9810838303491146,0.48993200836820083
Empresa 3363,793741.5872000001,1.542002704519837e-05,0.9810992503761599,0.49006276150627615
Empresa 1480,790810.6214000001,1.536308713851667e-05,0.9811146134632984,0.49019351464435146
Empresa 1595,790624.4156,1.5359469716274624e-05,0.9811299729330147,0.49032426778242677
Empresa 984,790558.3420000002,1.5358186103679038e-05,0.9811453311191184,0.4904550209205021
Empresa 6089,790550.2964,1.5358029801714273e-05,0.9811606891489201,0.4905857740585774
Empresa 5330,790308.1630000001,1.535332587333663e-05,0.9811760424747934,0.4907165271966527
Empresa 2940,789965.5486000001,1.534666989940346e-05,0.9811913891446928,0.490847280334728
Empresa 6190,789502.6952000001,1.5337678041018997e-05,0.9812067268227339,0.49097803347280333
Empresa 4875,789212.2348,1.5332035263450344e-05,0.9812220588579974,0.49110878661087864
Empresa 5791,788800.4495999999,1.5324035507581167e-05,0.981237382893505,0.49123953974895396
Empresa 1590,788623.4998,1.5320597901758762e-05,0.9812527034914068,0.49137029288702927
Empresa 1573,788092.6326,1.5310284738490748e-05,0.9812680137761453,0.4915010460251046
Empresa 3728,788008.5098,1.5308650483876856e-05,0.9812833224266291,0.4916317991631799
Empresa 7185,787535.3146,1.5299457715223525e-05,0.9812986218843444,0.4917625523012552
Empresa 5463,787458.3474000001,1.529796247253405e-05,0.9813139198468169,0.4918933054393305
Empresa 5989,786687.999,1.5282996905208632e-05,0.9813292028437222,0.49202405857740583
Empresa 3556,786302.6824,1.5275511355139468e-05,0.9813444783550773,0.49215481171548114
Empresa 4371,786228.6878,1.527407386118476e-05,0.9813597524289385,0.4922855648535565
Empresa 6827,785891.6804,1.5267526814505798e-05,0.9813750199557529,0.4924163179916318
Empresa 3561,785416.7942,1.5258301194775803e-05,0.9813902782569477,0.49254707112970714
Empresa 5772,785014.6032,1.52504878255416e-05,0.9814055287447733,0.49267782426778245
Empresa 3036,784624.0,1.5242899572632756e-05,0.9814207716443459,0.49280857740585776
Empresa 5589,784349.3104000001,1.5237563174579108e-05,0.9814360092075205,0.4929393305439331
Empresa 2753,784008.9032000001,1.5230950079946007e-05,0.9814512401576004,0.4930700836820084
Empresa 3023,783362.7632,1.5218397510651847e-05,0.981466458555111,0.4932008368200837
Empresa 899,783345.4616,1.5218061392267442e-05,0.9814816766165033,0.493331589958159
Empresa 1020,783265.5752000001,1.521650943824562e-05,0.9814968931259416,0.4934623430962343
Empresa 2130,783237.9496,1.5215972755393152e-05,0.981512109098697,0.49359309623430964
Empresa 3982,782534.636,1.5202309473906902e-05,0.981527311408171,0.49372384937238495
Empresa 2815,782175.8592000001,1.5195339512840979e-05,0.9815425067476838,0.49385460251046026
Empresa 4929,780130.0874000001,1.5155596280291471e-05,0.9815576623439641,0.4939853556485356
Empresa 1307,779796.3374000001,1.514911251516019e-05,0.9815728114564793,0.4941161087866109
Empresa 4696,779664.6352,1.5146553934989184e-05,0.9815879580104143,0.4942468619246862
Empresa 845,779153.8286,1.5136630489230657e-05,0.9816030946409036,0.4943776150627615
Empresa 88,779003.9348,1.5133718500634898e-05,0.9816182283594042,0.4945083682008368
Empresa 471,776049.4552,1.5076321791087149e-05,0.9816333046811953,0.49463912133891214
Empresa 1084,775446.3200000001,1.5064604676542705e-05,0.9816483692858718,0.49476987447698745
Empresa 4126,774841.9922000001,1.5052864393344194e-05,0.9816634221502651,0.49490062761506276
Empresa 888,771319.0340000001,1.4984423843423235e-05,0.9816784065741085,0.4950313807531381
Empresa 2414,770582.8972,1.4970122905248872e-05,0.9816933766970138,0.4951621338912134
Empresa 6088,769663.0644,1.4952253302746256e-05,0.9817083289503166,0.4952928870292887
Empresa 5583,769621.3412,1.4951442745654642e-05,0.9817232803930622,0.495423640167364
Empresa 6820,767950.4373999999,1.491898207810059e-05,0.9817381993751403,0.4955543933054393
Empresa 4122,767760.3868,1.4915289962884233e-05,0.9817531146651032,0.49568514644351463
Empresa 496,767757.7524,1.4915238784364798e-05,0.9817680299038876,0.49581589958158995
Empresa 6787,767461.8808,1.4909490883350818e-05,0.9817829393947709,0.49594665271966526
Empresa 3373,767398.495,1.4908259486677083e-05,0.9817978476542576,0.49607740585774057
Empresa 107,767343.493,1.4907190962183449e-05,0.9818127548452198,0.4962081589958159
Empresa 4235,767107.3582,1.4902603568677765e-05,0.9818276574487884,0.4963389121338912
Empresa 3326,766861.3265999999,1.4897823909923386e-05,0.9818425552726984,0.4964696652719665
Empresa 1757,765236.24,1.4866253333646557e-05,0.9818574215260321,0.4966004184100418
Empresa 6609,764912.28,1.4859959758959128e-05,0.981872281485791,0.49673117154811713
Empresa 7126,764910.2152000001,1.4859919646065517e-05,0.9818871414054371,0.49686192468619245
Empresa 6875,764009.3216,1.4842417975621548e-05,0.9819019838234128,0.49699267782426776
Empresa 6887,763603.7486,1.4834538904234016e-05,0.981916818362317,0.49712343096234307
Empresa 3924,763597.3940000001,1.4834415453345917e-05,0.9819316527777704,0.4972541841004184
Empresa 4432,758913.0036,1.4743411746568907e-05,0.981946396189517,0.4973849372384937
Empresa 7236,758884.7372,1.4742862614887386e-05,0.9819611390521319,0.49751569037656906
Empresa 2132,758197.408,1.4729509862525827e-05,0.9819758685619944,0.4976464435146444
Empresa 2659,757924.0,1.472419836213028e-05,0.9819905927603565,0.4977771966527197
Empresa 6572,757609.0290000001,1.4718079416850387e-05,0.9820053108397734,0.497907949790795
Empresa 674,757544.7888,1.4716831421737915e-05,0.9820200276711951,0.4980387029288703
Empresa 3730,756316.8736,1.4692976698867716e-05,0.982034720647894,0.4981694560669456
Empresa 3382,755315.3922,1.4673520908063381e-05,0.9820493941688021,0.49830020920502094
Empresa 3765,754557.7886000001,1.4658802934115778e-05,0.9820640529717363,0.49843096234309625
Empresa 5290,754518.1836,1.4658033527320198e-05,0.9820787110052636,0.49856171548117156
Empresa 6437,753212.2866,1.4632663851114521e-05,0.9820933436691147,0.4986924686192469
Empresa 1189,751676.0042000001,1.4602818475063825e-05,0.9821079464875898,0.4988232217573222
Empresa 4718,751471.3398,1.4598842457384918e-05,0.9821225453300472,0.4989539748953975
Empresa 2845,751081.8046,1.4591274952524495e-05,0.9821371366049997,0.4990847280334728
Empresa 6658,750533.6714,1.4580626362473686e-05,0.9821517172313622,0.4992154811715481
Empresa 2510,750007.6814,1.4570407948626786e-05,0.9821662876393108,0.49934623430962344
Empresa 1641,749087.3324,1.4552528317900765e-05,0.9821808401676287,0.49947698744769875
Empresa 3703,748259.0806,1.4536437860550172e-05,0.9821953766054893,0.49960774058577406
Empresa 1888,748207.1402,1.4535428813795342e-05,0.9822099120343031,0.4997384937238494
Empresa 7074,746167.1356,1.4495797620707305e-05,0.9822244078319238,0.4998692468619247
Empresa 1592,746159.1078,1.4495641664543345e-05,0.9822389034735883,0.5
Empresa 5897,746012.1154,1.4492786041479127e-05,0.9822533962596298,0.5001307531380753
Empresa 7449,745683.1714,1.4486395642565735e-05,0.9822678826552724,0.5002615062761506
Empresa 6869,745636.66,1.4485492065057042e-05,0.9822823681473375,0.5003922594142259
Empresa 3266,745492.7826,1.4482696957134047e-05,0.9822968508442946,0.5005230125523012
Empresa 5296,745021.8658,1.4473548450984012e-05,0.9823113243927456,0.5006537656903766
Empresa 1022,744757.963,1.4468421608219403e-05,0.9823257928143538,0.5007845188284519
Empresa 1697,742975.5066,1.4433793807007872e-05,0.9823402266081609,0.5009152719665272
Empresa 6076,742862.8504,1.4431605233700359e-05,0.9823546582133946,0.5010460251046025
Empresa 6523,742058.5218,1.4415979532634375e-05,0.9823690741929273,0.5011767782426778
Empresa 5159,741876.0184000001,1.4412434036960189e-05,0.9823834866269643,0.5013075313807531
Empresa 1215,741463.272,1.4404415607847433e-05,0.9823978910425721,0.5014382845188284
Empresa 5876,741430.3242,1.4403775530553673e-05,0.9824122948181027,0.5015690376569037
Empresa 3756,741327.636,1.4401780605698082e-05,0.9824266965987084,0.5016997907949791
Empresa 4915,741306.9524000001,1.4401378785160347e-05,0.9824410979774936,0.5018305439330544
Empresa 6935,740720.3,1.4389981882163186e-05,0.9824554879593758,0.5019612970711297
Empresa 5049,740462.2,1.438496777046166e-05,0.9824698729271463,0.502092050209205
Empresa 109,739139.5354,1.435927234989579e-05,0.9824842321994962,0.5022228033472803
Empresa 4440,738945.284,1.435549862568898e-05,0.9824985876981219,0.5023535564853556
Empresa 3017,738736.1696,1.4351436157808325e-05,0.9825129391342797,0.5024843096234309
Empresa 5446,738139.0152,1.4339835232335034e-05,0.9825272789695121,0.5026150627615062
Empresa 6331,738078.2994,1.433865570578235e-05,0.9825416176252179,0.5027458158995816
Empresa 4674,737898.0388,1.4335153781009844e-05,0.9825559527789989,0.5028765690376569
Empresa 6961,737674.3284,1.4330807756467449e-05,0.9825702835867554,0.5030073221757322
Empresa 1960,737634.9192,1.4330042153480747e-05,0.9825846136289088,0.5031380753138075
Empresa 4517,737517.0298,1.4327751914735975e-05,0.9825989413808236,0.5032688284518828
Empresa 5544,737368.2752,1.4324862057391863e-05,0.982613266242881,0.5033995815899581
Empresa 3068,737335.986,1.432423477472796e-05,0.9826275904776558,0.5035303347280334
Empresa 7561,736433.0454000001,1.430669333719119e-05,0.982641897170993,0.5036610878661087
Empresa 6041,736414.8182000001,1.430633923716482e-05,0.9826562035102302,0.5037918410041841
Empresa 6828,732684.4010000001,1.4233868378838256e-05,0.982670437378609,0.5039225941422594
Empresa 531,732648.0,1.4233161216187936e-05,0.9826846705398252,0.5040533472803347
Empresa 4768,732345.3465999999,1.4227281565066485e-05,0.9826988978213903,0.50418410041841
Empresa 7032,732286.304,1.4226134543789662e-05,0.9827131239559341,0.5043148535564853
Empresa 5343,731166.0966,1.4204372261602628e-05,0.9827273283281958,0.5044456066945606
Empresa 669,730045.9782,1.4182611708419628e-05,0.9827415109399041,0.5045763598326359
Empresa 2038,729589.1234,1.4173736384907124e-05,0.982755684676289,0.5047071129707112
Empresa 3766,729424.7404,1.4170542914454463e-05,0.9827698552192035,0.5048378661087866
Empresa 7484,728917.12,1.416068136704039e-05,0.9827840159005705,0.5049686192468619
Empresa 5716,728765.8912,1.4157743443384103e-05,0.9827981736440139,0.5050993723849372
Empresa 6334,728350.9732,1.4149682826572895e-05,0.9828123233268404,0.5052301255230126
Empresa 2171,727800.0098,1.4138979254193773e-05,0.9828264623060946,0.5053608786610879
Empresa 5783,727731.6044,1.4137650341692466e-05,0.9828405999564362,0.5054916317991632
Empresa 6706,727578.0082,1.413466642652885e-05,0.9828547346228628,0.5056223849372385
Empresa 1003,727129.69128,1.4125956968510395e-05,0.9828688605798312,0.5057531380753139
Empresa 36,726812.6794,1.4119798375031006e-05,0.9828829803782063,0.5058838912133892
Empresa 2680,726515.5262000001,1.4114025576358921e-05,0.9828970944037827,0.5060146443514645
Empresa 1490,726033.787,1.4104666823318228e-05,0.982911199070606,0.5061453974895398
Empresa 7319,725281.7904,1.409005777662483e-05,0.9829252891283826,0.5062761506276151
Empresa 1878,725057.5816,1.4085702069659837e-05,0.9829393748304522,0.5064069037656904
Empresa 2289,724480.3454,1.407448809528958e-05,0.9829534493185476,0.5065376569037657
Empresa 7354,722736.4082,1.4040608607024399e-05,0.9829674899271545,0.506668410041841
Empresa 2983,722149.7736000001,1.4029212049828049e-05,0.9829815191392044,0.5067991631799164
Empresa 3158,721960.1858,1.4025528925432672e-05,0.9829955446681299,0.5069299163179917
Empresa 4184,720985.618,1.4006595985448524e-05,0.9830095512641154,0.507060669456067
Empresa 2329,720649.91,1.4000074182228473e-05,0.9830235513382976,0.5071914225941423
Empresa 7553,720450.372,1.3996197755181984e-05,0.9830375475360528,0.5073221757322176
Empresa 4949,720332.5182,1.3993908208038827e-05,0.9830515414442608,0.5074529288702929
Empresa 2613,719974.1686,1.398694654619227e-05,0.983065528390807,0.5075836820083682
Empresa 6113,719845.973,1.3984456088780243e-05,0.9830795128468958,0.5077144351464435
Empresa 422,718555.2238,1.3959380689061327e-05,0.9830934722275848,0.5078451882845189
Empresa 863,717817.0044000001,1.394503929219255e-05,0.983107417266877,0.5079759414225942
Empresa 4795,716620.9334,1.3921803206966071e-05,0.9831213390700839,0.5081066945606695
Empresa 3195,716591.51,1.3921231598232097e-05,0.9831352603016822,0.5082374476987448
Empresa 7375,715832.2509999999,1.3906481464809441e-05,0.983149166783147,0.5083682008368201
Empresa 6677,715243.5872000001,1.3895045486321092e-05,0.9831630618286333,0.5084989539748954
Empresa 6456,715146.3814000001,1.3893157068114056e-05,0.9831769549857015,0.5086297071129707
Empresa 732,714551.2562,1.388159556393276e-05,0.9831908365812654,0.508760460251046
Empresa 403,714399.2798,1.3878643116642582e-05,0.983204715224382,0.5088912133891214
Empresa 4419,714297.3570000001,1.387666306122169e-05,0.9832185918874432,0.5090219665271967
Empresa 6848,713344.0958,1.3858144044803524e-05,0.983232450031488,0.509152719665272
Empresa 2175,712818.9958,1.3847942920996975e-05,0.983246297974409,0.5092834728033473
Empresa 7433,712607.158,1.3843827545592849e-05,0.9832601418019545,0.5094142259414226
Empresa 4846,712041.7232000001,1.3832842837157636e-05,0.9832739746447917,0.5095449790794979
Empresa 2709,711947.2052,1.3831006634872454e-05,0.9832878056514266,0.5096757322175732
Empresa 2149,711936.7032,1.3830802612396324e-05,0.983301636454039,0.5098064853556485
Empresa 7396,711626.2,1.3824770463118986e-05,0.9833154612245021,0.5099372384937239
Empresa 1477,711529.1544,1.3822885157119214e-05,0.9833292841096593,0.5100679916317992
Empresa 3666,710149.3696,1.3796080061763673e-05,0.983343080189721,0.5101987447698745
Empresa 6612,709661.525,1.378660269904618e-05,0.9833568667924201,0.5103294979079498
Empresa 6733,709240.0388,1.3778414481737187e-05,0.9833706452069018,0.5104602510460251
Empresa 6466,707611.054,1.3746768175083624e-05,0.9833843919750769,0.5105910041841004
Empresa 3,707247.4,1.373970346459658e-05,0.9833981316785415,0.5107217573221757
Empresa 5182,707165.9116,1.3738120388502127e-05,0.98341186979893,0.510852510460251
Empresa 4756,705177.5804,1.3699493055156814e-05,0.9834255692919852,0.5109832635983264
Empresa 2632,704006.2692,1.3676737978852879e-05,0.983439246029964,0.5111140167364017
Empresa 3551,703393.0058,1.366482410364925e-05,0.9834529108540677,0.511244769874477
Empresa 6004,702948.3796,1.3656186345291156e-05,0.983466567040413,0.5113755230125523
Empresa 6108,702698.2184,1.3651326460749555e-05,0.9834802183668737,0.5115062761506276
Empresa 3953,700064.21,1.3600155548931064e-05,0.9834938185224227,0.5116370292887029
Empresa 6738,699651.0898,1.3592129858001362e-05,0.9835074106522806,0.5117677824267782
Empresa 5610,698390.6896,1.3567644048658384e-05,0.9835209782963293,0.5118985355648535
Empresa 7075,697704.3393999999,1.3554310315341205e-05,0.9835345326066447,0.5120292887029289
Empresa 2288,697123.6499999999,1.354302925561439e-05,0.9835480756359003,0.5121600418410042
Empresa 589,696996.8606,1.354056611646612e-05,0.9835616162020168,0.5122907949790795
Empresa 5192,695906.8776,1.3519391004049373e-05,0.9835751355930208,0.5124215481171548
Empresa 1154,695827.899,1.3517856685868706e-05,0.9835886534497067,0.5125523012552301
Empresa 4683,695770.1736,1.35167352538516e-05,0.9836021701849605,0.5126830543933054
Empresa 4902,694568.9584,1.3493399232191901e-05,0.9836156635841927,0.5128138075313807
Empresa 6026,694517.3562,1.3492396755652404e-05,0.9836291559809484,0.512944560669456
Empresa 4315,694200.0,1.348623147306437e-05,0.9836426422124214,0.5130753138075314
Empresa 25,693535.5972000001,1.3473324112142228e-05,0.9836561155365335,0.5132060669456067
Empresa 7618,693383.4072,1.3470367515242363e-05,0.9836695859040487,0.513336820083682
Empresa 5388,693165.1436000001,1.346612730574691e-05,0.9836830520313545,0.5134675732217573
Empresa 1028,691911.4717999999,1.3441772209108974e-05,0.9836964938035636,0.5135983263598326
Empresa 5978,691307.7848,1.3430044374739514e-05,0.9837099238479383,0.5137290794979079
Empresa 684,690893.294,1.3421992057147674e-05,0.9837233458399954,0.5138598326359832
Empresa 3554,690043.4686,1.3405482489218995e-05,0.9837367513224846,0.5139905857740585
Empresa 698,689383.32,1.3392657774689724e-05,0.9837501439802593,0.5141213389121339
Empresa 1511,689029.2424,1.3385779105036846e-05,0.9837635297593643,0.5142520920502092
Empresa 4518,688460.6747999999,1.3374733535659598e-05,0.9837769044929,0.5143828451882845
Empresa 6559,688119.164,1.3368099001376466e-05,0.9837902725919014,0.5145135983263598
Empresa 2855,687080.1068000001,1.3347913225068553e-05,0.9838036205051265,0.5146443514644351
Empresa 1682,686730.0698,1.3341113052198867e-05,0.9838169616181787,0.5147751046025104
Empresa 51,686621.917,1.3339011966495524e-05,0.9838303006301452,0.5149058577405857
Empresa 2562,686620.6354,1.3338987068837419e-05,0.983843639617214,0.515036610878661
Empresa 7309,685348.5227999999,1.3314273722563431e-05,0.9838569538909365,0.5151673640167364
Empresa 4370,684238.3546000001,1.3292706472031548e-05,0.9838702465974085,0.5152981171548117
Empresa 5530,684017.1006,1.3288408168000516e-05,0.9838835350055766,0.515428870292887
Empresa 7119,681565.382,1.324077860224653e-05,0.9838967757841788,0.5155596234309623
Empresa 7272,681547.048,1.3240422427415317e-05,0.9839100162066062,0.5156903765690377
Empresa 6160,681431.2056,1.323817195576335e-05,0.983923254378562,0.515821129707113
Empresa 2829,681238.2002,1.3234422437613031e-05,0.9839364888009996,0.5159518828451883
Empresa 1861,681015.0059999999,1.3230086441294037e-05,0.9839497188874409,0.5160826359832636
Empresa 535,680814.8984000001,1.3226198948621727e-05,0.9839629450863895,0.516213389121339
Empresa 6629,680679.1200000001,1.322356118006592e-05,0.9839761686475695,0.5163441422594143
Empresa 2131,680351.6,1.3217198445217086e-05,0.9839893858460148,0.5164748953974896
Empresa 4129,679687.66,1.3204300075115925e-05,0.9840025901460899,0.5166056485355649
Empresa 2798,679184.8099999999,1.3194531202318128e-05,0.9840157846772922,0.5167364016736402
Empresa 5572,678988.1556,1.3190710795002376e-05,0.9840289753880872,0.5168671548117155
Empresa 434,678284.6284,1.3177043363906442e-05,0.9840421524314511,0.5169979079497908
Empresa 5202,676601.9232000001,1.3144353430417348e-05,0.9840552967848816,0.5171286610878661
Empresa 5393,676097.7916,1.3134559659961446e-05,0.9840684313445416,0.5172594142259415
Empresa 4896,675921.714,1.3131138998378586e-05,0.98408156248354,0.5173901673640168
Empresa 4537,675759.556,1.31279887530268e-05,0.984094690472293,0.5175209205020921
Empresa 6257,675491.3456,1.31227782264669e-05,0.9841078132505195,0.5176516736401674
Empresa 7194,675453.3782,1.3122040633345566e-05,0.9841209352911529,0.5177824267782427
Empresa 4792,675099.3896,1.3115163692696724e-05,0.9841340504548456,0.517913179916318
Empresa 954,674736.679,1.310811730965245e-05,0.9841471585721553,0.5180439330543933
Empresa 2480,674327.4214,1.3100166657497869e-05,0.9841602587388127,0.5181746861924686
Empresa 4436,674322.5086000001,1.3100071216475137e-05,0.9841733588100292,0.518305439330544
Empresa 6749,673717.2018,1.308831191423224e-05,0.9841864471219435,0.5184361924686193
Empresa 5266,673622.577,1.3086473637142218e-05,0.9841995335955807,0.5185669456066946
Empresa 5920,673490.4476,1.3083906757751844e-05,0.9842126175023385,0.5186976987447699
Empresa 4744,672931.5098,1.3073048266611186e-05,0.984225690550605,0.5188284518828452
Empresa 3536,672117.587,1.3057236178910229e-05,0.984238747786784,0.5189592050209205
Empresa 4803,672065.8068,1.305623024436266e-05,0.9842518040170284,0.5190899581589958
Empresa 5744,672019.42,1.3055329087459616e-05,0.9842648593461159,0.5192207112970711
Empresa 2878,671839.8536,1.3051840648918582e-05,0.9842779111867648,0.5193514644351465
Empresa 3569,671615.6092000001,1.3047484250351976e-05,0.9842909586710151,0.5194822175732218
Empresa 4438,670716.6914,1.3030020963797585e-05,0.9843039886919789,0.5196129707112971
Empresa 1681,670702.4870000001,1.30297450147536e-05,0.9843170184369936,0.5197437238493724
Empresa 3130,669760.6,1.3011446965051105e-05,0.9843300298839587,0.5198744769874477
Empresa 1323,669636.0,1.3009026359402093e-05,0.984343038910318,0.520005230125523
Empresa 2469,669527.5268,1.3006919049284225e-05,0.9843560458293673,0.5201359832635983
Empresa 498,669280.0,1.300211034326206e-05,0.9843690479397106,0.5202667364016736
Empresa 3582,668849.6672,1.2993750262951989e-05,0.9843820416899736,0.520397489539749
Empresa 2006,668603.1728000001,1.298896161337663e-05,0.984395030651587,0.5205282426778243
Empresa 3585,667762.6390000001,1.2972632553469206e-05,0.9844080032841405,0.5206589958158996
Empresa 5221,667573.158,1.2968951503878674e-05,0.9844209722356444,0.5207897489539749
Empresa 5491,665376.5312000001,1.2926277609489827e-05,0.9844338985132539,0.5209205020920502
Empresa 3903,665207.9296,1.2923002184245907e-05,0.9844468215154382,0.5210512552301255
Empresa 4958,663204.5930000001,1.2884083340820294e-05,0.9844597055987789,0.5211820083682008
Empresa 1905,663165.6644,1.288332707445538e-05,0.9844725889258534,0.5213127615062761
Empresa 6149,662903.7017999999,1.2878237923978734e-05,0.9844854671637774,0.5214435146443515
Empresa 420,662809.4686,1.287640725450647e-05,0.9844983435710319,0.5215742677824268
Empresa 2330,662284.6000000001,1.2866210626110413e-05,0.9845112097816581,0.5217050209205021
Empresa 5929,662049.6934,1.2861647092860411e-05,0.984524071428751,0.5218357740585774
Empresa 6864,661976.8914,1.2860232767559773e-05,0.9845369316615186,0.5219665271966527
Empresa 2026,661843.694,1.2857645140120981e-05,0.9845497893066587,0.522097280334728
Empresa 1060,661609.6774,1.2853098896911331e-05,0.9845626424055556,0.5222280334728033
Empresa 2854,661440.7554,1.2849817247252885e-05,0.9845754922228028,0.5223587866108786
Empresa 3381,661429.0786,1.2849590401923492e-05,0.9845883418132048,0.522489539748954
Empresa 4273,660978.0978,1.2840829192677297e-05,0.9846011826423975,0.5226202928870293
Empresa 4637,660977.457,1.2840816743848247e-05,0.9846140234591413,0.5227510460251046
Empresa 448,659739.111,1.281675938170514e-05,0.984626840218523,0.5228817991631799
Empresa 5691,659416.9844,1.281050142450083e-05,0.9846396507199475,0.5230125523012552
Empresa 4467,659259.4188,1.2807440395757252e-05,0.9846524581603433,0.5231433054393305
Empresa 4760,658861.927,1.27997183179361e-05,0.9846652578786612,0.5232740585774058
Empresa 4673,657552.826,1.2774286397585162e-05,0.9846780321650588,0.5234048117154811
Empresa 3371,656874.4324,1.2761107237228717e-05,0.984690793272296,0.5235355648535565
Empresa 791,656751.4344,1.2758717753652335e-05,0.9847035519900497,0.5236663179916318
Empresa 6203,656062.4498000001,1.2745332841815723e-05,0.9847162973228915,0.5237970711297071
Empresa 610,655847.052,1.2741148306250195e-05,0.9847290384711977,0.5239278242677824
Empresa 4950,655620.28,1.2736742803968994e-05,0.9847417752140017,0.5240585774058577
Empresa 2826,654391.457,1.2712870445257635e-05,0.984754488084447,0.524189330543933
Empresa 2406,654181.2034,1.2708785846125331e-05,0.9847671968702931,0.5243200836820083
Empresa 4519,654052.5628,1.270628674369313e-05,0.9847799031570368,0.5244508368200836
Empresa 4271,653968.4222,1.2704652143278434e-05,0.9847926078091801,0.524581589958159
Empresa 6977,653703.309,1.269950178605895e-05,0.9848053073109662,0.5247123430962343
Empresa 6401,653581.4858,1.2697135125335833e-05,0.9848180044460915,0.5248430962343096
Empresa 1774,653254.7846,1.2690788297324124e-05,0.9848306952343888,0.5249738493723849
Empresa 2178,653181.3062,1.268936083159282e-05,0.9848433845952204,0.5251046025104602
Empresa 797,652970.8924,1.2685273120253254e-05,0.9848560698683406,0.5252353556485355
Empresa 199,652520.7660000001,1.2676528509445797e-05,0.9848687463968501,0.5253661087866108
Empresa 3657,652425.9631999999,1.2674686774347702e-05,0.9848814210836244,0.5254968619246861
Empresa 2722,651954.7082,1.2665531697982336e-05,0.9848940866153224,0.5256276150627615
Empresa 2346,650843.8814,1.264395165282059e-05,0.9849067305669752,0.5257583682008368
Empresa 2233,649915.3088,1.2625912262121737e-05,0.9849193564792373,0.5258891213389121
Empresa 6358,649883.8384,1.2625300886294958e-05,0.9849319817801236,0.5260198744769874
Empresa 5235,649289.265,1.2613750101938681e-05,0.9849445955302256,0.5261506276150628
Empresa 4797,649046.9180000001,1.2609042023951355e-05,0.9849572045722496,0.5262813807531381
Empresa 803,647947.5721999999,1.2587685020310124e-05,0.9849697922572699,0.5264121338912134
Empresa 4485,647863.9834,1.2586061139720446e-05,0.9849823783184096,0.5265428870292888
Empresa 2740,647704.7980000001,1.2582968643103432e-05,0.9849949612870528,0.5266736401673641
Empresa 4567,647682.6904000001,1.2582539158501135e-05,0.9850075438262113,0.5268043933054394
Empresa 3341,647508.8734,1.2579162413620763e-05,0.9850201229886248,0.5269351464435147
Empresa 4217,647439.2220000001,1.2577809295062966e-05,0.9850327007979199,0.52706589958159
Empresa 6362,647068.6438000001,1.2570610068062e-05,0.985045271407988,0.5271966527196653
Empresa 1476,646706.6986000001,1.2563578554452428e-05,0.9850578349865425,0.5273274058577406
Empresa 297,646544.06,1.2560418972478854e-05,0.985070395405515,0.5274581589958159
Empresa 3589,646330.1752,1.255626382998192e-05,0.985082951669345,0.5275889121338913
Empresa 2420,645774.477,1.2545468274588135e-05,0.9850954971376196,0.5277196652719666
Empresa 7024,645501.3538,1.2540162307005503e-05,0.9851080372999266,0.5278504184100419
Empresa 5866,644559.449,1.2521863911502204e-05,0.9851205591638381,0.5279811715481172
Empresa 2711,644436.8960000001,1.2519483072945997e-05,0.985133078646911,0.5281119246861925
Empresa 3461,644397.9318,1.251872611497947e-05,0.985145597373026,0.5282426778242678
Empresa 203,643676.4800000001,1.2504710462470888e-05,0.9851581020834884,0.5283734309623431
Empresa 4016,643139.7744,1.2494283876538173e-05,0.9851705963673649,0.5285041841004184
Empresa 704,642927.723,1.2490164351524361e-05,0.9851830865317165,0.5286349372384938
Empresa 7360,642847.1602,1.2488599257071874e-05,0.9851955751309736,0.5287656903765691
Empresa 3209,642572.5774000001,1.2483264933823066e-05,0.9852080583959074,0.5288964435146444
Empresa 5521,641678.7326,1.2465900200498669e-05,0.985220524296108,0.5290271966527197
Empresa 7351,641407.87,1.2460638149618525e-05,0.9852329849342576,0.529157949790795
Empresa 6505,641172.4472,1.2456064588145122e-05,0.9852454409988457,0.5292887029288703
Empresa 1388,640480.3298,1.2442618815366476e-05,0.9852578836176611,0.5294194560669456
Empresa 5251,639724.5062,1.2427935421499572e-05,0.9852703115530826,0.5295502092050209
Empresa 1055,639391.8242,1.2421472404416712e-05,0.9852827330254871,0.5296809623430963
Empresa 1661,638009.2270000001,1.2394612672533666e-05,0.9852951276381596,0.5298117154811716
Empresa 4358,637685.0,1.238831391083413e-05,0.9853075159520704,0.5299424686192469
Empresa 6715,637469.2818,1.2384123150854078e-05,0.9853199000752213,0.5300732217573222
Empresa 2672,637248.4906,1.2379833837644029e-05,0.9853322799090589,0.5302039748953975
Empresa 5415,636982.345,1.237466342397774e-05,0.9853446545724829,0.5303347280334728
Empresa 3340,636820.6498,1.2371522169446937e-05,0.9853570260946524,0.5304654811715481
Empresa 163,636579.8336,1.2366843830329013e-05,0.9853693929384827,0.5305962343096234
Empresa 634,636555.946,1.2366379765646015e-05,0.9853817593182483,0.5307269874476988
Empresa 5944,636402.688,1.236340242069773e-05,0.9853941227206691,0.5308577405857741
Empresa 5443,636033.1422,1.2356223250143571e-05,0.9854064789439192,0.5309884937238494
Empresa 440,635832.6429999999,1.2352328149853502e-05,0.9854188312720691,0.5311192468619247
Empresa 6635,635757.171,1.2350861954431816e-05,0.9854311821340235,0.53125
Empresa 4704,635627.8896,1.2348350403170563e-05,0.9854435304844267,0.5313807531380753
Empresa 7565,634749.068,1.2331277525727277e-05,0.9854558617619524,0.5315115062761506
Empresa 3931,634023.8248,1.2317188217646801e-05,0.98546817895017,0.5316422594142259
Empresa 6442,633680.0,1.231050872925876e-05,0.9854804894588993,0.5317730125523012
Empresa 632,633385.6236,1.2304789875512566e-05,0.9854927942487748,0.5319037656903766
Empresa 6061,631888.6969999999,1.2275709065046147e-05,0.9855050699578398,0.5320345188284519
Empresa 6530,630363.8243999999,1.2246085347312736e-05,0.9855173160431872,0.5321652719665272
Empresa 6434,630355.3338,1.2245920400327799e-05,0.9855295619635874,0.5322960251046025
Empresa 6185,629679.2186,1.2232785502474647e-05,0.9855417947490899,0.5324267782426778
Empresa 4142,629630.144,1.2231832129649742e-05,0.9855540265812195,0.5325575313807531
Empresa 4342,629589.56,1.223104370380978e-05,0.9855662576249233,0.5326882845188284
Empresa 4883,628982.0994000001,1.2219242559669235e-05,0.985578476867483,0.5328190376569037
Empresa 225,628779.66,1.2215309767091205e-05,0.9855906921772501,0.5329497907949791
Empresa 4434,628392.2964,1.2207784449929234e-05,0.9856028999617,0.5330805439330544
Empresa 5977,627973.4802000001,1.2199648102741296e-05,0.9856150996098028,0.5332112970711297
Empresa 6759,627662.4074,1.2193604887838133e-05,0.9856272932146906,0.533342050209205
Empresa 4191,627428.996,1.218907040185592e-05,0.9856394822850925,0.5334728033472803
Empresa 4297,626229.4362,1.216576653967127e-05,0.9856516480516321,0.5336035564853556
Empresa 6507,625908.1106,1.2159524143503278e-05,0.9856638075757755,0.5337343096234309
Empresa 317,625892.055,1.2159212231175362e-05,0.9856759667880067,0.5338650627615062
Empresa 7122,625301.3263999999,1.2147736139793397e-05,0.9856881145241465,0.5339958158995816
Empresa 5948,625180.233,1.2145383656903366e-05,0.9857002599078034,0.5341265690376569
Empresa 6293,625165.726,1.214510182924566e-05,0.9857124050096326,0.5342573221757322
Empresa 2347,624921.4744000001,1.2140356750571984e-05,0.9857245453663832,0.5343880753138075
Empresa 5281,624466.1682,1.2131511511729687e-05,0.9857366768778949,0.5345188284518828
Empresa 2321,624352.0702,1.2129294928556807e-05,0.9857488061728235,0.5346495815899581
Empresa 7065,623981.2962,1.2122091897746962e-05,0.9857609282647212,0.5347803347280334
Empresa 5628,623387.9688,1.2110565319447178e-05,0.9857730388300406,0.5349110878661087
Empresa 7294,623339.2858,1.2109619554240026e-05,0.9857851484495949,0.5350418410041841
Empresa 5152,623143.0942,1.2105808137745256e-05,0.9857972542577326,0.5351725941422594
Empresa 6468,623100.5700000001,1.210498201961733e-05,0.9858093592397522,0.5353033472803347
Empresa 1971,623061.2676,1.210421849143547e-05,0.9858214634582436,0.53543410041841
Empresa 3126,622702.4908,1.2097248530369544e-05,0.985833560706774,0.5355648535564853
Empresa 5840,622697.8271999999,1.2097157930558108e-05,0.9858456578647046,0.5356956066945606
Empresa 4508,622188.1954000001,1.2087257307652845e-05,0.9858577451220122,0.5358263598326359
Empresa 7249,621876.108,1.2081194382103685e-05,0.9858698263163943,0.5359571129707112
Empresa 1461,621060.8502,1.2065356359342202e-05,0.9858818916727536,0.5360878661087866
Empresa 455,620949.084,1.206318507607504e-05,0.9858939548578297,0.5362186192468619
Empresa 4399,620800.8278,1.206030490115352e-05,0.9859060151627309,0.5363493723849372
Empresa 5021,620719.82,1.2058731161680856e-05,0.9859180738938926,0.5364801255230126
Empresa 2910,620661.2402,1.2057593131225014e-05,0.9859301314870239,0.5366108786610879
Empresa 5277,620408.8006000001,1.2052688984180119e-05,0.9859421841760081,0.5367416317991632
Empresa 5225,619851.002,1.2041852624291107e-05,0.9859542260286324,0.5368723849372385
Empresa 5120,619119.7958,1.2027647472940285e-05,0.9859662536761054,0.5370031380753139
Empresa 1574,619003.3126000001,1.2025384552459269e-05,0.9859782790606578,0.5371338912133892
Empresa 7310,618908.4029999999,1.2023540742556333e-05,0.9859903026014004,0.5372646443514645
Empresa 887,618792.97,1.2021298224322928e-05,0.9860023238996247,0.5373953974895398
Empresa 3173,618642.7736000001,1.201838035711345e-05,0.9860143422799819,0.5375261506276151
Empresa 4244,618396.8844,1.2013603464765528e-05,0.9860263558834467,0.5376569037656904
Empresa 3558,617598.8036,1.1998099139782801e-05,0.9860383539825864,0.5377876569037657
Empresa 4963,617296.2036,1.1992220526063774e-05,0.9860503462031125,0.537918410041841
Empresa 643,616611.6156,1.1978921027026491e-05,0.9860623251241395,0.5380491631799164
Empresa 6949,615904.4038000001,1.196518201516351e-05,0.9860742903061547,0.5381799163179917
Empresa 4158,615459.4394,1.1956537686590082e-05,0.9860862468438413,0.538310669456067
Empresa 5843,615458.14,1.1956512443131169e-05,0.9860982033562844,0.5384414225941423
Empresa 4363,614393.9492,1.1935838396083769e-05,0.9861101391946805,0.5385721757322176
Empresa 4867,614350.7842,1.193499982912679e-05,0.9861220741945096,0.5387029288702929
Empresa 1478,613499.6772,1.1918465363540006e-05,0.9861339926598731,0.5388336820083682
Empresa 2629,612818.4,1.1905230183452825e-05,0.9861458978900566,0.5389644351464435
Empresa 916,612776.8548,1.1904423084369283e-05,0.986157802313141,0.5390951882845189
Empresa 3874,612758.325,1.1904063105729192e-05,0.9861697063762467,0.5392259414225942
Empresa 2002,612535.38,1.18997319506215e-05,0.9861816061081973,0.5393566945606695
Empresa 1422,612469.1106,1.1898444534217032e-05,0.9861935045527315,0.5394874476987448
Empresa 6636,612352.752,1.1896184034341661e-05,0.9862054007367658,0.5396182008368201
Empresa 1516,611534.842,1.1880294487259935e-05,0.9862172810312531,0.5397489539748954
Empresa 1469,611519.2492,1.1879991565753e-05,0.9862291610228188,0.5398797071129707
Empresa 5657,610611.7339999999,1.1862361257408829e-05,0.9862410233840762,0.540010460251046
Empresa 4373,610094.8754,1.1852320239375924e-05,0.9862528757043155,0.5401412133891214
Empresa 3786,607405.0462,1.1800064896226675e-05,0.9862646757692117,0.5402719665271967
Empresa 891,607249.5454000001,1.1797043980376711e-05,0.9862764728131921,0.540402719665272
Empresa 3343,605542.2228,1.1763875804371532e-05,0.9862882366889965,0.5405334728033473
Empresa 473,605201.78,1.175726201813682e-05,0.9862999939510146,0.5406642259414226
Empresa 1117,605134.3892,1.175595281628151e-05,0.986311749903831,0.5407949790794979
Empresa 7019,605090.53,1.1755100763093058e-05,0.9863235050045941,0.5409257322175732
Empresa 4420,603993.0176,1.173377937693495e-05,0.986335238783971,0.5410564853556485
Empresa 608,603826.9258,1.1730552709604817e-05,0.9863469693366806,0.5411872384937239
Empresa 1698,603593.5322,1.1726018569423413e-05,0.9863586953552501,0.5413179916317992
Empresa 5318,603208.091,1.1718530598748598e-05,0.9863704138858489,0.5414487447698745
Empresa 5107,602634.308,1.17073837097349e-05,0.9863821212695586,0.5415794979079498
Empresa 604,602632.884,1.170735604567034e-05,0.9863938286256043,0.5417102510460251
Empresa 4900,602135.2672,1.1697688838309803e-05,0.9864055263144427,0.5418410041841004
Empresa 6513,601827.7366,1.1691714437767234e-05,0.9864172180288805,0.5419717573221757
Empresa 2785,601624.3716,1.168776366354724e-05,0.986428905792544,0.542102510460251
Empresa 5116,601368.3898,1.168279070214175e-05,0.9864405885832462,0.5422332635983264
Empresa 2226,601168.2644,1.167890286366863e-05,0.9864522674861099,0.5423640167364017
Empresa 6480,600262.28,1.166130229419386e-05,0.9864639287884042,0.542494769874477
Empresa 3889,599914.9486,1.1654554683046838e-05,0.9864755833430872,0.5426255230125523
Empresa 7641,599219.2,1.1641038366903563e-05,0.9864872243814541,0.5427562761506276
Empresa 6700,599217.5624,1.1641006553229321e-05,0.9864988653880074,0.5428870292887029
Empresa 4325,599064.3756,1.1638030591484264e-05,0.9865105034185988,0.5430177824267782
Empresa 7153,598027.668,1.1617890460882872e-05,0.9865221213090597,0.5431485355648535
Empresa 6489,597910.9,1.1615622007588942e-05,0.9865337369310673,0.5432792887029289
Empresa 6007,597508.7268000001,1.1607808984155548e-05,0.9865453447400514,0.5434100418410042
Empresa 6943,597441.2292,1.1606497707495396e-05,0.9865569512377589,0.5435407949790795
Empresa 4484,597148.6328,1.1600813433829904e-05,0.9865685520511928,0.5436715481171548
Empresa 7244,595697.1673999999,1.1572615798624566e-05,0.9865801246669914,0.5438023012552301
Empresa 4202,595540.207,1.1569566527108429e-05,0.9865916942335186,0.5439330543933054
Empresa 6565,594780.3072,1.1554803944856721e-05,0.9866032490374634,0.5440638075313807
Empresa 5030,594272.1172,1.1544931331816822e-05,0.9866147939687953,0.544194560669456
Empresa 7608,594269.4116,1.1544878770094158e-05,0.9866263388475653,0.5443253138075314
Empresa 6429,593464.905,1.1529249611020105e-05,0.9866378680971764,0.5444560669456067
Empresa 7061,592624.9764,1.1512932308340119e-05,0.9866493810294847,0.544586820083682
Empresa 7481,592188.2,1.150444704813791e-05,0.9866608854765329,0.5447175732217573
Empresa 1139,592052.1902000001,1.1501804784171613e-05,0.986672387281317,0.5448483263598326
Empresa 3560,591400.3542000001,1.1489141558619213e-05,0.9866838764228756,0.5449790794979079
Empresa 1715,590643.4982,1.1474438108305502e-05,0.9866953508609839,0.5451098326359832
Empresa 6672,589865.0329999999,1.145931485581209e-05,0.9867068101758397,0.5452405857740585
Empresa 7504,589854.887,1.14591177493521e-05,0.9867182692935891,0.5453713389121339
Empresa 6981,589106.6640000001,1.1444582012429788e-05,0.9867297138756015,0.5455020920502092
Empresa 3347,588414.0126,1.1431125865626931e-05,0.9867411450014671,0.5456328451882845
Empresa 3951,587978.5,1.1422665157282022e-05,0.9867525676666244,0.5457635983263598
Empresa 4216,587826.577,1.1419713747394263e-05,0.9867639873803719,0.5458943514644351
Empresa 2168,587825.687,1.1419696457353913e-05,0.9867754070768292,0.5460251046025104
Empresa 3625,587825.3132,1.1419689195536965e-05,0.9867868267660247,0.5461558577405857
Empresa 349,587460.5556000001,1.1412603045399888e-05,0.9867982393690701,0.546286610878661
Empresa 3507,587168.6,1.1406931220563446e-05,0.9868096463002907,0.5464173640167364
Empresa 6490,587083.2134,1.1405272414092259e-05,0.9868210515727047,0.5465481171548117
Empresa 5176,586980.8812,1.1403284405252806e-05,0.98683245485711,0.546678870292887
Empresa 3593,585529.8608,1.1375095415067647e-05,0.9868438299525251,0.5468096234309623
Empresa 2780,585403.8546000001,1.1372647491154882e-05,0.9868552026000162,0.5469403765690377
Empresa 6381,585254.5482,1.1369746913985752e-05,0.9868665723469302,0.547071129707113
Empresa 4470,584779.2704,1.1360513686638002e-05,0.9868779328606169,0.5472018828451883
Empresa 416,584426.1184,1.135365299862709e-05,0.9868892865136155,0.5473326359832636
Empresa 5074,584276.99,1.1350755879466029e-05,0.986900637269495,0.547463389121339
Empresa 3533,584061.877,1.1346576876713412e-05,0.9869119838463717,0.5475941422594143
Empresa 2232,583919.2456,1.1343805974846909e-05,0.9869233276523466,0.5477248953974896
Empresa 7291,583484.3916000001,1.133535806113186e-05,0.9869346630104077,0.5478556485355649
Empresa 2721,583103.2224000001,1.1327953082650728e-05,0.9869459909634903,0.5479864016736402
Empresa 7312,581804.6768,1.1302726222178342e-05,0.9869572936897125,0.5481171548117155
Empresa 2057,581634.0104,1.129941068404081e-05,0.9869685931003965,0.5482479079497908
Empresa 6267,581494.4762,1.1296699951514724e-05,0.986979889800348,0.5483786610878661
Empresa 1512,581431.9092,1.1295484461678112e-05,0.9869911852848097,0.5485094142259415
Empresa 838,581356.2413999999,1.1294014462447547e-05,0.9870024792992721,0.5486401673640168
Empresa 3484,581298.6228,1.1292895105235285e-05,0.9870137721943774,0.5487709205020921
Empresa 3304,580977.76,1.1286661699888272e-05,0.9870250588560773,0.5489016736401674
Empresa 3369,579797.4242,1.1263731302575187e-05,0.9870363225873798,0.5490324267782427
Empresa 4146,578147.3108,1.1231674530363712e-05,0.9870475542619102,0.549163179916318
Empresa 218,578104.4484,1.1230841842020452e-05,0.9870587851037522,0.5492939330543933
Empresa 2517,577275.36,1.1214735132031928e-05,0.9870699998388842,0.5494246861924686
Empresa 418,577204.427,1.1213357115816027e-05,0.9870812131960001,0.549555439330544
Empresa 5210,576526.1936,1.1200181067666843e-05,0.9870924133770678,0.5496861924686193
Empresa 5109,576448.3008,1.1198667843335404e-05,0.9871036120449111,0.5498169456066946
Empresa 3284,576211.2048,1.119406177658614e-05,0.9871148061066878,0.5499476987447699
Empresa 6819,575938.4732,1.1188763416621264e-05,0.9871259948701044,0.5500784518828452
Empresa 841,575551.4656,1.1181245015475433e-05,0.9871371761151199,0.5502092050209205
Empresa 1525,575263.3904,1.117564857521492e-05,0.9871483517636951,0.5503399581589958
Empresa 5191,575207.0,1.1174553078258337e-05,0.9871595263167734,0.5504707112970711
Empresa 2972,575192.137,1.1174264334584491e-05,0.987170700581108,0.5506014644351465
Empresa 1394,574891.2636,1.116841926354374e-05,0.9871818690003715,0.5507322175732218
Empresa 2775,574456.5164000001,1.1159973424633535e-05,0.9871930289737961,0.5508629707112971
Empresa 5814,574326.4696,1.1157447003937578e-05,0.9872041864208001,0.5509937238493724
Empresa 2691,573171.4454,1.113500833537205e-05,0.9872153214291355,0.5511244769874477
Empresa 1914,572961.9394,1.1130938259873641e-05,0.9872264523673954,0.551255230125523
Empresa 2415,572930.2732,1.1130323080237985e-05,0.9872375826904756,0.5513859832635983
Empresa 5044,572362.5422,1.1119293763498666e-05,0.9872487019842391,0.5515167364016736
Empresa 4385,571404.5818,1.1100683455667453e-05,0.9872598026676948,0.551647489539749
Empresa 4789,570844.1666,1.1089796263059811e-05,0.9872708924639578,0.5517782426778243
Empresa 4563,570765.9356,1.1088276468513039e-05,0.9872819807404264,0.5519089958158996
Empresa 149,569870.649,1.1070883725323277e-05,0.9872930516241517,0.5520397489539749
Empresa 5976,568774.3292,1.104958550781924e-05,0.9873041012096595,0.5521705020920502
Empresa 7198,567426.6734,1.1023404582920335e-05,0.9873151246142424,0.5523012552301255
Empresa 44,566515.6338,1.1005705806016377e-05,0.9873261303200485,0.5524320083682008
Empresa 5106,565862.0,1.0993007654582471e-05,0.9873371233277031,0.5525627615062761
Empresa 4869,565737.5246,1.0990589469539109e-05,0.9873481139171726,0.5526935146443515
Empresa 3509,565635.317,1.0988603881305305e-05,0.9873591025210539,0.5528242677824268
Empresa 1,565425.5262,1.0984528272993982e-05,0.9873700870493268,0.5529550209205021
Empresa 2021,565256.6576,1.0981247660737958e-05,0.9873810682969876,0.5530857740585774
Empresa 7382,564977.5536,1.0975825504084172e-05,0.9873920441224917,0.5532165271966527
Empresa 6353,564808.4892000001,1.0972541088019272e-05,0.9874030166635798,0.553347280334728
Empresa 6901,564690.9914,1.0970258456892254e-05,0.9874139869220366,0.5534780334728033
Empresa 1716,563891.7358,1.0954731309056264e-05,0.9874249416533457,0.5536087866108786
Empresa 4514,563706.954,1.0951141550878782e-05,0.9874358927948966,0.553739539748954
Empresa 6969,563595.348,1.094897337981888e-05,0.9874468417682765,0.5538702928870293
Empresa 5740,563575.3764,1.0948585391313424e-05,0.9874577903536678,0.5540010460251046
Empresa 2724,563184.257,1.0940987110181177e-05,0.987468731340778,0.5541317991631799
Empresa 1173,563033.5266,1.0938058868947487e-05,0.9874796693996469,0.5542625523012552
Empresa 3441,562652.66,1.0930659769080073e-05,0.987490600059416,0.5543933054393305
Empresa 2479,562019.7453999999,1.0918364129785514e-05,0.9875015184235458,0.5545240585774058
Empresa 3424,561906.3238,1.09161606870433e-05,0.9875124345842329,0.5546548117154811
Empresa 5887,561795.5544,1.091400876862133e-05,0.9875233485930015,0.5547855648535565
Empresa 1456,561568.3908,1.0909595658722376e-05,0.9875342581886603,0.5549163179916318
Empresa 4762,561404.5952,1.0906413599696345e-05,0.9875451646022599,0.5550470711297071
Empresa 4943,560800.2318000001,1.089467262489622e-05,0.9875560592748849,0.5551778242677824
Empresa 994,560427.6244,1.0887433976603252e-05,0.9875669467088615,0.5553085774058577
Empresa 5350,559461.1912,1.0868659067587906e-05,0.9875778153679291,0.555439330543933
Empresa 7082,559439.7422,1.0868242377615467e-05,0.9875886836103067,0.5555700836820083
Empresa 7320,559127.0674,1.0862168040639678e-05,0.9875995457783474,0.5557008368200836
Empresa 4144,558950.9364,1.0858746341654396e-05,0.9876104045246891,0.555831589958159
Empresa 3473,558283.6322,1.084578261520071e-05,0.9876212503073043,0.5559623430962343
Empresa 4906,558148.37,1.0843154874868306e-05,0.9876320934621792,0.5560930962343096
Empresa 53,557855.1328,1.083745815237376e-05,0.9876429309203315,0.5562238493723849
Empresa 5243,557455.06,1.0829685933435591e-05,0.987653760606265,0.5563546025104602
Empresa 515,557447.4594,1.0829538276491003e-05,0.9876645901445414,0.5564853556485355
Empresa 5820,557414.5116,1.082889819919724e-05,0.9876754190427406,0.5566161087866108
Empresa 387,557317.3058,1.0827009780990205e-05,0.9876862460525215,0.5567468619246861
Empresa 7473,557211.2,1.0824948462379668e-05,0.9876970710009839,0.5568776150627615
Empresa 5760,557133.4318,1.0823437658653879e-05,0.9877078944386426,0.5570083682008368
Empresa 6024,556966.5212,1.0820195084486624e-05,0.9877187146337271,0.5571391213389121
Empresa 4339,556952.032,1.0819913602629724e-05,0.9877295345473297,0.5572698744769874
Empresa 3557,556762.1772,1.0816225291222245e-05,0.9877403507726209,0.5574006276150628
Empresa 4,556595.6403999999,1.0812989978871936e-05,0.9877511637625997,0.5575313807531381
Empresa 4887,556411.9622,1.0809421660344486e-05,0.9877619731842601,0.5576621338912134
Empresa 1152,556276.5576,1.0806791153605625e-05,0.9877727799754137,0.5577928870292888
Empresa 1324,556245.461,1.0806187039595795e-05,0.9877835861624533,0.5579236401673641
Empresa 3227,556146.4574,1.080426369550725e-05,0.9877943904261488,0.5580543933054394
Empresa 7000,555428.8326000001,1.0790322390172174e-05,0.987805180748539,0.5581851464435147
Empresa 5215,554003.3374000001,1.0762629278344253e-05,0.9878159433778173,0.55831589958159
Empresa 2299,553729.4488,1.0757308441326918e-05,0.9878267006862587,0.5584466527196653
Empresa 414,553575.5144,1.0754317955947967e-05,0.9878374550042146,0.5585774058577406
Empresa 1093,553097.6555999999,1.07450345874832e-05,0.9878482000388021,0.5587081589958159
Empresa 5141,551751.8866,1.071889031746984e-05,0.9878589189291196,0.5588389121338913
Empresa 5561,551624.3318,1.0716412308886869e-05,0.9878696353414285,0.5589696652719666
Empresa 2545,551277.9972,1.0709684062585036e-05,0.987880345025491,0.5591004184100419
Empresa 7166,550921.7658,1.0702763551034513e-05,0.9878910477890421,0.5592311715481172
Empresa 2769,550732.534,1.0699087342655278e-05,0.9879017468763848,0.5593619246861925
Empresa 6326,550545.8298,1.0695460237990636e-05,0.9879124423366228,0.5594926778242678
Empresa 880,549393.3332,1.0673070673139701e-05,0.9879231154072959,0.5596234309623431
Empresa 2676,549160.7406,1.0668552093994611e-05,0.9879337839593899,0.5597541841004184
Empresa 1896,548999.9532,1.0665428475304965e-05,0.9879444493878652,0.5598849372384938
Empresa 2683,548928.8422,1.0664047001080992e-05,0.9879551134348663,0.5600156903765691
Empresa 5622,548861.3446,1.0662735724420842e-05,0.9879657761705908,0.5601464435146444
Empresa 3643,548697.4422,1.0659551590589973e-05,0.9879764357221814,0.5602771966527197
Empresa 3599,547637.5767999999,1.0638961573138672e-05,0.9879870746837546,0.560407949790795
Empresa 3501,547321.0394,1.0632812197387763e-05,0.987997707495952,0.5605387029288703
Empresa 4345,547122.9432,1.062896378020664e-05,0.9880083364597322,0.5606694560669456
Empresa 4428,546308.611,1.0613143739087124e-05,0.9880189496034713,0.5608002092050209
Empresa 3125,546198.5002,1.061100461529501e-05,0.9880295606080866,0.5609309623430963
Empresa 452,545764.5896,1.060257502902273e-05,0.9880401631831156,0.5610617154811716
Empresa 1228,545701.0436,1.0601340520141734e-05,0.9880507645236357,0.5611924686192469
Empresa 5828,544658.4798,1.0581086621074841e-05,0.9880613456102568,0.5613232217573222
Empresa 7282,544483.3812,1.0577684978536366e-05,0.9880719232952354,0.5614539748953975
Empresa 4391,543488.824,1.0558363704245956e-05,0.9880824816589396,0.5615847280334728
Empresa 6399,543281.8634,1.0554343078262948e-05,0.9880930360020179,0.5617154811715481
Empresa 6198,542541.0452,1.0539951194476347e-05,0.9881035759532124,0.5618462343096234
Empresa 566,542399.108,1.0537193778841315e-05,0.9881141131469913,0.5619769874476988
Empresa 5586,541877.8528,1.0527067348009078e-05,0.9881246402143393,0.5621077405857741
Empresa 4830,541578.3144,1.0521248212028855e-05,0.9881351614625513,0.5622384937238494
Empresa 2012,541356.2772,1.0516934692762317e-05,0.9881456783972441,0.5623692468619247
Empresa 6479,541146.9492,1.0512868075271977e-05,0.9881561912653194,0.5625
Empresa 33,540837.4072,1.0506854599238219e-05,0.9881666981199186,0.5626307531380753
Empresa 7120,540583.4368,1.050192071332392e-05,0.9881772000406319,0.5627615062761506
Empresa 4974,540340.2532,1.0497196382698663e-05,0.9881876972370146,0.5628922594142259
Empresa 4551,538992.7398,1.0471018224206215e-05,0.9881981682552388,0.5630230125523012
Empresa 2543,538146.5456,1.0454579199642163e-05,0.9882086228344384,0.5631537656903766
Empresa 1805,538035.4024,1.0452420019403246e-05,0.9882190752544578,0.5632845188284519
Empresa 1748,537471.0,1.0441455367414837e-05,0.9882295167098253,0.5634152719665272
Empresa 7370,536529.5758,1.0423166308533327e-05,0.9882399398761338,0.5635460251046025
Empresa 7583,536180.1618,1.0416378238691884e-05,0.9882503562543725,0.5636767782426778
Empresa 6287,536096.2703999999,1.0414748479488485e-05,0.988260771002852,0.5638075313807531
Empresa 5838,536006.2558,1.041299976480748e-05,0.9882711840026168,0.5639382845188284
Empresa 7463,535930.5524,1.0411529073975302e-05,0.9882815955316908,0.5640690376569037
Empresa 6622,535355.4521999999,1.0400356595701884e-05,0.9882919958882865,0.5641997907949791
Empresa 1823,535193.2764,1.0397206004549293e-05,0.9883023930942911,0.5643305439330544
Empresa 746,534914.5462,1.0391791109712454e-05,0.9883127848854009,0.5644612970711297
Empresa 5930,534015.13,1.0374318140735467e-05,0.9883231592035416,0.564592050209205
Empresa 650,533730.1876000001,1.0368782561416987e-05,0.9883335279861031,0.5647228033472803
Empresa 4137,533273.0124,1.0359901013489955e-05,0.9883438878871166,0.5648535564853556
Empresa 6791,531661.1334,1.0328587021411921e-05,0.988354216474138,0.5649843096234309
Empresa 1598,531480.7838,1.032508336763538e-05,0.9883645415575056,0.5651150627615062
Empresa 4724,531351.1286,1.032256455455718e-05,0.9883748641220602,0.5652458158995816
Empresa 3948,531326.7960000001,1.032209184485401e-05,0.988385186213905,0.5653765690376569
Empresa 1754,530813.1592,1.0312113416767169e-05,0.9883954983273218,0.5655073221757322
Empresa 1090,530747.228,1.0310832570578035e-05,0.9884058091598923,0.5656380753138075
Empresa 2861,530746.694,1.0310822196553824e-05,0.9884161199820889,0.5657688284518828
Empresa 7466,530670.4566,1.0309341131697437e-05,0.9884264293232206,0.5658995815899581
Empresa 5650,530121.1842,1.029867041039498e-05,0.9884367279936309,0.5660303347280334
Empresa 7577,529955.8400000001,1.0295458266698742e-05,0.9884470234518976,0.5661610878661087
Empresa 6027,529657.245,1.0289657458161288e-05,0.9884573131093558,0.5662918410041841
Empresa 744,529363.1356,1.02839437914272e-05,0.9884675970531472,0.5664225941422594
Empresa 5883,528898.1106,1.0274909745344282e-05,0.9884778719628926,0.5665533472803347
Empresa 219,528639.2986000001,1.026988180161048e-05,0.9884881418446942,0.56668410041841
Empresa 1543,528144.0136000001,1.0260259894155659e-05,0.9884984021045884,0.5668148535564853
Empresa 112,527593.869,1.0249572228613656e-05,0.988508651676817,0.5669456066945606
Empresa 5287,526119.94,1.0220938192789884e-05,0.9885188726150098,0.5670763598326359
Empresa 7264,526103.0122,1.0220609336222427e-05,0.988529093224346,0.5672071129707112
Empresa 4148,525931.2956,1.021727339583728e-05,0.9885393104977418,0.5673378661087866
Empresa 1776,525692.0991999999,1.0212626524592792e-05,0.9885495231242664,0.5674686192468619
Empresa 6975,525679.212,1.0212376164808525e-05,0.9885597355004312,0.5675993723849372
Empresa 6917,524903.8084,1.0197312390053918e-05,0.9885699328128212,0.5677301255230126
Empresa 77,524517.228,1.0189802288127457e-05,0.9885801226151094,0.5678608786610879
Empresa 6276,524450.1576,1.0188499310686675e-05,0.9885903111144201,0.5679916317991632
Empresa 7013,524113.45279999997,1.0181958142621431e-05,0.9886004930725627,0.5681223849372385
Empresa 4520,522758.08959999995,1.0155627485973097e-05,0.9886106487000487,0.5682531380753139
Empresa 3359,522480.5698,1.0150236105591136e-05,0.9886207989361543,0.5683838912133892
Empresa 6083,522056.1466,1.0141990831148987e-05,0.9886309409269854,0.5685146443514645
Empresa 5562,522011.4686,1.0141122871123413e-05,0.9886410820498566,0.5686453974895398
Empresa 7092,521812.1086,1.0137249902084994e-05,0.9886512192997586,0.5687761506276151
Empresa 17,521730.24640000006,1.0135659564173596e-05,0.9886613549593228,0.5689069037656904
Empresa 4701,521344.467,1.0128165023283448e-05,0.9886714831243462,0.5690376569037657
Empresa 1030,521306.48179999995,1.0127427084361305e-05,0.9886816105514306,0.569168410041841
Empresa 5017,520174.295,1.0105432078231159e-05,0.9886917159835088,0.5692991631799164
Empresa 1085,520077.76560000004,1.010355680045479e-05,0.9887018195403092,0.5694299163179917
Empresa 5432,520014.21960000007,1.0102322291573794e-05,0.9887119218626008,0.569560669456067
Empresa 6162,519763.1328,1.0097444425390229e-05,0.9887220193070262,0.5696914225941423
Empresa 2687,519510.8,1.0092542353150172e-05,0.9887321118493794,0.5698221757322176
Empresa 5877,518878.25920000003,1.0080253975672563e-05,0.988742192103355,0.5699529288702929
Empresa 1822,517882.1,1.006090157930952e-05,0.9887522530049343,0.5700836820083682
Empresa 4247,517728.0588,1.005790901912573e-05,0.9887623109139534,0.5702144351464435
Empresa 4730,517419.211,1.0051909029323444e-05,0.9887723628229828,0.5703451882845189
Empresa 4396,517196.8,1.0047588248239958e-05,0.9887824104112309,0.5704759414225942
Empresa 5555,516197.2054,1.0028169112321165e-05,0.9887924385803433,0.5706066945606695
Empresa 6426,515783.6402,1.0020134776371291e-05,0.9888024587151196,0.5707374476987448
Empresa 3457,514532.14,9.99582186743181e-06,0.9888124545369871,0.5708682008368201
Empresa 762,514523.2222,9.995648621227503e-06,0.9888224501856083,0.5709989539748954
Empresa 512,514277.3864,9.990872766282004e-06,0.9888324410583746,0.5711297071129707
Empresa 6693,514082.512,9.987086939046949e-06,0.9888424281453136,0.571260460251046
Empresa 6821,513841.9628,9.982413786941128e-06,0.9888524105591006,0.5713912133891214
Empresa 5496,513517.451,9.976109492428681e-06,0.9888623866685929,0.5715219665271967
Empresa 5560,513423.7518,9.974289196980626e-06,0.98887236095779,0.571652719665272
Empresa 4538,513304.5096,9.97197267737452e-06,0.9888823329304673,0.5717834728033473
Empresa 326,513087.52760000003,9.967757365537172e-06,0.9888923006878328,0.5719142259414226
Empresa 6478,512916.167,9.964428341168167e-06,0.988902265116174,0.5720449790794979
Empresa 5679,512174.4766,9.95001951314202e-06,0.9889122151356871,0.5721757322175732
Empresa 5162,511979.62,9.946234031707775e-06,0.9889221613697188,0.5723064853556485
Empresa 4944,511748.9676,9.941753144850647e-06,0.9889321031228636,0.5724372384937239
Empresa 3514,511581.6298,9.938502271464024e-06,0.9889420416251351,0.5725679916317992
Empresa 7118,511366.37440000003,9.934320502304955e-06,0.9889519759456374,0.5726987447698745
Empresa 462,510422.12,9.91597646109513e-06,0.9889618919220985,0.5728294979079498
Empresa 6233,510373.8286,9.915038303505735e-06,0.988971806960402,0.5729602510460251
Empresa 6931,510259.6238,9.912819645528012e-06,0.9889817197800476,0.5730910041841004
Empresa 842,510041.645,9.90858496884547e-06,0.9889916283650164,0.5732217573221757
Empresa 6484,508223.5886,9.873265566019935e-06,0.9890015016305824,0.573352510460251
Empresa 4899,507844.2706,9.86589655082273e-06,0.9890113675271333,0.5734832635983264
Empresa 3567,507640.17579999997,9.861931598769648e-06,0.989021229458732,0.5736140167364017
Empresa 1520,507603.18740000005,9.8612130246927e-06,0.9890310906717568,0.573744769874477
Empresa 1148,507513.7424,9.859475375637515e-06,0.9890409501471324,0.5738755230125523
Empresa 3749,507305.87400000007,9.855437113813352e-06,0.9890508055842463,0.5740062761506276
Empresa 27,506849.66000000003,9.846574239129899e-06,0.9890606521584854,0.5741370292887029
Empresa 601,506847.0968,9.84652444381369e-06,0.9890704986829292,0.5742677824267782
Empresa 7331,506751.93799999997,9.844675792699459e-06,0.9890803433587219,0.5743985355648535
Empresa 2552,506460.12480000005,9.839006734269475e-06,0.9890901823654561,0.5745292887029289
Empresa 4576,506071.8,9.831462743863926e-06,0.9891000138282,0.5746600418410042
Empresa 1124,505493.0508,9.820219376425075e-06,0.9891098340475765,0.5747907949790795
Empresa 2896,504223.804,9.795561704081014e-06,0.9891196296092806,0.5749215481171548
Empresa 4741,503769.637,9.786738596490367e-06,0.9891294163478771,0.5750523012552301
Empresa 1449,503040.549,9.77257459543558e-06,0.9891391889224725,0.5751830543933054
Empresa 31,502715.521,9.76626027269973e-06,0.9891489551827453,0.5753138075313807
Empresa 4513,502408.3464,9.760292788173302e-06,0.9891587154755335,0.575444560669456
Empresa 4675,502378.6738,9.759716338228031e-06,0.9891684751918717,0.5755753138075314
Empresa 4585,502189.67339999997,9.756044625259288e-06,0.989178231236497,0.5757060669456067
Empresa 625,502173.6,9.755732367130564e-06,0.9891879869688641,0.575836820083682
Empresa 19,501812.26,9.74871261074843e-06,0.9891977356814748,0.5759675732217573
Empresa 5827,501778.08400000003,9.74804867319899e-06,0.989207483730148,0.5760983263598326
Empresa 7271,501635.86199999996,9.745285724751045e-06,0.9892172290158727,0.5762290794979079
Empresa 2086,501364.83920000005,9.740020561663639e-06,0.9892269690364344,0.5763598326359832
Empresa 5768,501335.4336,9.739449298730471e-06,0.9892367084857331,0.5764905857740585
Empresa 4480,501120.7478,9.735278595197224e-06,0.9892464437643282,0.5766213389121339
Empresa 2293,500579.877,9.724771091875671e-06,0.9892561685354201,0.5767520920502092
Empresa 3914,499891.9604,9.71140692808748e-06,0.9892658799423482,0.5768828451882845
Empresa 521,499882.562,9.711224345261382e-06,0.9892755911666934,0.5770135983263598
Empresa 4132,499342.2964,9.700728599167268e-06,0.9892852918952926,0.5771443514644351
Empresa 7008,499159.081,9.697169271460801e-06,0.989294989064564,0.5772751046025104
Empresa 7435,499072.84,9.695493866550878e-06,0.9893046845584306,0.5774058577405857
Empresa 2668,498813.7432,9.690460390004163e-06,0.9893143750188206,0.577536610878661
Empresa 4726,498050.9954,9.675642479623334e-06,0.9893240506613002,0.5776673640167364
Empresa 4870,497340.455,9.661838803009442e-06,0.9893337125001033,0.5777981171548117
Empresa 3755,496564.28599999996,9.646760158820134e-06,0.9893433592602621,0.577928870292887
Empresa 4456,496273.02459999995,9.641101820215165e-06,0.9893530003620823,0.5780596234309623
Empresa 4258,496160.77780000004,9.638921200326215e-06,0.9893626392832826,0.5781903765690377
Empresa 3900,495938.43799999997,9.634601802445957e-06,0.9893722738850851,0.578321129707113
Empresa 6258,495673.43159999995,9.629453520031315e-06,0.9893819033386051,0.5784518828451883
Empresa 7425,495412.27,9.624379930590989e-06,0.9893915277185357,0.5785826359832636
Empresa 4072,494757.06980000006,9.611651348686065e-06,0.9894011393698844,0.578713389121339
Empresa 1890,494692.8118,9.610403007772788e-06,0.9894107497728921,0.5788441422594143
Empresa 929,494673.9616,9.610036804718173e-06,0.9894203598096968,0.5789748953974896
Empresa 3397,493478.656,9.5868155889264e-06,0.9894299466252857,0.5791056485355649
Empresa 6735,492929.4548,9.57614625082717e-06,0.9894395227715366,0.5792364016736402
Empresa 4125,492854.1964,9.574684205015166e-06,0.9894490974557416,0.5793671548117155
Empresa 965,492846.0974,9.574526865647981e-06,0.9894586719826073,0.5794979079497908
Empresa 139,492603.4656,9.569813254847741e-06,0.9894682417958621,0.5796286610878661
Empresa 6939,492479.6132,9.567407172832624e-06,0.989477809203035,0.5797594142259415
Empresa 4397,491371.34959999996,9.545876922987087e-06,0.989487355079958,0.5798901673640168
Empresa 6599,491284.1296,9.54418249903278e-06,0.989496899262457,0.5800209205020921
Empresa 4769,490716.0604,9.533146612078128e-06,0.9895064324090691,0.5801516736401674
Empresa 6155,490045.4632,9.520118912475148e-06,0.9895159525279815,0.5802824267782427
Empresa 6060,489531.82639999996,9.510140484388308e-06,0.9895254626684659,0.580413179916318
Empresa 3922,488791.2752,9.495753787613811e-06,0.9895349584222535,0.5805439330543933
Empresa 1961,488639.2988,9.492801340323631e-06,0.9895444512235938,0.5806746861924686
Empresa 4725,487891.2894,9.478269753011002e-06,0.9895539294933469,0.580805439330544
Empresa 2693,487672.4206,9.474017786288109e-06,0.9895634035111331,0.5809361924686193
Empresa 4848,486224.2126,9.445883432630456e-06,0.9895728493945658,0.5810669456066946
Empresa 3438,485937.98860000004,9.44032295565387e-06,0.9895822897175215,0.5811976987447699
Empresa 5142,485394.5546,9.429765657016108e-06,0.9895917194831785,0.5813284518828452
Empresa 7110,485271.84140000003,9.42738170625264e-06,0.9896011468648848,0.5814592050209205
Empresa 4069,485256.92500000005,9.427091925176372e-06,0.98961057395681,0.5815899581589958
Empresa 4496,485168.9752,9.425383323388976e-06,0.9896199993401333,0.5817207112970711
Empresa 6697,484918.27999999997,9.420513064823165e-06,0.9896294198531982,0.5818514644351465
Empresa 1051,484255.2834,9.407633022164775e-06,0.9896388274862203,0.5819822175732218
Empresa 3825,484106.6,9.40474454802389e-06,0.9896482322307684,0.5821129707112971
Empresa 5093,483974.88,9.402185622052077e-06,0.9896576344163904,0.5822437238493724
Empresa 2749,483704.1242000001,9.396925645976777e-06,0.9896670313420364,0.5823744769874477
Empresa 2741,483023.6302,9.383705681125102e-06,0.9896764150477175,0.582505230125523
Empresa 928,482474.1264,9.373030464412155e-06,0.989685788078182,0.5826359832635983
Empresa 1263,482105.346,9.365866163292694e-06,0.9896951539443453,0.5827667364016736
Empresa 35,481695.056,9.357895454691306e-06,0.9897045118397999,0.582897489539749
Empresa 1065,481583.5568,9.355729358436247e-06,0.9897138675691584,0.5830282426778243
Empresa 2348,480599.5906,9.336613835626004e-06,0.989723204182994,0.5831589958158996
Empresa 2768,480467.39,9.334045573032402e-06,0.989732538228567,0.5832897489539749
Empresa 6443,480066.0,9.326247764834514e-06,0.9897418644763318,0.5834205020920502
Empresa 4376,479863.525,9.322314280654872e-06,0.9897511867906125,0.5835512552301255
Empresa 490,479170.7312,9.308855367445559e-06,0.9897604956459799,0.5836820083682008
Empresa 6205,479058.8048,9.306680971971132e-06,0.9897698023269519,0.5838127615062761
Empresa 3510,479046.06,9.30643337859332e-06,0.9897791087603305,0.5839435146443515
Empresa 4107,478876.8888000001,9.303146887723578e-06,0.9897884119072182,0.5840742677824268
Empresa 2745,478808.3054,9.301814517214199e-06,0.9897977137217354,0.5842050209205021
Empresa 395,478454.95759999997,9.294950025394408e-06,0.9898070086717609,0.5843357740585774
Empresa 6392,477888.88200000004,9.283952868130144e-06,0.989816292624629,0.5844665271966527
Empresa 1973,477289.20000000007,9.27230283894226e-06,0.989825564927468,0.584597280334728
Empresa 4811,477168.97880000004,9.26996730029177e-06,0.9898348348947683,0.5847280334728033
Empresa 6074,477100.6446,9.26863977099369e-06,0.9898441035345393,0.5848587866108786
Empresa 1000,476927.40102,9.265274165950325e-06,0.9898533688087053,0.584989539748954
Empresa 3031,476862.0,9.264003619574217e-06,0.9898626328123249,0.5851202928870293
Empresa 3422,476704.84380000003,9.2609505442492e-06,0.9898718937628691,0.5852510460251046
Empresa 4806,476236.5436,9.251852870817794e-06,0.9898811456157399,0.5853817991631799
Empresa 1535,475796.1716,9.243297758852572e-06,0.9898903889134988,0.5855125523012552
Empresa 2206,475520.18260000006,9.237936117340013e-06,0.9898996268496161,0.5856433054393305
Empresa 3458,475482.9984,9.237213739454185e-06,0.9899088640633555,0.5857740585774058
Empresa 571,475414.68200000003,9.235886555956915e-06,0.9899180999499115,0.5859048117154811
Empresa 2643,474500.7232,9.218131067720607e-06,0.9899273180809792,0.5860355648535565
Empresa 2612,474367.152,9.215536178464867e-06,0.9899365336171577,0.5861663179916318
Empresa 2782,474318.1842,9.214584880444805e-06,0.9899457482020382,0.5862970711297071
Empresa 1626,473926.424,9.206974150483506e-06,0.9899549551761887,0.5864278242677824
Empresa 1735,473914.6582,9.206745576150077e-06,0.9899641619217648,0.5865585774058577
Empresa 3855,473803.426,9.204584666907123e-06,0.9899733665064318,0.586689330543933
Empresa 6849,473482.136,9.198342962340745e-06,0.9899825648493941,0.5868200836820083
Empresa 6615,473063.4978,9.190210073160873e-06,0.9899917550594672,0.5869508368200836
Empresa 5431,472950.2186,9.188009396825114e-06,0.9900009430688641,0.587081589958159
Empresa 5197,472196.6022,9.17336888225828e-06,0.9900101164377464,0.5872123430962343
Empresa 6764,472061.4468,9.170743216730714e-06,0.9900192871809631,0.5873430962343096
Empresa 64,471608.8284,9.161950193810277e-06,0.990028449131157,0.5874738493723849
Empresa 3543,471491.9358,9.159679319910696e-06,0.9900376088104769,0.5876046025104602
Empresa 3318,470911.7804,9.148408634208092e-06,0.9900467572191111,0.5877353556485355
Empresa 992,470752.63060000003,9.145316829192691e-06,0.9900559025359402,0.5878661087866108
Empresa 4714,470525.4492,9.140903373492928e-06,0.9900650434393137,0.5879968619246861
Empresa 1281,469762.3454,9.12607854709596e-06,0.9900741695178608,0.5881276150627615
Empresa 1091,469663.53760000004,9.124159006816295e-06,0.9900832936768675,0.5882583682008368
Empresa 3430,469657.539,9.124042471944335e-06,0.9900924177193395,0.5883891213389121
Empresa 286,469091.321,9.113042548273612e-06,0.9901015307618878,0.5885198744769874
Empresa 7133,468969.48,9.110675541749685e-06,0.9901106414374296,0.5886506276150628
Empresa 7633,468688.8452,9.105223646226498e-06,0.9901197466610758,0.5887813807531381
Empresa 5170,468233.37880000006,9.096375295176941e-06,0.990128843036371,0.5889121338912134
Empresa 4935,466582.856,9.064310569546905e-06,0.9901379073469406,0.5890428870292888
Empresa 2555,466351.6518,9.05981896286476e-06,0.9901469671659034,0.5891736401673641
Empresa 7275,465907.0256,9.051181204506666e-06,0.990156018347108,0.5893043933054394
Empresa 1119,465375.3396,9.040852134401527e-06,0.9901650591992424,0.5894351464435147
Empresa 2953,465260.4228,9.038619644391525e-06,0.9901740978188868,0.58956589958159
Empresa 4507,465146.07560000004,9.036398220007347e-06,0.9901831342171068,0.5896966527196653
Empresa 5675,464902.85640000005,9.031673197780475e-06,0.9901921658903046,0.5898274058577406
Empresa 5910,464726.761,9.028252190396808e-06,0.990201194142495,0.5899581589958159
Empresa 1355,464614.9058,9.026079178125609e-06,0.990210220221673,0.5900889121338913
Empresa 4814,464352.516,9.020981728429598e-06,0.9902192412034014,0.5902196652719666
Empresa 5099,464125.72620000003,9.016575880347591e-06,0.9902282577792818,0.5903504184100419
Empresa 2583,463978.52019999997,9.013716107673685e-06,0.9902372714953894,0.5904811715481172
Empresa 6169,463815.47219999996,9.01054857228155e-06,0.9902462820439617,0.5906119246861925
Empresa 6597,463745.8564,9.009196145325367e-06,0.990255291240107,0.5907426778242678
Empresa 6857,463704.7562,9.008397691262001e-06,0.9902642996377983,0.5908734309623431
Empresa 908,462880.10000000003,8.992377085674422e-06,0.9902732920148839,0.5910041841004184
Empresa 1165,462599.16260000004,8.986919311537516e-06,0.9902822789341954,0.5911349372384938
Empresa 5070,462230.4,8.979755356218861e-06,0.9902912586895516,0.5912656903765691
Empresa 2639,461966.1946,8.974622634840536e-06,0.9903002333121864,0.5913964435146444
Empresa 2561,461922.4244,8.973772310656119e-06,0.9903092070844971,0.5915271966527197
Empresa 6751,461301.06200000003,8.961701096085305e-06,0.9903181687855932,0.591657949790795
Empresa 2858,461207.6298,8.959885987649354e-06,0.9903271286715809,0.5917887029288703
Empresa 6919,461099.7796,8.957790780559731e-06,0.9903360864623615,0.5919194560669456
Empresa 2690,459261.36,8.922075781610986e-06,0.9903450085381431,0.5920502092050209
Empresa 1079,459245.4112,8.921765944087911e-06,0.9903539303040872,0.5921809623430963
Empresa 451,459158.5116,8.92007774454813e-06,0.9903628503818318,0.5923117154811716
Empresa 6520,458516.96400000004,8.907614391862177e-06,0.9903717579962237,0.5924424686192469
Empresa 2403,458145.6738,8.90040133282893e-06,0.9903806583975565,0.5925732217573222
Empresa 5884,457768.0468,8.89306516870839e-06,0.9903895514627252,0.5927039748953975
Empresa 6648,457655.8,8.890884548819436e-06,0.990398442347274,0.5928347280334728
Empresa 1941,457564.308,8.889107132671448e-06,0.9904073314544067,0.5929654811715481
Empresa 3879,457120.53620000003,8.880485972752091e-06,0.9904162119403795,0.5930962343096234
Empresa 6775,456557.54,8.869548639027434e-06,0.9904250814890185,0.5932269874476988
Empresa 1396,456454.30000000005,8.867542994346826e-06,0.9904339490320129,0.5933577405857741
Empresa 5606,456370.195,8.865909085533743e-06,0.9904428149410984,0.5934884937238494
Empresa 2078,455537.1906,8.849726299367678e-06,0.9904516646673978,0.5936192468619247
Empresa 157,455380.4616,8.846681523262029e-06,0.990460511348921,0.59375
Empresa 2019,454997.1208,8.839234357082443e-06,0.9904693505832781,0.5938807531380753
Empresa 4582,454789.2168,8.835195403656662e-06,0.9904781857786817,0.5940115062761506
Empresa 4077,454416.2,8.827948801945136e-06,0.9904870137274837,0.5941422594142259
Empresa 1129,453920.64800000004,8.818321707478212e-06,0.9904958320491912,0.5942730125523012
Empresa 6983,453811.8544,8.816208172945817e-06,0.9905046482573642,0.5944037656903766
Empresa 2827,453670.9318,8.813470467956785e-06,0.9905134617278322,0.5945345188284519
Empresa 5594,453599.0554,8.812074124298111e-06,0.9905222738019565,0.5946652719665272
Empresa 2085,453562.2806,8.811359699830847e-06,0.9905310851616563,0.5947960251046025
Empresa 4238,453476.3422,8.809690173534642e-06,0.9905398948518299,0.5949267782426778
Empresa 4212,453023.9018,8.800900608622274e-06,0.9905486957524385,0.5950575313807531
Empresa 3901,452705.2818,8.794710774176945e-06,0.9905574904632127,0.5951882845188284
Empresa 2703,452631.09140000003,8.793269476413362e-06,0.9905662837326892,0.5953190376569037
Empresa 3528,452625.609,8.793162969764806e-06,0.9905750768956589,0.5954497907949791
Empresa 3472,452467.189,8.79008534258249e-06,0.9905838669810015,0.5955805439330544
Empresa 885,452230.1464,8.78548031323565e-06,0.9905926524613148,0.5957112970711297
Empresa 6261,452223.952,8.785359974554813e-06,0.9906014378212893,0.595842050209205
Empresa 2400,451541.44659999997,8.772100934211948e-06,0.9906102099222235,0.5959728033472803
Empresa 5194,450299.06,8.747965075285655e-06,0.9906189578872988,0.5961035564853556
Empresa 3052,449889.6422,8.74001131092381e-06,0.9906276978986097,0.5962343096234309
Empresa 6632,449563.7242,8.73367969814761e-06,0.9906364315783078,0.5963650627615062
Empresa 7225,448980.5784,8.722350917909428e-06,0.9906451539292257,0.5964958158995816
Empresa 3822,448724.79240000003,8.717381760312815e-06,0.990653871310986,0.5966265690376569
Empresa 1962,448560.0,8.714180336441594e-06,0.9906625854913225,0.5967573221757322
Empresa 5756,448558.22000000003,8.714145756360894e-06,0.9906712996370788,0.5968880753138075
Empresa 2979,448383.78,8.710756908452278e-06,0.9906800103939872,0.5970188284518828
Empresa 7044,448054.6224,8.704362359929202e-06,0.9906887147563471,0.5971495815899581
Empresa 3524,447344.349,8.690563870327415e-06,0.9906974053202174,0.5972803347280334
Empresa 7344,446555.6488,8.67524178236998e-06,0.9907060805619998,0.5974110878661087
Empresa 2993,445922.6274,8.66294406827058e-06,0.9907147435060681,0.5975418410041841
Empresa 6098,445252.31500000006,8.649921901480512e-06,0.9907233934279697,0.5976725941422594
Empresa 5983,445136.7752,8.647677308442264e-06,0.9907320411052781,0.5978033472803347
Empresa 4149,444922.57,8.643515941530806e-06,0.9907406846212197,0.59793410041841
Empresa 1219,444660.4650000001,8.63842402464771e-06,0.9907493230452443,0.5980648535564853
Empresa 6952,444161.442,8.628729499023415e-06,0.9907579517747434,0.5981956066945606
Empresa 1738,443984.1006,8.625284285583258e-06,0.9907665770590289,0.5983263598326359
Empresa 4143,443933.9224,8.62430947310832e-06,0.9907752013685021,0.5984571129707112
Empresa 7316,443897.45019999996,8.623600927254774e-06,0.9907838249694293,0.5985878661087866
Empresa 6699,443796.186,8.621633666463742e-06,0.9907924466030957,0.5987186192468619
Empresa 985,442864.0,8.603524078201065e-06,0.9908010501271739,0.5988493723849372
Empresa 7626,442692.5148,8.600192633226411e-06,0.9908096503198072,0.5989801255230126
Empresa 3985,442431.4244,8.595120426989312e-06,0.9908182454402341,0.5991108786610879
Empresa 5439,441752.2476,8.581926051397356e-06,0.9908268273662855,0.5992416317991632
Empresa 5456,441530.157,8.577611494728396e-06,0.9908354049777802,0.5993723849372385
Empresa 6812,440747.1706,8.562400408830008e-06,0.990843967378189,0.5995031380753139
Empresa 5647,439875.39780000004,8.545464468506296e-06,0.9908525128426575,0.5996338912133892
Empresa 1153,439565.87360000005,8.539451338273344e-06,0.9908610522939958,0.5997646443514645
Empresa 130,439429.0984,8.536794204872343e-06,0.9908695890882007,0.5998953974895398
Empresa 2651,439254.2668,8.533397749345973e-06,0.99087812248595,0.6000261506276151
Empresa 4737,438522.3664,8.519179111763679e-06,0.9908866416650617,0.6001569037656904
Empresa 6111,438137.7084,8.511706356324374e-06,0.990895153371418,0.6002876569037657
Empresa 4689,438109.81580000004,8.511164486459803e-06,0.9909036645359044,0.600418410041841
Empresa 2984,438090.1468,8.510782376568064e-06,0.9909121753182809,0.6005491631799164
Empresa 3221,437812.983,8.505397912202243e-06,0.9909206807161931,0.6006799163179917
Empresa 1820,437783.31039999996,8.50482146225697e-06,0.9909291855376554,0.600810669456067
Empresa 1502,437610.6148,8.50146650282744e-06,0.9909376870041582,0.6009414225941423
Empresa 3379,437444.3984,8.49823741489166e-06,0.9909461852415731,0.6010721757322176
Empresa 3620,436984.3574,8.4893001930347e-06,0.9909546745417661,0.6012029288702929
Empresa 976,436637.7736,8.482567105521573e-06,0.9909631571088716,0.6013336820083682
Empresa 366,436616.2,8.482147994943487e-06,0.9909716392568666,0.6014644351464435
Empresa 1457,436523.5865999999,8.480348793344655e-06,0.9909801196056599,0.6015951882845189
Empresa 5050,436449.592,8.478911299389951e-06,0.9909885985169593,0.6017259414225942
Empresa 6641,436409.72000000003,8.478136705582268e-06,0.9909970766536649,0.6018566945606695
Empresa 100,436015.27648,8.470473846732123e-06,0.9910055471275117,0.6019874476987448
Empresa 1216,435873.3882,8.4677173814665e-06,0.9910140148448932,0.6021182008368201
Empresa 2556,435663.84660000005,8.463646614366477e-06,0.9910224784915075,0.6022489539748954
Empresa 4445,435561.1584,8.461651689510884e-06,0.991030940143197,0.6023797071129707
Empresa 1071,435247.7004,8.455562137299584e-06,0.9910393957053344,0.602510460251046
Empresa 5227,434203.41000000003,8.435274695554412e-06,0.9910478309800299,0.6026412133891214
Empresa 4728,433462.5028,8.420881082763776e-06,0.9910562518611127,0.6027719665271967
Empresa 3750,433068.14379999996,8.413219865884653e-06,0.9910646650809786,0.602902719665272
Empresa 6894,432940.678,8.410743586305715e-06,0.9910730758245648,0.6030334728033473
Empresa 5409,432696.0526,8.405991245815091e-06,0.9910814818158107,0.6031642259414226
Empresa 4784,432673.7136,8.405557265802305e-06,0.9910898873730765,0.6032949790794979
Empresa 4157,432570.01080000005,8.403542630300714e-06,0.9910982909157068,0.6034257322175732
Empresa 2387,432227.3608,8.39688596476593e-06,0.9911066878016715,0.6035564853556485
Empresa 2825,431979.37120000005,8.392068267922785e-06,0.9911150798699395,0.6036872384937239
Empresa 4979,431309.753,8.37905958736419e-06,0.9911234589295269,0.6038179916317992
Empresa 5503,431269.64960000006,8.378280498146015e-06,0.9911318372100251,0.6039487447698745
Empresa 4547,431244.0176,8.377782544983933e-06,0.9911402149925701,0.6040794979079498
Empresa 5961,431015.1808,8.373336929809118e-06,0.9911485883294999,0.6042102510460251
Empresa 5759,430966.5512,8.37239220200439e-06,0.9911569607217019,0.6043410041841004
Empresa 697,430588.08759999997,8.365039785245921e-06,0.9911653257614872,0.6044717573221757
Empresa 2970,430275.30600000004,8.35896337346529e-06,0.9911736847248607,0.604602510460251
Empresa 202,430239.9018,8.358275575660161e-06,0.9911820430004363,0.6047332635983264
Empresa 4321,430072.77760000003,8.355028851883224e-06,0.9911903980292882,0.6048640167364017
Empresa 7204,429805.2436,8.349831465753987e-06,0.991198747860754,0.604994769874477
Empresa 6023,429761.7048,8.348985636980062e-06,0.991207096846391,0.6051255230125523
Empresa 3710,429446.1286,8.34285493447273e-06,0.9912154397013254,0.6052562761506276
Empresa 6548,429240.77,8.338865430562353e-06,0.991223778566756,0.6053870292887029
Empresa 3161,429240.7166,8.338864393159931e-06,0.9912321174311491,0.6055177824267782
Empresa 4437,429170.6736,8.337503666984379e-06,0.9912404549348162,0.6056485355648535
Empresa 5223,429034.9842,8.334867627432607e-06,0.9912487898024436,0.6057792887029289
Empresa 2152,428883.88,8.331932124381969e-06,0.9912571217345679,0.6059100418410042
Empresa 7642,428807.9096,8.330456246537686e-06,0.9912654521908144,0.6060407949790795
Empresa 500,428802.0,8.330341440669761e-06,0.9912737825322551,0.6061715481171548
Empresa 511,428758.40780000004,8.329494574493416e-06,0.9912821120268296,0.6063023012552301
Empresa 6610,428618.2506,8.326771738939084e-06,0.9912904387985685,0.6064330543933054
Empresa 5643,428586.2996,8.326151026490516e-06,0.991298764949595,0.6065638075313807
Empresa 273,428561.7356,8.325673821376853e-06,0.9913070906234164,0.606694560669456
Empresa 2620,428090.0,8.316509408389695e-06,0.9913154071328247,0.6068253138075314
Empresa 2618,427627.19999999995,8.307518587407651e-06,0.9913237146514121,0.6069560669456067
Empresa 4022,427610.9842,8.307203562872474e-06,0.9913320218549749,0.607086820083682
Empresa 4405,427333.5,8.301812874092125e-06,0.9913403236678491,0.6072175732217573
Empresa 1699,427270.132,8.3005818232192e-06,0.9913486242496723,0.6073483263598326
Empresa 2065,427269.4734,8.30056902858934e-06,0.9913569248187009,0.6074790794979079
Empresa 5338,427042.41660000006,8.296157993495228e-06,0.9913652209766943,0.6076098326359832
Empresa 304,426698.5384,8.289477467704762e-06,0.991373510454162,0.6077405857740585
Empresa 6134,426603.7534,8.287636078407479e-06,0.9913817980902404,0.6078713389121339
Empresa 181,426584.298,8.287258118125425e-06,0.9913900853483585,0.6080020920502092
Empresa 7033,426557.7048,8.286741491719765e-06,0.9913983720898502,0.6081328451882845
Empresa 4415,425820.39320000005,8.272417730692144e-06,0.9914066445075809,0.6082635983263598
Empresa 2027,424529.9288,8.247347863786138e-06,0.9914148918554446,0.6083943514644351
Empresa 4680,424382.1354,8.244476679685603e-06,0.9914231363321243,0.6085251046025104
Empresa 5619,424144.8258,8.239866463326657e-06,0.9914313761985877,0.6086558577405857
Empresa 4178,423720.723,8.231627413299035e-06,0.9914396078260009,0.608786610878661
Empresa 4740,423044.2518,8.218485599429745e-06,0.9914478263116003,0.6089173640167364
Empresa 5033,422972.5,8.217091676376722e-06,0.9914560434032768,0.6090481171548117
Empresa 6754,422119.0078,8.2005108734818e-06,0.9914642439141502,0.609178870292887
Empresa 7317,421863.3642,8.195544482291641e-06,0.9914724394586325,0.6093096234309623
Empresa 2526,421665.446,8.191699523118589e-06,0.9914806311581557,0.6094403765690377
Empresa 2502,421531.80360000004,8.189103250659622e-06,0.9914888202614063,0.609571129707113
Empresa 3996,419881.2096,8.157037141826358e-06,0.9914969772985481,0.6097018828451883
Empresa 5597,419233.8236,8.144460366475708e-06,0.9915051217589146,0.6098326359832636
Empresa 3413,419146.9062,8.14277182113512e-06,0.9915132645307357,0.609963389121339
Empresa 2380,418863.6726,8.137269438694109e-06,0.9915214018001745,0.6100941422594143
Empresa 6141,418814.2954,8.136310187255486e-06,0.9915295381103617,0.6102248953974896
Empresa 651,418226.2012,8.124885274392959e-06,0.9915376629956361,0.6103556485355649
Empresa 2925,418147.276,8.123351993614715e-06,0.9915457863476297,0.6104864016736402
Empresa 4881,417839.0156,8.11736341523906e-06,0.9915539037110449,0.6106171548117155
Empresa 4455,417411.9402,8.109066616476668e-06,0.9915620127776614,0.6107479079497908
Empresa 4093,416277.92000000004,8.087035992863401e-06,0.9915700998136543,0.6108786610878661
Empresa 4703,416271.9036,8.086919112190634e-06,0.9915781867327664,0.6110094142259415
Empresa 6803,415975.0708,8.081152537933074e-06,0.9915862678853044,0.6111401673640168
Empresa 7595,415787.8148,8.077514713443417e-06,0.9915943454000178,0.6112709205020921
Empresa 7636,415636.942,8.07458370580327e-06,0.9916024199837236,0.6114016736401674
Empresa 6665,415633.7736,8.074522153259625e-06,0.9916104945058768,0.6115324267782427
Empresa 6986,415171.3118,8.065537902492914e-06,0.9916185600437792,0.611663179916318
Empresa 1597,414216.80460000003,8.046994680018258e-06,0.9916266070384593,0.6117939330543933
Empresa 3398,414051.5138,8.04378357372444e-06,0.9916346508220331,0.6119246861924686
Empresa 2488,414002.88420000003,8.042838845919713e-06,0.991642693660879,0.612055439330544
Empresa 2811,413900.01800000004,8.04084046305605e-06,0.991650734501342,0.6121861924686193
Empresa 1168,413449.9272,8.032096543850206e-06,0.9916587665978859,0.6123169456066946
Empresa 6150,411998.72880000004,8.003904095656976e-06,0.9916667705019815,0.6124476987447699
Empresa 1576,411067.45060000004,7.985812143235457e-06,0.9916747563141247,0.6125784518828452
Empresa 1856,410162.73,7.968236125617982e-06,0.9916827245502503,0.6127092050209205
Empresa 5495,410088.682,7.966797594260855e-06,0.9916906913478446,0.6128399581589958
Empresa 2423,409976.72000000003,7.964622507184816e-06,0.9916986559703518,0.6129707112970711
Empresa 3771,409974.0144,7.964569945462152e-06,0.9917066205402972,0.6131014644351465
Empresa 6982,409916.2,7.96344678444101e-06,0.9917145839870817,0.6132322175732218
Empresa 442,409250.0884,7.950506226641394e-06,0.9917225344933083,0.6133629707112971
Empresa 2255,409154.8584,7.948656192323937e-06,0.9917304831495006,0.6134937238493724
Empresa 4820,409056.70920000004,7.94674944667413e-06,0.9917384298989473,0.6136244769874477
Empresa 4890,408998.77019999997,7.945623865047338e-06,0.9917463755228124,0.613755230125523
Empresa 467,408742.5748,7.940646754032164e-06,0.9917543161695664,0.6138859832635983
Empresa 7563,407956.064,7.925367199573988e-06,0.9917622415367661,0.6140167364016736
Empresa 6247,407659.9432,7.919614457348709e-06,0.9917701611512234,0.614147489539749
Empresa 3416,407441.644,7.91537355625164e-06,0.9917780765247797,0.6142782426778243
Empresa 5034,407299.6,7.912614065811768e-06,0.9917859891388455,0.6144089958158996
Empresa 1198,407224.4306,7.9111537490038e-06,0.9917939002925945,0.6145397489539749
Empresa 5592,407161.5076,7.909931343151048e-06,0.9918018102239377,0.6146705020920502
Empresa 5137,406752.28559999994,7.90198138259808e-06,0.9918097122053202,0.6148012552301255
Empresa 6793,406346.232,7.89409297458876e-06,0.9918176062982949,0.6149320083682008
Empresa 873,406307.606,7.893342586837566e-06,0.9918254996408817,0.6150627615062761
Empresa 1651,406045.9994,7.888260352377062e-06,0.9918333879012341,0.6151935146443515
Empresa 4793,405554.844,7.878718670709465e-06,0.9918412666199048,0.6153242677824268
Empresa 5154,405487.471,7.877409814654965e-06,0.9918491440297195,0.6154550209205021
Empresa 265,405296.5126,7.873700063597452e-06,0.9918570177297831,0.6155857740585774
Empresa 7318,404356.548,7.855439360382115e-06,0.9918648731691434,0.6157165271966527
Empresa 4498,403636.2176,7.841445493324371e-06,0.9918727146146368,0.615847280334728
Empresa 3983,403443.46140000003,7.837700816385352e-06,0.9918805523154531,0.6159780334728033
Empresa 7475,403135.468,7.831717425021802e-06,0.9918883840328782,0.6161087866108786
Empresa 7502,402955.0116,7.828211696440419e-06,0.9918962122445746,0.616239539748954
Empresa 4213,402878.5428,7.82672613617354e-06,0.9919040389707108,0.6163702928870293
Empresa 2470,402802.14519999997,7.825241959109888e-06,0.9919118642126699,0.6165010460251046
Empresa 581,402786.71259999997,7.824942149810218e-06,0.9919196891548197,0.6166317991631799
Empresa 1508,402622.2762,7.821747641955138e-06,0.9919275109024616,0.6167625523012552
Empresa 2725,401987.6706,7.809419151583914e-06,0.9919353203216131,0.6168933054393305
Empresa 1226,401924.0,7.808182222097268e-06,0.9919431285038353,0.6170240585774058
Empresa 4281,401631.546,7.802500714838232e-06,0.9919509310045501,0.6171548117154811
Empresa 508,401328.2162,7.796607923286118e-06,0.9919587276124734,0.6172855648535565
Empresa 5359,401102.3876,7.792220748447687e-06,0.9919665198332218,0.6174163179916318
Empresa 7215,401101.0882,7.792195504988776e-06,0.9919743120287268,0.6175470711297071
Empresa 4993,400910.646,7.788495782154665e-06,0.991982100524509,0.6176778242677824
Empresa 5765,400823.8176,7.786808965818112e-06,0.9919898873334748,0.6178085774058577
Empresa 127,400490.655,7.780336612113461e-06,0.9919976676700869,0.617939330543933
Empresa 6814,400281.8432,7.776280022846524e-06,0.9920054439501097,0.6180700836820083
Empresa 3503,399740.8122,7.76576940731771e-06,0.992013209719517,0.6182008368200836
Empresa 2804,399281.6968,7.756850167102716e-06,0.9920209665696841,0.618331589958159
Empresa 1781,399208.7168,7.75543238379401e-06,0.9920287220020679,0.6184623430962343
Empresa 7287,399104.30199999997,7.753403916260138e-06,0.9920364754059842,0.6185930962343096
Empresa 5389,399037.9792,7.75211546245325e-06,0.9920442275214466,0.6187238493723849
Empresa 4160,398784.8454,7.747197829176879e-06,0.9920519747192758,0.6188546025104602
Empresa 5548,398562.3632,7.742875664890165e-06,0.9920597175949406,0.6189853556485355
Empresa 1167,398536.6066,7.742375291122434e-06,0.9920674599702317,0.6191161087866108
Empresa 3757,398194.0278,7.73572000879088e-06,0.9920751956902405,0.6192468619246861
Empresa 1798,398114.81779999996,7.734181195199723e-06,0.9920829298714356,0.6193776150627615
Empresa 1721,397566.56000000006,7.723530184543267e-06,0.9920906534016202,0.6195083682008368
Empresa 866,397304.0812,7.71843100584322e-06,0.9920983718326261,0.6196391213389121
Empresa 3372,396997.7432,7.712479773954721e-06,0.9921060843124,0.6197698744769874
Empresa 1566,396562.5688,7.704025635825144e-06,0.9921137883380359,0.6199006276150628
Empresa 2728,396548.044,7.70374346236663e-06,0.9921214920814982,0.6200313807531381
Empresa 825,396446.2992,7.70176686495381e-06,0.9921291938483632,0.6201621338912134
Empresa 641,396344.5544,7.699790267540989e-06,0.9921368936386307,0.6202928870292888
Empresa 749,396088.6082,7.694817997737111e-06,0.9921445884566285,0.6204236401673641
Empresa 5069,395998.024,7.693058217430279e-06,0.9921522815148459,0.6205543933054394
Empresa 2853,395954.9302,7.692221033676529e-06,0.9921599737358796,0.6206851464435147
Empresa 3754,395903.595,7.691223744149135e-06,0.9921676649596237,0.62081589958159
Empresa 7200,395711.9602,7.687500852660955e-06,0.9921753524604764,0.6209466527196653
Empresa 4050,395231.1644,7.678160427063035e-06,0.9921830306209034,0.6210774058577406
Empresa 3232,395132.41,7.676241924185789e-06,0.9921907068628276,0.6212081589958159
Empresa 1273,395115.5,7.675913413419137e-06,0.9921983827762411,0.6213389121338913
Empresa 961,394603.75,7.66597164021784e-06,0.9922060487478813,0.6214696652719666
Empresa 7037,394184.6668,7.657830106017793e-06,0.9922137065779874,0.6216004184100419
Empresa 4938,393751.664,7.649418155586672e-06,0.9922213559961429,0.6217311715481172
Empresa 6847,393418.8218,7.642952026296548e-06,0.9922289989481692,0.6218619246861925
Empresa 1283,393401.39560000005,7.642613487306494e-06,0.9922366415616565,0.6219926778242678
Empresa 893,393312.6804,7.640890016084396e-06,0.9922442824516725,0.6221234309623431
Empresa 642,393068.8916,7.636153928231702e-06,0.9922519186056007,0.6222541841004184
Empresa 6804,392925.21,7.633362624117586e-06,0.9922595519682248,0.6223849372384938
Empresa 2107,392547.9746,7.626034067614799e-06,0.9922671780022924,0.6225156903765691
Empresa 1252,392431.26,7.623766651723289e-06,0.9922748017689441,0.6226464435146444
Empresa 460,392347.17280000006,7.622133088711014e-06,0.9922824239020328,0.6227771966527197
Empresa 295,392174.1568,7.618771904866957e-06,0.9922900426739377,0.622907949790795
Empresa 4952,392031.59660000005,7.616002386203681e-06,0.9922976586763239,0.6230387029288703
Empresa 7183,391913.28,7.613703848239541e-06,0.9923052723801722,0.6231694560669456
Empresa 2440,391905.8396,7.613559303502214e-06,0.9923128859394756,0.6233002092050209
Empresa 3820,391590.032,7.607424105584391e-06,0.9923204933635812,0.6234309623430963
Empresa 1600,391546.4932,7.606578276810465e-06,0.992328099941858,0.6235617154811716
Empresa 5315,391408.5432,7.6038983205562025e-06,0.9923357038401786,0.6236924686192469
Empresa 6364,391056.6728,7.597062530203394e-06,0.9923433009027087,0.6238232217573222
Empresa 7171,390968.54500000004,7.595350470407929e-06,0.9923508962531792,0.6239539748953975
Empresa 6207,390949.0006,7.594970781121841e-06,0.9923584912239604,0.6240847280334728
Empresa 2934,390805.47920000006,7.592182589214987e-06,0.9923660834065495,0.6242154811715481
Empresa 6758,390735.4184,7.590821517238628e-06,0.9923736742280668,0.6243462343096234
Empresa 5368,390555.49600000004,7.587326162681456e-06,0.9923812615542295,0.6244769874476988
Empresa 7333,390477.92360000004,7.585819162764542e-06,0.9923888473733922,0.6246077405857741
Empresa 6226,390343.6938,7.583211478878942e-06,0.992396430584871,0.6247384937238494
Empresa 11,389859.23120000004,7.573799818314779e-06,0.9924040043846893,0.6248692468619247
Empresa 2128,389810.21,7.5728474828922965e-06,0.9924115772321722,0.625
Empresa 3940,389296.769,7.562872858614332e-06,0.9924191401050309,0.6251307531380753
Empresa 4702,389053.58540000004,7.558148527989077e-06,0.9924266982535589,0.6252615062761506
Empresa 1507,389001.2,7.557130836214071e-06,0.9924342553843951,0.6253922594142259
Empresa 5201,388491.05199999997,7.547220185085403e-06,0.9924418026045801,0.6255230125523012
Empresa 1782,388046.8174,7.538590034345064e-06,0.9924493411946145,0.6256537656903766
Empresa 3504,387761.1274,7.533039931392687e-06,0.9924568742345459,0.6257845188284519
Empresa 3950,387579.8166,7.529517604372569e-06,0.9924644037521503,0.6259152719665272
Empresa 3368,385633.44,7.491705323529359e-06,0.9924718954574738,0.6260460251046025
Empresa 3966,385526.6756,7.489631210288963e-06,0.9924793850886842,0.6261767782426778
Empresa 742,385186.5176,7.483022956867162e-06,0.992486868111641,0.6263075313807531
Empresa 1344,384925.712,7.477956283442973e-06,0.9924943460679244,0.6264382845188284
Empresa 2842,384848.015,7.476446862920411e-06,0.9925018225147874,0.6265690376569037
Empresa 933,384775.836,7.475044640648019e-06,0.992509297559428,0.6266997907949791
Empresa 2445,384729.556,7.474145558549815e-06,0.9925167717049865,0.6268305439330544
Empresa 1083,384291.9786,7.465644737311292e-06,0.9925242373497238,0.6269612970711297
Empresa 7262,383588.22000000003,7.4519728108048696e-06,0.9925316893225347,0.627092050209205
Empresa 1185,383400.964,7.4483349863152114e-06,0.992539137657521,0.6272228033472803
Empresa 1342,382725.66760000004,7.435215995299184e-06,0.9925465728735163,0.6273535564853556
Empresa 6090,382691.1,7.434544450131985e-06,0.9925540074179665,0.6274843096234309
Empresa 4124,382506.1936,7.430952271348853e-06,0.9925614383702379,0.6276150627615062
Empresa 970,381522.4232,7.411840552347486e-06,0.9925688502107902,0.6277458158995816
Empresa 7302,381104.942,7.403730140220068e-06,0.9925762539409304,0.6278765690376569
Empresa 1253,380885.29000000004,7.399462958261669e-06,0.9925836534038887,0.6280073221757322
Empresa 6539,380833.2428,7.398451836701995e-06,0.9925910518557254,0.6281380753138075
Empresa 2667,380751.1492,7.396857003380104e-06,0.9925984487127287,0.6282688284518828
Empresa 5172,380375.8896,7.389566830766895e-06,0.9926058382795595,0.6283995815899581
Empresa 1070,380102.5172,7.384256021972964e-06,0.9926132225355815,0.6285303347280334
Empresa 3960,380054.5462,7.383324088798094e-06,0.9926206058596703,0.6286610878661087
Empresa 5420,379852.2848,7.379394754228135e-06,0.9926279852544245,0.6287918410041841
Empresa 238,379841.5514,7.379186236341513e-06,0.9926353644406609,0.6289225941422594
Empresa 3465,379679.37559999997,7.3760356451889195e-06,0.9926427404763061,0.6290533472803347
Empresa 5621,379548.7236,7.373497467265529e-06,0.9926501139737733,0.62918410041841
Empresa 3523,379359.83,7.369827829101627e-06,0.9926574838016025,0.6293148535564853
Empresa 6841,379305.93159999995,7.368780744258025e-06,0.9926648525823467,0.6294456066945606
Empresa 2764,379273.19739999995,7.3681448165739484e-06,0.9926722207271633,0.6295763598326359
Empresa 6674,379061.05700000003,7.364023562556105e-06,0.9926795847507259,0.6297071129707112
Empresa 1842,378880.3158,7.360512301161809e-06,0.9926869452630271,0.6298378661087866
Empresa 7246,378563.28,7.3543532429883035e-06,0.9926942996162701,0.6299686192468619
Empresa 6295,377361.6554,7.3310092679100425e-06,0.992701630625538,0.6300993723849372
Empresa 280,377316.0696,7.330123672043311e-06,0.99270896074921,0.6302301255230126
Empresa 854,377230.772,7.328466594576159e-06,0.9927162892158046,0.6303608786610879
Empresa 3629,376996.5418,7.323916201756825e-06,0.9927236131320063,0.6304916317991632
Empresa 4999,376624.48620000004,7.316688273288877e-06,0.9927309298202796,0.6306223849372385
Empresa 6017,376567.9534,7.315590009925839e-06,0.9927382454102894,0.6307531380753139
Empresa 4270,376511.9012,7.314501083184591e-06,0.9927455599113726,0.6308838912133892
Empresa 1031,376055.1532,7.305627834476929e-06,0.992752865539207,0.6310146443514645
Empresa 3145,376052.3942,7.305574235351843e-06,0.9927601711134424,0.6311453974895398
Empresa 6863,376039.596,7.3053256045716095e-06,0.992767476439047,0.6312761506276151
Empresa 6238,375896.43059999996,7.302544328680894e-06,0.9927747789833756,0.6314069037656904
Empresa 5798,375469.2484,7.2942454551136615e-06,0.9927820732288307,0.6315376569037657
Empresa 4773,375131.262,7.287679389390315e-06,0.9927893609082201,0.631668410041841
Empresa 226,375008.8692,7.285301663041372e-06,0.9927966462098832,0.6317991631799164
Empresa 6064,374630.2276,7.277945788274832e-06,0.9928039241556714,0.6319299163179917
Empresa 62,374510.41579999996,7.275618203042903e-06,0.9928111997738744,0.632060669456067
Empresa 5987,374469.458,7.274822515385993e-06,0.9928184745963898,0.6321914225941423
Empresa 982,373962.3004,7.264969958792902e-06,0.9928257395663487,0.6323221757322176
Empresa 2277,373791.723,7.261656149659405e-06,0.9928330012224983,0.6324529288702929
Empresa 4349,373560.0916,7.257156243757892e-06,0.992840258378742,0.6325836820083682
Empresa 337,373464.292,7.255295143814611e-06,0.9928475136738858,0.6327144351464435
Empresa 213,372858.1842,7.243520280535397e-06,0.9928547571941664,0.6328451882845189
Empresa 2840,372818.6504,7.242752256943046e-06,0.9928619999464233,0.6329759414225942
Empresa 209,372783.42419999995,7.242067917145989e-06,0.9928692420143405,0.6331066945606695
Empresa 7083,371961.34900000005,7.226097452675426e-06,0.9928764681117931,0.6332374476987448
Empresa 5710,371772.36640000006,7.222426085507491e-06,0.9928836905378786,0.6333682008368201
Empresa 3264,371575.8544,7.218608444598191e-06,0.9928909091463232,0.6334989539748954
Empresa 3358,371468.823,7.2165291443456895e-06,0.9928981256754675,0.6336297071129707
Empresa 2024,371448.086,7.216126286405533e-06,0.9929053418017539,0.633760460251046
Empresa 6668,371008.96,7.207595380496803e-06,0.9929125493971345,0.6338912133891214
Empresa 1930,370395.7856,7.19568323429721e-06,0.9929197450803687,0.6340219665271967
Empresa 5474,370377.149,7.195321180852278e-06,0.9929269404015496,0.634152719665272
Empresa 6777,369632.308,7.180851146083295e-06,0.9929341212526956,0.6342834728033473
Empresa 834,369463.20800000004,7.1775660384167795e-06,0.992941298818734,0.6344142259414226
Empresa 741,369181.345,7.172090282637908e-06,0.9929484709090167,0.6345449790794979
Empresa 5607,369101.8324,7.170545590433032e-06,0.9929556414546071,0.6346757322175732
Empresa 4850,368834.69,7.165355811921551e-06,0.992962806810419,0.6348064853556485
Empresa 2697,368731.45,7.163350167240941e-06,0.9929699701605863,0.6349372384937239
Empresa 1650,368431.5912,7.157524806846192e-06,0.9929771276853931,0.6350679916317992
Empresa 3545,368173.9718,7.1525200317664564e-06,0.992984280205425,0.6351987447698745
Empresa 2975,367125.0,7.132141644409042e-06,0.9929914123470693,0.6353294979079498
Empresa 5204,366817.95,7.126176580488264e-06,0.9929985385236498,0.6354602510460251
Empresa 6813,366718.1454,7.124237675363405e-06,0.9930056627613252,0.6355910041841004
Empresa 5902,366408.53219999996,7.1182228161264185e-06,0.9930127809841413,0.6357217573221757
Empresa 5444,365950.4314,7.109323286557425e-06,0.9930198903074278,0.635852510460251
Empresa 7095,365110.6986,7.093009787686315e-06,0.9930269833172155,0.6359832635983264
Empresa 4956,364900.0,7.088916543533836e-06,0.9930340722337591,0.6361140167364017
Empresa 649,364405.8542,7.0793167673306635e-06,0.9930411515505264,0.636244769874477
Empresa 7418,364391.4006,7.079035977075377e-06,0.9930482305865035,0.6363755230125523
Empresa 2180,363570.4646,7.063087643856462e-06,0.9930552936741474,0.6365062761506276
Empresa 5175,363561.29760000005,7.062909556440857e-06,0.9930623565837038,0.6366370292887029
Empresa 4653,363241.23579999997,7.056691712130159e-06,0.9930694132754159,0.6367677824267782
Empresa 5975,362887.74559999997,7.049824453903912e-06,0.9930764630998697,0.6368985355648535
Empresa 6912,362507.6088,7.042439531869586e-06,0.9930835055394016,0.6370292887029289
Empresa 2097,361638.77300000004,7.0255606486790296e-06,0.9930905311000503,0.6371600418410042
Empresa 3310,361519.4952,7.023243437471311e-06,0.9930975543434878,0.6372907949790795
Empresa 7448,361508.20999999996,7.0230241997596705e-06,0.9931045773676875,0.6374215481171548
Empresa 4009,361042.918,7.013984966664648e-06,0.9931115913526543,0.6375523012552301
Empresa 4298,360731.80960000004,7.007941060159874e-06,0.9931185992937144,0.6376830543933054
Empresa 3462,360712.6212,7.007568286889926e-06,0.9931256068620012,0.6378138075313807
Empresa 6586,360649.271,7.006337581817807e-06,0.993132613199583,0.637944560669456
Empresa 5047,360429.2096,7.002062446440846e-06,0.9931396152620294,0.6380753138075314
Empresa 7395,360389.33759999997,7.001287852633161e-06,0.993146616549882,0.6382060669456067
Empresa 4959,360268.8494,6.998947126970568e-06,0.993153615497009,0.638336820083682
Empresa 6453,359844.0168,6.990693899109859e-06,0.9931606061909081,0.6384675732217573
Empresa 7012,359726.4834,6.988410576381228e-06,0.9931675946014844,0.6385983263598326
Empresa 4446,359665.6608,6.987228975023703e-06,0.9931745818304595,0.6387290794979079
Empresa 1196,359664.5394,6.9872071895728614e-06,0.9931815690376491,0.6388598326359832
Empresa 6647,359443.855,6.982919951167655e-06,0.9931885519576003,0.6389905857740585
Empresa 1118,359391.612,6.981905025799106e-06,0.993195533862626,0.6391213389121339
Empresa 227,359148.2148,6.977176545564165e-06,0.9932025110391716,0.6392520920502092
Empresa 4543,358988.4598,6.974072983321325e-06,0.9932094851121549,0.6393828451882845
Empresa 6676,358900.4032,6.972362306729088e-06,0.9932164574744616,0.6395135983263598
Empresa 1675,358080.7132,6.956438179566661e-06,0.9932234139126412,0.6396443514644351
Empresa 6087,358044.7928,6.955740353538132e-06,0.9932303696529948,0.6397751046025104
Empresa 3367,358036.9252,6.9555875095814376e-06,0.9932373252405045,0.6399058577405857
Empresa 4468,358013.3224,6.955128977711354e-06,0.9932442803694822,0.640036610878661
Empresa 2781,357912.3074,6.9531665581316185e-06,0.9932512335360403,0.6401673640167364
Empresa 5871,357120.6168,6.937786375638607e-06,0.9932581713224159,0.6402981171548117
Empresa 4980,357070.5098,6.936812946366897e-06,0.9932651081353623,0.640428870292887
Empresa 410,357010.1144,6.935639644228741e-06,0.9932720437750066,0.6405596234309623
Empresa 4309,356890.0,6.933306180383093e-06,0.993278977081187,0.6406903765690377
Empresa 4317,356712.178,6.929851630321147e-06,0.9932859069328173,0.640821129707113
Empresa 2173,356521.2908,6.926143262466862e-06,0.9932928330760797,0.6409518828451883
Empresa 1608,356480.22620000003,6.925345500005109e-06,0.9932997584215797,0.6410826359832636
Empresa 6704,356453.9,6.924834060611553e-06,0.9933066832556403,0.641213389121339
Empresa 3697,356445.0,6.924661160208052e-06,0.9933136079168006,0.6413441422594143
Empresa 6598,356065.0234,6.9172793503809875e-06,0.993320525196151,0.6414748953974896
Empresa 1232,356000.0,6.916016140033011e-06,0.993327441212291,0.6416056485355649
Empresa 1103,355821.9466,6.912557094560573e-06,0.9933343537693855,0.6417364016736402
Empresa 6511,355808.739,6.912300510361778e-06,0.9933412660698958,0.6418671548117155
Empresa 612,355621.2516,6.90865819046163e-06,0.9933481747280862,0.6419979079497908
Empresa 6163,355349.65920000005,6.903381961748399e-06,0.993355078110048,0.6421286610878661
Empresa 516,355228.7082,6.901032245264822e-06,0.9933619791422932,0.6422594142259415
Empresa 5793,355037.9278,6.897325952215379e-06,0.9933688764682455,0.6423901673640168
Empresa 687,354718.4,6.891118481928892e-06,0.9933757675867274,0.6425209205020921
Empresa 1638,354455.8856,6.886018611627231e-06,0.9933826536053391,0.6426516736401674
Empresa 4337,354405.12,6.8850323877256624e-06,0.9933895386377268,0.6427824267782427
Empresa 6822,353985.8944,6.87688808711916e-06,0.9933964155258139,0.642913179916318
Empresa 2742,353963.769,6.876458256716057e-06,0.9934032919840706,0.6430439330543933
Empresa 4605,353857.6988,6.874397629707134e-06,0.9934101663817003,0.6431746861924686
Empresa 6659,353645.2202,6.870269805473955e-06,0.9934170366515058,0.643305439330544
Empresa 5752,353334.539,6.864234198188549e-06,0.993423900885704,0.6434361924686193
Empresa 1578,353302.1608,6.8636051865206125e-06,0.9934307644908905,0.6435669456066946
Empresa 4382,352108.1368,6.840408868386942e-06,0.9934376048997589,0.6436976987447699
Empresa 7568,352060.059,6.839474860407231e-06,0.9934444443746192,0.6438284518828452
Empresa 354,351307.84880000004,6.824861664104148e-06,0.9934512692362834,0.6439592050209205
Empresa 5086,351249.18,6.8237219046442704e-06,0.993458092958188,0.6440899581589958
Empresa 757,351233.249,6.823412412922004e-06,0.9934649163706009,0.6442207112970711
Empresa 570,351176.5916,6.822311728953317e-06,0.9934717386823299,0.6443514644351465
Empresa 2123,351062.9564,6.8201041366014196e-06,0.9934785587864664,0.6444822175732218
Empresa 2008,350944.177,6.817796607816298e-06,0.9934853765830742,0.6446129707112971
Empresa 237,350242.4654,6.8041644484026776e-06,0.9934921807475227,0.6447437238493724
Empresa 7003,350029.346,6.800024175340447e-06,0.993498980771698,0.6448744769874477
Empresa 292,349788.33400000003,6.795342032413645e-06,0.9935057761137304,0.645005230125523
Empresa 6661,349603.926,6.791759536053107e-06,0.9935125678732665,0.6451359832635983
Empresa 3271,349584.0434,6.791373276551687e-06,0.993519359246543,0.6452667364016736
Empresa 1821,349426.63800000004,6.788315360015372e-06,0.993526147561903,0.645397489539749
Empresa 4017,348931.086,6.7786882655484455e-06,0.9935329262501686,0.6455282426778243
Empresa 3664,348435.0,6.769050797057309e-06,0.9935396953009658,0.6456589958158996
Empresa 499,347996.675,6.760535452184893e-06,0.993546455836418,0.6457897489539749
Empresa 2821,347749.6822,6.755737120186938e-06,0.9935532115735382,0.6459205020920502
Empresa 7405,347343.504,6.747846291571969e-06,0.9935599594198298,0.6460512552301255
Empresa 3547,347324.22660000005,6.7474717892979864e-06,0.9935667068916191,0.6461820083682008
Empresa 1792,347165.86,6.744395199518091e-06,0.9935734512868186,0.6463127615062761
Empresa 6274,346946.0834,6.740125596954042e-06,0.9935801914124156,0.6464435146443515
Empresa 7539,346651.1196,6.734395331781217e-06,0.9935869258077474,0.6465742677824268
Empresa 2621,345938.639,6.7205539628793635e-06,0.9935936463617103,0.6467050209205021
Empresa 3240,344794.18799999997,6.698320699993191e-06,0.9936003446824103,0.6468357740585774
Empresa 7089,344705.544,6.696598611974323e-06,0.9936070412810223,0.6469665271966527
Empresa 2349,344467.1308,6.691966955965343e-06,0.9936137332479783,0.647097280334728
Empresa 2424,344443.261,6.691503237083154e-06,0.9936204247512154,0.6472280334728033
Empresa 7022,344330.2132,6.689307056157887e-06,0.9936271140582715,0.6473587866108786
Empresa 6906,343941.1052,6.68174785051683e-06,0.9936337958061221,0.647489539748954
Empresa 4524,343621.3994,6.675536922222274e-06,0.9936404713430443,0.6476202928870293
Empresa 864,343564.475,6.674431051241482e-06,0.9936471457740956,0.6477510460251046
Empresa 1260,343317.5,6.669633065044335e-06,0.9936538154071607,0.6478817991631799
Empresa 339,343247.31460000004,6.668269572462328e-06,0.9936604836767331,0.6480125523012552
Empresa 712,343225.0468,6.667836975652768e-06,0.9936671515137088,0.6481433054393305
Empresa 6765,343210.7,6.667558260202325e-06,0.993673819071969,0.6482740585774058
Empresa 6649,343051.9062,6.664473371203064e-06,0.9936804835453401,0.6484048117154811
Empresa 510,342966.929,6.662822518150437e-06,0.9936871463678583,0.6485355648535565
Empresa 2144,342925.5974,6.66201956867658e-06,0.9936938083874269,0.6486663179916318
Empresa 4854,341911.9764,6.64232794172187e-06,0.9937004507153686,0.6487970711297071
Empresa 6710,341888.49820000003,6.6418718304574355e-06,0.993707092587199,0.6489278242677824
Empresa 1893,341585.4354,6.635984225917425e-06,0.9937137285714249,0.6490585774058577
Empresa 7123,341405.6732,6.632491983567516e-06,0.9937203610634084,0.649189330543933
Empresa 2712,340870.0,6.622085454081608e-06,0.9937269831488625,0.6493200836820083
Empresa 7471,340571.049,6.6162777295280154e-06,0.9937335994265921,0.6494508368200836
Empresa 3043,340544.29559999995,6.615757990915091e-06,0.993740215184583,0.649581589958159
Empresa 6829,340494.4378,6.61478940285468e-06,0.9937468299739859,0.6497123430962343
Empresa 2426,340172.418,6.608533520455213e-06,0.9937534385075063,0.6498430962343096
Empresa 5522,339931.3882,6.603851031727603e-06,0.993760042358538,0.6499738493723849
Empresa 68,339852.552,6.6023194799533935e-06,0.9937666446780179,0.6501046025104602
Empresa 92,339430.9056,6.594128150437138e-06,0.9937732388061683,0.6502353556485355
Empresa 5900,338560.628,6.577221257381214e-06,0.9937798160274257,0.6503661087866108
Empresa 6752,338519.688,6.57642591552511e-06,0.9937863924533412,0.6504968619246861
Empresa 3929,338436.651,6.574812754760447e-06,0.993792967266096,0.6506276150627615
Empresa 5066,338200.0,6.57021533303136e-06,0.993799537481429,0.6507583682008368
Empresa 4307,337881.5936,6.564029648195715e-06,0.9938061015110772,0.6508891213389121
Empresa 5271,337654.0206,6.559608584878198e-06,0.993812661119662,0.6510198744769874
Empresa 3082,337354.9628,6.553798785519763e-06,0.9938192149184476,0.6511506276150628
Empresa 5963,337317.2268,6.55306568780892e-06,0.9938257679841355,0.6512813807531381
Empresa 2597,337166.354,6.5501346801687745e-06,0.9938323181188157,0.6514121338912134
Empresa 3971,336987.8556,6.546666989676162e-06,0.9938388647858053,0.6515428870292888
Empresa 6474,336781.518,6.5426584667213984e-06,0.993845407444272,0.6516736401673641
Empresa 6996,336741.4324,6.541879723304031e-06,0.9938519493239952,0.6518043933054394
Empresa 1700,336670.65959999996,6.540504819295392e-06,0.9938584898288145,0.6519351464435147
Empresa 5242,336433.5636,6.5358987525461305e-06,0.9938650257275671,0.65206589958159
Empresa 6020,336385.18319999997,6.534958865952699e-06,0.993871560686433,0.6521966527196653
Empresa 445,336233.278,6.532007801865747e-06,0.9938780926942349,0.6523274058577406
Empresa 1778,335874.9996,6.525047523222418e-06,0.9938846177417581,0.6524581589958159
Empresa 1086,335797.0,6.523532224086138e-06,0.9938911412739821,0.6525889121338913
Empresa 206,335681.1042,6.5212807150317495e-06,0.9938976625546971,0.6527196652719666
Empresa 3840,335250.54000000004,6.512916139311187e-06,0.9939041754708364,0.6528504184100419
Empresa 3639,335098.1008,6.5099547012000245e-06,0.9939106854255376,0.6529811715481172
Empresa 3224,334915.01,6.506397794099206e-06,0.9939171918233317,0.6531119246861925
Empresa 124,334830.45999999996,6.504755240265947e-06,0.9939236965785719,0.6532426778242678
Empresa 7305,334802.7098,6.504216136807833e-06,0.9939302007947087,0.6533734309623431
Empresa 18,334225.972,6.493011844860172e-06,0.9939366938065536,0.6535041841004184
Empresa 5082,334089.08999999997,6.490352636654328e-06,0.9939431841591903,0.6536349372384938
Empresa 6487,333541.028,6.479705429806748e-06,0.99394966386462,0.6537656903765691
Empresa 2726,333528.5146,6.479462331839426e-06,0.9939561433269518,0.6538964435146444
Empresa 4525,333487.8238,6.4786718311946205e-06,0.993962621998783,0.6540271966527197
Empresa 1799,333109.2,6.471316302228888e-06,0.9939690933150853,0.654157949790795
Empresa 2628,333020.2,6.46958729819388e-06,0.9939755629023835,0.6542887029288703
Empresa 6643,332473.74,6.458971213418929e-06,0.993982021873597,0.6544194560669456
Empresa 862,332405.5126,6.457645758925692e-06,0.9939884795193559,0.6545502092050209
Empresa 5688,332067.989,6.451088684023326e-06,0.9939949306080399,0.6546809623430963
Empresa 4259,331776.8166,6.4454320744223936e-06,0.9940013760401143,0.6548117154811716
Empresa 7134,331512.00600000005,6.440287595816631e-06,0.9940078163277101,0.6549424686192469
Empresa 622,331418.5026,6.4384711041774505e-06,0.9940142547988142,0.6550732217573222
Empresa 1886,331293.7424,6.436047386321176e-06,0.9940206908462006,0.6552039748953975
Empresa 710,330467.1104,6.419988396844019e-06,0.9940271108345974,0.6553347280334728
Empresa 2298,330118.3016,6.413212084230015e-06,0.9940335240466817,0.6554654811715481
Empresa 3168,330017.78500000003,6.411259347072877e-06,0.9940399353060287,0.6555962343096234
Empresa 6354,329586.0994,6.4028729859014725e-06,0.9940463381790147,0.6557269874476988
Empresa 4864,329255.5356,6.396451119114645e-06,0.9940527346301338,0.6558577405857741
Empresa 4055,328850.7458,6.38858726296262e-06,0.9940591232173968,0.6559884937238494
Empresa 2408,328595.17339999997,6.38362225497569e-06,0.9940655068396518,0.6561192468619247
Empresa 5992,328109.7496,6.3741919211679485e-06,0.994071881031573,0.65625
Empresa 3775,327918.5242,6.37047698309833e-06,0.9940782515085561,0.6563807531380753
Empresa 371,327606.8106,6.364421319366118e-06,0.9940846159298755,0.6565115062761506
Empresa 97,327458.6078,6.3615421818470215e-06,0.9940909774720573,0.6566422594142259
Empresa 3483,327376.71,6.359951152334007e-06,0.9940973374232096,0.6567730125523012
Empresa 2443,327359.76440000004,6.359621949965742e-06,0.9941036970451596,0.6569037656903766
Empresa 6522,327233.58019999997,6.357170568044905e-06,0.9941100542157276,0.6570345188284519
Empresa 69,326618.92840000003,6.345229720378333e-06,0.994116399445448,0.6571652719665272
Empresa 6084,326218.05460000003,6.337441940403849e-06,0.9941227368873885,0.6572960251046025
Empresa 7457,325686.4576,6.327114599302744e-06,0.9941290640019879,0.6574267782426778
Empresa 5968,325660.2026,6.326604543112417e-06,0.994135390606531,0.6575575313807531
Empresa 983,325609.73960000003,6.3256241978245676e-06,0.9941417162307288,0.6576882845188284
Empresa 378,325219.2432,6.318038019720565e-06,0.9941480342687485,0.6578190376569037
Empresa 4326,324970.1856,6.313199574828998e-06,0.9941543474683233,0.6579497907949791
Empresa 2249,324903.54240000003,6.311904896607584e-06,0.99416065937322,0.6580805439330544
Empresa 2315,324061.2642,6.295541948221072e-06,0.9941669549151682,0.6582112970711297
Empresa 5421,323991.52379999997,6.294187100659239e-06,0.9941732491022688,0.658342050209205
Empresa 1269,323379.72,6.282301581121785e-06,0.99417953140385,0.6584728033472803
Empresa 6690,322683.74,6.268780769568021e-06,0.9941858001846196,0.6586035564853556
Empresa 6663,322177.1698,6.258939624401561e-06,0.9941920591242439,0.6587343096234309
Empresa 631,321878.6104,6.253139507465723e-06,0.9941983122637513,0.6588650627615062
Empresa 5104,321678.5562,6.249253052195831e-06,0.9942045615168035,0.6589958158995816
Empresa 730,321253.68799999997,6.240999132733508e-06,0.9942108025159362,0.6591265690376569
Empresa 5507,320651.692,6.2293041494407124e-06,0.9942170318200856,0.6592573221757322
Empresa 5203,320549.52,6.227319252808524e-06,0.9942232591393384,0.6593880753138075
Empresa 1658,320223.1036,6.220977957609726e-06,0.9942294801172961,0.6595188284518828
Empresa 3630,319997.72,6.2165994277914715e-06,0.9942356967167238,0.6596495815899581
Empresa 3911,319905.872,6.2148150956273435e-06,0.9942419115318195,0.6597803347280334
Empresa 6131,319275.14680000005,6.202561989832048e-06,0.9942481140938093,0.6599110878661087
Empresa 464,319274.96880000003,6.202558531823978e-06,0.9942543166523411,0.6600418410041841
Empresa 6538,319234.4738,6.2017718349880484e-06,0.9942605184241761,0.6601725941422594
Empresa 4181,318798.0,6.193292453399561e-06,0.9942667117166295,0.6603033472803347
Empresa 214,318665.924,6.190726611411609e-06,0.994272902443241,0.66043410041841
Empresa 2042,318496.3612,6.187432512924111e-06,0.9942790898757539,0.6605648535564853
Empresa 4837,318003.764,6.177862821391148e-06,0.9942852677385753,0.6606956066945606
Empresa 34,317659.6544,6.171177800190191e-06,0.9942914389163755,0.6608263598326359
Empresa 3797,317444.7194,6.167002255445647e-06,0.9942976059186309,0.6609571129707112
Empresa 7273,317270.1726,6.163611332732189e-06,0.9943037695299637,0.6610878661087866
Empresa 4997,317005.54000000004,6.1584703121344956e-06,0.9943099280002758,0.6612186192468619
Empresa 1739,316820.7226,6.1548798623553965e-06,0.9943160828801382,0.6613493723849372
Empresa 5639,316584.3208,6.150287281837607e-06,0.99432223316742,0.6614801255230126
Empresa 6164,316361.64280000003,6.145961313742018e-06,0.9943283791287337,0.6616108786610879
Empresa 4404,315418.7234,6.127643207592719e-06,0.9943345067719414,0.6617416317991632
Empresa 2095,314901.0104,6.117585591121076e-06,0.9943406243575325,0.6618723849372385
Empresa 5385,314446.38060000003,6.108753492709447e-06,0.9943467331110252,0.6620031380753139
Empresa 6288,314287.0172,6.105657538084361e-06,0.9943528387685633,0.6621338912133892
Empresa 1250,313120.9392,6.0830041272176835e-06,0.9943589217726905,0.6622646443514645
Empresa 4252,313062.217,6.0818633303553844e-06,0.9943650036360209,0.6623953974895398
Empresa 72,312852.8,6.07779498386101e-06,0.9943710814310047,0.6625261506276151
Empresa 449,312758.104,6.075955323567761e-06,0.9943771573863283,0.6626569037656904
Empresa 3998,312720.99100000004,6.075234328885164e-06,0.9943832326206572,0.6627876569037657
Empresa 1818,312375.8846,6.068529942839014e-06,0.9943893011506001,0.662918410041841
Empresa 144,312131.188,6.063776219145163e-06,0.9943953649268192,0.6630491631799164
Empresa 4390,311874.512,6.058789771508199e-06,0.9944014237165908,0.6631799163179917
Empresa 2886,311784.0702,6.057032757607824e-06,0.9944074807493484,0.663310669456067
Empresa 4801,311664.59660000005,6.054711742591229e-06,0.994413535461091,0.6634414225941423
Empresa 2627,311277.1262,6.047184350624417e-06,0.9944195826454416,0.6635721757322176
Empresa 7613,311268.06600000005,6.047008338013654e-06,0.9944256296537797,0.6637029288702929
Empresa 4880,311144.356,6.044605022404992e-06,0.9944316742588021,0.6638336820083682
Empresa 201,311082.412,6.043401635596626e-06,0.9944377176604376,0.6639644351464435
Empresa 764,310870.6632,6.039287989196534e-06,0.9944437569484268,0.6640951882845189
Empresa 6714,310778.35240000003,6.037494666211424e-06,0.994449794443093,0.6642259414225942
Empresa 4015,310748.7154,6.036918907867766e-06,0.9944558313620009,0.6643566945606695
Empresa 503,310362.8826,6.0294233295751985e-06,0.9944618607853305,0.6644874476987448
Empresa 6909,310182.8,6.025924862810762e-06,0.9944678867101933,0.6646182008368201
Empresa 2155,309678.4904,6.016127634346791e-06,0.9944739028378277,0.6647489539748954
Empresa 1947,309619.6614,6.01498476267965e-06,0.9944799178225904,0.6648797071129707
Empresa 1835,308656.628,5.996275901618441e-06,0.994485914098492,0.665010460251046
Empresa 7589,308586.14,5.994906530422714e-06,0.9944919090050224,0.6651412133891214
Empresa 6936,308202.372,5.987451065023758e-06,0.9944978964560874,0.6652719665271967
Empresa 205,307513.7256,5.974072723402479e-06,0.9945038705288108,0.665402719665272
Empresa 7004,307509.0086,5.973981086188623e-06,0.994509844509897,0.6655334728033473
Empresa 2412,307158.58,5.967173305701182e-06,0.9945158116832027,0.6656642259414226
Empresa 7492,306747.6492,5.959190148270741e-06,0.9945217708733509,0.6657949790794979
Empresa 4845,305908.4682,5.942887369224649e-06,0.9945277137607201,0.6659257322175732
Empresa 3047,305887.3574,5.942477249467545e-06,0.9945336562379696,0.6660564853556485
Empresa 4885,305862.25940000004,5.941989670329674e-06,0.9945395982276399,0.6661872384937239
Empresa 5709,305823.3664,5.941234095566374e-06,0.9945455394617355,0.6663179916317992
Empresa 7068,305472.6886,5.934421473867634e-06,0.9945514738832094,0.6664487447698745
Empresa 702,305314.0906,5.93134038867725e-06,0.9945574052235981,0.6665794979079498
Empresa 6483,305148.96,5.928132394590696e-06,0.9945633333559928,0.6667102510460251
Empresa 7251,304875.6054,5.922821931597571e-06,0.9945692561779244,0.6668410041841004
Empresa 1725,304859.6032,5.9225110566720765e-06,0.994575178688981,0.6669717573221757
Empresa 3751,304561.1684,5.916713360341888e-06,0.9945810954023414,0.667102510460251
Empresa 3779,304380.0,5.913193799728224e-06,0.9945870085961411,0.6672332635983264
Empresa 2828,304136.852,5.908470160704582e-06,0.9945929170663018,0.6673640167364017
Empresa 4386,304023.8576,5.906275017181735e-06,0.994598823341319,0.667494769874477
Empresa 6135,303793.579,5.901801392141555e-06,0.9946047251427111,0.6676255230125523
Empresa 5076,303751.0014,5.900974236611207e-06,0.9946106261169477,0.6677562761506276
Empresa 20,303735.9782,5.900682380730098e-06,0.9946165267993284,0.6678870292887029
Empresa 6078,303443.809,5.895006406283973e-06,0.9946224218057347,0.6680177824267782
Empresa 6910,303229.1588,5.890836394352339e-06,0.994628312642129,0.6681485355648535
Empresa 6045,302678.80059999996,5.880144579200654e-06,0.9946341927867083,0.6682792887029289
Empresa 6303,302661.4278,5.879807077613022e-06,0.9946400725937858,0.6684100418410042
Empresa 4545,302451.19200000004,5.875722824281526e-06,0.9946459483166101,0.6685407949790795
Empresa 2696,302315.2,5.873080906116033e-06,0.9946518213975163,0.6686715481171548
Empresa 4154,302231.1306,5.871447688904563e-06,0.9946576928452052,0.6688023012552301
Empresa 5135,301252.6646,5.852439018543683e-06,0.9946635452842237,0.6689330543933054
Empresa 6839,301079.88,5.849082330110118e-06,0.9946693943665539,0.6690638075313807
Empresa 4953,300980.44920000003,5.847150686802208e-06,0.9946752415172407,0.669194560669456
Empresa 2303,300887.9604,5.845353905809026e-06,0.9946810868711465,0.6693253138075314
Empresa 1869,300504.13899999997,5.837897403007649e-06,0.9946869247685496,0.6694560669456067
Empresa 3973,300428.39999999997,5.836426020573857e-06,0.9946927611945702,0.669586820083682
Empresa 152,300248.976,5.832940348439281e-06,0.9946985941349186,0.6697175732217573
Empresa 7315,299680.6754,5.821899966074139e-06,0.9947044160348847,0.6698483263598326
Empresa 3714,299517.396,5.818727935271513e-06,0.99471023476282,0.6699790794979079
Empresa 6554,299487.77680000005,5.8181525227286635e-06,0.9947160529153427,0.6701098326359832
Empresa 4197,299465.42000000004,5.817718196915069e-06,0.9947218706335397,0.6702405857740585
Empresa 6541,299443.5438,5.8172932077232634e-06,0.9947276879267474,0.6703713389121339
Empresa 394,299111.2,5.810836760855736e-06,0.9947334987635083,0.6705020920502092
Empresa 541,299040.0,5.809453557627729e-06,0.9947393082170659,0.6706328451882845
Empresa 4972,298847.8134,5.805719946314532e-06,0.9947451139370123,0.6707635983263598
Empresa 3476,298593.89639999997,5.800787097802653e-06,0.99475091472411,0.6708943514644351
Empresa 5913,298431.151,5.7976254410242375e-06,0.9947567123495511,0.6710251046025104
Empresa 3203,298301.3,5.79510282413716e-06,0.9947625074523753,0.6711558577405857
Empresa 7207,298219.24199999997,5.793508682416882e-06,0.9947683009610577,0.671286610878661
Empresa 486,297689.87,5.783224566416653e-06,0.9947740841856242,0.6714173640167364
Empresa 6272,297534.476,5.7802057253715295e-06,0.9947798643913496,0.6715481171548117
Empresa 145,297495.9034,5.779456375022757e-06,0.9947856438477246,0.671678870292887
Empresa 7422,297487.1102,5.779285549424098e-06,0.9947914231332741,0.6718096234309623
Empresa 7248,297463.0802,5.778818718334647e-06,0.9947972019519924,0.6719403765690377
Empresa 4522,297397.4338,5.777543404958423e-06,0.9948029794953973,0.672071129707113
Empresa 5067,297387.14540000004,5.777343532091977e-06,0.9948087568389294,0.6722018828451883
Empresa 2246,297149.24840000004,5.7727219043064e-06,0.9948145295608337,0.6723326359832636
Empresa 3898,296755.37,5.765070024049067e-06,0.9948202946308577,0.672463389121339
Empresa 3324,296592.4644,5.761905255063388e-06,0.9948260565361128,0.6725941422594143
Empresa 6438,296517.9536,5.76045773288528e-06,0.9948318169938457,0.6727248953974896
Empresa 28,296112.3628,5.7525783156969396e-06,0.9948375695721614,0.6728556485355649
Empresa 1909,295900.9878,5.748471931113795e-06,0.9948433180440925,0.6729864016736402
Empresa 7010,295863.59,5.747745403618285e-06,0.9948490657894962,0.6731171548117155
Empresa 1740,295585.5896,5.742344686614533e-06,0.9948548081341828,0.6732479079497908
Empresa 4293,295185.5168,5.734572467676363e-06,0.9948605427066505,0.6733786610878661
Empresa 2654,295005.7902,5.731080916928068e-06,0.9948662737875674,0.6735094142259415
Empresa 2882,294848.40260000003,5.72802334619256e-06,0.9948720018109136,0.6736401673640168
Empresa 3688,294545.9984,5.722148536282408e-06,0.99487772395945,0.6737709205020921
Empresa 2520,294462.3028,5.720522580887887e-06,0.9948834444820308,0.6739016736401674
Empresa 459,294346.14,5.718265884821394e-06,0.9948891627479156,0.6740324267782427
Empresa 1854,294145.0,5.714358335702275e-06,0.9948948771062514,0.674163179916318
Empresa 587,293994.5544,5.711435627281498e-06,0.9949005885418787,0.6742939330543933
Empresa 2111,293712.2286,5.705950880681644e-06,0.9949062944927594,0.6744246861924686
Empresa 118,293433.0,5.700526303422209e-06,0.9949119950190628,0.674555439330544
Empresa 3813,293298.16500000004,5.697906862309172e-06,0.9949176929259251,0.6746861924686193
Empresa 6285,293223.227,5.696451040911695e-06,0.994923389376966,0.6748169456066946
Empresa 3404,293131.14759999997,5.694662213337074e-06,0.9949290840391793,0.6749476987447699
Empresa 4356,292890.1,5.689979378808658e-06,0.9949347740185581,0.6750784518828452
Empresa 6273,292533.7084,5.6830557550508715e-06,0.9949404570743132,0.6752092050209205
Empresa 7202,292490.79260000004,5.682222029305192e-06,0.9949461392963426,0.6753399581589958
Empresa 4105,292314.9998,5.6788069005352424e-06,0.9949518181032431,0.6754707112970711
Empresa 1868,291999.7084,5.672681730840822e-06,0.9949574907849739,0.6756014644351465
Empresa 778,291962.9514,5.671967652174364e-06,0.9949631627526261,0.6757322175732218
Empresa 5166,291604.762,5.665009102535069e-06,0.9949688277617286,0.6758629707112971
Empresa 5272,291359.2288,5.660239126203288e-06,0.9949744880008548,0.6759937238493724
Empresa 6030,291337.35260000004,5.6598141370114844e-06,0.9949801478149918,0.6761244769874477
Empresa 5616,291294.9352,5.658990093688399e-06,0.9949858068050854,0.676255230125523
Empresa 2153,290616.5594,5.64581127913276e-06,0.9949914526163646,0.6763859832635983
Empresa 5970,290479.446,5.6431475755164255e-06,0.9949970957639401,0.6765167364016736
Empresa 1568,290246.8712,5.638629342172141e-06,0.9950027343932824,0.676647489539749
Empresa 1247,289713.9392,5.628276066010513e-06,0.9950083626693483,0.6767782426778243
Empresa 3290,289686.0822,5.627734887747554e-06,0.9950139904042361,0.6769089958158996
Empresa 2124,289674.7258,5.627514266832688e-06,0.9950196179185029,0.6770397489539749
Empresa 1140,289669.6172,5.627415022001078e-06,0.9950252453335249,0.6771705020920502
Empresa 4886,289538.0752,5.624859554037336e-06,0.9950308701930789,0.6773012552301255
Empresa 2746,289463.6178,5.623413069261648e-06,0.9950364936061482,0.6774320083682008
Empresa 1274,289397.5798,5.622130148267672e-06,0.9950421157362965,0.6775627615062761
Empresa 7403,289294.5,5.620127615794325e-06,0.9950477358639124,0.6776935146443515
Empresa 3385,289218.10240000003,5.618643438730675e-06,0.9950533545073511,0.6778242677824268
Empresa 3767,288851.636,5.611524091716125e-06,0.9950589660314428,0.6779550209205021
Empresa 4965,288263.8266,5.600104711666508e-06,0.9950645661361545,0.6780857740585774
Empresa 3377,288222.4594,5.5993010705910365e-06,0.995070165437225,0.6782165271966527
Empresa 6095,288165.7486,5.59819934921993e-06,0.9950757636365742,0.678347280334728
Empresa 6854,287459.6582,5.584482122807788e-06,0.9950813481186971,0.6784780334728033
Empresa 7297,285810.3814,5.552441603234243e-06,0.9950869005603004,0.6786087866108786
Empresa 5922,285150.1616,5.539615505501745e-06,0.9950924401758059,0.678739539748954
Empresa 878,285061.037,5.5378840808610876e-06,0.9950979780598868,0.6788702928870293
Empresa 5183,284787.00600000005,5.532560477437298e-06,0.9951035106203642,0.6790010460251046
Empresa 4991,284761.0892,5.532056991462302e-06,0.9951090426773557,0.6791317991631799
Empresa 3133,283547.6276,5.508483058847386e-06,0.9951145511604145,0.6792625523012552
Empresa 1663,283482.4262,5.507216390491339e-06,0.995120058376805,0.6793933054393305
Empresa 6790,283168.7902,5.50112338027197e-06,0.9951255595001852,0.6795240585774058
Empresa 2575,283149.4238,5.5007471489939526e-06,0.9951310602473342,0.6796548117154811
Empresa 3120,282972.563,5.497311272175585e-06,0.9951365575586064,0.6797855648535565
Empresa 3655,282785.8054,5.493683130108523e-06,0.9951420512417365,0.6799163179916318
Empresa 678,282035.9092,5.4791148879103504e-06,0.9951475303566244,0.6800470711297071
Empresa 2389,281952.0,5.4774847829061446e-06,0.9951530078414073,0.6801778242677824
Empresa 2567,281693.9,5.472470671204621e-06,0.9951584803120784,0.6803085774058577
Empresa 6973,280898.24,5.457013375131646e-06,0.9951639373254536,0.680439330543933
Empresa 2437,280868.5852,5.456437270987181e-06,0.9951693937627246,0.6805700836820083
Empresa 7645,280618.958,5.451587760469791e-06,0.9951748453504851,0.6807008368200836
Empresa 4754,280486.6862,5.449018114672962e-06,0.9951802943685998,0.680831589958159
Empresa 2772,280405.03760000004,5.447431926371246e-06,0.9951857418005261,0.6809623430962343
Empresa 563,280141.70440000005,5.4423161492324635e-06,0.9951911841166753,0.6810930962343096
Empresa 770,279705.907,5.433849908074641e-06,0.9951966179665833,0.6812238493723849
Empresa 3853,279327.8528,5.426505444734733e-06,0.9952020444720281,0.6813546025104602
Empresa 6571,278857.6658,5.417371116417785e-06,0.9952074618431445,0.6814853556485355
Empresa 220,278425.39280000003,5.40897334381975e-06,0.9952128708164882,0.6816161087866108
Empresa 4966,277775.319,5.396344352547243e-06,0.9952182671608408,0.6817468619246861
Empresa 2719,277726.65380000003,5.3953989331409e-06,0.995223662559774,0.6818776150627615
Empresa 6930,277700.7014,5.394894755564292e-06,0.9952290574545296,0.6820083682008368
Empresa 2109,277607.376,5.3930817219331814e-06,0.9952344505362516,0.6821391213389121
Empresa 1816,277580.8362,5.3925661329299424e-06,0.9952398431023846,0.6822698744769874
Empresa 6115,277326.67,5.387628443206766e-06,0.9952452307308277,0.6824006276150628
Empresa 4764,277321.864,5.387535076988875e-06,0.9952506182659047,0.6825313807531381
Empresa 6640,277218.6596,5.38553012390988e-06,0.9952560037960285,0.6826621338912134
Empresa 4313,276903.58180000004,5.379409103825144e-06,0.9952613832051324,0.6827928870292888
Empresa 3349,276470.5968,5.370997499194828e-06,0.9952667542026316,0.6829236401673641
Empresa 811,275626.5386,5.3545999707276174e-06,0.9952721088026023,0.6830543933054394
Empresa 3273,275597.3466,5.354032857404134e-06,0.9952774628354597,0.6831851464435147
Empresa 4753,275535.6162,5.352833620205452e-06,0.99528281566908,0.68331589958159
Empresa 6498,275302.8812,5.3483122746539056e-06,0.9952881639813546,0.6834466527196653
Empresa 3274,274520.7848,5.333118478795868e-06,0.9952934970998334,0.6835774058577406
Empresa 2425,274198.2488,5.326852568172998e-06,0.9952988239524015,0.6837081589958159
Empresa 1014,274120.0,5.325332427825418e-06,0.9953041492848294,0.6838389121338913
Empresa 2335,273657.7162,5.316351635066779e-06,0.9953094656364644,0.6839696652719666
Empresa 4568,273179.7506,5.307066191797171e-06,0.9953147727026562,0.6841004184100419
Empresa 4138,272924.9436,5.302116053244942e-06,0.9953200748187094,0.6842311715481172
Empresa 877,272729.7488,5.2983240015953615e-06,0.9953253731427111,0.6843619246861925
Empresa 868,272628.6448,5.296359853011592e-06,0.9953306695025641,0.6844926778242678
Empresa 7644,272613.5504,5.2960666139272545e-06,0.995335965569178,0.6846234309623431
Empresa 1382,272065.0256,5.285410416258691e-06,0.9953412509795942,0.6847541841004184
Empresa 2000,271357.5468,5.271666217383604e-06,0.9953465226458116,0.6848849372384938
Empresa 6067,271289.3372,5.270341108691174e-06,0.9953517929869202,0.6850156903765691
Empresa 1669,271264.9156,5.269866669983968e-06,0.9953570628535902,0.6851464435146444
Empresa 7640,271186.5956,5.26834514643316e-06,0.9953623311987366,0.6852771966527197
Empresa 7295,270821.66000000003,5.2612555382880134e-06,0.9953675924542749,0.685407949790795
Empresa 91,270603.3074,5.257013599788523e-06,0.9953728494678746,0.6855387029288703
Empresa 6270,270194.1566,5.249065022438783e-06,0.995378098532897,0.6856694560669456
Empresa 5964,269941.2898,5.244152576174518e-06,0.9953833426854732,0.6858002092050209
Empresa 3029,269913.3972,5.243610706309946e-06,0.9953885862961795,0.6859309623430963
Empresa 567,269897.60860000004,5.243303980994136e-06,0.9953938296001605,0.6860617154811716
Empresa 3939,269641.9116,5.238336552401557e-06,0.995399067936713,0.6861924686192469
Empresa 5295,268815.90260000003,5.222289665952646e-06,0.9954042902263789,0.6863232217573222
Empresa 2787,268731.3704,5.220647457920195e-06,0.9954095108738368,0.6864539748953975
Empresa 6071,268338.56,5.213016325711282e-06,0.9954147238901625,0.6865847280334728
Empresa 1526,268290.4288,5.21208128032915e-06,0.9954199359714428,0.6867154811715481
Empresa 6607,267967.252,5.205802920877227e-06,0.9954251417743637,0.6868462343096234
Empresa 801,267941.2284,5.2052973600973915e-06,0.9954303470717238,0.6869769874476988
Empresa 98,267762.4274,5.201823790991059e-06,0.9954355488955149,0.6871077405857741
Empresa 6667,267600.572,5.198679424252993e-06,0.9954407475749392,0.6872384937238494
Empresa 6400,267292.6498,5.192697416092672e-06,0.9954459402723552,0.6873692468619247
Empresa 1212,267000.0,5.187012105024758e-06,0.9954511272844603,0.6875
Empresa 6208,266998.22000000003,5.186977524944059e-06,0.9954563142619852,0.6876307531380753
Empresa 5692,266485.2952,5.177012928889498e-06,0.9954614912749141,0.6877615062761506
Empresa 7597,266412.6,5.175600678393703e-06,0.9954666668755925,0.6878922594142259
Empresa 3605,266401.2614,5.1753804032796435e-06,0.9954718422559957,0.6880230125523012
Empresa 5924,266388.6056,5.175134538905866e-06,0.9954770173905346,0.6881537656903766
Empresa 3502,265912.9006,5.165893012338746e-06,0.995482183283547,0.6882845188284519
Empresa 6140,265898.71400000004,5.165617409095567e-06,0.995487348900956,0.6884152719665272
Empresa 7460,265614.27,5.16009151219968e-06,0.9954925089924682,0.6885460251046025
Empresa 3408,265575.9466,5.1593470030622055e-06,0.9954976683394713,0.6886767782426778
Empresa 4988,265463.2726,5.157158083953885e-06,0.9955028254975552,0.6888075313807531
Empresa 1745,264839.3114,5.145036382465249e-06,0.9955079705339377,0.6889382845188284
Empresa 4460,264805.794,5.144385239545664e-06,0.9955131149191773,0.6890690376569037
Empresa 2001,264490.6628,5.138263182058507e-06,0.9955182531823593,0.6891997907949791
Empresa 7163,264428.612,5.1370577204453e-06,0.9955233902400797,0.6893305439330544
Empresa 7638,263938.4178,5.127534712021281e-06,0.9955285177747918,0.6894612970711297
Empresa 4469,263771.1334,5.12428487603708e-06,0.9955336420596679,0.689592050209205
Empresa 497,263363.4956,5.116365691755935e-06,0.9955387584253597,0.6897228033472803
Empresa 739,263213.05,5.113442983335156e-06,0.995543871868343,0.6898535564853556
Empresa 6232,262534.4784,5.10026036497064e-06,0.995548972128708,0.6899843096234309
Empresa 2447,262070.7706,5.09125190814744e-06,0.9955540633806161,0.6901150627615062
Empresa 5130,262070.2188,5.091241188322423e-06,0.9955591546218044,0.6902458158995816
Empresa 4475,262068.8838,5.091215253261898e-06,0.9955642458370577,0.6903765690376569
Empresa 6309,262056.56620000003,5.090975959103453e-06,0.9955693368130168,0.6905073221757322
Empresa 5094,261954.1272,5.0889858754591575e-06,0.9955744257988923,0.6906380753138075
Empresa 5179,261880.95140000002,5.087564288341575e-06,0.9955795133631806,0.6907688284518828
Empresa 1722,261660.0,5.083271862924263e-06,0.9955845966350435,0.6908995815899581
Empresa 700,261461.6546,5.079418604531844e-06,0.995589676053648,0.6910303347280334
Empresa 3581,261358.25439999998,5.07740984764397e-06,0.9955947534634957,0.6911610878661087
Empresa 52,261138.7804,5.073146123693641e-06,0.9955998266096194,0.6912918410041841
Empresa 2999,260820.78340000001,5.066968392276557e-06,0.9956048935780117,0.6914225941422594
Empresa 1863,260779.96800000002,5.066175471026102e-06,0.9956099597534828,0.6915533472803347
Empresa 591,260645.7204,5.063567441339695e-06,0.9956150233209241,0.69168410041841
Empresa 6682,260564.26760000002,5.061985056846856e-06,0.995620085305981,0.6918148535564853
Empresa 6708,260475.321,5.060257090214268e-06,0.9956251455630712,0.6919456066945606
Empresa 147,260319.03699999998,5.057220959128793e-06,0.9956302027840304,0.6920763598326359
Empresa 4682,260204.5652,5.054997114138966e-06,0.9956352577811445,0.6922071129707112
Empresa 3989,260086.9428,5.052712062406299e-06,0.9956403104932069,0.6923378661087866
Empresa 2494,259899.3308,5.049067321900502e-06,0.9956453595605288,0.6924686192468619
Empresa 215,259645.68080000003,5.044139660400729e-06,0.9956504037001892,0.6925993723849372
Empresa 7469,259290.82,5.0372457755123435e-06,0.9956554409459647,0.6927301255230126
Empresa 172,259197.637,5.035435508287689e-06,0.995660476381473,0.6928608786610879
Empresa 5519,259170.67,5.034911620065083e-06,0.9956655112930931,0.6929916317991632
Empresa 3151,259045.9632,5.032488939611229e-06,0.9956705437820327,0.6931223849372385
Empresa 3787,258990.9078,5.031419377715172e-06,0.9956755752014104,0.6932531380753139
Empresa 5187,258850.5726,5.028693084152771e-06,0.9956806038944945,0.6933838912133892
Empresa 3387,258818.7284,5.028074446509046e-06,0.995685631968941,0.6935146443514645
Empresa 2161,258384.05240000002,5.019629990802066e-06,0.9956906515989318,0.6936453974895398
Empresa 2278,258082.2,5.013765900716931e-06,0.9956956653648324,0.6937761506276151
Empresa 726,257771.44760000004,5.007728910228297e-06,0.9957006730937427,0.6939069037656904
Empresa 4971,257665.68,5.0056741618330924e-06,0.9957056787679045,0.6940376569037657
Empresa 1537,257583.9602,5.004086590328148e-06,0.9957106828544948,0.694168410041841
Empresa 2395,257522.9062,5.002900493560132e-06,0.9957156857549884,0.6942991631799164
Empresa 3239,257506.29880000002,5.0025778614072e-06,0.9957206883328498,0.6944299163179917
Empresa 6840,257287.10960000003,4.998319670269782e-06,0.99572568665252,0.694560669456067
Empresa 5095,257210.4628,4.996830651994832e-06,0.9957306834831721,0.6946914225941423
Empresa 7325,257205.7636,4.996739360581784e-06,0.9957356802225327,0.6948221757322176
Empresa 6101,256477.8148,4.982597490778644e-06,0.9957406628200235,0.6949529288702929
Empresa 7614,256467.41960000002,4.982395543107356e-06,0.9957456452155666,0.6950836820083682
Empresa 1906,256332.31760000004,4.979770914982214e-06,0.9957506249864816,0.6952144351464435
Empresa 4448,255742.9952,4.9683221418640025e-06,0.9957555933086235,0.6953451882845189
Empresa 5411,255638.7228,4.966296440736587e-06,0.9957605596050643,0.6954759414225942
Empresa 7498,255618.21719999998,4.96589807820692e-06,0.9957655255031425,0.6956066945606695
Empresa 4414,255070.63580000002,4.955260207981129e-06,0.9957704807633504,0.6957374476987448
Empresa 7285,254481.082,4.943806939452427e-06,0.9957754245702899,0.6958682008368201
Empresa 670,254068.2466,4.935786781335638e-06,0.9957803603570712,0.6959989539748954
Empresa 6925,254026.0962,4.934967925024658e-06,0.9957852953249962,0.6961297071129707
Empresa 6657,253842.8452,4.9314079057165764e-06,0.9957902267329019,0.696260460251046
Empresa 5072,253791.3676,4.930407849782727e-06,0.9957951571407516,0.6963912133891214
Empresa 488,253722.67740000002,4.929073404468508e-06,0.995800086214156,0.6965219665271967
Empresa 7647,253614.8984,4.926979580582113e-06,0.9958050131937366,0.696652719665272
Empresa 6166,253454.2356,4.923858382498116e-06,0.9958099370521191,0.6967834728033473
Empresa 6683,253348.913,4.921812279123087e-06,0.9958148588643981,0.6969142259414226
Empresa 4932,252462.9892,4.904601427157808e-06,0.9958197634658252,0.6970449790794979
Empresa 2599,252432.46219999998,4.9040083787738e-06,0.9958246674742041,0.6971757322175732
Empresa 7446,251628.988,4.888399276146553e-06,0.9958295558734802,0.6973064853556485
Empresa 6915,251468.30740000002,4.885277732261749e-06,0.9958344411512124,0.6974372384937239
Empresa 5811,251343.70739999998,4.882857126612737e-06,0.9958393240083391,0.6975679916317992
Empresa 5006,251007.07379999998,4.876317341750721e-06,0.9958442003256808,0.6976987447698745
Empresa 857,250437.09999999998,4.865244454109721e-06,0.9958490655701349,0.6978294979079498
Empresa 5322,250323.71399999998,4.8630417029691215e-06,0.9958539286118379,0.6979602510460251
Empresa 3642,250315.16999999998,4.862875718581761e-06,0.9958587914875564,0.6980910041841004
Empresa 7289,249811.05620000002,4.853082293926668e-06,0.9958636445698503,0.6982217573221757
Empresa 461,249511.322,4.847259354137566e-06,0.9958684918292044,0.698352510460251
Empresa 792,249474.47600000002,4.846543546467074e-06,0.9958733383727509,0.6984832635983264
Empresa 3638,249244.1618,4.8420692298252785e-06,0.9958781804419807,0.6986140167364017
Empresa 3498,249180.11740000002,4.840825038521687e-06,0.9958830212670192,0.698744769874477
Empresa 5155,249069.40140000003,4.838674157502137e-06,0.9958878599411767,0.6988755230125523
Empresa 7113,248861.80000000002,4.834641082690077e-06,0.9958926945822594,0.6990062761506276
Empresa 3868,248614.38,4.829834451472753e-06,0.9958975244167109,0.6991370292887029
Empresa 6486,248185.4,4.821500652024013e-06,0.9959023459173629,0.6992677824267782
Empresa 4094,247955.78,4.8170398216136924e-06,0.9959071629571845,0.6993985355648535
Empresa 7023,247947.1826,4.81687279982391e-06,0.9959119798299844,0.6995292887029289
Empresa 7648,247907.15039999998,4.816095093808963e-06,0.9959167959250782,0.6996600418410042
Empresa 356,247756.09960000002,4.813160628160748e-06,0.9959216090857064,0.6997907949790795
Empresa 5582,247715.035,4.812362865698995e-06,0.995926421448572,0.6999215481171548
Empresa 3548,247442.08980000002,4.8070603561244315e-06,0.9959312285089281,0.7000523012552301
Empresa 99,247380.35940000002,4.80586111892575e-06,0.9959360343700471,0.7001830543933054
Empresa 3937,246966.8476,4.797827820378295e-06,0.9959408321978674,0.7003138075313807
Empresa 2557,246884.22,4.796222613032193e-06,0.9959456284204805,0.700444560669456
Empresa 3568,246607.1808,4.790840569272019e-06,0.9959504192610498,0.7005753138075314
Empresa 2507,246599.41999999998,4.790689800120166e-06,0.9959552099508499,0.7007060669456067
Empresa 3412,246583.4,4.790378579393865e-06,0.9959600003294292,0.700836820083682
Empresa 223,246528.75400000002,4.78931697091637e-06,0.9959647896464001,0.7009675732217573
Empresa 5896,246376.1546,4.7863524205979445e-06,0.9959695759988207,0.7010983263598326
Empresa 1831,246294.15000000002,4.784759316280088e-06,0.9959743607581371,0.7012290794979079
Empresa 676,246174.0,4.782425160832827e-06,0.9959791431832979,0.7013598326359832
Empresa 4147,246167.34279999998,4.782295831331008e-06,0.9959839254791293,0.7014905857740585
Empresa 7017,245819.8334,4.775544762175915e-06,0.9959887010238915,0.7016213389121339
Empresa 3563,245774.2654,4.7746595121099905e-06,0.9959934756834036,0.7017520920502092
Empresa 2580,245125.8114,4.762061988710921e-06,0.9959982377453923,0.7018828451882845
Empresa 3670,244899.965,4.757674468071684e-06,0.9960029954198604,0.7020135983263598
Empresa 1528,244600.64020000002,4.751859481701144e-06,0.996007747279342,0.7021443514644351
Empresa 4462,244120.2004,4.742525972119363e-06,0.9960124898053142,0.7022751046025104
Empresa 3849,243977.747,4.739758528260928e-06,0.9960172295638424,0.7024058577405857
Empresa 245,243711.06739999997,4.734577740570429e-06,0.996021964141583,0.702536610878661
Empresa 7461,243512.33040000004,4.730716874560257e-06,0.9960266948584575,0.7026673640167364
Empresa 3725,243217.47340000002,4.7249886841922745e-06,0.9960314198471417,0.7027981171548117
Empresa 288,243073.24,4.722186660253139e-06,0.996036142033802,0.702928870292887
Empresa 2240,243061.8836,4.721966039338272e-06,0.9960408639998413,0.7030596234309623
Empresa 7062,242673.1138,4.714413403912549e-06,0.9960455784132451,0.7031903765690377
Empresa 4001,242668.0586,4.714315196483361e-06,0.9960502927284416,0.703321129707113
Empresa 7124,242355.97120000003,4.708252270934201e-06,0.9960550009807125,0.7034518828451883
Empresa 1249,242324.572,4.70764227831065e-06,0.9960597086229909,0.7035826359832636
Empresa 6929,242229.14620000002,4.705788440184315e-06,0.996064414411431,0.703713389121339
Empresa 258,241874.1252,4.698891443088666e-06,0.9960691133028741,0.7038441422594143
Empresa 1363,241823.2706,4.6979034901830626e-06,0.9960738112063643,0.7039748953974896
Empresa 6262,241769.83500000002,4.696865396160444e-06,0.9960785080717605,0.7041056485355649
Empresa 6655,241707.97999999998,4.695663738356112e-06,0.9960832037354989,0.7042364016736402
Empresa 2225,241463.8352,4.690920734487278e-06,0.9960878946562334,0.7043671548117155
Empresa 7016,241317.1632,4.688071335837585e-06,0.9960925827275692,0.7044979079497908
Empresa 2126,241217.8392,4.686141767334515e-06,0.9960972688693365,0.7046286610878661
Empresa 5400,241065.5246,4.6831827498290025e-06,0.9961019520520863,0.7047594142259415
Empresa 2794,240941.36959999998,4.680770789200165e-06,0.9961066328228755,0.7048901673640168
Empresa 1579,240866.30700000003,4.67931254719704e-06,0.9961113121354227,0.7050209205020921
Empresa 1647,240613.814,4.6744073627497215e-06,0.9961159865427854,0.7051516736401674
Empresa 2819,240454.98460000003,4.671321782148846e-06,0.9961206578645676,0.7052824267782427
Empresa 4542,240394.8206,4.67015297542118e-06,0.996125328017543,0.705413179916318
Empresa 4652,239865.60880000002,4.659871971628214e-06,0.9961299878895147,0.7055439330543933
Empresa 6121,239812.28,4.658835952410437e-06,0.9961346467254671,0.7056746861924686
Empresa 1846,239659.2,4.655862065470223e-06,0.9961393025875326,0.705805439330544
Empresa 7591,239574.7746,4.654221932242614e-06,0.9961439568094648,0.7059361924686193
Empresa 6432,239501.1716,4.6527920459056624e-06,0.9961486096015106,0.7060669456066946
Empresa 4159,239463.4,4.652058256593204e-06,0.9961532616597673,0.7061976987447699
Empresa 2591,239237.34,4.6476665863442834e-06,0.9961579093263536,0.7063284518828452
Empresa 4014,239115.6948,4.645303383629234e-06,0.9961625546297372,0.7064592050209205
Empresa 5045,238897.093,4.641056603918447e-06,0.9961671956863412,0.7065899581589958
Empresa 7239,238882.6572,4.640776159463968e-06,0.9961718364625006,0.7067207112970711
Empresa 3570,238674.50400000002,4.6367323648268914e-06,0.9961764731948655,0.7068514644351465
Empresa 5819,238674.4328,4.636730981623664e-06,0.9961811099258471,0.7069822175732218
Empresa 1378,238336.393,4.630163878497895e-06,0.9961857400897256,0.7071129707112971
Empresa 7569,238274.48460000003,4.628961183291144e-06,0.9961903690509089,0.7072437238493724
Empresa 5018,238071.5112,4.625018016688904e-06,0.9961949940689255,0.7073744769874477
Empresa 3046,238010.8666,4.623839873339449e-06,0.9961996179087989,0.707505230125523
Empresa 5320,237812.0584,4.619977624126048e-06,0.996204237886423,0.7076359832635983
Empresa 1483,237682.58120000002,4.617462269055918e-06,0.9962088553486921,0.7077667364016736
Empresa 5366,237659.19199999998,4.617007886795517e-06,0.9962134723565789,0.707897489539749
Empresa 800,237481.904,4.613563710757781e-06,0.9962180859202896,0.7080282426778243
Empresa 1645,237150.9308,4.607133890552392e-06,0.9962226930541801,0.7081589958158996
Empresa 4075,237056.57299999997,4.605300800474476e-06,0.9962272983549806,0.7082897489539749
Empresa 2039,236539.8924,4.59526324044964e-06,0.9962318936182211,0.7084205020920502
Empresa 1159,236376.73760000002,4.592093630252663e-06,0.9962364857118513,0.7085512552301255
Empresa 6853,236086.1882,4.586449123679975e-06,0.996241072160975,0.7086820083682008
Empresa 540,235125.184,4.567779683910763e-06,0.996245639940659,0.7088127615062761
Empresa 3732,234975.2012,4.564865966310967e-06,0.9962502048066253,0.7089435146443515
Empresa 4295,234862.09999999998,4.562668747983277e-06,0.9962547674753732,0.7090742677824268
Empresa 7335,234523.9,4.5560985326502465e-06,0.9962593235739059,0.7092050209205021
Empresa 3860,234230.2356,4.550393510936334e-06,0.9962638739674168,0.7093357740585774
Empresa 5629,234100.6694,4.5478764268621685e-06,0.9962684218438437,0.7094665271966527
Empresa 1057,234070.0,4.547280612071705e-06,0.9962729691244557,0.709597280334728
Empresa 1100,234068.77180000002,4.547256751816021e-06,0.9962775163812075,0.7097280334728033
Empresa 7040,234028.8642,4.546481466406724e-06,0.996282062862674,0.7098587866108786
Empresa 5858,233845.80899999998,4.542925250907518e-06,0.9962866057879248,0.709989539748954
Empresa 879,233722.66859999998,4.540533000924681e-06,0.9962911463209257,0.7101202928870293
Empresa 6783,233714.0,4.540364595931671e-06,0.9962956866855217,0.7102510460251046
Empresa 840,233563.857,4.537447766124613e-06,0.9963002241332878,0.7103817991631799
Empresa 7429,233387.90399999998,4.534029525147401e-06,0.9963047581628129,0.7105125523012552
Empresa 2262,233278.5586,4.53190527078999e-06,0.9963092900680838,0.7106433054393305
Empresa 919,233180.0,4.529990571721622e-06,0.9963138200586555,0.7107740585774058
Empresa 5102,233026.24360000002,4.527003544350742e-06,0.9963183470621999,0.7109048117154811
Empresa 4334,232290.0,4.5127005313715395e-06,0.9963228597627313,0.7110355648535565
Empresa 1524,232289.5372,4.512691540550557e-06,0.9963273724542718,0.7111663179916318
Empresa 4891,232199.04200000002,4.5109334892477615e-06,0.9963318833877611,0.7112970711297071
Empresa 4772,231874.3878,4.504626428328858e-06,0.9963363880141894,0.7114278242677824
Empresa 5504,231327.02,4.49399270771275e-06,0.9963408820068972,0.7115585774058577
Empresa 1261,231028.17580000003,4.488187057964e-06,0.9963453701939552,0.711689330543933
Empresa 5239,230998.432,4.4876092248155e-06,0.99634985780318,0.7118200836820083
Empresa 748,230910.5,4.485900968828911e-06,0.9963543437041488,0.7119508368200836
Empresa 560,230888.10760000002,4.485465951413704e-06,0.9963588291701002,0.712081589958159
Empresa 3348,230712.831,4.482060850867158e-06,0.9963633112309511,0.7122123430962343
Empresa 689,230704.73200000002,4.481903511499973e-06,0.9963677931344627,0.7123430962343096
Empresa 1272,230531.37780000002,4.478535757440584e-06,0.9963722716702201,0.7124738493723849
Empresa 3307,230485.703,4.477648432569817e-06,0.9963767493186527,0.7126046025104602
Empresa 4857,230102.38,4.470201612191037e-06,0.9963812195202649,0.7127353556485355
Empresa 4430,230034.2238,4.468877540901028e-06,0.9963856883978058,0.7128661087866108
Empresa 3885,229798.0,4.464288418391309e-06,0.9963901526862242,0.7129968619246861
Empresa 7093,229755.28,4.463458496454504e-06,0.9963946161447207,0.7131276150627615
Empresa 5696,229514.268,4.458776353527702e-06,0.9963990749210743,0.7132583682008368
Empresa 5611,229500.384,4.458506628898241e-06,0.9964035334277032,0.7133891213389121
Empresa 671,229458.02,4.457683622977577e-06,0.9964079911113262,0.7135198744769874
Empresa 3712,229108.12540000002,4.4508862165143455e-06,0.9964124419975426,0.7136506276150628
Empresa 2802,228984.16619999998,4.448478059694386e-06,0.9964168904756023,0.7137813807531381
Empresa 896,228765.6,4.444231971585213e-06,0.9964213347075739,0.7139121338912134
Empresa 407,228689.95,4.442762318155456e-06,0.996425777469892,0.7140428870292888
Empresa 1135,228685.5,4.442675867953705e-06,0.99643022014576,0.7141736401673641
Empresa 5853,228602.42740000002,4.441062015587429e-06,0.9964346612077756,0.7143043933054394
Empresa 4708,228458.2652,4.4382613748515224e-06,0.9964390994691504,0.7144351464435147
Empresa 1145,227996.4264,4.429289227113057e-06,0.9964435287583775,0.71456589958159
Empresa 2495,227849.9502,4.426443632272241e-06,0.9964479552020098,0.7146966527196653
Empresa 543,227642.81160000002,4.422419548281163e-06,0.996452377621558,0.7148274058577406
Empresa 4608,227500.109,4.4196472632114305e-06,0.9964567972688212,0.7149581589958159
Empresa 7487,227085.9386,4.411601170034116e-06,0.9964612088699912,0.7150889121338913
Empresa 6719,226772.0,4.405502281201028e-06,0.9964656143722724,0.7152196652719666
Empresa 3531,226439.90540000002,4.399050675544799e-06,0.9964700134229479,0.7153504184100419
Empresa 6367,226246.9,4.395301157394479e-06,0.9964744087241053,0.7154811715481172
Empresa 4044,225678.01200000002,4.384249363602707e-06,0.9964787929734689,0.7156119246861925
Empresa 7566,225595.79379999998,4.382652109675165e-06,0.9964831756255785,0.7157426778242678
Empresa 7404,225585.9504,4.3824608818288936e-06,0.9964875580864604,0.7158734309623431
Empresa 4453,225365.9246,4.378186438053546e-06,0.9964919362728984,0.7160041841004184
Empresa 2859,225334.116,4.377568492011435e-06,0.9964963138413905,0.7161349372384938
Empresa 2,224600.4,4.363314582746826e-06,0.9965006771559732,0.7162656903765691
Empresa 2260,223990.8746,4.351473325712669e-06,0.9965050286292989,0.7163964435146444
Empresa 2566,223746.0,4.3467161440107475e-06,0.9965093753454429,0.7165271966527197
Empresa 1899,223645.6436,4.3447665190608725e-06,0.996513720111962,0.716657949790795
Empresa 7188,223399.612,4.339986860306495e-06,0.9965180600988224,0.7167887029288703
Empresa 1902,222990.87060000002,4.332046236375317e-06,0.9965223921450588,0.7169194560669456
Empresa 3978,221666.49719999998,4.3063176189319725e-06,0.9965266984626777,0.7170502092050209
Empresa 4750,221601.1,4.3050471467670485e-06,0.9965310035098245,0.7171809623430963
Empresa 3050,221516.5856,4.303405284535405e-06,0.996535306915109,0.7173117154811716
Empresa 4838,220027.58000000002,4.274478355428103e-06,0.9965395813934644,0.7174424686192469
Empresa 6732,219868.3412,4.271384821408666e-06,0.9965438527782858,0.7175732217573222
Empresa 492,218940.0,4.253349926120301e-06,0.996548106128212,0.7177039748953975
Empresa 4135,218847.5468,4.251553836728735e-06,0.9965523576820488,0.7178347280334728
Empresa 2167,218468.9408,4.24419865356381e-06,0.9965566018807023,0.7179654811715481
Empresa 174,218417.125,4.243192027414628e-06,0.9965608450727297,0.7180962343096234
Empresa 7063,218406.0,4.242975901910252e-06,0.9965650880486316,0.7182269874476988
Empresa 3429,218336.758,4.241630736771016e-06,0.9965693296793684,0.7183577405857741
Empresa 5668,218299.5026,4.240906975681961e-06,0.9965735705863441,0.7184884937238494
Empresa 4355,217815.03999999998,4.231495315117797e-06,0.9965778020816592,0.7186192468619247
Empresa 659,217400.30000000002,4.223438156314659e-06,0.9965820255198156,0.71875
Empresa 6446,217246.02740000002,4.220441100720376e-06,0.9965862459609163,0.7188807531380753
Empresa 3974,217079.3838,4.217203713565226e-06,0.9965904631646298,0.7190115062761506
Empresa 7193,217063.168,4.216888689030048e-06,0.9965946800533189,0.7191422594142259
Empresa 4289,216951.1704,4.214712910352393e-06,0.9965988947662292,0.7192730125523012
Empresa 7507,216881.03840000002,4.213350455172807e-06,0.9966031081166844,0.7194037656903766
Empresa 1130,216674.06,4.209329483388991e-06,0.9966073174461678,0.7195345188284519
Empresa 524,216493.568,4.205823063205995e-06,0.996611523269231,0.7196652719665272
Empresa 1981,216390.79080000002,4.203826409346368e-06,0.9966157270956403,0.7197960251046025
Empresa 5697,216362.738,4.203281427274533e-06,0.9966199303770675,0.7199267782426778
Empresa 7594,216359.0,4.2032088091050625e-06,0.9966241335858766,0.7200575313807531
Empresa 3859,215922.9,4.194736689333522e-06,0.996628328322566,0.7201882845188284
Empresa 1837,215233.862,4.181350740094488e-06,0.9966325096733061,0.7203190376569037
Empresa 861,215095.23559999999,4.178657643409559e-06,0.9966366883309495,0.7204497907949791
Empresa 90,214668.0,4.170357732439905e-06,0.996640858688682,0.7205805439330544
Empresa 602,214618.2668,4.169391564985143e-06,0.996645028080247,0.7207112970711297
Empresa 1545,213689.0,4.151338688054815e-06,0.996649179418935,0.720842050209205
Empresa 6178,213678.76499999998,4.151139852590789e-06,0.9966533305587877,0.7209728033472803
Empresa 1809,213579.263,4.14920682607965e-06,0.9966574797656138,0.7211035564853556
Empresa 4723,213423.7978,4.146186601831297e-06,0.9966616259522156,0.7212343096234309
Empresa 3689,213333.0,4.1444226719147814e-06,0.9966657703748876,0.7213650627615062
Empresa 6556,213066.0,4.139235659809757e-06,0.9966699096105474,0.7214958158995816
Empresa 2560,212555.13999999998,4.129311176648809e-06,0.996674038921724,0.7216265690376569
Empresa 4189,212545.5636,4.129125135814643e-06,0.9966781680468598,0.7217573221757322
Empresa 7039,211960.4776,4.117758663288499e-06,0.9966822858055231,0.7218880753138075
Empresa 4354,211824.2898,4.115112941314129e-06,0.9966864009184644,0.7220188284518828
Empresa 4625,211538.404,4.109559034552875e-06,0.9966905104774989,0.7221495815899581
Empresa 5395,211478.88079999998,4.108402676654261e-06,0.9966946188801755,0.7222803347280334
Empresa 3659,211460.5824,4.108047193424664e-06,0.9966987269273689,0.7224110878661087
Empresa 2527,211261.703,4.1041835610080345e-06,0.9967028311109299,0.7225418410041841
Empresa 1050,211178.22100000002,4.102561755223197e-06,0.9967069336726851,0.7226725941422594
Empresa 2784,211074.00199999998,4.100537091498202e-06,0.9967110342097767,0.7228033472803347
Empresa 6692,210998.5656,4.099071587678129e-06,0.9967151332813644,0.72293410041841
Empresa 677,210761.54080000002,4.094466904132095e-06,0.9967192277482685,0.7230648535564853
Empresa 6075,210619.7104,4.091711563301906e-06,0.9967233194598318,0.7231956066945606
Empresa 5380,210613.872,4.09159814063721e-06,0.9967274110579725,0.7233263598326359
Empresa 2783,210506.0574,4.0895036251492e-06,0.9967315005615976,0.7234571129707112
Empresa 2228,210256.98200000002,4.084664834456827e-06,0.9967355852264321,0.7235878661087866
Empresa 6028,210214.44,4.083838370528093e-06,0.9967396690648027,0.7237186192468619
Empresa 3520,210136.6362,4.082326875200688e-06,0.9967437513916779,0.7238493723849372
Empresa 5004,210088.06000000003,4.0813831847983815e-06,0.9967478327748627,0.7239801255230126
Empresa 789,209735.0326,4.0745249173931175e-06,0.99675190729978,0.7241108786610879
Empresa 4987,209702.3874,4.073890718713076e-06,0.9967559811904987,0.7242416317991632
Empresa 5173,209648.4,4.0728419048654396e-06,0.9967600540324035,0.7243723849372385
Empresa 957,209337.0602,4.0667935029501746e-06,0.9967641208259065,0.7245031380753139
Empresa 4368,209221.2,4.064542685497401e-06,0.996768185368592,0.7246338912133892
Empresa 6174,209025.044,4.060731960604242e-06,0.9967722461005526,0.7247646443514645
Empresa 4528,208950.4798,4.059283401023712e-06,0.9967763053839536,0.7248953974895398
Empresa 1707,208491.4,4.050364852410333e-06,0.996780355748806,0.7250261506276151
Empresa 6711,208396.2412,4.048516201296102e-06,0.9967844042650073,0.7251569037656904
Empresa 6376,208395.9208,4.048509976881576e-06,0.9967884527749842,0.7252876569037657
Empresa 4482,208370.0218,4.048006836707388e-06,0.9967925007818209,0.725418410041841
Empresa 2222,207992.6974,4.0406765512005675e-06,0.9967965414583722,0.7255491631799164
Empresa 3552,207918.2044,4.0392293748232655e-06,0.996800580687747,0.7256799163179917
Empresa 6750,207825.0392,4.037419453399419e-06,0.9968046181072004,0.725810669456067
Empresa 3794,207341.0038,4.028016092054623e-06,0.9968086461232925,0.7259414225941423
Empresa 720,206977.1362,4.020947231957896e-06,0.9968126670705244,0.7260721757322176
Empresa 5190,206818.1644,4.017858884950564e-06,0.9968166849294093,0.7262029288702929
Empresa 5241,206303.76220000003,4.007865587429023e-06,0.9968206927949967,0.7263336820083682
Empresa 6899,206187.19,4.005600937943969e-06,0.9968246983959347,0.7264644351464435
Empresa 3658,205700.98299999998,3.996155388900718e-06,0.9968286945513236,0.7265951882845189
Empresa 103,205686.9566,3.995882897864801e-06,0.9968326904342215,0.7267259414225942
Empresa 2129,205020.4,3.982933695045011e-06,0.9968366733679166,0.7268566945606695
Empresa 3051,204847.2416,3.979569744794499e-06,0.9968406529376614,0.7269874476987448
Empresa 2179,204700.0,3.9767092805189815e-06,0.996844629646942,0.7271182008368201
Empresa 5933,204228.86959999998,3.967556624759261e-06,0.9968485972035668,0.7272489539748954
Empresa 6810,203752.06100000002,3.958293658542108e-06,0.9968525554972253,0.7273797071129707
Empresa 7066,203696.3826,3.957211993617807e-06,0.9968565127092189,0.727510460251046
Empresa 3042,203506.0828,3.953515037190153e-06,0.9968604662242562,0.7276412133891214
Empresa 4471,203428.991,3.952017373895028e-06,0.9968644182416301,0.7277719665271967
Empresa 6170,203059.641,3.944842007149744e-06,0.9968683630836372,0.727902719665272
Empresa 7646,202858.85700000002,3.940941374046766e-06,0.9968723040250113,0.7280334728033473
Empresa 2701,202746.6636,3.938761791560234e-06,0.9968762427868029,0.7281642259414226
Empresa 7606,202691.715,3.93769430446902e-06,0.9968801804811074,0.7282949790794979
Empresa 2188,202592.1774,3.935760586356267e-06,0.9968841162416937,0.7284257322175732
Empresa 6862,202463.43000000002,3.933259409119224e-06,0.9968880495011029,0.7285564853556485
Empresa 4378,202003.30000000002,3.924320458258232e-06,0.9968919738215611,0.7286872384937239
Empresa 1138,201981.7264,3.923901347680145e-06,0.9968958977229089,0.7288179916317992
Empresa 5846,201929.71480000002,3.922890917722086e-06,0.9968998206138266,0.7289487447698745
Empresa 6771,201819.96,3.920758709946114e-06,0.9969037413725366,0.7290794979079498
Empresa 4933,201715.029,3.918720214188839e-06,0.9969076600927508,0.7292102510460251
Empresa 7323,201669.12279999998,3.917828393907581e-06,0.9969115779211447,0.7293410041841004
Empresa 4527,201494.73619999998,3.9144405834013866e-06,0.9969154923617282,0.7294717573221757
Empresa 7456,200999.8428,3.9048262835643205e-06,0.9969193971880117,0.729602510460251
Empresa 1229,200979.8,3.904436911855636e-06,0.9969233016249236,0.7297332635983264
Empresa 4978,200884.35640000002,3.902582727928494e-06,0.9969272042076516,0.7298640167364017
Empresa 7599,200463.6,3.894408688452588e-06,0.99693109861634,0.729994769874477
Empresa 446,200448.9328,3.894123748587619e-06,0.9969349927400886,0.7301255230125523
Empresa 2791,200285.6,3.890950680382572e-06,0.996938883690769,0.7302562761506276
Empresa 4162,199757.474,3.880690770438833e-06,0.9969427643815394,0.7303870292887029
Empresa 758,199755.605,3.880654461354098e-06,0.9969466450360007,0.7305177824267782
Empresa 1617,199631.628,3.878245958733331e-06,0.9969505232819594,0.7306485355648535
Empresa 2009,199360.12459999998,3.8729714590241344e-06,0.9969543962534184,0.7307792887029289
Empresa 5012,199324.1686,3.872272941393992e-06,0.9969582685263598,0.7309100418410042
Empresa 1254,199194.994,3.869763464937581e-06,0.9969621382898247,0.7310407949790795
Empresa 1072,199110.3728,3.868119527901095e-06,0.9969660064093526,0.7311715481171548
Empresa 4211,198775.6438,3.8616167437254285e-06,0.9969698680260963,0.7313023012552301
Empresa 7001,198691.4142,3.859980414306697e-06,0.9969737280065106,0.7314330543933054
Empresa 549,198570.6234,3.857633810030384e-06,0.9969775856403207,0.7315638075313807
Empresa 1223,198410.8328,3.85452955618593e-06,0.9969814401698769,0.731694560669456
Empresa 4465,198345.4,3.853258392419392e-06,0.9969852934282694,0.7318253138075314
Empresa 5809,198272.954,3.851850983134895e-06,0.9969891452792525,0.7319560669456067
Empresa 6781,198239.77479999998,3.851206410430644e-06,0.996992996485663,0.732086820083682
Empresa 333,198157.966,3.849617109921665e-06,0.996996846102773,0.7322175732217573
Empresa 1709,198084.2384,3.848184802979064e-06,0.9970006942875759,0.7323483263598326
Empresa 785,197250.7,3.831991642788791e-06,0.9970045262792187,0.7324790794979079
Empresa 4494,196876.90000000002,3.824729825841756e-06,0.9970083510090445,0.7326098326359832
Empresa 5014,196840.58800000002,3.824024392195473e-06,0.9970121750334366,0.7327405857740585
Empresa 5674,196557.2832,3.818520626551234e-06,0.9970159935540632,0.7328713389121339
Empresa 701,196396.478,3.815396662060781e-06,0.9970198089507253,0.7330020920502092
Empresa 3834,196372.57259999998,3.8149322515769776e-06,0.9970236238829768,0.7331328451882845
Empresa 7117,196287.6844,3.813283127528387e-06,0.9970274371661043,0.7332635983263598
Empresa 5775,196116.1636,3.809950990952119e-06,0.9970312471170952,0.7333943514644351
Empresa 1653,196080.3322,3.809254893927625e-06,0.9970350563719892,0.7335251046025104
Empresa 526,196078.69460000002,3.809223080253381e-06,0.9970388655950695,0.7336558577405857
Empresa 78,195784.5674,3.8035090677184856e-06,0.9970426691041372,0.733786610878661
Empresa 3537,195710.12780000002,3.802062928743605e-06,0.9970464711670659,0.7339173640167364
Empresa 3631,195644.0364,3.8007789703472075e-06,0.9970502719460362,0.7340481171548117
Empresa 1544,195562.2098,3.799189324037421e-06,0.9970540711353603,0.734178870292887
Empresa 7,195375.2564,3.795557378161483e-06,0.9970578666927384,0.7343096234309623
Empresa 3428,194624.132,3.7809652757076272e-06,0.9970616476580142,0.7344403765690377
Empresa 1383,194262.3648,3.7739372201061255e-06,0.9970654215952343,0.734571129707113
Empresa 4379,194020.0,3.7692287963179907e-06,0.9970691908240306,0.7347018828451883
Empresa 5810,193625.3918,3.7615627382275713e-06,0.9970729523867687,0.7348326359832636
Empresa 7551,193523.61140000002,3.7595854492131364e-06,0.9970767119722179,0.734963389121339
Empresa 7406,193304.44,3.7553276038765247e-06,0.9970804672998218,0.7350941422594143
Empresa 5229,193133.916,3.7520148321454485e-06,0.997084219314654,0.7352248953974896
Empresa 550,193111.9686,3.7515884597504157e-06,0.9970879709031137,0.7353556485355649
Empresa 2308,193106.89560000002,3.7514899065204204e-06,0.9970917223930202,0.7354864016736402
Empresa 5823,192760.52539999998,3.7447609686169746e-06,0.9970954671539889,0.7356171548117155
Empresa 6146,192547.94,3.7406310695789544e-06,0.9970992077850585,0.7357479079497908
Empresa 4895,192240.0,3.734648715617826e-06,0.9971029424337741,0.7358786610878661
Empresa 1162,192110.95,3.732141659767064e-06,0.9971066745754338,0.7360094142259415
Empresa 255,192062.0,3.7311907075478095e-06,0.9971104057661413,0.7361401673640168
Empresa 4036,191791.90279999998,3.725943526102366e-06,0.9971141317096675,0.7362709205020921
Empresa 3814,191276.98440000002,3.715940200357423e-06,0.9971178476498678,0.7364016736401674
Empresa 6215,190823.7074,3.707134382807126e-06,0.9971215547842506,0.7365324267782427
Empresa 4497,190678.01440000001,3.704304003201817e-06,0.9971252590882538,0.736663179916318
Empresa 7128,190654.02,3.7038378637139787e-06,0.9971289629261175,0.7367939330543933
Empresa 940,190461.0502,3.700089037165274e-06,0.9971326630151547,0.7369246861924686
Empresa 3611,190013.0776,3.691386268255463e-06,0.9971363544014229,0.737055439330544
Empresa 5032,189745.50799999997,3.6861881905246138e-06,0.9971400405896135,0.7371861924686193
Empresa 4249,189692.82,3.68516462013589e-06,0.9971437257542336,0.7373169456066946
Empresa 323,188894.668,3.6696589119499355e-06,0.9971473954131456,0.7374476987447699
Empresa 2592,188594.649,3.663830439347923e-06,0.9971510592435849,0.7375784518828452
Empresa 4032,188505.4888,3.6620983231056513e-06,0.9971547213419081,0.7377092050209205
Empresa 3650,188455.8624,3.661134230455731e-06,0.9971583824761385,0.7378399581589958
Empresa 1637,188280.5146,3.6577277467059577e-06,0.9971620402038852,0.7379707112970711
Empresa 7494,187991.62060000002,3.6521153996083215e-06,0.9971656923192849,0.7381014644351465
Empresa 5129,187792.492,3.6482469259803936e-06,0.9971693405662109,0.7382322175732218
Empresa 3279,187734.23260000002,3.647115119939077e-06,0.9971729876813308,0.7383629707112971
Empresa 2196,187685.3538,3.646165550923051e-06,0.9971766338468817,0.7384937238493724
Empresa 7292,187680.9216,3.646079446522107e-06,0.9971802799263282,0.7386244769874477
Empresa 2616,187281.25820000004,3.6383151810025e-06,0.9971839182415092,0.738755230125523
Empresa 4823,187275.9894,3.6382128239636264e-06,0.9971875564543332,0.7388859832635983
Empresa 6063,187076.73619999998,3.6343419297300497e-06,0.997191190796263,0.7390167364016736
Empresa 1460,186392.7,3.6210531505177837e-06,0.9971948118494135,0.739147489539749
Empresa 1149,185795.61680000002,3.6094536082477205e-06,0.9971984213030217,0.7392782426778243
Empresa 777,185521.05180000002,3.60411963079972e-06,0.9972020254226526,0.7394089958158996
Empresa 727,184896.73460000003,3.5919910132949445e-06,0.9972056174136659,0.7395397489539749
Empresa 3481,184772.9,3.5895852770806335e-06,0.997209206998943,0.7396705020920502
Empresa 6197,184741.216,3.58896975164417e-06,0.9972127959686946,0.7398012552301255
Empresa 4936,184581.8348,3.585873451218278e-06,0.9972163818421458,0.7399320083682008
Empresa 7111,184245.3614,3.5793367785635255e-06,0.9972199611789243,0.7400627615062761
Empresa 6587,183898.0656,3.5725898590181164e-06,0.9972235337687834,0.7401935146443515
Empresa 1125,183623.0912,3.5672479281515547e-06,0.9972271010167115,0.7403242677824268
Empresa 6420,183356.6074,3.562070944269933e-06,0.9972306630876558,0.7404550209205021
Empresa 3471,183136.8842,3.5578023791083045e-06,0.997234220890035,0.7405857740585774
Empresa 1381,183098.4006,3.557054757763567e-06,0.9972377779447927,0.7407165271966527
Empresa 3902,183083.4486,3.5567642850856858e-06,0.9972413347090778,0.740847280334728
Empresa 4560,182991.04880000002,3.5549692330965405e-06,0.9972448896783109,0.7409780334728033
Empresa 932,182879.158,3.5527955292237275e-06,0.9972484424738401,0.7411087866108786
Empresa 4587,182699.52039999998,3.549305707479467e-06,0.9972519917795476,0.741239539748954
Empresa 3460,182612.5674,3.547616470537264e-06,0.9972555393960182,0.7413702928870293
Empresa 617,182167.87,3.538977328975942e-06,0.9972590783733472,0.7415010460251046
Empresa 412,182104.1282,3.537739016286069e-06,0.9972626161123634,0.7416317991631799
Empresa 7043,181896.9006,3.5337132032909557e-06,0.9972661498255667,0.7417625523012552
Empresa 478,181866.3024,3.5331187717037197e-06,0.9972696829443384,0.7418933054393305
Empresa 6702,181838.926,3.5325869300625514e-06,0.9972732155312685,0.7420240585774058
Empresa 5731,181759.449,3.5310429294592887e-06,0.997276746574198,0.7421548117154811
Empresa 3456,181481.9114,3.5256512032765195e-06,0.9972802722254013,0.7422855648535565
Empresa 1662,181480.79,3.5256294178256785e-06,0.9972837978548191,0.7424163179916318
Empresa 938,181023.75720000002,3.5167506363051043e-06,0.9972873146054554,0.7425470711297071
Empresa 2334,180565.2292,3.5078428075167414e-06,0.997290822448263,0.7426778242677824
Empresa 485,180525.3394,3.5070678679082504e-06,0.9972943295161308,0.7428085774058577
Empresa 6242,180461.0992,3.5058198727957816e-06,0.9972978353360037,0.742939330543933
Empresa 6218,179975.177,3.4963798565654435e-06,0.9973013317158602,0.7430700836820083
Empresa 4439,179964.9242,3.4961806753006107e-06,0.9973048278965355,0.7432008368200836
Empresa 826,179930.62360000002,3.495514317145519e-06,0.9973083234108526,0.743331589958159
Empresa 7028,179722.4704,3.491470522508441e-06,0.9973118148813751,0.7434623430962343
Empresa 3174,179465.4206,3.4864768130545303e-06,0.9973153013581881,0.7435930962343096
Empresa 595,179432.9,3.485845034980138e-06,0.9973187872032231,0.7437238493723849
Empresa 3921,179113.97739999997,3.4796493219210892e-06,0.997322266852545,0.7438546025104602
Empresa 3601,178918.48,3.4758513916577905e-06,0.9973257427039367,0.7439853556485355
Empresa 3645,178792.59840000002,3.4734058883506753e-06,0.9973292161098251,0.7441161087866108
Empresa 3289,178386.0286,3.46550745211795e-06,0.9973326816172772,0.7442468619246861
Empresa 4802,178118.28100000002,3.4603059163790316e-06,0.9973361419231935,0.7443776150627615
Empresa 1256,178005.696,3.4581187262747457e-06,0.9973396000419198,0.7445083682008368
Empresa 4417,178004.2364,3.4580903706085716e-06,0.9973430581322904,0.7446391213389121
Empresa 5817,177694.018,3.452063754144147e-06,0.9973465101960446,0.7447698744769874
Empresa 1114,177528.4958,3.448848152439839e-06,0.997349959044197,0.7449006276150628
Empresa 4602,177459.414,3.447506099507865e-06,0.9973534065502965,0.7450313807531381
Empresa 794,177354.0024,3.4454582671288013e-06,0.9973568520085636,0.7451621338912134
Empresa 2913,177177.64,3.442032072733029e-06,0.9973602940406363,0.7452928870292888
Empresa 94,177173.3324,3.441948388937735e-06,0.9973637359890253,0.7454236401673641
Empresa 318,177110.08899999998,3.4407197586704573e-06,0.9973671767087839,0.7455543933054394
Empresa 4601,177092.4848,3.4403777616723335e-06,0.9973706170865456,0.7456851464435147
Empresa 667,176970.5904,3.4380097177459857e-06,0.9973740550962633,0.74581589958159
Empresa 536,176665.0,3.4320730094913816e-06,0.9973774871692728,0.7459466527196653
Empresa 5220,176487.0,3.428615001421365e-06,0.9973809157842742,0.7460774058577406
Empresa 6204,176386.9106,3.426670563483595e-06,0.9973843424548378,0.7462081589958159
Empresa 4245,176328.1528,3.4255290750196827e-06,0.9973877679839128,0.7463389121338913
Empresa 3734,176217.7928,3.423385110016272e-06,0.9973911913690229,0.7464696652719666
Empresa 4422,176065.0154,3.420417101689777e-06,0.9973946117861245,0.7466004184100419
Empresa 752,176033.6162,3.419807109066226e-06,0.9973980315932336,0.7467311715481172
Empresa 3684,175932.352,3.417839848275194e-06,0.9974014494330818,0.7468619246861925
Empresa 711,175792.8,3.4151287699483006e-06,0.9974048645618518,0.7469926778242678
Empresa 3519,175623.7,3.4118436622817853e-06,0.9974082764055141,0.7471234309623431
Empresa 4030,175374.5,3.407002450983762e-06,0.997411683407965,0.7472541841004184
Empresa 3292,175324.304,3.4060272927080175e-06,0.9974150894352578,0.7473849372384938
Empresa 1813,175315.76,3.4058613083206567e-06,0.9974184952965661,0.7475156903765691
Empresa 6972,175152.0,3.4026799408962415e-06,0.997421897976507,0.7476464435146444
Empresa 1037,175126.43920000002,3.4021833709373875e-06,0.997425300159878,0.7477771966527197
Empresa 7598,174974.0,3.3992219328262247e-06,0.9974286993818108,0.747907949790795
Empresa 3956,174720.1008,3.394289430115153e-06,0.9974320936712409,0.7480387029288703
Empresa 3815,174618.0,3.392305916686192e-06,0.9974354859771576,0.7481694560669456
Empresa 4856,174524.1406,3.390482509030872e-06,0.9974388764596667,0.7483002092050209
Empresa 2071,174461.5558,3.3892666733934544e-06,0.9974422657263401,0.7484309623430963
Empresa 32,174445.251,3.3889499198542406e-06,0.9974456546762599,0.7485617154811716
Empresa 1724,174345.99819999997,3.387021734554399e-06,0.9974490416979944,0.7486924686192469
Empresa 1551,174099.64620000002,3.382235851385497e-06,0.9974524239338458,0.7488232217573222
Empresa 517,173989.3218,3.3800925779837006e-06,0.9974558040264238,0.7489539748953975
Empresa 5031,173906.0,3.3784738844061257e-06,0.9974591825003082,0.7490847280334728
Empresa 6698,173900.7312,3.3783715273672534e-06,0.9974625608718356,0.7492154811715481
Empresa 2971,173780.0116,3.376026306294168e-06,0.9974659368981419,0.7493462343096234
Empresa 3707,173580.26,3.372145729637996e-06,0.9974693090438715,0.7494769874476988
Empresa 5435,173558.3482,3.3717200488445767e-06,0.9974726807639204,0.7496077405857741
Empresa 5537,173521.4666,3.3710035495724694e-06,0.9974760517674699,0.7497384937238494
Empresa 2254,173191.3122,3.3645896362042023e-06,0.9974794163571061,0.7498692468619247
Empresa 596,173184.4236,3.364455811291893e-06,0.9974827808129174,0.75
Empresa 5353,173171.99920000002,3.364214442328606e-06,0.9974861450273598,0.7501307531380753
Empresa 4924,172943.3048,3.3597715935602485e-06,0.9974895047989534,0.7502615062761506
Empresa 1659,172747.5582,3.3559688220856515e-06,0.9974928607677754,0.7503922594142259
Empresa 2509,172642.467,3.3539272141211135e-06,0.9974962146949895,0.7505230125523012
Empresa 5593,172557.95260000002,3.35228535188947e-06,0.9974995669803414,0.7506537656903766
Empresa 2841,172482.0,3.3508098198459935e-06,0.9975029177901612,0.7507845188284519
Empresa 1871,172472.1922,3.3506192836013357e-06,0.9975062684094448,0.7509152719665272
Empresa 7482,172442.84,3.35004905807059e-06,0.9975096184585028,0.7510460251046025
Empresa 4559,172421.3198,3.349630984894925e-06,0.9975129680894878,0.7511767782426778
Empresa 4236,172335.36359999998,3.347961112797914e-06,0.9975163160506005,0.7513075313807531
Empresa 4242,172320.02000000002,3.347663032502279e-06,0.997519663713633,0.7514382845188284
Empresa 1744,172295.6696,3.3471899769983003e-06,0.99752301090361,0.7515690376569037
Empresa 4705,172264.4484,3.3465834423828192e-06,0.9975263574870523,0.7516997907949791
Empresa 1166,172232.83560000002,3.345969300149585e-06,0.9975297034563525,0.7518305439330544
Empresa 2622,171948.0,3.340435795635944e-06,0.9975330438921481,0.7519612970711297
Empresa 6954,171758.9106,3.336762353663166e-06,0.9975363806545018,0.752092050209205
Empresa 2014,171726.1764,3.3361264259790894e-06,0.9975397167809278,0.7522228033472803
Empresa 7639,171683.9192,3.335305494863268e-06,0.9975430520864227,0.7523535564853556
Empresa 2428,171590.22,3.333485199415211e-06,0.9975463855716221,0.7524843096234309
Empresa 616,171447.2682,3.3307080731341807e-06,0.9975497162796952,0.7526150627615062
Empresa 1116,171188.5986,3.325682895806833e-06,0.9975530419625911,0.7527458158995816
Empresa 4804,170679.6788,3.3157961049338482e-06,0.997556357758696,0.7528765690376569
Empresa 3075,170573.0212,3.3137240664982946e-06,0.9975596714827625,0.7530073221757322
Empresa 3044,170452.8,3.311388527847805e-06,0.9975629828712903,0.7531380753138075
Empresa 5807,170386.05,3.310091774821549e-06,0.9975662929630651,0.7532688284518828
Empresa 3972,170365.4732,3.3096920290886556e-06,0.9975696026550942,0.7533995815899581
Empresa 7578,170287.1354,3.3081701597370413e-06,0.9975729108252539,0.7535303347280334
Empresa 5925,170057.8358,3.303715553741246e-06,0.9975762145408077,0.7536610878661087
Empresa 4927,169972.2,3.302051906058761e-06,0.9975795165927137,0.7537918410041841
Empresa 7157,169812.0,3.298939698795746e-06,0.9975828155324125,0.7539225941422594
Empresa 6670,169635.424,3.2955093547902897e-06,0.9975861110417672,0.7540533472803347
Empresa 4763,169330.6702,3.2895888991736145e-06,0.9975894006306664,0.75418410041841
Empresa 6322,169145.0696,3.285983234159008e-06,0.9975926866139005,0.7543148535564853
Empresa 148,169092.9334,3.284970383595301e-06,0.9975959715842841,0.7544456066945606
Empresa 3920,168814.666,3.2795644795794437e-06,0.9975992511487637,0.7545763598326359
Empresa 4642,168775.7196,3.278807867413724e-06,0.9976025299566311,0.7547071129707112
Empresa 2600,168732.1808,3.2779620386397982e-06,0.9976058079186698,0.7548378661087866
Empresa 405,168382.66,3.2711718939935134e-06,0.9976090790905638,0.7549686192468619
Empresa 3011,168281.6094,3.269208782812165e-06,0.9976123482993466,0.7550993723849372
Empresa 4464,168263.4,3.2688550285866026e-06,0.9976156171543752,0.7552301255230126
Empresa 5136,168210.0,3.2678176261655975e-06,0.9976188849720014,0.7553608786610879
Empresa 2830,168192.2,3.2674718253585963e-06,0.9976221524438267,0.7554916317991632
Empresa 5873,168092.12840000002,3.265527733221633e-06,0.9976254179715599,0.7556223849372385
Empresa 3366,168013.844,3.2640069012724396e-06,0.9976286819784612,0.7557531380753139
Empresa 2952,167823.77560000002,3.260314440255276e-06,0.9976319422929014,0.7558838912133892
Empresa 7192,167768.8804,3.2592479905664824e-06,0.997635201540892,0.7560146443514645
Empresa 1297,167430.36000000002,3.2526715508189256e-06,0.9976384542124428,0.7561453974895398
Empresa 7401,167242.392,3.2490198942969876e-06,0.9976417032323371,0.7562761506276151
Empresa 4324,166861.1872,3.2416142242142404e-06,0.9976449448465614,0.7564069037656904
Empresa 6680,166834.95,3.2411045138247203e-06,0.9976481859510752,0.7565376569037657
Empresa 905,166672.08,3.2379404364406546e-06,0.9976514238915116,0.756668410041841
Empresa 1692,166613.1264,3.2367951441678657e-06,0.9976546606866558,0.7567991631799164
Empresa 605,166522.1684,3.235028102044087e-06,0.9976578957147578,0.7569299163179917
Empresa 161,166496.5542,3.234530494682812e-06,0.9976611302452525,0.757060669456067
Empresa 4611,166478.594,3.2341815816685473e-06,0.9976643644268341,0.7571914225941423
Empresa 3172,166311.09600000002,3.2309275960746617e-06,0.9976675953544302,0.7573221757322176
Empresa 5967,166286.69220000002,3.2304535031682625e-06,0.9976708258079333,0.7574529288702929
Empresa 559,166203.7976,3.2288431088100553e-06,0.9976740546510421,0.7575836820083682
Empresa 6234,166050.5218,3.225865418060964e-06,0.9976772805164601,0.7577144351464435
Empresa 2655,165874.60439999998,3.222447868685367e-06,0.9976805029643288,0.7578451882845189
Empresa 5163,165824.80000000002,3.221480318027377e-06,0.9976837244446468,0.7579759414225942
Empresa 4858,165770.31420000002,3.220421821757145e-06,0.9976869448664686,0.7581066945606695
Empresa 6957,165599.80800000002,3.217109395826876e-06,0.9976901619758645,0.7582374476987448
Empresa 5148,165566.255,3.2164575613056774e-06,0.9976933784334258,0.7583682008368201
Empresa 4028,165560.826,3.216352092059542e-06,0.9976965947855179,0.7584989539748954
Empresa 2822,165494.73460000003,3.2150681336631453e-06,0.9976998098536515,0.7586297071129707
Empresa 5024,165409.2412,3.2134072523871157e-06,0.9977030232609039,0.758760460251046
Empresa 5837,165088.41400000002,3.2071745386417187e-06,0.9977062304354425,0.7588912133891214
Empresa 319,165054.861,3.20652270412052e-06,0.9977094369581466,0.7590219665271967
Empresa 7034,165023.8,3.205919281712302e-06,0.9977126428774283,0.759152719665272
Empresa 4340,164981.08000000002,3.2050893597754985e-06,0.9977158479667881,0.7592834728033473
Empresa 6228,164655.1086,3.198756709596877e-06,0.9977190467234978,0.7594142259414226
Empresa 4873,164632.2,3.198311663958266e-06,0.9977222450351617,0.7595449790794979
Empresa 3995,164595.354,3.197595856287772e-06,0.997725442631018,0.7596757322175732
Empresa 623,164408.543,3.1939666768182902e-06,0.9977286365976948,0.7598064853556485
Empresa 5516,164378.55,3.193384002458492e-06,0.9977318299816973,0.7599372384937239
Empresa 1531,164316.1432,3.192171624829144e-06,0.9977350221533221,0.7600679916317992
Empresa 2549,164162.2444,3.189181831051808e-06,0.9977382113351532,0.7601987447698745
Empresa 5128,164055.836,3.1871146338275524e-06,0.997741398449787,0.7603294979079498
Empresa 657,163871.0364,3.1835245298492615e-06,0.9977445819743169,0.7604602510460251
Empresa 7234,163857.01,3.1832520388133443e-06,0.9977477652263558,0.7605910041841004
Empresa 6256,163591.8256,3.1781002983906335e-06,0.9977509433266541,0.7607217573221757
Empresa 1865,163473.2954,3.1757976108168093e-06,0.9977541191242649,0.760852510460251
Empresa 953,163403.9466,3.1744503708727307e-06,0.9977572935746358,0.7609832635983264
Empresa 4506,163393.587,3.174249114803056e-06,0.9977604678237506,0.7611140167364017
Empresa 7148,163087.071,3.1682944249064874e-06,0.9977636361181755,0.761244769874477
Empresa 49,162658.447,3.1599675414738875e-06,0.9977667960857171,0.7613755230125523
Empresa 7280,162640.2198,3.1596134414475177e-06,0.9977699556991585,0.7615062761506276
Empresa 6352,162464.7474,3.1562045370920956e-06,0.9977731119036956,0.7616370292887029
Empresa 2286,162326.7796,3.1535242350370262e-06,0.9977762654279306,0.7617677824267782
Empresa 3538,162290.5744,3.152820876195585e-06,0.9977794182488068,0.7618985355648535
Empresa 776,162261.70280000003,3.1522599872866284e-06,0.997782570508794,0.7620292887029289
Empresa 6038,162239.7198,3.1518329232899806e-06,0.9977857223417174,0.7621600418410042
Empresa 6852,161945.2188,3.1461116489381387e-06,0.9977888684533663,0.7622907949790795
Empresa 7187,161645.36,3.1402862885433886e-06,0.9977920087396549,0.7624215481171548
Empresa 6585,161501.6962,3.1374953302300785e-06,0.9977951462349851,0.7625523012552301
Empresa 7477,161169.7796,3.131047182581919e-06,0.9977982772821677,0.7626830543933054
Empresa 3763,161153.3502,3.1307280084370558e-06,0.9978014080101761,0.7628138075313807
Empresa 1706,161079.1776,3.1292870564742803e-06,0.9978045372972326,0.762944560669456
Empresa 3680,160689.144,3.1217098691912603e-06,0.9978076590071018,0.7630753138075314
Empresa 4101,160200.4984,3.112216945437451e-06,0.9978107712240473,0.7632060669456067
Empresa 3325,159918.048,3.106729778231949e-06,0.9978138779538255,0.763336820083682
Empresa 5377,159787.84100000001,3.104200245328732e-06,0.9978169821540708,0.7634675732217573
Empresa 1504,159157.098,3.0919467937326282e-06,0.9978200741008645,0.7635983263598326
Empresa 4387,159048.696,3.089840866817988e-06,0.9978231639417313,0.7637290794979079
Empresa 2674,159027.6564,3.0894321302641124e-06,0.9978262533738615,0.7638598326359832
Empresa 527,158903.50139999998,3.087020169635275e-06,0.9978293403940312,0.7639905857740585
Empresa 7277,158616.8146,3.0814507018377074e-06,0.997832421844733,0.7641213389121339
Empresa 4843,158594.262,3.081012572215236e-06,0.9978355028573052,0.7642520920502092
Empresa 594,158565.3904,3.0804516833062792e-06,0.9978385833089884,0.7643828451882845
Empresa 630,158453.108,3.078270371815713e-06,0.9978416615793603,0.7645135983263598
Empresa 5036,158370.01760000002,3.0766561736486297e-06,0.9978447382355339,0.7646443514644351
Empresa 4578,158238.529,3.074101743087308e-06,0.9978478123372769,0.7647751046025104
Empresa 3238,157998.0332,3.069429628383909e-06,0.9978508817669053,0.7649058577405857
Empresa 4287,157878.1858,3.0671013515503666e-06,0.9978539488682568,0.765036610878661
Empresa 7311,157763.9988,3.064883039373451e-06,0.9978570137512962,0.7651673640167364
Empresa 539,157029.82,3.050620139287861e-06,0.9978600643714355,0.7652981171548117
Empresa 4461,156921.7918,3.048521474190168e-06,0.9978631128929096,0.765428870292887
Empresa 7283,156240.924,3.035294247521548e-06,0.9978661481871571,0.7655596234309623
Empresa 135,156115.256,3.032852893824116e-06,0.997869181040051,0.7656903765690377
Empresa 5450,156097.1712,3.0325015602042026e-06,0.9978722135416112,0.765821129707113
Empresa 5497,155976.238,3.0301521895214334e-06,0.9978752436938007,0.7659518828451883
Empresa 4815,155858.7402,3.027869558394415e-06,0.9978782715633591,0.7660826359832636
Empresa 1817,155737.7892,3.025519841910839e-06,0.997881297083201,0.766213389121339
Empresa 6684,155716.1622,3.025099693930332e-06,0.9978843221828949,0.7663441422594143
Empresa 5079,155645.336,3.023723752519273e-06,0.9978873459066474,0.7664748953974896
Empresa 7175,155350.568,3.0179972911553253e-06,0.9978903639039386,0.7666056485355649
Empresa 5447,155109.467,3.013313419224488e-06,0.9978933772173578,0.7667364016736402
Empresa 6235,154948.7864,3.010191875339684e-06,0.9978963874092331,0.7668671548117155
Empresa 7077,154805.5142,3.0074085246441277e-06,0.9978993948177578,0.7669979079497908
Empresa 3389,154656.65279999998,3.0045165924951723e-06,0.9979023993343503,0.7671286610878661
Empresa 5578,154629.4722,3.003988554662881e-06,0.997905403322905,0.7672594142259415
Empresa 2101,154602.3272,3.0034612084322037e-06,0.9979084067841134,0.7673901673640168
Empresa 5784,154508.4678,3.0016378007768843e-06,0.9979114084219142,0.7675209205020921
Empresa 4981,154235.5404,2.9963356370031277e-06,0.9979144047575512,0.7676516736401674
Empresa 2023,154192.5,2.9954994906517978e-06,0.9979174002570419,0.7677824267782427
Empresa 6529,153982.7626,2.991424919742897e-06,0.9979203916819617,0.767913179916318
Empresa 6843,153617.115,2.984321479565469e-06,0.9979233760034413,0.7680439330543933
Empresa 491,153594.598,2.9838840415446125e-06,0.9979263598874828,0.7681746861924686
Empresa 4131,153540.842,2.9828397231074676e-06,0.9979293427272059,0.768305439330544
Empresa 528,153529.9662,2.9826284388143892e-06,0.9979323253556447,0.7684361924686193
Empresa 2251,153479.4142,2.9816463645225046e-06,0.9979353070020092,0.7685669456066946
Empresa 5653,153452.5896,2.9811252427063535e-06,0.9979382881272518,0.7686976987447699
Empresa 184,153340.8412,2.9789543052399965e-06,0.9979412670815571,0.7688284518828452
Empresa 3399,153056.53960000002,2.973431174750567e-06,0.9979442405127318,0.7689592050209205
Empresa 6290,152704.2598,2.966587430979197e-06,0.9979472071001627,0.7690899581589958
Empresa 599,152584.60820000002,2.964262957954532e-06,0.9979501713631207,0.7692207112970711
Empresa 6153,152334.50040000002,2.9594041108153517e-06,0.9979531307672315,0.7693514644351465
Empresa 7085,152173.98,2.9562856791378108e-06,0.9979560870529106,0.7694822175732218
Empresa 1840,151992.0284,2.95275090328864e-06,0.997959039803814,0.7696129707112971
Empresa 4751,151769.03,2.948418710778523e-06,0.9979619882225247,0.7697437238493724
Empresa 5882,151642.3296,2.9459573006342853e-06,0.9979649341798253,0.7698744769874477
Empresa 4299,151442.4712,2.9420746491732708e-06,0.9979678762544745,0.770005230125523
Empresa 6346,151383.66,2.9409321233069375e-06,0.9979708171865977,0.7701359832635983
Empresa 4621,151061.9428,2.934682119521189e-06,0.9979737518687173,0.7702667364016736
Empresa 1275,150953.2738,2.932571005594444e-06,0.9979766844397229,0.770397489539749
Empresa 5596,150726.0568,2.928156858293068e-06,0.9979796125965812,0.7705282426778243
Empresa 187,150223.634,2.9183962847146395e-06,0.9979825309928659,0.7706589958158996
Empresa 6467,150083.72600000002,2.9156782903716074e-06,0.9979854466711563,0.7707897489539749
Empresa 6767,149794.61839999998,2.9100617936642857e-06,0.9979883567329499,0.7709205020920502
Empresa 7064,149751.77380000002,2.9092294511218337e-06,0.9979912659624011,0.7710512552301255
Empresa 5161,149666.761,2.907577906467593e-06,0.9979941735403075,0.7711820083682008
Empresa 5479,149624.6106,2.9067590501566136e-06,0.9979970802993576,0.7713127615062761
Empresa 3245,149544.91999999998,2.9052108999436667e-06,0.9979999855102576,0.7714435146443515
Empresa 4589,149433.01140000002,2.9030368502700477e-06,0.9980028885471078,0.7715742677824268
Empresa 3411,149361.0282,2.901638431806533e-06,0.9980057901855396,0.7717050209205021
Empresa 6868,149105.26,2.896669620010726e-06,0.9980086868551596,0.7718357740585774
Empresa 6275,148820.638,2.8911402651067698e-06,0.9980115779954247,0.7719665271966527
Empresa 65,148702.97999999998,2.888854521772488e-06,0.9980144668499465,0.772097280334728
Empresa 737,148641.9794,2.887669462406894e-06,0.998017354519409,0.7722280334728033
Empresa 7135,148598.6542,2.8868277832426518e-06,0.9980202413471922,0.7723587866108786
Empresa 6297,148262.9106,2.880305288420987e-06,0.9980231216524806,0.772489539748954
Empresa 6782,147891.5848,2.8730915377861255e-06,0.9980259947440184,0.7726202928870293
Empresa 2550,147740.62300000002,2.870158801141945e-06,0.9980288649028196,0.7727510460251046
Empresa 5729,147684.2504,2.86906364998617e-06,0.9980317339664696,0.7728817991631799
Empresa 4619,147574.9228,2.866939741429566e-06,0.998034600906211,0.7730125523012552
Empresa 5267,147552.477,2.8665036866119373e-06,0.9980374674098976,0.7731433054393305
Empresa 7069,147286.6162,2.86133880575856e-06,0.9980403287487034,0.7732740585774058
Empresa 6965,147182.8956,2.8593238244561615e-06,0.9980431880725279,0.7734048117154811
Empresa 101,146891.9724,2.853672056066527e-06,0.998046041744584,0.7735355648535565
Empresa 3656,146862.549,2.853100447332553e-06,0.9980488948450313,0.7736663179916318
Empresa 5782,146852.66999999998,2.852908527884667e-06,0.9980517477535592,0.7737970711297071
Empresa 644,146826.6464,2.8524029671048308e-06,0.9980546001565264,0.7739278242677824
Empresa 6157,146751.5304,2.8509436876992836e-06,0.998057451100214,0.7740585774058577
Empresa 80,146430.5964,2.844708899149044e-06,0.9980602958091132,0.774189330543933
Empresa 4989,146280.489,2.841792760943599e-06,0.998063137601874,0.7743200836820083
Empresa 6404,146240.35,2.8410129801238104e-06,0.9980659786148541,0.7744508368200836
Empresa 5196,146090.6876,2.8381054869385406e-06,0.9980688167203411,0.774581589958159
Empresa 3329,146025.4684,2.836838472781687e-06,0.9980716535588139,0.7747123430962343
Empresa 7005,145745.3142,2.8313959138802875e-06,0.9980744849547277,0.7748430962343096
Empresa 469,145515.0,2.826921597238493e-06,0.998077311876325,0.7749738493723849
Empresa 4203,145515.0,2.826921597238493e-06,0.9980801387979222,0.7751046025104602
Empresa 6980,145480.023,2.8262420986527348e-06,0.9980829650400209,0.7752353556485355
Empresa 6688,145108.804,2.8190304228227155e-06,0.9980857840704438,0.7753661087866108
Empresa 4272,144546.947,2.808115220349708e-06,0.9980885921856641,0.7754968619246861
Empresa 7572,144400.2928,2.8052661675008216e-06,0.9980913974518316,0.7756276150627615
Empresa 2417,144393.6,2.8051361463973894e-06,0.998094202587978,0.7757583682008368
Empresa 3400,144359.9046,2.804481545469735e-06,0.9980970070695234,0.7758891213389121
Empresa 4813,144239.986,2.802151885432965e-06,0.9980998092214088,0.7760198744769874
Empresa 1999,144124.49959999998,2.7999083297971377e-06,0.9981026091297386,0.7761506276150628
Empresa 6970,143946.7666,2.7964555087392266e-06,0.9981054055852473,0.7762813807531381
Empresa 6796,143932.3664,2.7961757558863622e-06,0.9981082017610032,0.7764121338912134
Empresa 6357,143928.5572,2.796101754513664e-06,0.9981109978627577,0.7765428870292888
Empresa 5901,143733.7718,2.7923176562826448e-06,0.998113790180414,0.7766736401673641
Empresa 6034,143731.7604,2.7922785807914538e-06,0.9981165824589948,0.7768043933054394
Empresa 1001,143630.81160000002,2.7903174472798894e-06,0.9981193727764421,0.7769351464435147
Empresa 3487,143491.51380000002,2.7876113072993527e-06,0.9981221603877495,0.77706589958159
Empresa 3612,143458.655,2.7869729590096274e-06,0.9981249473607084,0.7771966527196653
Empresa 1534,143073.819,2.7794967455622513e-06,0.998127726857454,0.7773274058577406
Empresa 4229,143027.45,2.778595934460013e-06,0.9981305054533884,0.7774581589958159
Empresa 197,143021.6828,2.7784838949985442e-06,0.9981332839372834,0.7775889121338913
Empresa 4177,142597.135,2.7702361999507478e-06,0.9981360541734834,0.7777196652719666
Empresa 1549,142594.6608,2.7701881336385745e-06,0.998138824361617,0.7778504184100419
Empresa 6769,142494.53579999998,2.76824300409919e-06,0.9981415926046211,0.7779811715481172
Empresa 6250,142467.64,2.767720499079811e-06,0.9981443603251202,0.7781119246861925
Empresa 4821,142416.8388,2.766733583576628e-06,0.9981471270587038,0.7782426778242678
Empresa 5025,142400.0,2.7664064560132044e-06,0.9981498934651598,0.7783734309623431
Empresa 6201,142398.22,2.766371875932504e-06,0.9981526598370357,0.7785041841004184
Empresa 6180,142398.22,2.766371875932504e-06,0.9981554262089116,0.7786349372384938
Empresa 7226,142356.1942,2.7655554402271734e-06,0.9981581917643518,0.7787656903765691
Empresa 6187,142292.844,2.7643247351550545e-06,0.998160956089087,0.7788964435146444
Empresa 6302,142275.756,2.7639927663803326e-06,0.9981637200818533,0.7790271966527197
Empresa 5935,142240.2628,2.7633032395711715e-06,0.9981664833850928,0.779157949790795
Empresa 1538,142185.99060000002,2.762248892910624e-06,0.9981692456339858,0.7792887029288703
Empresa 233,142159.4508,2.761733303907384e-06,0.9981720073672897,0.7794194560669456
Empresa 2154,141784.84980000003,2.7544559259240348e-06,0.9981747618232156,0.7795502092050209
Empresa 5733,141704.0912,2.7528870276626677e-06,0.9981775147102433,0.7796809623430963
Empresa 2571,141615.02,2.751156640424431e-06,0.9981802658668837,0.7798117154811716
Empresa 5969,141386.75280000002,2.7467220908754426e-06,0.9981830125889746,0.7799424686192469
Empresa 5132,141328.796,2.745596163447845e-06,0.998185758185138,0.7800732217573222
Empresa 624,141025.7688,2.7397092505094485e-06,0.9981884978943885,0.7802039748953975
Empresa 1885,140936.84,2.7379816296776688e-06,0.9981912358760181,0.7803347280334728
Empresa 4362,140935.95,2.737964339637319e-06,0.9981939738403577,0.7804654811715481
Empresa 2174,140895.01,2.737168997781215e-06,0.9981967110093555,0.7805962343096234
Empresa 6152,140831.82,2.735941404916359e-06,0.9981994469507603,0.7807269874476988
Empresa 5126,140650.2422,2.732413890884135e-06,0.9982021793646513,0.7808577405857741
Empresa 688,140616.084,2.731750299135499e-06,0.9982049111149505,0.7809884937238494
Empresa 546,140406.4712,2.7276781488322472e-06,0.9982076387930993,0.7811192468619247
Empresa 4618,140171.3866,2.7231111575741765e-06,0.9982103619042568,0.78125
Empresa 6314,139729.733,2.7145311479508517e-06,0.9982130764354048,0.7813807531380753
Empresa 2918,139569.8356,2.7114248193015555e-06,0.9982157878602241,0.7815115062761506
Empresa 7266,139443.8294,2.708976895388791e-06,0.9982184968371195,0.7816422594142259
Empresa 2760,139019.1214,2.7007260881337317e-06,0.9982211975632076,0.7817730125523012
Empresa 613,138859.135,2.6976180304804013e-06,0.9982238951812381,0.7819037656903766
Empresa 6721,138840.0,2.6972462946128743e-06,0.9982265924275328,0.7820345188284519
Empresa 6241,138836.8316,2.697184742069228e-06,0.9982292896122749,0.7821652719665272
Empresa 3315,138729.462,2.695098871601394e-06,0.9982319847111465,0.7822960251046025
Empresa 6753,138602.8862,2.6926398820628053e-06,0.9982346773510286,0.7824267782426778
Empresa 6602,138546.567,2.691545768309452e-06,0.9982373688967968,0.7825575313807531
Empresa 3530,138528.33980000002,2.6911916682830827e-06,0.9982400600884651,0.7826882845188284
Empresa 256,138399.984,2.6886980986637933e-06,0.9982427487865638,0.7828190376569037
Empresa 5931,138397.99039999998,2.6886593689734088e-06,0.9982454374459327,0.7829497907949791
Empresa 2647,138288.2,2.686526469595823e-06,0.9982481239724024,0.7830805439330544
Empresa 4808,138270.4,2.6861806687888214e-06,0.9982508101530712,0.7832112970711297
Empresa 6780,138097.295,2.6828177559407306e-06,0.9982534929708271,0.783342050209205
Empresa 4610,137872.1606,2.6784440673337737e-06,0.9982561714148944,0.7834728033472803
Empresa 548,137796.297,2.676970264294332e-06,0.9982588483851588,0.7836035564853556
Empresa 839,137669.4364,2.674505741942832e-06,0.9982615228909008,0.7837343096234309
Empresa 7250,137328.6376,2.6678850396919776e-06,0.9982641907759404,0.7838650627615062
Empresa 6284,137078.0136,2.663016164329395e-06,0.9982668537921048,0.7839958158995816
Empresa 3522,137027.3726,2.6620323610334752e-06,0.9982695158244658,0.7841265690376569
Empresa 4917,136899.8712,2.659555389852922e-06,0.9982721753798556,0.7842573221757322
Empresa 2937,136843.7478,2.6584650799084463e-06,0.9982748338449355,0.7843880753138075
Empresa 2630,136437.0,2.6505631856676515e-06,0.9982774844081213,0.7845188284518828
Empresa 783,136239.41999999998,2.6467247967099328e-06,0.9982801311329179,0.7846495815899581
Empresa 2679,136186.4828,2.64569638510991e-06,0.998282776829303,0.7847803347280334
Empresa 4613,136133.22520000002,2.6446617490953614e-06,0.998285421491052,0.7849110878661087
Empresa 830,136064.7308,2.6433311075900186e-06,0.9982880648221596,0.7850418410041841
Empresa 6091,136035.8414,2.642769872880255e-06,0.9982907075920324,0.7851725941422594
Empresa 851,135708.3748,2.6364081754338456e-06,0.9982933440002079,0.7853033472803347
Empresa 7340,135655.58000000002,2.6353825302402793e-06,0.9982959793827381,0.78543410041841
Empresa 606,135517.63,2.6327025739860164e-06,0.998298612085312,0.7855648535564853
Empresa 2694,135512.824,2.6326092077681255e-06,0.9983012446945198,0.7856956066945606
Empresa 249,135255.436,2.6276089280988816e-06,0.9983038723034479,0.7858263598326359
Empresa 70,135069.782,2.624002225681855e-06,0.9983064963056736,0.7859571129707112
Empresa 3887,134913.7472,2.620970935807678e-06,0.9983091172766094,0.7860878661087866
Empresa 1183,134840.34,2.619544853279603e-06,0.9983117368214627,0.7862186192468619
Empresa 3134,134741.1584,2.6176180511829897e-06,0.9983143544395139,0.7863493723849372
Empresa 7324,134695.3234,2.616727614104961e-06,0.998316971167128,0.7864801255230126
Empresa 565,134616.2202,2.6151908753186458e-06,0.9983195863580033,0.7866108786610879
Empresa 2839,134270.4018,2.608472657240217e-06,0.9983221948306605,0.7867416317991632
Empresa 2461,134074.4772,2.6046664277575504e-06,0.9983247994970883,0.7868723849372385
Empresa 7045,134033.466,2.6038697026982183e-06,0.998327403366791,0.7870031380753139
Empresa 5717,133867.2318,2.6006402689616303e-06,0.99833000400706,0.7871338912133892
Empresa 6913,133791.831,2.599175456743171e-06,0.9983326031825167,0.7872646443514645
Empresa 398,132788.0,2.579674020232313e-06,0.998335182856537,0.7873953974895398
Empresa 6068,131698.90699999998,2.5585161978559166e-06,0.9983377413727349,0.7875261506276151
Empresa 827,131697.7678,2.558494066604269e-06,0.9983402998668015,0.7876569037656904
Empresa 753,131615.603,2.5568978500791494e-06,0.9983428567646516,0.7877876569037657
Empresa 4697,131577.6,2.556159565356201e-06,0.998345412924217,0.787918410041841
Empresa 6022,131367.7024,2.5520818822400375e-06,0.9983479650060992,0.7880491631799164
Empresa 6685,130895.2904,2.5429043288222135e-06,0.998350507910428,0.7881799163179917
Empresa 1629,130830.0,2.5416359314621314e-06,0.9983530495463595,0.788310669456067
Empresa 1533,130830.0,2.5416359314621314e-06,0.998355591182291,0.7884414225941423
Empresa 2731,130686.76340000001,2.5388532723681894e-06,0.9983581300355634,0.7885721757322176
Empresa 6342,130550.5578,2.5362072045930123e-06,0.998360666242768,0.7887029288702929
Empresa 3415,130543.5268,2.536070613274247e-06,0.9983632023133813,0.7888336820083682
Empresa 6577,130527.4,2.5357573177431033e-06,0.9983657380706991,0.7889644351464435
Empresa 3604,130513.74740000001,2.535492088524133e-06,0.9983682735627876,0.7890951882845189
Empresa 513,130463.32,2.5345124348378977e-06,0.9983708080752224,0.7892259414225942
Empresa 4472,130445.8226,2.534172512644615e-06,0.998373342247735,0.7893566945606695
Empresa 7087,130322.78899999999,2.5317823374666193e-06,0.9983758740300724,0.7894874476987448
Empresa 7107,130273.92800000001,2.5308331142514003e-06,0.9983784048631867,0.7896182008368201
Empresa 3467,130170.51000000001,2.5288240115627206e-06,0.9983809336871983,0.7897489539748954
Empresa 6956,130029.3026,2.526080773760776e-06,0.998383459767972,0.7898797071129707
Empresa 668,129435.5124,2.5145452046400082e-06,0.9983859743131767,0.790010460251046
Empresa 2292,129404.932,2.513951118853579e-06,0.9983884882642955,0.7901412133891214
Empresa 5046,129234.72839999999,2.510644571537029e-06,0.9983909989088671,0.7902719665271967
Empresa 6039,129202.7952,2.5100242048892684e-06,0.998393508933072,0.790402719665272
Empresa 6277,129183.3576,2.509646590408023e-06,0.9983960185796624,0.7905334728033473
Empresa 6361,128973.81599999999,2.5055758233079992e-06,0.9983985241554857,0.7906642259414226
Empresa 5029,128961.0,2.505326846726958e-06,0.9984010294823324,0.7907949790794979
Empresa 1844,128807.92,2.5023529597867438e-06,0.9984035318352922,0.7909257322175732
Empresa 7105,128700.8352,2.500272622131822e-06,0.9984060321079143,0.7910564853556485
Empresa 699,128615.9292,2.4986231522824243e-06,0.9984085307310666,0.7911872384937239
Empresa 2713,128540.79539999999,2.49716352707607e-06,0.9984110278945937,0.7913179916317992
Empresa 4923,128428.9936,2.4949915522072928e-06,0.9984135228861459,0.7914487447698745
Empresa 2939,128372.265,2.4938894850353787e-06,0.998416016775631,0.7915794979079498
Empresa 2748,128160.0,2.489765810411884e-06,0.9984185065414414,0.7917102510460251
Empresa 2657,128144.17580000001,2.4894583934944595e-06,0.9984209959998349,0.7918410041841004
Empresa 3417,128042.4488,2.487482141882445e-06,0.9984234834819768,0.7919717573221757
Empresa 6974,127982.7654,2.4863226717765687e-06,0.9984259698046486,0.792102510460251
Empresa 553,127941.8076,2.4855269841196576e-06,0.9984284553316327,0.7922332635983264
Empresa 3482,127839.6,2.483541395885854e-06,0.9984309388730286,0.7923640167364017
Empresa 5773,127626.37380000002,2.4793990480187815e-06,0.9984334182720767,0.792494769874477
Empresa 7424,127318.8432,2.473424647476214e-06,0.9984358916967241,0.7926255230125523
Empresa 1385,127312.5242,2.4733018881897284e-06,0.9984383649986123,0.7927562761506276
Empresa 655,127307.18419999999,2.4731981479476275e-06,0.9984408381967602,0.7928870292887029
Empresa 5430,127256.3296,2.472210195042024e-06,0.9984433104069552,0.7930177824267782
Empresa 2663,126825.0,2.46383074988676e-06,0.9984457742377051,0.7931485355648535
Empresa 1832,126821.1374,2.463755711111641e-06,0.9984482379934162,0.7932792887029289
Empresa 734,126519.8724,2.457903032453138e-06,0.9984506958964486,0.7934100418410042
Empresa 5928,126446.35840000001,2.4564748751202212e-06,0.9984531523713237,0.7935407949790795
Empresa 5181,126340.84,2.454424967936315e-06,0.9984556067962916,0.7936715481171548
Empresa 6976,126130.8,2.450344518413696e-06,0.99845805714081,0.7938023012552301
Empresa 7508,126105.88,2.4498603972838935e-06,0.9984605070012074,0.7939330543933054
Empresa 2187,125967.93,2.4471804410296306e-06,0.9984629541816484,0.7940638075313807
Empresa 2177,125798.7054,2.443892912757466e-06,0.9984653980745611,0.794194560669456
Empresa 5795,125757.8544,2.443099299905397e-06,0.998467841173861,0.7943253138075314
Empresa 2216,125580.7444,2.4396585818757305e-06,0.9984702808324428,0.7944560669456067
Empresa 5633,125393.2392,2.4360159161747753e-06,0.998472716848359,0.794586820083682
Empresa 4925,125306.48199999999,2.434330483041449e-06,0.9984751511788421,0.7947175732217573
Empresa 5473,125073.213,2.4297987634656927e-06,0.9984775809776055,0.7948483263598326
Empresa 4026,125056.8548,2.4294809725240582e-06,0.998480010458578,0.7949790794979079
Empresa 5340,124981.4184,2.428015468703985e-06,0.9984824384740467,0.7951098326359832
Empresa 5460,124882.0944,2.426085900200916e-06,0.9984848645599469,0.7952405857740585
Empresa 6652,124769.278,2.4238942146861396e-06,0.9984872884541616,0.7953713389121339
Empresa 4393,124689.40939999999,2.422342606465123e-06,0.9984897107967681,0.7955020920502092
Empresa 1903,124684.906,2.4222551188609515e-06,0.9984921330518869,0.7956328451882845
Empresa 192,124668.42319999999,2.421934907313668e-06,0.9984945549867942,0.7957635983263598
Empresa 4322,124640.584,2.4213940748515177e-06,0.998496976380869,0.7958943514644351
Empresa 1862,124600.0,2.4206056490115538e-06,0.998499396986518,0.7960251046025104
Empresa 4435,124600.0,2.4206056490115538e-06,0.998501817592167,0.7961558577405857
Empresa 1880,124600.0,2.4206056490115538e-06,0.9985042381978161,0.796286610878661
Empresa 3930,124498.451,2.4186328554076095e-06,0.9985066568306715,0.7964173640167364
Empresa 2635,124327.74900000001,2.4153166256684636e-06,0.9985090721472972,0.7965481171548117
Empresa 3640,123914.70000000001,2.4072923179419906e-06,0.9985114794396152,0.796678870292887
Empresa 7224,123882.9982,2.4066764467047205e-06,0.9985138861160618,0.7968096234309623
Empresa 6731,123626.3934,2.4016913822709846e-06,0.9985162878074442,0.7969403765690377
Empresa 6372,123297.752,2.395306861971313e-06,0.9985186831143061,0.797071129707113
Empresa 1883,123211.4398,2.3936300738581617e-06,0.99852107674438,0.7972018828451883
Empresa 897,123176.3916,2.3929491920691756e-06,0.998523469693572,0.7973326359832636
Empresa 2202,122638.17300000001,2.382493213067867e-06,0.998525852186785,0.797463389121339
Empresa 3380,122637.3542,2.3824773062307446e-06,0.9985282346640912,0.7975941422594143
Empresa 3178,122398.58499999999,2.3778387342056245e-06,0.9985306125028255,0.7977248953974896
Empresa 234,122290.717,2.3757431813151947e-06,0.9985329882460068,0.7978556485355649
Empresa 5115,122087.0494,2.3717865284814816e-06,0.9985353600325353,0.7979864016736402
Empresa 2577,122082.6528,2.371701115682152e-06,0.998537731733651,0.7981171548117155
Empresa 176,122026.3158,2.370606656127992e-06,0.9985401023403071,0.7982479079497908
Empresa 1717,121965.6,2.3694271295753096e-06,0.9985424717674367,0.7983786610878661
Empresa 3938,121907.99919999999,2.368308118163852e-06,0.9985448400755549,0.7985094142259415
Empresa 5200,121785.9802,2.365937653631856e-06,0.9985472060132086,0.7986401673640168
Empresa 889,121732.954,2.364907513027798e-06,0.9985495709207216,0.7987709205020921
Empresa 679,121579.2154,2.361920831457725e-06,0.9985519328415531,0.7989016736401674
Empresa 3994,121572.932,2.361798763772853e-06,0.9985542946403169,0.7990324267782427
Empresa 4392,121451.14439999999,2.3594327946513476e-06,0.9985566540731116,0.799163179916318
Empresa 2165,121300.2716,2.3565017870112016e-06,0.9985590105748986,0.7992939330543933
Empresa 5796,121203.43960000001,2.354620630621113e-06,0.9985613651955292,0.7994246861924686
Empresa 2079,120911.98240000001,2.3489584882072678e-06,0.9985637141540173,0.799555439330544
Empresa 7334,120862.0,2.3479874795412073e-06,0.9985660621414969,0.7996861924686193
Empresa 537,120639.5,2.3436649694536865e-06,0.9985684058064663,0.7998169456066946
Empresa 1134,120337.078,2.3377898137427286e-06,0.9985707435962801,0.7999476987447699
Empresa 7479,120282.61,2.3367316632733034e-06,0.9985730803279433,0.8000784518828452
Empresa 538,120191.15359999999,2.3349549387269287e-06,0.9985754152828821,0.8002092050209205
Empresa 4617,120146.1374,2.334080408486022e-06,0.9985777493632906,0.8003399581589958
Empresa 4476,119971.7686,2.3306929437806335e-06,0.9985800800562343,0.8004707112970711
Empresa 221,119658.55979999999,2.3246082327806323e-06,0.9985824046644671,0.8006014644351465
Empresa 5195,119603.54000000001,2.3235393624861907e-06,0.9985847282038296,0.8007322175732218
Empresa 1262,119567.94,2.3228477608721873e-06,0.9985870510515905,0.8008629707112971
Empresa 4945,119533.23000000001,2.322173449298534e-06,0.9985893732250398,0.8009937238493724
Empresa 4111,119521.8558,2.32195248258286e-06,0.9985916951775224,0.8011244769874477
Empresa 914,119250.032,2.3166717584591376e-06,0.9985940118492809,0.801255230125523
Empresa 3312,119068.116,2.313137674211581e-06,0.998596324986955,0.8013859832635983
Empresa 6317,119001.5262,2.3118440333925875e-06,0.9985986368309885,0.8015167364016736
Empresa 7067,118877.122,2.309427231552453e-06,0.99860094625822,0.801647489539749
Empresa 501,118664.0026,2.3052869584902225e-06,0.9986032515451785,0.8017782426778243
Empresa 368,118625.7682,2.304544178356783e-06,0.9986055560893569,0.8019089958158996
Empresa 4164,118607.63,2.3041918073344483e-06,0.9986078602811642,0.8020397489539749
Empresa 5060,118503.03719999999,2.3021598817925063e-06,0.9986101624410461,0.8021705020920502
Empresa 661,118314.83780000001,2.298503729860078e-06,0.998612460944776,0.8023012552301255
Empresa 2641,118254.24660000001,2.2973266239130445e-06,0.9986147582713999,0.8024320083682008
Empresa 4695,118028.5782,2.2929425612818775e-06,0.9986170512139612,0.8025627615062761
Empresa 6377,117969.5,2.291794848403439e-06,0.9986193430088096,0.8026935146443515
Empresa 1372,117936.1428,2.2911468176911178e-06,0.9986216341556273,0.8028242677824268
Empresa 1555,117652.304,2.2856326780226695e-06,0.9986239197883053,0.8029550209205021
Empresa 7279,117505.27600000001,2.2827763633568362e-06,0.9986262025646687,0.8030857740585774
Empresa 6596,117330.8716,2.2793882070498337e-06,0.9986284819528758,0.8032165271966527
Empresa 1751,117220.5828,2.2772456252496517e-06,0.9986307591985011,0.803347280334728
Empresa 6621,117130.95980000001,2.2755045181863982e-06,0.9986330347030192,0.8034780334728033
Empresa 1664,117072.647,2.274371674742661e-06,0.998635309074694,0.8036087866108786
Empresa 1137,116937.8476,2.2717529252312373e-06,0.9986375808276192,0.803739539748954
Empresa 5623,116864.63620000002,2.27033064651204e-06,0.9986398511582657,0.8038702928870293
Empresa 4669,116807.42700000001,2.2692192427183364e-06,0.9986421203775084,0.8040010460251046
Empresa 3231,116778.68,2.2686607744150286e-06,0.9986443890382829,0.8041317991631799
Empresa 7014,116456.3398,2.2623986676010356e-06,0.9986466514369505,0.8042625523012552
Empresa 580,116321.18440000001,2.2597730020734725e-06,0.9986489112099526,0.8043933054393305
Empresa 3024,116176.5594,2.2569633705165834e-06,0.9986511681733231,0.8045240585774058
Empresa 6015,116173.5868,2.2569056217818147e-06,0.998653425078945,0.8046548117154811
Empresa 564,116153.13459999999,2.256508296654569e-06,0.9986556815872416,0.8047855648535565
Empresa 4501,115967.0178,2.2528926034165602e-06,0.9986579344798451,0.8049163179916318
Empresa 646,115854.5574,2.250707833917924e-06,0.998660185187679,0.8050470711297071
Empresa 5092,115479.369,2.2434190445079432e-06,0.9986624286067235,0.8051778242677824
Empresa 5681,115408.2224,2.2420368786823575e-06,0.9986646706436022,0.8053085774058577
Empresa 1687,115187.07520000002,2.2377406494561693e-06,0.9986669083842517,0.805439330543933
Empresa 4622,115032.99840000001,2.2347473976707627e-06,0.9986691431316493,0.8055700836820083
Empresa 6414,114888.69380000001,2.2319439905284e-06,0.9986713750756399,0.8057008368200836
Empresa 2739,114854.1618,2.231273136962817e-06,0.9986736063487768,0.805831589958159
Empresa 239,114649.8,2.2273029978976313e-06,0.9986758336517747,0.8059623430962343
Empresa 5184,114515.9084,2.2247018842273645e-06,0.998678058353659,0.8060930962343096
Empresa 824,114474.7904,2.223903084363191e-06,0.9986802822567433,0.8062238493723849
Empresa 7450,114075.9102,2.216154034079091e-06,0.9986824984107774,0.8063546025104602
Empresa 3040,113920.0,2.2131251648105634e-06,0.9986847115359422,0.8064853556485355
Empresa 640,113889.06360000001,2.212524163007995e-06,0.9986869240601052,0.8066161087866108
Empresa 3647,113623.0426,2.207356169947355e-06,0.9986891314162751,0.8067468619246861
Empresa 1668,113601.5758,2.206939134174111e-06,0.9986913383554094,0.8068776150627615
Empresa 3986,113584.3098,2.2066037073913192e-06,0.9986935449591168,0.8070083682008368
Empresa 2083,113303.408,2.201146624856026e-06,0.9986957461057416,0.8071391213389121
Empresa 4166,113011.488,2.1954754916211993e-06,0.9986979415812333,0.8072698744769874
Empresa 1062,112805.09700000001,2.1914659312640154e-06,0.9987001330471645,0.8074006276150628
Empresa 7304,112794.55940000001,2.1912612171862705e-06,0.9987023243083817,0.8075313807531381
Empresa 5721,112768.9274,2.190763264024188e-06,0.9987045150716457,0.8076621338912134
Empresa 6081,112705.951,2.1895398207690157e-06,0.9987067046114665,0.8077928870292888
Empresa 3637,112507.481,2.1856841417709474e-06,0.9987088902956083,0.8079236401673641
Empresa 7031,112446.16,2.1844928579908268e-06,0.9987110747884662,0.8080543933054394
Empresa 7399,112300.34240000001,2.1816600577798692e-06,0.998713256448524,0.8081851464435147
Empresa 4852,112168.48,2.179098365401601e-06,0.9987154355468895,0.80831589958159
Empresa 5174,112140.0,2.1785450841103985e-06,0.9987176140919736,0.8084466527196653
Empresa 733,112117.26939999999,2.1781034964798572e-06,0.99871979219547,0.8085774058577406
Empresa 664,112090.7296,2.177587907476618e-06,0.9987219697833775,0.8087081589958159
Empresa 3478,111946.87,2.1747931453544303e-06,0.9987241445765228,0.8088389121338913
Empresa 4649,111855.8586,2.1730250658282313e-06,0.9987263176015886,0.8089696652719666
Empresa 324,111809.2404,2.1721194135146936e-06,0.9987284897210021,0.8091004184100419
Empresa 5169,111607.2638,2.168195611757646e-06,0.9987306579166139,0.8092311715481172
Empresa 4116,111606.0712,2.168172443103577e-06,0.998732826089057,0.8093619246861925
Empresa 3872,111536.4376,2.1668196703465865e-06,0.9987349929087274,0.8094926778242678
Empresa 6941,111303.4178,2.1622927919821277e-06,0.9987371552015193,0.8096234309623431
Empresa 1240,111250.0,2.161255043760316e-06,0.998739316456563,0.8097541841004184
Empresa 725,111222.28540000001,2.1607166319038144e-06,0.998741477173195,0.8098849372384938
Empresa 7296,111107.49320000001,2.158486562499461e-06,0.9987436356597574,0.8100156903765691
Empresa 2082,110986.8804,2.1561434162312175e-06,0.9987457918031737,0.8101464435146444
Empresa 116,110915.36,2.154753988588685e-06,0.9987479465571623,0.8102771966527197
Empresa 1677,110637.68,2.149359495999459e-06,0.9987500959166583,0.810407949790795
Empresa 4612,110594.426,2.148519200038445e-06,0.9987522444358583,0.8105387029288703
Empresa 3910,110475.70000000001,2.1462127086557443e-06,0.998754390648567,0.8106694560669456
Empresa 1467,110457.9,2.1458669078487422e-06,0.9987565365154748,0.8108002092050209
Empresa 3809,110394.888,2.144642772991957e-06,0.9987586811582478,0.8109309623430963
Empresa 6537,109869.61,2.1344381911773378e-06,0.998760815596439,0.8110617154811716
Empresa 7611,109774.59360000001,2.1325923064695633e-06,0.9987629481887454,0.8111924686192469
Empresa 6968,109680.8232,2.130770627818278e-06,0.9987650789593733,0.8113232217573222
Empresa 171,109679.7552,2.130749879769858e-06,0.998767209709253,0.8114539748953975
Empresa 23,109576.8,2.1287497679021607e-06,0.9987693384590209,0.8115847280334728
Empresa 2832,109470.0,2.1266749630601506e-06,0.998771465133984,0.8117154811715481
Empresa 3829,109441.44880000001,2.1261202985657206e-06,0.9987735912542826,0.8118462343096234
Empresa 6971,109162.149,2.1206943381030575e-06,0.9987757119486207,0.8119769874476988
Empresa 5043,109096.2,2.119413146113116e-06,0.9987778313617668,0.8121077405857741
Empresa 4100,109084.14940000001,2.1191790389667763e-06,0.9987799505408057,0.8122384937238494
Empresa 6882,109082.84999999999,2.1191537955078646e-06,0.9987820696946013,0.8123692468619247
Empresa 2684,108683.24,2.111390567390678e-06,0.9987841810851686,0.8125
Empresa 3016,108247.46040000001,2.1029246720336636e-06,0.9987862840098407,0.8126307531380753
Empresa 4657,108202.0882,2.102043225776616e-06,0.9987883860530665,0.8127615062761506
Empresa 3345,108047.69099999999,2.0990437495766837e-06,0.9987904850968161,0.8128922594142259
Empresa 4851,108043.4902,2.0989621405862315e-06,0.9987925840589567,0.8130230125523012
Empresa 3878,107844.64640000001,2.0950991997712165e-06,0.9987946791581565,0.8131537656903766
Empresa 598,107587.8102,2.0901096399269895e-06,0.9987967692677964,0.8132845188284519
Empresa 4481,107344.18160000001,2.085376664281558e-06,0.9987988546444606,0.8134152719665272
Empresa 618,107324.3168,2.084990750580944e-06,0.9988009396352112,0.8135460251046025
Empresa 1450,107319.315,2.0848935805541765e-06,0.9988030245287918,0.8136767782426778
Empresa 665,107230.9736,2.083177371149027e-06,0.9988051077061629,0.8138075313807531
Empresa 572,107209.578,2.082761718579011e-06,0.9988071904678815,0.8139382845188284
Empresa 5785,107176.70139999999,2.082123024488479e-06,0.9988092725909059,0.8140690376569037
Empresa 6594,106800.0,2.074804842009903e-06,0.998811347395748,0.8141997907949791
Empresa 2688,106800.0,2.074804842009903e-06,0.99881342220059,0.8143305439330544
Empresa 7080,106800.0,2.074804842009903e-06,0.998815497005432,0.8144612970711297
Empresa 579,106794.6956,2.0747017933694168e-06,0.9988175717072254,0.814592050209205
Empresa 924,106639.1414,2.071679840117029e-06,0.9988196433870655,0.8147228033472803
Empresa 7573,106445.1214,2.0679106113207114e-06,0.9988217112976768,0.8148535564853556
Empresa 4133,106385.75839999999,2.066757365629361e-06,0.9988237780550424,0.8149843096234309
Empresa 6994,106353.22,2.0661252417541617e-06,0.9988258441802842,0.8151150627615062
Empresa 1904,106279.172,2.064686710397035e-06,0.9988279088669946,0.8152458158995816
Empresa 4759,106277.3208,2.064650747113107e-06,0.9988299735177417,0.8153765690376569
Empresa 4672,106052.9874,2.060292619542465e-06,0.9988320338103612,0.8155073221757322
Empresa 6881,105914.5034,2.057602289263992e-06,0.9988340914126504,0.8156380753138075
Empresa 921,105887.4652,2.0570770178381566e-06,0.9988361484896683,0.8157688284518828
Empresa 6568,105867.2088,2.0566834965197885e-06,0.9988382051731648,0.8158995815899581
Empresa 6955,105728.9206,2.053996970050193e-06,0.9988402591701349,0.8160303347280334
Empresa 695,105683.8688,2.0531217482076717e-06,0.998842312291883,0.8161610878661087
Empresa 1146,105640.686,2.052282835449886e-06,0.9988443645747185,0.8162918410041841
Empresa 2431,105376.0,2.047140777449771e-06,0.9988464117154959,0.8164225941422594
Empresa 1353,105304.8,2.0457575742217647e-06,0.9988484574730702,0.8165533472803347
Empresa 84,105089.8472,2.0415816836764128e-06,0.9988504990547539,0.81668410041841
Empresa 6619,104879.6826,2.037498813548144e-06,0.9988525365535674,0.8168148535564853
Empresa 1635,104845.2218,2.036829343185789e-06,0.9988545733829106,0.8169456066945606
Empresa 675,104257.62599999999,2.025414112745857e-06,0.9988565987970234,0.8170763598326359
Empresa 4394,104033.88,2.021067396601847e-06,0.9988586198644199,0.8172071129707112
Empresa 5180,103908.92400000001,2.0186398749366952e-06,0.9988606385042949,0.8173378661087866
Empresa 4645,103701.78540000001,2.014615790945617e-06,0.9988626531200858,0.8174686192468619
Empresa 5240,103483.39719999999,2.0103731608445133e-06,0.9988646634932467,0.8175993723849372
Empresa 7610,103451.464,2.009752794196753e-06,0.9988666732460408,0.8177301255230126
Empresa 2790,103313.9946,2.007082174564279e-06,0.9988686803282154,0.8178608786610879
Empresa 628,103309.1886,2.0069888083463883e-06,0.9988706873170238,0.8179916317991632
Empresa 2531,102964.0466,2.0002837306986266e-06,0.9988726876007544,0.8181223849372385
Empresa 1312,102679.4602,1.994755067396284e-06,0.9988746823558218,0.8182531380753139
Empresa 1279,102595.64000000001,1.9931266913961137e-06,0.9988766754825131,0.8183838912133892
Empresa 5117,102528.0,1.991812648329507e-06,0.9988786672951615,0.8185146443514645
Empresa 7567,102517.32,1.991605167845306e-06,0.9988806589003294,0.8186453974895398
Empresa 3546,102218.28,1.9857957142876782e-06,0.9988826446960437,0.8187761506276151
Empresa 4477,101992.7362,1.9814140722621605e-06,0.998884626110116,0.8189069037656904
Empresa 2624,101952.5972,1.980634291442372e-06,0.9988866067444074,0.8190376569037657
Empresa 4114,101941.5078,1.9804188575396098e-06,0.998888587163265,0.819168410041841
Empresa 823,101905.0,1.9797096200844492e-06,0.9988905668728851,0.8192991631799164
Empresa 582,101887.2,1.9793638192774475e-06,0.9988925462367044,0.8194299163179917
Empresa 1128,101312.616,1.968201369227434e-06,0.9988945144380736,0.819560669456067
Empresa 1464,101302.8438,1.9680115245843904e-06,0.9988964824495983,0.8196914225941423
Empresa 3759,101104.0,1.964148583769375e-06,0.998898446598182,0.8198221757322176
Empresa 3908,101065.35620000001,1.9633978502173746e-06,0.9989004099960322,0.8199529288702929
Empresa 6315,101029.0798,1.962693108172705e-06,0.9989023726891404,0.8200836820083682
Empresa 7321,100513.5384,1.952677679399516e-06,0.9989043253668198,0.8202144351464435
Empresa 4039,100445.3822,1.951353608109507e-06,0.998906276720428,0.8203451882845189
Empresa 6774,100180.01980000001,1.9461984096787264e-06,0.9989082229188376,0.8204759414225942
Empresa 6938,100107.2,1.9447837385772827e-06,0.9989101677025762,0.8206066945606695
Empresa 1881,100018.2,1.9430547345422743e-06,0.9989121107573108,0.8207374476987448
Empresa 3896,100000.4,1.9427089337352726e-06,0.9989140534662445,0.8208682008368201
Empresa 2675,99909.6912,1.940946732822792e-06,0.9989159944129773,0.8209989539748954
Empresa 4897,99886.48,1.9404958085704622e-06,0.9989179349087859,0.8211297071129707
Empresa 1989,99553.4242,1.9340255296706542e-06,0.9989198689343155,0.821260460251046
Empresa 4285,99413.0,1.931297507104218e-06,0.9989218002318226,0.8213912133891214
Empresa 6191,99331.28020000001,1.9297099355992738e-06,0.9989237299417583,0.8215219665271967
Empresa 6947,99021.4,1.923689889350182e-06,0.9989256536316476,0.821652719665272
Empresa 1874,98953.76000000001,1.922375846283576e-06,0.9989275760074939,0.8217834728033473
Empresa 3721,98923.6602,1.921791097118936e-06,0.9989294977985911,0.8219142259414226
Empresa 3727,98482.0422,1.9132117790972248e-06,0.9989314110103702,0.8220449790794979
Empresa 4634,98474.05,1.9130565145348814e-06,0.9989333240668847,0.8221757322175732
Empresa 1265,98350.0552,1.910647666113308e-06,0.9989352347145508,0.8223064853556485
Empresa 4454,98319.546,1.910054963530107e-06,0.9989371447695143,0.8224372384937239
Empresa 2096,98161.9448,1.9069932431849141e-06,0.9989390517627575,0.8225679916317992
Empresa 4118,98053.1334,1.9048793628517133e-06,0.9989409566421203,0.8226987447698745
Empresa 694,97947.7574,1.9028322220742634e-06,0.9989428594743425,0.8228294979079498
Empresa 5943,97728.319,1.898569189725547e-06,0.9989447580435322,0.8229602510460251
Empresa 424,97584.4416,1.8957740818025527e-06,0.998946653817614,0.8230910041841004
Empresa 3835,97294.2838,1.8901371828476188e-06,0.9989485439547969,0.8232217573221757
Empresa 653,96703.0034,1.8786503716406379e-06,0.9989504226051685,0.823352510460251
Empresa 6707,96585.8616,1.8763746565297601e-06,0.9989522989798251,0.8234832635983264
Empresa 6213,96460.692,1.8739429852549245e-06,0.9989541729228103,0.8236140167364017
Empresa 1059,96120.0,1.867324357808913e-06,0.9989560402471681,0.823744769874477
Empresa 1109,95956.80960000001,1.8641540560103218e-06,0.9989579044012241,0.8238755230125523
Empresa 4957,95856.8982,1.8622130760806214e-06,0.9989597666143002,0.8240062761506276
Empresa 7097,95761.5436,1.8603606211575138e-06,0.9989616269749213,0.8241370292887029
Empresa 5825,95701.1482,1.859187319019357e-06,0.9989634861622403,0.8242677824267782
Empresa 3782,95571.3506,1.856665739534701e-06,0.9989653428279798,0.8243985355648535
Empresa 3652,95371.11839999999,1.8527758262567393e-06,0.998967195603806,0.8245292887029289
Empresa 7006,95363.6068,1.8526298983161846e-06,0.9989690482337042,0.8246600418410042
Empresa 4180,95319.3026,1.8517692001075576e-06,0.9989709000029043,0.8247907949790795
Empresa 5859,94989.7178,1.845366352365115e-06,0.9989727453692567,0.8249215481171548
Empresa 7051,94801.02,1.8417005180100908e-06,0.9989745870697747,0.8250523012552301
Empresa 3997,94763.3908,1.840969495104089e-06,0.9989764280392698,0.8251830543933054
Empresa 5216,94732.045,1.840360539882959e-06,0.9989782683998096,0.8253138075313807
Empresa 1255,94669.0686,1.8391370966277874e-06,0.9989801075369062,0.825444560669456
Empresa 6033,94664.2626,1.839043730409897e-06,0.9989819465806367,0.8255753138075314
Empresa 2617,94532.7384,1.8364886082469616e-06,0.998983783069245,0.8257060669456067
Empresa 334,94493.40040000001,1.8357243884634884e-06,0.9989856187936335,0.825836820083682
Empresa 1727,94417.6258,1.834252314428082e-06,0.9989874530459479,0.8259675732217573
Empresa 350,94369.459,1.8333165774443357e-06,0.9989892863625254,0.8260983263598326
Empresa 6430,94307.96,1.832121835656145e-06,0.9989911184843611,0.8262290794979079
Empresa 4374,94204.3818,1.8301096207602023e-06,0.9989929485939818,0.8263598326359832
Empresa 5912,94193.4882,1.8298979906663174e-06,0.9989947784919725,0.8264905857740585
Empresa 2441,94028.5,1.826692762986219e-06,0.9989966051847354,0.8266213389121339
Empresa 7468,93659.328,1.8195208542490046e-06,0.9989984247055896,0.8267520920502092
Empresa 4623,93530.9366,1.8170265930281017e-06,0.9990002417321827,0.8268828451882845
Empresa 4553,93299.55440000001,1.8125315283378876e-06,0.999002054263711,0.8270135983263598
Empresa 1806,92560.0,1.7981641964085828e-06,0.9990038524279075,0.8271443514644351
Empresa 406,92550.0854,1.7979715853590828e-06,0.9990056503994929,0.8272751046025104
Empresa 5408,92401.27739999999,1.7950806906125488e-06,0.9990074454801835,0.8274058577405857
Empresa 76,92373.1,1.7945332879350656e-06,0.9990092400134715,0.827536610878661
Empresa 3651,92211.5472,1.7913947998107185e-06,0.9990110314082713,0.8276673640167364
Empresa 7643,91719.5374,1.7818365197043859e-06,0.999012813244791,0.8277981171548117
Empresa 7172,91543.62,1.7784189703287885e-06,0.9990145916637613,0.827928870292887
Empresa 5048,91492.0,1.7774161479884838e-06,0.9990163690799093,0.8280596234309623
Empresa 1397,91457.6638,1.7767490982317775e-06,0.9990181458290075,0.8281903765690377
Empresa 5617,91420.67540000001,1.7760305241548283e-06,0.9990199218595317,0.828321129707113
Empresa 1852,91375.69480000001,1.7751566855155352e-06,0.9990216970162172,0.8284518828451883
Empresa 5965,91139.9872,1.7705775912292191e-06,0.9990234675938084,0.8285826359832636
Empresa 4822,91089.72,1.7696010497502464e-06,0.9990252371948581,0.828713389121339
Empresa 6109,90905.6146,1.7660244320034284e-06,0.9990270032192902,0.8288441422594143
Empresa 509,90457.286,1.7573147470774776e-06,0.9990287605340372,0.8289748953974896
Empresa 2776,90421.864,1.7566266034715446e-06,0.9990305171606407,0.8291056485355649
Empresa 3619,90242.88500000001,1.753149576357143e-06,0.9990322703102171,0.8292364016736402
Empresa 5475,89717.2688,1.7429384243271914e-06,0.9990340132486415,0.8293671548117155
Empresa 735,89471.1838,1.7381577281703933e-06,0.9990357514063697,0.8294979079497908
Empresa 1177,89444.11,1.7376317651429438e-06,0.9990374890381348,0.8296286610878661
Empresa 1686,89367.19619999999,1.7361375598558895e-06,0.9990392251756947,0.8297594142259415
Empresa 4008,89316.929,1.7351610183769171e-06,0.9990409603367131,0.8298901673640168
Empresa 2920,89178.0,1.7324620430782692e-06,0.9990426927987561,0.8300209205020921
Empresa 713,89126.38,1.7314592207379645e-06,0.9990444242579769,0.8301516736401674
Empresa 3865,89047.6862,1.72993043537021e-06,0.9990461541884122,0.8302824267782427
Empresa 1160,89000.1958,1.7290078388171297e-06,0.999047883196251,0.830413179916318
Empresa 6452,89000.0,1.7290040350082527e-06,0.9990496122002861,0.8305439330543933
Empresa 6993,88976.86,1.7285544939591505e-06,0.9990513407547801,0.8306746861924686
Empresa 3433,88947.9528,1.7279929134485798e-06,0.9990530687476935,0.830805439330544
Empresa 2282,88916.34,1.727378771215345e-06,0.9990547961264648,0.8309361924686193
Empresa 6085,88814.435,1.7253990615952604e-06,0.9990565215255264,0.8310669456066946
Empresa 7026,88642.5582,1.7220600090028525e-06,0.9990582435855354,0.8311976987447699
Empresa 3436,88449.6774,1.7183129114581826e-06,0.9990599618984468,0.8313284518828452
Empresa 2310,88425.95,1.7178519589824495e-06,0.9990616797504058,0.8314592050209205
Empresa 2489,88211.45999999999,1.7136850592580794e-06,0.9990633934354651,0.8315899581589958
Empresa 5862,88140.79400000001,1.7123122300542832e-06,0.9990651057476951,0.8317207112970711
Empresa 5466,88129.3664,1.712090225936188e-06,0.9990668178379211,0.8318514644351465
Empresa 4535,88124.27560000001,1.7119913269053856e-06,0.999068529829248,0.8319822175732218
Empresa 6032,88033.5668,1.710229125992905e-06,0.999070240058374,0.8321129707112971
Empresa 164,87918.65,1.7079966359829023e-06,0.99907194805501,0.8322437238493724
Empresa 1532,87773.4198,1.705175247198576e-06,0.9990736532302572,0.8323744769874477
Empresa 4042,87430.8766,1.6985206564686363e-06,0.9990753517509137,0.832505230125523
Empresa 5753,87396.84300000001,1.6978594853256492e-06,0.999077049610399,0.8326359832635983
Empresa 1141,87254.22940000001,1.695088929259952e-06,0.9990787446993282,0.8327667364016736
Empresa 3915,87220.0,1.6944239543080876e-06,0.9990804391232825,0.832897489539749
Empresa 3489,86667.488,1.6836902972587564e-06,0.9990821228135798,0.8330282426778243
Empresa 4361,86446.056,1.6793885352196557e-06,0.999083802202115,0.8331589958158996
Empresa 6449,86362.04,1.677756355410608e-06,0.9990854799584704,0.8332897489539749
Empresa 1848,86330.0,1.6771339139580052e-06,0.9990871570923844,0.8334205020920502
Empresa 3393,86311.79060000001,1.6767801597324426e-06,0.9990888338725441,0.8335512552301255
Empresa 5157,86238.4368,1.6753551146067885e-06,0.9990905092276587,0.8336820083682008
Empresa 6329,86015.5986,1.6710260343039349e-06,0.9990921802536931,0.8338127615062761
Empresa 7288,85895.3418,1.6686898040518317e-06,0.9990938489434971,0.8339435146443515
Empresa 3906,85825.815,1.6673391060996834e-06,0.9990955162826032,0.8340742677824268
Empresa 6422,85777.52360000001,1.6664009485102881e-06,0.9990971826835517,0.8342050209205021
Empresa 3880,85440.0,1.6598438736079225e-06,0.9990988425274253,0.8343357740585774
Empresa 2951,85440.0,1.6598438736079225e-06,0.9991005023712989,0.8344665271966527
Empresa 3990,85245.58840000001,1.6560670371938508e-06,0.999102158438336,0.834597280334728
Empresa 822,85155.2534,1.6543120980983173e-06,0.9991038127504341,0.8347280334728033
Empresa 83,85136.243,1.6539427828364395e-06,0.999105466693217,0.8348587866108786
Empresa 7084,85131.6328,1.653853220427426e-06,0.9991071205464374,0.834989539748954
Empresa 1839,85074.17439999999,1.6527369754224245e-06,0.9991087732834127,0.8351202928870293
Empresa 5250,84888.2,1.6491240485908713e-06,0.9991104224074613,0.8352510460251046
Empresa 7007,84818.513,1.6477702384314601e-06,0.9991120701776998,0.8353817991631799
Empresa 5151,84703.08,1.6455277201980542e-06,0.99911371570542,0.8355125523012552
Empresa 1737,84676.2198,1.6450059067802888e-06,0.9991153607113268,0.8356433054393305
Empresa 1337,84612.33559999999,1.6437648276839597e-06,0.9991170044761545,0.8357740585774058
Empresa 7108,84372.0,1.6390958251878235e-06,0.9991186435719797,0.8359048117154811
Empresa 5084,84272.32,1.6371593406686144e-06,0.9991202807313203,0.8360355648535565
Empresa 4406,84066.73,1.6331653413477452e-06,0.9991219138966616,0.8361663179916318
Empresa 1603,83975.3448,1.6313900000045989e-06,0.9991235452866616,0.8362970711297071
Empresa 5124,83944.8,1.6307966058197839e-06,0.9991251760832675,0.8364278242677824
Empresa 3660,83843.2866,1.6288245038174537e-06,0.9991268049077713,0.8365585774058577
Empresa 47,83538.337,1.6229002443919012e-06,0.9991284278080157,0.836689330543933
Empresa 639,83526.5,1.622670286855245e-06,0.9991300504783025,0.8368200836820083
Empresa 235,83526.144,1.6226633708391052e-06,0.9991316731416734,0.8369508368200836
Empresa 240,83484.3318,1.6218510847434583e-06,0.9991332949927582,0.837081589958159
Empresa 7090,83362.38399999999,1.6194820034146897e-06,0.9991349144747615,0.8372123430962343
Empresa 578,83252.3444,1.6173442628258057e-06,0.9991365318190244,0.8373430962343096
Empresa 179,83168.72,1.615719690634512e-06,0.999138147538715,0.8374738493723849
Empresa 397,83149.1934,1.6153403471492313e-06,0.9991397628790621,0.8376046025104602
Empresa 779,82790.5412,1.608372806688955e-06,0.9991413712518689,0.8377353556485355
Empresa 4179,82697.9456,1.6065739508909325e-06,0.9991429778258197,0.8378661087866108
Empresa 5885,82642.3206,1.6054933233690522e-06,0.9991445833191431,0.8379968619246861
Empresa 6312,82598.8174,1.60464818619674e-06,0.9991461879673293,0.8381276150627615
Empresa 6825,82452.0386,1.6017967127422046e-06,0.9991477897640421,0.8382583682008368
Empresa 747,82338.52799999999,1.5995915409959548e-06,0.9991493893555831,0.8383891213389121
Empresa 4588,82319.7668,1.5992270669453752e-06,0.9991509885826501,0.8385198744769874
Empresa 4121,82289.222,1.5986336727605602e-06,0.9991525872163228,0.8386506276150628
Empresa 6997,82172.0624,1.5963576118488754e-06,0.9991541835739347,0.8387813807531381
Empresa 2813,82092.1404,1.5948049662254382e-06,0.9991557783789009,0.8389121338912134
Empresa 3505,82081.2646,1.59459368193236e-06,0.9991573729725829,0.8390428870292888
Empresa 5794,82070.65580000001,1.5943875846513874e-06,0.9991589673601675,0.8391736401673641
Empresa 1991,82014.9774,1.5933059197270861e-06,0.9991605606660873,0.8393043933054394
Empresa 2264,81991.48139999999,1.5928494626618437e-06,0.9991621535155499,0.8394351464435147
Empresa 4855,81776.76,1.5886780675269827e-06,0.9991637421936175,0.83956589958159
Empresa 6436,81731.103,1.5877910884570238e-06,0.999165329984706,0.8396966527196653
Empresa 7206,81570.992,1.5846806101980437e-06,0.9991669146653162,0.8398274058577406
Empresa 6214,81472.2198,1.5827617615199918e-06,0.9991684974270777,0.8399581589958159
Empresa 465,81312.2868,1.5796547412690818e-06,0.9991700770818189,0.8400889121338913
Empresa 1291,81227.897,1.578015299643087e-06,0.9991716550971186,0.8402196652719666
Empresa 3984,81178.324,1.5770522443955874e-06,0.9991732321493629,0.8403504184100419
Empresa 1690,81152.7454,1.576555328635926e-06,0.9991748087046916,0.8404811715481172
Empresa 182,80812.0,1.5699356637874934e-06,0.9991763786403554,0.8406119246861925
Empresa 683,80773.16040000001,1.569181126426616e-06,0.9991779478214818,0.8407426778242678
Empresa 6724,80683.8044,1.5674452063754674e-06,0.9991795152666882,0.8408734309623431
Empresa 444,80527.68059999999,1.5644121874972558e-06,0.9991810796788757,0.8410041841004184
Empresa 1547,80312.176,1.5602255771268873e-06,0.9991826399044529,0.8411349372384938
Empresa 1729,80218.54800000001,1.5584066648820586e-06,0.9991841983111178,0.8412656903765691
Empresa 5249,80100.0,1.5561036315074273e-06,0.9991857544147493,0.8413964435146444
Empresa 5108,80100.0,1.5561036315074273e-06,0.9991873105183808,0.8415271966527197
Empresa 6132,80098.22,1.5560690514267272e-06,0.9991888665874322,0.841657949790795
Empresa 4102,79991.9896,1.5540053122105413e-06,0.9991904205927444,0.8417887029288703
Empresa 2615,79896.902,1.5521580442995386e-06,0.9991919727507887,0.8419194560669456
Empresa 585,79866.0368,1.5515584257001978e-06,0.9991935243092145,0.8420502092050209
Empresa 6491,79859.7,1.551435320612905e-06,0.9991950757445351,0.8421809623430963
Empresa 806,79802.6866,1.550327720628079e-06,0.9991966260722558,0.8423117154811716
Empresa 2729,79466.4802,1.5437962349854318e-06,0.9991981698684907,0.8424424686192469
Empresa 5088,79457.687,1.543625409386773e-06,0.9991997134939001,0.8425732217573222
Empresa 745,79368.52679999999,1.5418932931445014e-06,0.9992012553871933,0.8427039748953975
Empresa 6259,78914.0928,1.5330649985417494e-06,0.9992027884521918,0.8428347280334728
Empresa 3968,78913.3986,1.5330515123102765e-06,0.9992043215037041,0.8429654811715481
Empresa 6179,78880.6822,1.5324159304270072e-06,0.9992058539196345,0.8430962343096234
Empresa 4222,78850.44,1.5318284148559116e-06,0.9992073857480493,0.8432269874476988
Empresa 1458,78689.6882,1.5287054877678798e-06,0.9992089144535371,0.8433577405857741
Empresa 7387,78584.8462,1.52666872101464e-06,0.9992104411222581,0.8434884937238494
Empresa 2247,78554.5684,1.5260805138419302e-06,0.999211967202772,0.8436192468619247
Empresa 1251,78373.8628,1.5225699440492493e-06,0.999213489772716,0.84375
Empresa 2223,78353.1792,1.5221681235115133e-06,0.9992150119408395,0.8438807531380753
Empresa 658,78215.7454,1.5194981954806536e-06,0.999216531439035,0.8440115062761506
Empresa 766,78088.6,1.517028140316241e-06,0.9992180484671753,0.8441422594142259
Empresa 1361,78077.92,1.51682065983204e-06,0.9992195652878352,0.8442730125523012
Empresa 2563,78035.2,1.5159907378952358e-06,0.9992210812785731,0.8444037656903766
Empresa 4575,77751.4858,1.5104790188324366e-06,0.999222591757592,0.8445345188284519
Empresa 4359,77721.9022,1.5099042978911997e-06,0.9992241016618899,0.8446652719665272
Empresa 3252,77512.94799999999,1.5058449422178073e-06,0.9992256075068321,0.8447960251046025
Empresa 1530,77451.36,1.5046484714255819e-06,0.9992271121553035,0.8449267782426778
Empresa 7394,77323.2,1.50215870561517e-06,0.9992286143140091,0.8450575313807531
Empresa 7609,77312.1284,1.5019436175132148e-06,0.9992301162576266,0.8451882845188284
Empresa 1775,77173.7156,1.49925467043797e-06,0.999231615512297,0.8453190376569037
Empresa 731,77159.44,1.4989773381907547e-06,0.9992331144896351,0.8454497907949791
Empresa 6300,77023.2878,1.4963323078179992e-06,0.999234610821943,0.8455805439330544
Empresa 6817,76858.175,1.493124659532252e-06,0.9992361039466026,0.8457112970711297
Empresa 4796,76673.5,1.4895369761596098e-06,0.9992375934835788,0.845842050209205
Empresa 2572,76589.1992,1.4878992635376499e-06,0.9992390813828423,0.8459728033472803
Empresa 7197,76540.0,1.4869434701070974e-06,0.9992405683263125,0.8461035564853556
Empresa 399,76526.5966,1.486683082099425e-06,0.9992420550093946,0.8462343096234309
Empresa 5013,76495.5,1.4860789680895932e-06,0.9992435410883627,0.8463650627615062
Empresa 6313,76489.62599999999,1.4859648538232825e-06,0.9992450270532165,0.8464958158995816
Empresa 3435,76247.5816,1.4812626544496743e-06,0.9992465083158709,0.8466265690376569
Empresa 7499,76098.204,1.4783606940773164e-06,0.999247986676565,0.8467573221757322
Empresa 4401,76095.0,1.478298449932056e-06,0.999249464975015,0.8468880753138075
Empresa 4398,76073.64,1.477883488963654e-06,0.9992509428585039,0.8470188284518828
Empresa 1872,75766.8392,1.4719232662541736e-06,0.9992524147817702,0.8471495815899581
Empresa 787,75756.8,1.4717282345990248e-06,0.9992538865100048,0.8472803347280334
Empresa 5309,75725.45420000001,1.471119279377895e-06,0.9992553576292842,0.8474110878661087
Empresa 948,75694.5,1.470517931774519e-06,0.999256828147216,0.8475418410041841
Empresa 293,75650.5696,1.469664495382839e-06,0.9992582978117114,0.8476725941422594
Empresa 6133,75615.557,1.4689843051954666e-06,0.9992597667960166,0.8478033472803347
Empresa 3699,75481.6298,1.466382499923586e-06,0.9992612331785165,0.84793410041841
Empresa 2261,75350.248,1.463830144167107e-06,0.9992626970086607,0.8480648535564853
Empresa 3634,75350.21239999999,1.4638294525654927e-06,0.9992641608381132,0.8481956066945606
Empresa 4395,75294.0,1.4627374136169818e-06,0.9992656235755268,0.8483263598326359
Empresa 645,74959.0218,1.4562297882300177e-06,0.999267079805315,0.8484571129707112
Empresa 6263,74956.8146,1.4561869089299495e-06,0.999268535992224,0.8485878661087866
Empresa 89,74938.1602,1.4558245096842118e-06,0.9992699918167337,0.8487186192468619
Empresa 5580,74794.1048,1.4530259437531475e-06,0.9992714448426775,0.8488493723849372
Empresa 626,74743.74859999999,1.4520476732701396e-06,0.9992728968903508,0.8489801255230126
Empresa 5105,74706.6,1.4513259869859275e-06,0.9992743482163378,0.8491108786610879
Empresa 781,74623.8122,1.4497176674325627e-06,0.9992757979340052,0.8492416317991632
Empresa 4996,74519.166,1.4476847044881998e-06,0.9992772456187097,0.8493723849372385
Empresa 708,74429.899,1.4459505134410866e-06,0.9992786915692231,0.8495031380753139
Empresa 108,74380.7888,1.444996449014569e-06,0.9992801365656722,0.8496338912133892
Empresa 1539,74334.4198,1.4440956379123299e-06,0.9992815806613101,0.8497646443514645
Empresa 3390,74170.5886,1.4409128872846866e-06,0.9992830215741973,0.8498953974895398
Empresa 3648,74128.5984,1.4400971431809698e-06,0.9992844616713406,0.8500261506276151
Empresa 902,74078.616,1.439126134514909e-06,0.999285900797475,0.8501569037656904
Empresa 4257,74001.72,1.437632275028662e-06,0.99928733842975,0.8502876569037657
Empresa 1357,73906.4722,1.4357818949103961e-06,0.999288774211645,0.850418410041841
Empresa 5026,73826.67480000001,1.434231669892608e-06,0.9992902084433148,0.8505491631799164
Empresa 703,73801.737,1.4337472029619982e-06,0.9992916421905178,0.8506799163179917
Empresa 654,73745.4,1.432652743407838e-06,0.9992930748432612,0.850810669456067
Empresa 869,73619.732,1.4302113897104065e-06,0.999294505054651,0.8509414225941423
Empresa 6202,73508.66,1.4280535926747163e-06,0.9992959331082437,0.8510721757322176
Empresa 3251,72980.0,1.4177833087067673e-06,0.9992973508915525,0.8512029288702929
Empresa 5153,72946.4648,1.417131819986376e-06,0.9992987680233725,0.8513336820083682
Empresa 4167,72896.9096,1.4161691105396835e-06,0.999300184192483,0.8514644351464435
Empresa 2730,72892.7622,1.4160885389516521e-06,0.999301600281022,0.8515951882845189
Empresa 2634,72591.9956,1.410245542715745e-06,0.9993030105265647,0.8517259414225942
Empresa 4487,72541.0342,1.4092555150052993e-06,0.9993044197820796,0.8518566945606695
Empresa 3781,72505.096,1.4085573431759632e-06,0.9993058283394228,0.8519874476987448
Empresa 1864,72350.325,1.4055506051590838e-06,0.999307233890028,0.8521182008368201
Empresa 7099,72277.3272,1.40413247604957e-06,0.999308638022504,0.8522489539748954
Empresa 1819,71888.2548,1.3965739620101279e-06,0.9993100345964661,0.8523797071129707
Empresa 2265,71717.98,1.3932660314903501e-06,0.9993114278624975,0.852510460251046
Empresa 6846,71691.9742,1.3927608165113207e-06,0.9993128206233141,0.8526412133891214
Empresa 6158,71673.05279999999,1.3923932302534778e-06,0.9993142130165443,0.8527719665271967
Empresa 4614,71647.759,1.3919018473067288e-06,0.9993156049183917,0.852902719665272
Empresa 4479,71645.0,1.3918482481816433e-06,0.9993169967666399,0.8530334728033473
Empresa 6031,71502.6356,1.389082533327244e-06,0.9993183858491732,0.8531642259414226
Empresa 5168,71502.5822,1.3890814959248233e-06,0.9993197749306691,0.8532949790794979
Empresa 173,71377.9288,1.3866598528733905e-06,0.999321161590522,0.8534257322175732
Empresa 6363,71167.9244,1.3825800949523853e-06,0.9993225441706169,0.8535564853556485
Empresa 3764,71151.94,1.3822695658276976e-06,0.9993239264401828,0.8536872384937239
Empresa 6147,71134.14,1.381923765020696e-06,0.9993253083639477,0.8538179916317992
Empresa 4054,71025.7202,1.379817492305249e-06,0.99932668818144,0.8539487447698745
Empresa 2637,71022.0,1.3797452199365856e-06,0.99932806792666,0.8540794979079498
Empresa 1828,70939.408,1.3781407041920978e-06,0.9993294460673642,0.8542102510460251
Empresa 2587,70784.904,1.3751391531873235e-06,0.9993308212065174,0.8543410041841004
Empresa 6188,70712.8852,1.373740043122195e-06,0.9993321949465606,0.8544717573221757
Empresa 3344,70675.968,1.3730228522484734e-06,0.9993335679694129,0.854602510460251
Empresa 3636,70599.428,1.3715359087783665e-06,0.9993349395053216,0.8547332635983264
Empresa 1314,70595.4052,1.371457757795984e-06,0.9993363109630794,0.8548640167364017
Empresa 276,70573.44,1.3710310396001442e-06,0.999337681994119,0.854994769874477
Empresa 636,70534.7962,1.3702803060481434e-06,0.999339052274425,0.8551255230125523
Empresa 1587,70514.80679999999,1.3698919717418804e-06,0.9993404221663967,0.8552562761506276
Empresa 243,70488.0,1.3693711957265361e-06,0.9993417915375925,0.8553870292887029
Empresa 6175,70374.8454,1.3671729399964267e-06,0.9993431587105325,0.8555177824267782
Empresa 4010,70310.0,1.3659131876565196e-06,0.9993445246237201,0.8556485355648535
Empresa 3045,70310.0,1.3659131876565196e-06,0.9993458905369078,0.8557792887029289
Empresa 4103,70270.03899999999,1.3651368648448008e-06,0.9993472556737727,0.8559100418410042
Empresa 7011,70231.4308,1.3643868228944143e-06,0.9993486200605955,0.8560407949790795
Empresa 6845,70228.60059999999,1.3643318405661008e-06,0.9993499843924362,0.8561715481171548
Empresa 2716,70202.488,1.3638245507822295e-06,0.9993513482169869,0.8563023012552301
Empresa 1294,70001.11660000001,1.35991250625262e-06,0.9993527081294932,0.8564330543933054
Empresa 6337,69548.9788,1.351128819953971e-06,0.9993540592583131,0.8565638075313807
Empresa 6165,69411.3848,1.3484557797158484e-06,0.9993554077140928,0.856694560669456
Empresa 7483,69401.84400000001,1.3482704304832956e-06,0.9993567559845233,0.8568253138075314
Empresa 4459,69371.0322,1.3476718492863756e-06,0.9993581036563727,0.8569560669456067
Empresa 5057,69295.4,1.3462025416574254e-06,0.9993594498589143,0.857086820083682
Empresa 6628,69270.83600000001,1.3457253365437635e-06,0.9993607955842508,0.8572175732217573
Empresa 6435,69064.0,1.341707131166404e-06,0.999362137291382,0.8573483263598326
Empresa 4715,69002.1272,1.3405051275612665e-06,0.9993634777965096,0.8574790794979079
Empresa 3590,68850.3288,1.3375561382791563e-06,0.9993648153526479,0.8576098326359832
Empresa 2849,68846.84,1.337488361320984e-06,0.9993661528410092,0.8577405857740585
Empresa 6730,68803.6572,1.336649448563198e-06,0.9993674894904577,0.8578713389121339
Empresa 3975,68784.362,1.336274600488408e-06,0.9993688257650583,0.8580020920502092
Empresa 6444,68515.5998,1.33105335410349e-06,0.9993701568184123,0.8581328451882845
Empresa 2837,68492.2818,1.330600355046318e-06,0.9993714874187674,0.8582635983263598
Empresa 66,68480.16,1.33036486469675e-06,0.9993728177836321,0.8583943514644351
Empresa 6360,68350.22,1.3278405188056378e-06,0.9993741456241508,0.8585251046025104
Empresa 253,68341.32,1.3276676184021372e-06,0.9993754732917692,0.8586558577405857
Empresa 686,68254.1,1.3259731944478291e-06,0.9993767992649637,0.858786610878661
Empresa 2638,68248.582,1.3258659961976583e-06,0.9993781251309599,0.8589173640167364
Empresa 3702,68214.94,1.3252124326724254e-06,0.9993794503433926,0.8590481171548117
Empresa 6079,68039.18280000001,1.3217979955040911e-06,0.9993807721413881,0.859178870292887
Empresa 1860,67693.4,1.315080469027277e-06,0.9993820872218572,0.8593096234309623
Empresa 6987,67656.465,1.3143629323527484e-06,0.9993834015847896,0.8594403765690377
Empresa 3012,67545.482,1.3122068643210933e-06,0.9993847137916538,0.859571129707113
Empresa 931,67470.9,1.3107579589397563e-06,0.9993860245496128,0.8597018828451883
Empresa 772,67398.81,1.3093574656713997e-06,0.9993873339070785,0.8598326359832636
Empresa 2824,67364.6696,1.3086942197235704e-06,0.9993886426012982,0.859963389121339
Empresa 3496,66854.5928,1.298784951798131e-06,0.99938994138625,0.8600941422594143
Empresa 166,66808.562,1.297890710911225e-06,0.9993912392769609,0.8602248953974896
Empresa 4711,66787.8962,1.297489236174296e-06,0.9993925367661971,0.8603556485355649
Empresa 575,66776.255,1.297263082446517e-06,0.9993938340292795,0.8604864016736402
Empresa 1277,66732.2,1.2964072254491878e-06,0.999395130436505,0.8606171548117155
Empresa 3635,66710.306,1.2959818904565759e-06,0.9993964264183954,0.8607479079497908
Empresa 3269,66614.72,1.294124940122977e-06,0.9993977205433355,0.8608786610878661
Empresa 740,66491.01,1.2917216245143154e-06,0.9993990122649601,0.8610094142259415
Empresa 3958,66440.28,1.2907360922143608e-06,0.9994003030010523,0.8611401673640168
Empresa 2778,66374.15299999999,1.2894514422163495e-06,0.9994015924524945,0.8612709205020921
Empresa 4070,66250.176,1.2870429395955833e-06,0.999402879495434,0.8614016736401674
Empresa 5000,66219.50660000001,1.2864471248051196e-06,0.9994041659425589,0.8615324267782427
Empresa 6126,66136.43400000001,1.2848332724388429e-06,0.9994054507758313,0.861663179916318
Empresa 195,66082.4822,1.2837851501928205e-06,0.9994067345609815,0.8617939330543933
Empresa 784,66038.0,1.2829209939761236e-06,0.9994080174819755,0.8619246861924686
Empresa 2917,66038.0,1.2829209939761236e-06,0.9994093004029695,0.862055439330544
Empresa 3926,65842.2,1.2791171850991053e-06,0.9994105795201546,0.8621861924686193
Empresa 6370,65697.34360000001,1.276303058131726e-06,0.9994118558232127,0.8623169456066946
Empresa 5010,65606.35,1.2745353244063336e-06,0.9994131303585371,0.8624476987447699
Empresa 660,65554.8546,1.2735349226716779e-06,0.9994144038934597,0.8625784518828452
Empresa 6373,65514.110400000005,1.272743384624451e-06,0.9994156766368443,0.8627092050209205
Empresa 4109,65425.822400000005,1.2710282126217229e-06,0.9994169476650568,0.8628399581589958
Empresa 4681,65372.814,1.2699984178184718e-06,0.9994182176634746,0.8629707112970711
Empresa 4012,65211.9376,1.2668730701247909e-06,0.9994194845365447,0.8631014644351465
Empresa 6345,65166.8146,1.2659964650790417e-06,0.9994207505330098,0.8632322175732218
Empresa 5156,65150.6344,1.2656821321454773e-06,0.9994220162151419,0.8633629707112971
Empresa 3789,64831.4804,1.2594819236759375e-06,0.9994232756970656,0.8634937238493724
Empresa 7109,64788.4756,1.2586464689262215e-06,0.9994245343435345,0.8636244769874477
Empresa 6252,64674.751399999994,1.256437147570288e-06,0.999425790780682,0.863755230125523
Empresa 4151,64628.418000000005,1.255537028069663e-06,0.9994270463177102,0.8638859832635983
Empresa 4489,64592.64,1.2548419684475894e-06,0.9994283011596786,0.8640167364016736
Empresa 4079,64513.7326,1.2533090334701511e-06,0.9994295544687121,0.864147489539749
Empresa 106,64436.71200000001,1.251812753378255e-06,0.9994308062814654,0.8642782426778243
Empresa 1505,64236.64,1.2479259523075565e-06,0.9994320542074178,0.8644089958158996
Empresa 4106,64080.0,1.244882905205942e-06,0.999433299090323,0.8645397489539749
Empresa 829,64080.0,1.244882905205942e-06,0.9994345439732282,0.8646705020920502
Empresa 574,63778.2188,1.239020198324036e-06,0.9994357829934265,0.8648012552301255
Empresa 5008,63653.422999999995,1.2365957888661472e-06,0.9994370195892154,0.8649320083682008
Empresa 690,63454.3122,1.232727661039027e-06,0.9994382523168764,0.8650627615062761
Empresa 140,63446.6048,1.2325779292895952e-06,0.9994394848948057,0.8651935146443515
Empresa 7441,63368.0,1.2310508729258759e-06,0.9994407159456786,0.8653242677824268
Empresa 6963,63021.3628,1.2243167480103258e-06,0.9994419402624266,0.8654550209205021
Empresa 4946,63006.126,1.2240207425195322e-06,0.9994431642831691,0.8655857740585774
Empresa 2736,62933.8758,1.2226171370439127e-06,0.9994443869003062,0.8657165271966527
Empresa 7269,62620.40000000001,1.2165272390318067e-06,0.9994456034275453,0.865847280334728
Empresa 7278,62583.6074,1.2158124687637342e-06,0.9994468192400141,0.8659780334728033
Empresa 4499,62515.024000000005,1.214480098254357e-06,0.9994480337201124,0.8661087866108786
Empresa 6282,62472.66,1.213657092333693e-06,0.9994492473772048,0.866239539748954
Empresa 666,62455.0558,1.2133150953355683e-06,0.9994504606923,0.8663702928870293
Empresa 2148,62409.025,1.212420854448662e-06,0.9994516731131545,0.8665010460251046
Empresa 1624,62337.219800000006,1.2110258939932174e-06,0.9994528841390485,0.8666317991631799
Empresa 751,62300.0,1.2103028245057769e-06,0.999454094441873,0.8667625523012552
Empresa 3662,62276.682,1.2098498254486048e-06,0.9994553042916985,0.8668933054393305
Empresa 721,62233.659400000004,1.2090140248980818e-06,0.9994565133057234,0.8670240585774058
Empresa 1959,62219.899999999994,1.2087467208742693e-06,0.9994577220524442,0.8671548117154811
Empresa 5206,62207.0662,1.2084973984924214e-06,0.9994589305498427,0.8672855648535565
Empresa 1808,62180.7044,1.207985267497252e-06,0.9994601385351102,0.8674163179916318
Empresa 4717,61855.0,1.2016578043307356e-06,0.9994613401929145,0.8675470711297071
Empresa 576,61823.138,1.2010388208862027e-06,0.9994625412317354,0.8676778242677824
Empresa 7042,61516.8,1.1950875889977043e-06,0.9994637363193244,0.8678085774058577
Empresa 4483,61424.07980000001,1.1932863125940329e-06,0.9994649296056369,0.867939330543933
Empresa 251,61410.0,1.1930127841556945e-06,0.999466122618421,0.8680700836820083
Empresa 913,61322.9936,1.1913225098110704e-06,0.9994673139409309,0.8682008368200836
Empresa 542,61321.587400000004,1.1912951915473173e-06,0.9994685052361224,0.868331589958159
Empresa 6110,61309.536799999994,1.191061084400977e-06,0.9994696962972068,0.8684623430962343
Empresa 6865,61288.8176,1.1906585722616273e-06,0.9994708869557791,0.8685930962343096
Empresa 7501,61283.62,1.1905575984259826e-06,0.9994720775133775,0.8687238493723849
Empresa 7136,61232.0,1.1895547760856779e-06,0.9994732670681536,0.8688546025104602
Empresa 3769,61189.35119999999,1.1887262373521018e-06,0.999474455794391,0.8689853556485355
Empresa 2501,61108.29,1.1871514604770165e-06,0.9994756429458515,0.8691161087866108
Empresa 1887,61068.24,1.1863734086612626e-06,0.9994768293192601,0.8692468619246861
Empresa 6279,60904.035,1.1831833962166726e-06,0.9994780125026563,0.8693776150627615
Empresa 4474,60726.052800000005,1.179725733947463e-06,0.9994791922283903,0.8695083682008368
Empresa 1867,60484.4,1.1750311421916085e-06,0.9994803672595325,0.8696391213389121
Empresa 530,60451.6302,1.1743945229059184e-06,0.9994815416540553,0.8697698744769874
Empresa 7203,60388.137599999995,1.1731610514273435e-06,0.9994827148151068,0.8699006276150628
Empresa 6990,60242.2666,1.1703272138139652e-06,0.9994838851423206,0.8700313807531381
Empresa 3861,60235.3602,1.1701930431008485e-06,0.9994850553353637,0.8701621338912134
Empresa 2284,60215.637800000004,1.1698098958066907e-06,0.9994862251452595,0.8702928870292888
Empresa 6493,60164.0,1.1688067276655789e-06,0.9994873939519872,0.8704236401673641
Empresa 520,60162.219999999994,1.1687721475848786e-06,0.9994885627241348,0.8705543933054394
Empresa 2300,60104.192,1.1676448369540533e-06,0.9994897303689717,0.8706851464435147
Empresa 1898,60038.51,1.1663688319762172e-06,0.9994908967378037,0.87081589958159
Empresa 4427,60002.7676,1.1656744639557578e-06,0.9994920624122676,0.8709466527196653
Empresa 6642,59878.772800000006,1.1632656155341845e-06,0.9994932256778831,0.8710774058577406
Empresa 458,59848.762,1.1626825953735796e-06,0.9994943883604785,0.8712081589958159
Empresa 4175,59808.0,1.1618907115255457e-06,0.9994955502511901,0.8713389121338913
Empresa 573,59754.6,1.160853309104541e-06,0.9994967111044992,0.8714696652719666
Empresa 6744,59753.051400000004,1.1608232244343317e-06,0.9994978719277237,0.8716004184100419
Empresa 1259,59661.7018,1.1590485746927993e-06,0.9994990309762983,0.8717311715481172
Empresa 3607,59574.606400000004,1.1573565713441402e-06,0.9995001883328697,0.8718619246861925
Empresa 4928,59543.5988,1.1567541863383432e-06,0.999501345087056,0.8719926778242678
Empresa 2147,59516.934400000006,1.156236176729455e-06,0.9995025013232327,0.8721234309623431
Empresa 6327,59502.5876,1.1559574612790114e-06,0.999503657280694,0.8722541841004184
Empresa 3708,59360.1876,1.1531910548229982e-06,0.9995048104717489,0.8723849372384938
Empresa 3777,59209.92,1.1502718044102903e-06,0.9995059607435532,0.8725156903765691
Empresa 504,59076.25980000001,1.147675186150515e-06,0.9995071084187394,0.8726464435146444
Empresa 165,59011.806,1.146423041428362e-06,0.9995082548417807,0.8727771966527197
Empresa 1553,58842.528,1.1431344757537762e-06,0.9995093979762565,0.872907949790795
Empresa 3236,58652.4596,1.1394420147366127e-06,0.9995105374182712,0.8730387029288703
Empresa 7027,58618.9422,1.1387908718170285e-06,0.999511676209143,0.8731694560669456
Empresa 120,58616.7528,1.1387483383177674e-06,0.9995128149574813,0.8733002092050209
Empresa 4033,58467.838,1.1358553687663917e-06,0.9995139508128501,0.8734309623430963
Empresa 3331,58246.1212,1.131548073914379e-06,0.999515082360924,0.8735617154811716
Empresa 6964,58072.5,1.1281751328428849e-06,0.9995162105360569,0.8736924686192469
Empresa 3350,58039.659,1.1275371303539668e-06,0.9995173380731872,0.8738232217573222
Empresa 1358,57830.42,1.1234722418676623e-06,0.9995184615454291,0.8739539748953975
Empresa 7454,57602.312999999995,1.119040804525936e-06,0.9995195805862337,0.8740847280334728
Empresa 3723,57554.520000000004,1.118112329359137e-06,0.9995206986985631,0.8742154811715481
Empresa 1847,57455.480800000005,1.1161882936689798e-06,0.9995218148868568,0.8743462343096234
Empresa 2851,57316.0,1.1134785985453148e-06,0.9995229283654553,0.8744769874476988
Empresa 7038,57285.740000000005,1.112890737173412e-06,0.9995240412561924,0.8746077405857741
Empresa 7303,57095.28,1.1091906685384941e-06,0.999525150446861,0.8747384937238494
Empresa 5097,56960.0,1.1065625824052817e-06,0.9995262570094434,0.8748692468619247
Empresa 5440,56958.22,1.1065280023245816e-06,0.9995273635374458,0.875
Empresa 3443,56863.1502,1.1046810802143857e-06,0.9995284682185259,0.8751307531380753
Empresa 3827,56843.766,1.104304503135561e-06,0.9995295725230291,0.8752615062761506
Empresa 2968,56644.1746,1.1004270386866514e-06,0.9995306729500678,0.8753922594142259
Empresa 5587,56574.0604,1.099064929307872e-06,0.9995317720149971,0.8755230125523012
Empresa 3962,56568.4,1.0989549646512454e-06,0.9995328709699618,0.8756537656903766
Empresa 3566,56509.5532,1.097811747183298e-06,0.999533968781709,0.8757845188284519
Empresa 5605,56495.954000000005,1.0975475553667489e-06,0.9995350663292644,0.8759152719665272
Empresa 1879,56495.544599999994,1.0975396019481876e-06,0.9995361638688663,0.8760460251046025
Empresa 2835,56426.3916,1.0961961658129862e-06,0.9995372600650322,0.8761767782426778
Empresa 6946,56420.820199999995,1.0960879301603946e-06,0.9995383561529624,0.8763075313807531
Empresa 959,56388.531,1.0954606474964939e-06,0.9995394516136099,0.8764382845188284
Empresa 7602,56345.9,1.0946324545637248e-06,0.9995405462460645,0.8765690376569037
Empresa 782,56248.089,1.0927322791292507e-06,0.9995416389783436,0.8766997907949791
Empresa 246,56208.1102,1.091955610516725e-06,0.9995427309339541,0.8768305439330544
Empresa 189,56176.799999999996,1.0913473468972091e-06,0.999543822281301,0.8769612970711297
Empresa 5002,56142.98,1.090690325363906e-06,0.9995449129716264,0.877092050209205
Empresa 5065,56135.86,1.0905520050411053e-06,0.9995460035236314,0.8772228033472803
Empresa 544,56070.0,1.0892725420551993e-06,0.9995470927961735,0.8773535564853556
Empresa 2158,55990.345,1.0877250834438669e-06,0.9995481805212569,0.8774843096234309
Empresa 2094,55982.6732,1.087576043296049e-06,0.9995492680973003,0.8776150627615062
Empresa 807,55976.69240000001,1.0874598542248966e-06,0.9995503555571545,0.8777458158995816
Empresa 2098,55869.3406,1.0853743295578696e-06,0.9995514409314841,0.8778765690376569
Empresa 4066,55857.681599999996,1.0851478300292835e-06,0.9995525260793141,0.8780073221757322
Empresa 999,55856.417799999996,1.0851232781719864e-06,0.9995536112025922,0.8781380753138075
Empresa 2799,55855.883799999996,1.0851129041477763e-06,0.9995546963154964,0.8782688284518828
Empresa 7121,55831.7292,1.084643652452675e-06,0.9995557809591489,0.8783995815899581
Empresa 7601,55825.25,1.0845177809589265e-06,0.9995568654769298,0.8785303347280334
Empresa 6604,55815.6736,1.0843317401247596e-06,0.99955794980867,0.8786610878661087
Empresa 102,55806.8448,1.0841602229244868e-06,0.9995590339688929,0.8787918410041841
Empresa 5003,55345.095,1.075189804190057e-06,0.9995601091586971,0.8789225941422594
Empresa 4060,55143.7414,1.0712781054612542e-06,0.9995611804368025,0.8790533472803347
Empresa 3844,55037.600000000006,1.0692160952491036e-06,0.9995622496528977,0.87918410041841
Empresa 2604,55002.4628,1.0685334844560823e-06,0.9995633181863822,0.8793148535564853
Empresa 7190,54929.732,1.0671205423586735e-06,0.9995643853069246,0.8794456066945606
Empresa 5205,54800.148,1.0646031124837016e-06,0.999565449910037,0.8795763598326359
Empresa 1851,54722.54,1.0630954209651743e-06,0.999566513005458,0.8797071129707112
Empresa 5985,54607.3384,1.0608573981422595e-06,0.9995675738628561,0.8798378661087866
Empresa 7451,54574.8,1.0602252742670606e-06,0.9995686340881303,0.8799686192468619
Empresa 1427,54571.8096,1.0601671797314842e-06,0.9995696942553101,0.8800993723849372
Empresa 1175,54484.5184,1.0584713725739483e-06,0.9995707527266826,0.8802301255230126
Empresa 1517,54290.0,1.0546924613550342e-06,0.999571807419144,0.8803608786610879
Empresa 4926,54223.6238,1.053402970145725e-06,0.9995728608221142,0.8804916317991632
Empresa 191,54199.22,1.0529288772393257e-06,0.9995739137509914,0.8806223849372385
Empresa 692,53985.655600000006,1.0487799591569201e-06,0.9995749625309506,0.8807531380753139
Empresa 1290,53974.672999999995,1.0485666000589998e-06,0.9995760110975507,0.8808838912133892
Empresa 2662,53836.99,1.0458918308168422e-06,0.9995770569893815,0.8810146443514645
Empresa 5208,53827.200000000004,1.0457016403729914e-06,0.9995781026910219,0.8811453974895398
Empresa 934,53607.7972,1.041439299625889e-06,0.9995791441303215,0.8812761506276151
Empresa 5707,53603.721000000005,1.0413601112410856e-06,0.9995801854904327,0.8814069037656904
Empresa 6823,53578.0,1.0408604290749681e-06,0.9995812263508618,0.8815376569037657
Empresa 7314,53521.5384,1.0397635489151588e-06,0.9995822661144107,0.881668410041841
Empresa 2847,53400.0,1.0374024210049515e-06,0.9995833035168317,0.8817991631799164
Empresa 910,53307.44,1.035604256808543e-06,0.9995843391210885,0.8819299163179917
Empresa 7125,53279.7966,1.0350672281552696e-06,0.9995853741883166,0.882060669456067
Empresa 2535,53250.479999999996,1.0344976942261376e-06,0.9995864086860108,0.8821914225941423
Empresa 4975,53022.8892,1.0300762851078145e-06,0.9995874387622959,0.8823221757322176
Empresa 3451,52990.956,1.0294559184600537e-06,0.9995884682182145,0.8824529288702929
Empresa 5178,52944.4268,1.0285519951505514e-06,0.9995894967702096,0.8825836820083682
Empresa 4097,52903.3622,1.0277542326887986e-06,0.9995905245244423,0.8827144351464435
Empresa 7612,52900.888,1.0277061663766252e-06,0.9995915522306087,0.8828451882845189
Empresa 7605,52870.9306,1.0271241836184414e-06,0.9995925793547923,0.8829759414225942
Empresa 252,52652.4,1.0228787871108823e-06,0.9995936022335794,0.8831066945606695
Empresa 2867,52633.354,1.0225087802473904e-06,0.9995946247423596,0.8832374476987448
Empresa 638,52281.537000000004,1.015674027297003e-06,0.9995956404163869,0.8833682008368201
Empresa 848,52262.3308,1.0153009082262482e-06,0.9995966557172952,0.8834989539748954
Empresa 1441,52252.79,1.0151155589936951e-06,0.9995976708328541,0.8836297071129707
Empresa 6330,52006.26,1.0103262178167223e-06,0.9995986811590719,0.883760460251046
Empresa 2850,51973.1342,1.0096826825148924e-06,0.9995996908417544,0.8838912133891214
Empresa 4849,51961.76,1.0094617157992183e-06,0.9996007003034701,0.8840219665271967
Empresa 1656,51681.60579999999,1.004019156897819e-06,0.9996017043226271,0.884152719665272
Empresa 506,51654.53200000001,1.00349319387037e-06,0.999602707815821,0.8842834728033473
Empresa 40,51607.36200000001,1.0025768217318155e-06,0.9996037103926427,0.8844142259414226
Empresa 2203,51517.472,1.000830527656457e-06,0.9996047112231704,0.8845449790794979
Empresa 6333,51351.166600000004,9.975997107166407e-07,0.9996057088228811,0.8846757322175732
Empresa 3410,51264.6764,9.959194645954196e-07,0.9996067047423457,0.8848064853556485
Empresa 247,51256.88,9.957680038419528e-07,0.9996077005103495,0.8849372384937239
Empresa 1628,51200.1514,9.946659366700387e-07,0.9996086951762861,0.8850679916317992
Empresa 257,50997.0,9.907193120597288e-07,0.9996096858955982,0.8851987447698745
Empresa 248,50986.32,9.905118315755279e-07,0.9996106764074297,0.8853294979079498
Empresa 583,50929.716,9.894121850092626e-07,0.9996116658196147,0.8854602510460251
Empresa 2779,50916.9,9.891632084282215e-07,0.9996126549828231,0.8855910041841004
Empresa 3005,50894.0804,9.887198917936453e-07,0.999613643702715,0.8857217573221757
Empresa 647,50799.7048,9.868864559149226e-07,0.9996146305891709,0.885852510460251
Empresa 718,50730.0,9.85532299954704e-07,0.9996156161214709,0.8859832635983264
Empresa 6227,50721.9722,9.853763437907463e-07,0.9996166014978146,0.8861140167364017
Empresa 2422,50681.05,9.845813477354495e-07,0.9996175860791624,0.886244769874477
Empresa 680,50634.5208,9.83677424425947e-07,0.9996185697565868,0.8863755230125523
Empresa 719,50498.1016,9.810272070410865e-07,0.9996195507837938,0.8865062761506276
Empresa 3654,50139.5206,9.740610497840384e-07,0.9996205248448436,0.8866370292887029
Empresa 1838,50115.9,9.73602172113147e-07,0.9996214984470158,0.8867677824267782
Empresa 5822,50072.788400000005,9.72764642558589e-07,0.9996224712116583,0.8868985355648535
Empresa 2362,50060.1326,9.725187781848109e-07,0.9996234437304364,0.8870292887029289
Empresa 6834,50057.872,9.724748614823217e-07,0.999624416205298,0.8871600418410042
Empresa 5150,50000.022000000004,9.713510088595664e-07,0.9996253875563068,0.8872907949790795
Empresa 915,49956.26960000001,9.705010304759565e-07,0.9996263580573372,0.8874215481171548
Empresa 810,49840.0,9.682422596046214e-07,0.9996273262995968,0.8875523012552301
Empresa 7637,49840.0,9.682422596046214e-07,0.9996282945418564,0.8876830543933054
Empresa 3970,49834.3218,9.68131949147188e-07,0.9996292626738056,0.8878138075313807
Empresa 3226,49565.844399999994,9.62916235575182e-07,0.9996302255900411,0.887944560669456
Empresa 6950,49327.1998,9.58280084155711e-07,0.9996311838701253,0.8880753138075314
Empresa 1235,49314.401600000005,9.580314533754768e-07,0.9996321419015787,0.8882060669456067
Empresa 2217,49290.7988,9.575729215053925e-07,0.9996330994745002,0.888336820083682
Empresa 1341,49166.554800000005,9.551592318725212e-07,0.999634054633732,0.8884675732217573
Empresa 6617,49031.1858,9.525294167352735e-07,0.9996350071631488,0.8885983263598326
Empresa 6374,48929.3698,9.505514361192241e-07,0.9996359577145849,0.8887290794979079
Empresa 7386,48793.36,9.479091721529245e-07,0.9996369056237571,0.8888598326359832
Empresa 5019,48707.8488,9.462479450760885e-07,0.9996378518717022,0.8889905857740585
Empresa 6014,48677.2684,9.456538592896597e-07,0.9996387975255615,0.8891213389121339
Empresa 4347,48628.53200000001,9.447070566800893e-07,0.9996397422326182,0.8892520920502092
Empresa 2029,48521.5896,9.426294854316232e-07,0.9996406848621037,0.8893828451882845
Empresa 3300,48404.7326,9.403593031336575e-07,0.9996416252214068,0.8895135983263598
Empresa 2219,48304.394,9.384100239845891e-07,0.9996425636314308,0.8896443514644351
Empresa 6249,48240.2784,9.371644494777693e-07,0.9996435007958803,0.8897751046025104
Empresa 6094,48216.92480000001,9.367107588189832e-07,0.9996444375066391,0.8899058577405857
Empresa 1156,48199.9614,9.363812106499105e-07,0.9996453738878498,0.890036610878661
Empresa 6093,48173.297,9.358632010410219e-07,0.9996463097510508,0.8901673640167364
Empresa 6518,48114.0764,9.347127217561275e-07,0.9996472444637726,0.8902981171548117
Empresa 3525,48075.5394,9.339640630089689e-07,0.9996481784278356,0.890428870292887
Empresa 2234,48060.0,9.336621789044565e-07,0.9996491120900145,0.8905596234309623
Empresa 4635,48060.0,9.336621789044565e-07,0.9996500457521934,0.8906903765690377
Empresa 2594,48045.76,9.333855382588552e-07,0.9996509791377317,0.890821129707113
Empresa 5986,47920.910800000005,9.309600913985457e-07,0.9996519100978231,0.8909518828451883
Empresa 4626,47868.1872,9.299358294082067e-07,0.9996528400336525,0.8910826359832636
Empresa 588,47796.0082,9.285336071358149e-07,0.9996537685672596,0.891213389121339
Empresa 780,47705.726599999995,9.267797054427024e-07,0.999654695346965,0.8913441422594143
Empresa 2427,47668.4,9.260545611504202e-07,0.9996556214015262,0.8914748953974896
Empresa 4086,47656.4206,9.258218372073079e-07,0.9996565472233634,0.8916056485355649
Empresa 2164,47170.0,9.163721385543739e-07,0.9996574635955019,0.8917364016736402
Empresa 6281,47156.0804,9.161017223232986e-07,0.9996583796972243,0.8918671548117155
Empresa 3891,47116.582200000004,9.15334390332562e-07,0.9996592950316145,0.8919979079497908
Empresa 105,47104.442599999995,9.150985541821867e-07,0.9996602101301687,0.8921286610878661
Empresa 4426,47095.240000000005,9.14919775164967e-07,0.9996611250499439,0.8922594142259415
Empresa 7048,47014.606,9.133532975092496e-07,0.9996620384032414,0.8923901673640168
Empresa 479,46892.676,9.109845619812881e-07,0.9996629493878034,0.8925209205020921
Empresa 3817,46829.8242,9.097635393317654e-07,0.9996638591513427,0.8926516736401674
Empresa 7112,46592.924,9.051612763913804e-07,0.9996647643126191,0.8927824267782427
Empresa 5016,46561.596000000005,9.045526669710576e-07,0.9996656688652861,0.892913179916318
Empresa 6289,46476.245,9.028945521014846e-07,0.9996665717598382,0.8930439330543933
Empresa 6953,46440.2,9.021943054673062e-07,0.9996674739541437,0.8931746861924686
Empresa 5101,46307.323,8.996129024430388e-07,0.9996683735670461,0.893305439330544
Empresa 2133,46280.0,8.990820982042914e-07,0.9996692726491443,0.8934361924686193
Empresa 2138,46280.0,8.990820982042914e-07,0.9996701717312425,0.8935669456066946
Empresa 6836,46239.4516,8.982943639659417e-07,0.9996710700256065,0.8936976987447699
Empresa 4048,46235.411,8.982158671827522e-07,0.9996719682414736,0.8938284518828452
Empresa 3784,46188.864,8.973115980724429e-07,0.9996728655530717,0.8939592050209205
Empresa 4163,45886.5488,8.914385171663269e-07,0.9996737569915888,0.8940899581589958
Empresa 4360,45838.827000000005,8.905114252027556e-07,0.9996746475030139,0.8942207112970711
Empresa 558,45538.6478,8.846798403934796e-07,0.9996755321828543,0.8943514644351465
Empresa 5134,45532.4,8.845584643102221e-07,0.9996764167413187,0.8944822175732218
Empresa 1554,45481.741200000004,8.835743152134955e-07,0.9996773003156338,0.8946129707112971
Empresa 5861,45472.592000000004,8.833965735986966e-07,0.9996781837122074,0.8947437238493724
Empresa 5836,45334.2148,8.807083181250657e-07,0.9996790644205256,0.8948744769874477
Empresa 6310,45115.88,8.764667254263834e-07,0.999679940887251,0.895005230125523
Empresa 3899,45051.8,8.752218425211776e-07,0.9996808161090935,0.8951359832635983
Empresa 525,45026.0078,8.747207771518321e-07,0.9996816908298707,0.8952667364016736
Empresa 2685,44959.240000000005,8.73423678324769e-07,0.999682564253549,0.895397489539749
Empresa 1170,44813.4758,8.705919155162324e-07,0.9996834348454645,0.8955282426778243
Empresa 5998,44795.942800000004,8.702513017213359e-07,0.9996843050967662,0.8956589958158996
Empresa 4862,44782.308000000005,8.699864183031726e-07,0.9996851750831846,0.8957897489539749
Empresa 250,44500.0,8.645020175041263e-07,0.9996860395852021,0.8959205020920502
Empresa 2661,44322.0,8.610440094341099e-07,0.9996869006292115,0.8960512552301255
Empresa 1743,44085.5982,8.564514289163209e-07,0.9996877570806404,0.8961820083682008
Empresa 5959,44063.508400000006,8.560222901148319e-07,0.9996886131029306,0.8963127615062761
Empresa 6161,44053.2912,8.558238004516129e-07,0.999689468926731,0.8964435146443515
Empresa 5199,44035.776000000005,8.554835324575233e-07,0.9996903244102635,0.8965742677824268
Empresa 5958,43941.1156,8.536445637658885e-07,0.9996911780548273,0.8967050209205021
Empresa 3785,43919.5064,8.532247615861885e-07,0.9996920312795889,0.8968357740585774
Empresa 6624,43908.808600000004,8.530169353011806e-07,0.9996928842965243,0.8969665271966527
Empresa 2112,43845.3516,8.517841554242197e-07,0.9996937360806797,0.897097280334728
Empresa 3242,43841.934,8.517177616692753e-07,0.9996945877984413,0.8972280334728033
Empresa 6805,43734.6,8.496325828030553e-07,0.9996954374310242,0.8973587866108786
Empresa 453,43545.386,8.459567202246278e-07,0.9996962833877444,0.897489539748954
Empresa 5577,43482.3206,8.44731547965421e-07,0.9996971281192923,0.8976202928870293
Empresa 2590,43464.129,8.443781395406653e-07,0.9996979724974319,0.8977510460251046
Empresa 4986,43432.0,8.437539690840273e-07,0.999698816251401,0.8978817991631799
Empresa 2846,43262.9,8.404688614175117e-07,0.9996996567202624,0.8980125523012552
Empresa 6644,43246.880000000005,8.401576406912102e-07,0.9997004968779031,0.8981433054393305
Empresa 6212,43023.7036,8.358219901730235e-07,0.9997013326998933,0.8982740585774058
Empresa 2573,42882.5318,8.330794439726933e-07,0.9997021657793372,0.8984048117154811
Empresa 1288,42787.64,8.312359798705676e-07,0.9997029970153171,0.8985355648535565
Empresa 7322,42755.6,8.306135384179645e-07,0.9997038276288555,0.8986663179916318
Empresa 724,42720.0,8.299219368039613e-07,0.9997046575507923,0.8987970711297071
Empresa 603,42714.0548,8.298064393344227e-07,0.9997054873572316,0.8989278242677824
Empresa 6450,42515.193199999994,8.259431527186001e-07,0.9997063133003844,0.8990585774058577
Empresa 3431,42463.644400000005,8.249417135815236e-07,0.999707138242098,0.899189330543933
Empresa 5005,42435.200000000004,8.243891238919349e-07,0.9997079626312219,0.8993200836820083
Empresa 4994,42361.009600000005,8.229478261283521e-07,0.999708785579048,0.8994508368200836
Empresa 7371,42269.0192,8.211607275577675e-07,0.9997096067397755,0.899581589958159
Empresa 2743,42186.0,8.195479125939118e-07,0.9997104262876881,0.8997123430962343
Empresa 5188,42182.796,8.194856684486515e-07,0.9997112457733566,0.8998430962343096
Empresa 693,42100.115,8.178794237001288e-07,0.9997120636527803,0.8999738493723849
Empresa 5189,42071.0654,8.173150767831021e-07,0.999712880967857,0.9001046025104602
Empresa 3039,42038.5982,8.166843361111311e-07,0.9997136976521932,0.9002353556485355
Empresa 619,42015.2802,8.162313370539589e-07,0.9997145138835303,0.9003661087866108
Empresa 907,41914.55,8.142744502871367e-07,0.9997153281579806,0.9004968619246861
Empresa 6662,41873.8592,8.134839496423308e-07,0.9997161416419302,0.9006276150627615
Empresa 2195,41837.2624,8.127729831831354e-07,0.9997169544149134,0.9007583682008368
Empresa 4346,41802.054,8.120889891868861e-07,0.9997177665039025,0.9008891213389121
Empresa 4021,41752.392,8.111242049353516e-07,0.9997185776281075,0.9010198744769874
Empresa 6818,41692.94,8.099692302399661e-07,0.9997193875973377,0.9011506276150628
Empresa 1380,41637.76,8.08897247738261e-07,0.9997201964945854,0.9012813807531381
Empresa 802,41527.4,8.067532827348507e-07,0.9997210032478682,0.9014121338912134
Empresa 2263,41394.7544,8.041763751210744e-07,0.9997218074242433,0.9015428870292888
Empresa 5087,41316.683600000004,8.026596927815652e-07,0.9997226100839361,0.9016736401673641
Empresa 1550,41308.905,8.025085778289054e-07,0.999723412592514,0.9018043933054394
Empresa 1513,41260.4,8.01566270629826e-07,0.9997242141587845,0.9019351464435147
Empresa 6125,41114.44,7.987307040124125e-07,0.9997250128894886,0.90206589958159
Empresa 4091,41076.4548,7.979927650902709e-07,0.9997258108822537,0.9021966527196653
Empresa 5123,40952.46,7.955839166686974e-07,0.9997266064661703,0.9023274058577406
Empresa 4592,40931.705200000004,7.951807129277335e-07,0.9997274016468832,0.9024581589958159
Empresa 5800,40808.4936,7.927870797416681e-07,0.999728194433963,0.9025889121338913
Empresa 923,40779.8,7.922296488407814e-07,0.9997289866636119,0.9027196652719666
Empresa 2767,40711.7862,7.909083439572281e-07,0.9997297775719558,0.9028504184100419
Empresa 3033,40584.0,7.884258399637633e-07,0.9997305659977958,0.9029811715481172
Empresa 545,40584.0,7.884258399637633e-07,0.9997313544236357,0.9031119246861925
Empresa 833,40567.802,7.881111612293918e-07,0.9997321425347969,0.9032426778242678
Empresa 5927,40445.996600000006,7.857448463070795e-07,0.9997329282796432,0.9033734309623431
Empresa 551,40434.1418,7.855145429696163e-07,0.9997337137941862,0.9035041841004184
Empresa 3672,40383.394,7.845286648688546e-07,0.9997344983228511,0.9036349372384938
Empresa 4403,40050.0,7.780518157537137e-07,0.9997352763746669,0.9037656903765691
Empresa 3237,39954.8768,7.762038562410968e-07,0.999736052578523,0.9038964435146444
Empresa 3717,39839.07,7.739540761907442e-07,0.9997368265325992,0.9040271966527197
Empresa 4433,39764.31,7.725017128013372e-07,0.999737599034312,0.904157949790795
Empresa 5232,39733.694,7.719069354132944e-07,0.9997383709412474,0.9042887029288703
Empresa 384,39661.924399999996,7.705126665594636e-07,0.999739141453914,0.9044194560669456
Empresa 6419,39515.341400000005,7.676649969138052e-07,0.9997399091189109,0.9045502092050209
Empresa 5945,39398.6446,7.653979268231023e-07,0.9997406745168377,0.9046809623430963
Empresa 1398,39386.416000000005,7.651603616686923e-07,0.9997414396771993,0.9048117154811716
Empresa 798,39385.882000000005,7.651499876444822e-07,0.9997422048271869,0.9049424686192469
Empresa 3491,39380.5064,7.650455558007676e-07,0.9997429698727427,0.9050732217573222
Empresa 2363,39302.6136,7.635323314693283e-07,0.9997437334050742,0.9052039748953975
Empresa 5293,39260.3386,7.627110545526996e-07,0.9997444961161287,0.9053347280334728
Empresa 3882,39164.4856,7.608489172069956e-07,0.9997452569650459,0.9054654811715481
Empresa 3663,39145.1192,7.604726859289779e-07,0.9997460174377318,0.9055962343096234
Empresa 6176,39043.3566,7.584957427153493e-07,0.9997467759334746,0.9057269874476988
Empresa 769,39001.58,7.576841482213165e-07,0.9997475336176228,0.9058577405857741
Empresa 4375,38768.4,7.531541576495948e-07,0.9997482867717804,0.9059884937238494
Empresa 7298,38752.38,7.528429369232934e-07,0.9997490396147173,0.9061192468619247
Empresa 7115,38528.6874,7.484972581817037e-07,0.9997497881119755,0.90625
Empresa 4526,38487.16,7.476905048989689e-07,0.9997505358024804,0.9063807531380753
Empresa 1614,38429.3634,7.465676896786345e-07,0.9997512823701701,0.9065115062761506
Empresa 6940,38304.336200000005,7.44138784810255e-07,0.9997520265089549,0.9066422594142259
Empresa 7002,38198.8,7.420885318255421e-07,0.9997527685974867,0.9067730125523012
Empresa 4400,38141.9112,7.409833524463648e-07,0.9997535095808392,0.9069037656903766
Empresa 332,37897.374800000005,7.362327409597762e-07,0.9997542458135802,0.9070345188284519
Empresa 4056,37884.291800000006,7.3597857736663e-07,0.9997549817921576,0.9071652719665272
Empresa 4641,37801.86,7.343771738294052e-07,0.9997557161693315,0.9072960251046025
Empresa 6815,37750.1154,7.333719308834515e-07,0.9997564495412623,0.9074267782426778
Empresa 4473,37681.3006,7.320350649635831e-07,0.9997571815763273,0.9075575313807531
Empresa 3690,37658.0182,7.315827575080249e-07,0.9997579131590848,0.9076882845188284
Empresa 4153,37652.83840000001,7.314821294731876e-07,0.9997586446412142,0.9078190376569037
Empresa 5294,37641.6244,7.312642749647764e-07,0.9997593759054891,0.9079497907949791
Empresa 2718,37634.807,7.311318332556947e-07,0.9997601070373224,0.9080805439330544
Empresa 3761,37563.0552,7.297379102026711e-07,0.9997608367752326,0.9082112970711297
Empresa 1674,37462.058,7.277758364237436e-07,0.999761564551069,0.908342050209205
Empresa 4053,37395.3792,7.264804666007156e-07,0.9997622910315356,0.9084728033472803
Empresa 4739,37377.027400000006,7.26123945968697e-07,0.9997630171554815,0.9086035564853556
Empresa 5797,37372.7554,7.260409537750165e-07,0.9997637431964354,0.9087343096234309
Empresa 5234,37353.3,7.256629934929638e-07,0.9997644688594288,0.9088650627615062
Empresa 4500,37278.1128,7.242023308841888e-07,0.9997651930617597,0.9089958158995816
Empresa 57,37202.0,7.227236866334496e-07,0.9997659157854464,0.9091265690376569
Empresa 456,37085.8016,7.204662989653429e-07,0.9997666362517453,0.9092573221757322
Empresa 1627,37066.0614,7.20082805870378e-07,0.9997673563345512,0.9093880753138075
Empresa 4274,37063.248999999996,7.200281693428716e-07,0.9997680763627205,0.9095188284518828
Empresa 1640,36967.04,7.181591159810278e-07,0.9997687945218364,0.9096495815899581
Empresa 3374,36929.2506,7.174249808677633e-07,0.9997695119468173,0.9097803347280334
Empresa 5035,36907.41,7.170006832775724e-07,0.9997702289475006,0.9099110878661087
Empresa 2465,36838.880000000005,7.15669350170616e-07,0.9997709446168507,0.9100418410041841
Empresa 3586,36725.6186,7.134690196356644e-07,0.9997716580858703,0.9101725941422594
Empresa 1546,36700.431599999996,7.129797114937571e-07,0.9997723710655818,0.9103033472803347
Empresa 1601,36651.2324,7.120239180632046e-07,0.9997730830894999,0.91043410041841
Empresa 1393,36632.4,7.116580608093968e-07,0.9997737947475607,0.9105648535564853
Empresa 5160,36592.4924,7.108827754000991e-07,0.9997745056303361,0.9106956066945606
Empresa 1067,36589.7334,7.108291762750138e-07,0.9997752164595124,0.9108263598326359
Empresa 756,36533.182799999995,7.097305671111695e-07,0.9997759261900795,0.9109571129707112
Empresa 1188,36321.4874,7.056179581134989e-07,0.9997766318080376,0.9110878661087866
Empresa 4451,36319.5294,7.055799200247288e-07,0.9997773373879576,0.9112186192468619
Empresa 61,36285.3,7.049149450728647e-07,0.9997780423029027,0.9113493723849372
Empresa 4954,36266.1472,7.045428634045308e-07,0.9997787468457661,0.9114801255230126
Empresa 4343,36124.3702,7.017885599767626e-07,0.999779448634326,0.9116108786610879
Empresa 821,35884.8,6.971344269153275e-07,0.999780145768753,0.9117416317991632
Empresa 7313,35881.596,6.970721827700671e-07,0.9997808428409357,0.9118723849372385
Empresa 2894,35856.6226,6.96587024237844e-07,0.99978153942796,0.9120031380753139
Empresa 3597,35804.7,6.9557832328382e-07,0.9997822350062833,0.9121338912133892
Empresa 5055,35787.8256,6.952505041187825e-07,0.9997829302567874,0.9122646443514645
Empresa 5114,35769.1,6.948867216698167e-07,0.9997836251435092,0.9123953974895398
Empresa 773,35747.562,6.944683026933447e-07,0.9997843196118118,0.9125261506276151
Empresa 6070,35698.1848,6.935090512547222e-07,0.9997850131208631,0.9126569037656904
Empresa 2671,35600.0,6.916016140033011e-07,0.9997857047224771,0.9127876569037657
Empresa 6369,35598.22,6.915670339226009e-07,0.999786396289511,0.912918410041841
Empresa 3322,35580.3488,6.912198499123712e-07,0.999787087509361,0.9130491631799164
Empresa 4408,35501.21,6.896824195244419e-07,0.9997877771917805,0.9131799163179917
Empresa 4566,35473.4242,6.891426244647124e-07,0.9997884663344049,0.913310669456067
Empresa 3606,35449.946,6.886865132002772e-07,0.999789155020918,0.9134414225941423
Empresa 2759,35364.986600000004,6.870360059484584e-07,0.999789842056924,0.9135721757322176
Empresa 6335,35333.3738,6.864218637152234e-07,0.9997905284787877,0.9137029288702929
Empresa 6117,35327.1794,6.863015250343868e-07,0.9997912147803127,0.9138336820083682
Empresa 6323,34977.017799999994,6.794989315590502e-07,0.9997918942792443,0.9139644351464435
Empresa 828,34888.0,6.77769581723235e-07,0.999792572048826,0.9140951882845189
Empresa 6375,34874.4542,6.775064273091068e-07,0.9997932495552533,0.9142259414225942
Empresa 2831,34873.9914,6.774974364881247e-07,0.9997939270526898,0.9143566945606695
Empresa 2176,34865.4118,6.7733076049915e-07,0.9997946043834502,0.9144874476987448
Empresa 5960,34793.197199999995,6.759278466251442e-07,0.9997952803112968,0.9146182008368201
Empresa 788,34715.4112,6.74416697098547e-07,0.9997959547279939,0.9147489539748954
Empresa 4412,34695.01240000001,6.740204093737233e-07,0.9997966287484032,0.9148797071129707
Empresa 5073,34669.5584,6.735259142197108e-07,0.9997973022743175,0.915010460251046
Empresa 5098,34584.866,6.71880593979997e-07,0.9997979741549115,0.9151412133891214
Empresa 6118,34345.7942,6.672361433411577e-07,0.9997986413910548,0.9152719665271967
Empresa 3439,34166.0676,6.637445925928622e-07,0.9997993051356474,0.915402719665272
Empresa 607,33607.201,6.528874846554313e-07,0.999799958023132,0.9155334728033473
Empresa 3299,33564.9794,6.520672451412233e-07,0.9998006100903771,0.9156642259414226
Empresa 1900,33121.9196,6.434599172541453e-07,0.9998012535502944,0.9157949790794979
Empresa 3357,33090.484800000006,6.428492330289805e-07,0.9998018963995274,0.9159257322175732
Empresa 3850,33046.59,6.419964882389142e-07,0.9998025383960156,0.9160564853556485
Empresa 1834,32986.96,6.408380555354587e-07,0.9998031792340711,0.9161872384937239
Empresa 483,32946.376000000004,6.400496296954951e-07,0.9998038192837009,0.9163179916317992
Empresa 2104,32865.03,6.384693200074974e-07,0.9998044577530208,0.9164487447698745
Empresa 7101,32735.268,6.359484321244555e-07,0.999805093701453,0.9165794979079498
Empresa 2105,32711.06,6.354781430269332e-07,0.999805729179596,0.9167102510460251
Empresa 2525,32676.510199999997,6.348069436605429e-07,0.9998063639865397,0.9168410041841004
Empresa 2823,32636.3,6.340257796375262e-07,0.9998069980123193,0.9169717573221757
Empresa 3886,32618.5,6.336799788305246e-07,0.9998076316922981,0.917102510460251
Empresa 4627,32536.175000000003,6.320806500981421e-07,0.9998082637729483,0.9172332635983264
Empresa 408,32499.0442,6.313593096147365e-07,0.9998088951322579,0.9173640167364017
Empresa 4068,32491.7996,6.312185686862868e-07,0.9998095263508265,0.917494769874477
Empresa 765,32351.5,6.284929667254998e-07,0.9998101548437932,0.9176255230125523
Empresa 1812,32342.244,6.28313150305859e-07,0.9998107831569435,0.9177562761506276
Empresa 1734,32328.822799999998,6.280524164973797e-07,0.99981141120936,0.9178870292887029
Empresa 4488,32281.7062,6.271370817612463e-07,0.9998120383464417,0.9180177824267782
Empresa 2959,32274.3192,6.269935744263408e-07,0.9998126653400161,0.9181485355648535
Empresa 2269,32261.61,6.267466726501415e-07,0.9998132920866888,0.9182792887029289
Empresa 5881,32048.508400000002,6.226067453887178e-07,0.9998139146934342,0.9184100418410042
Empresa 1296,32040.0,6.22441452602971e-07,0.9998145371348868,0.9185407949790795
Empresa 6908,31860.0064,6.189447148425703e-07,0.9998151560796016,0.9186715481171548
Empresa 3459,31850.536799999998,6.187607488132454e-07,0.9998157748403504,0.9188023012552301
Empresa 6230,31842.4378,6.186034094460596e-07,0.9998163934437599,0.9189330543933054
Empresa 6237,31796.7808,6.177164303761004e-07,0.9998170111601903,0.9190638075313807
Empresa 6574,31781.455,6.17418695881272e-07,0.9998176285788861,0.919194560669456
Empresa 1073,31684.0,6.155254364629379e-07,0.9998182441043226,0.9193253138075314
Empresa 3037,31631.846,6.145122400984232e-07,0.9998188586165627,0.9194560669456067
Empresa 4615,31605.68,6.140039129121307e-07,0.9998194726204757,0.919586820083682
Empresa 4964,31523.8,6.12413229199923e-07,0.9998200850337049,0.9197175732217573
Empresa 6978,31384.96,6.097159829053102e-07,0.9998206947496878,0.9198483263598326
Empresa 6924,31345.9246,6.089576417355556e-07,0.9998213037073296,0.9199790794979079
Empresa 561,31203.4,6.061888146738934e-07,0.9998219098961443,0.9201098326359832
Empresa 3894,31196.244399999996,6.060498027494786e-07,0.9998225159459471,0.9202405857740585
Empresa 936,31185.600000000002,6.058430138668918e-07,0.9998231217889609,0.9203713389121339
Empresa 5874,31176.522,6.056666554553209e-07,0.9998237274556164,0.9205020920502092
Empresa 4767,31160.163800000002,6.053488645136864e-07,0.9998243328044809,0.9206328451882845
Empresa 6832,31124.012,6.04646543074666e-07,0.999824937451024,0.9207635983263598
Empresa 656,31114.4,6.044598106388852e-07,0.9998255419108346,0.9208943514644351
Empresa 2151,31025.6136,6.02734956213561e-07,0.9998261446457908,0.9210251046025104
Empresa 3512,30928.8528,6.008551830267e-07,0.9998267455009738,0.9211558577405857
Empresa 204,30913.260000000002,6.005522615197665e-07,0.9998273460532353,0.921286610878661
Empresa 3988,30810.02,5.985466168391569e-07,0.9998279445998521,0.9214173640167364
Empresa 4778,30724.58,5.96886772965549e-07,0.9998285414866251,0.9215481171548117
Empresa 4819,30681.824399999998,5.96056159427131e-07,0.9998291375427846,0.921678870292887
Empresa 3621,30614.22,5.947428079621388e-07,0.9998297322855926,0.9218096234309623
Empresa 1540,30524.0096,5.929902894722544e-07,0.999830325275882,0.9219403765690377
Empresa 4113,30517.833,5.928702965922248e-07,0.9998309181461786,0.922071129707113
Empresa 6264,30478.762000000002,5.921112638208562e-07,0.9998315102574424,0.9222018828451883
Empresa 633,30295.6,5.885529735168092e-07,0.9998320988104159,0.9223326359832636
Empresa 6306,30285.062400000003,5.883482594390643e-07,0.9998326871586753,0.922463389121339
Empresa 7472,30260.0,5.878613719028059e-07,0.9998332750200473,0.9225941422594143
Empresa 6716,30253.2538,5.877303133969523e-07,0.9998338627503607,0.9227248953974896
Empresa 2005,30251.100000000002,5.876884714993052e-07,0.9998344504388322,0.9228556485355649
Empresa 533,30117.600000000002,5.850949654467928e-07,0.9998350355337977,0.9229864016736402
Empresa 4882,30099.800000000003,5.847491646397911e-07,0.9998356202829624,0.9231171548117155
Empresa 4002,29993.0,5.826743597977812e-07,0.9998362029573221,0.9232479079497908
Empresa 1758,29976.98,5.823631390714797e-07,0.9998367853204612,0.9233786610878661
Empresa 7258,29964.9116,5.821286861243326e-07,0.9998373674491473,0.9235094142259415
Empresa 6477,29954.267200000002,5.819218972417456e-07,0.9998379493710445,0.9236401673640168
Empresa 3166,29942.447999999997,5.816922855058964e-07,0.99983853106333,0.9237709205020921
Empresa 5039,29931.1272,5.814723561926434e-07,0.9998391125356861,0.9239016736401674
Empresa 6967,29904.0,5.809453557627729e-07,0.9998396934810418,0.9240324267782427
Empresa 6278,29780.1298,5.785389279468484e-07,0.9998402720199698,0.924163179916318
Empresa 425,29637.0,5.757583436577481e-07,0.9998408477783135,0.9242939330543933
Empresa 4344,29597.1636,5.749844414516784e-07,0.999841422762755,0.9244246861924686
Empresa 4352,29548.569600000003,5.74040405248564e-07,0.9998419968031602,0.924555439330544
Empresa 22,29545.152000000002,5.739740114936197e-07,0.9998425707771718,0.9246861924686193
Empresa 904,29395.685400000002,5.710703221172268e-07,0.9998431418474939,0.9248169456066946
Empresa 5059,29087.425,5.650817437415722e-07,0.9998437069292376,0.9249476987447699
Empresa 5051,29049.6,5.643469170266937e-07,0.9998442712761546,0.9250784518828452
Empresa 2475,28884.8076,5.611454931554723e-07,0.9998448324216478,0.9252092050209205
Empresa 3608,28824.091800000002,5.599659666027898e-07,0.9998453923876144,0.9253399581589958
Empresa 2733,28766.1528,5.588403849759993e-07,0.9998459512279994,0.9254707112970711
Empresa 3695,28564.4432,5.549217702310567e-07,0.9998465061497696,0.9256014644351465
Empresa 6255,28478.22,5.532467111219408e-07,0.9998470593964807,0.9257322175732218
Empresa 6348,28471.100000000002,5.531083907991401e-07,0.9998476125048714,0.9258629707112971
Empresa 6224,28463.98,5.529700704763394e-07,0.9998481654749419,0.9259937238493724
Empresa 6365,28455.08,5.527971700728386e-07,0.999848718272112,0.9261244769874477
Empresa 2966,28431.228000000003,5.523337969914564e-07,0.999849270605909,0.926255230125523
Empresa 1514,28302.0,5.498232831326244e-07,0.9998498204291921,0.9263859832635983
Empresa 6057,28268.6428,5.491752524203032e-07,0.9998503696044445,0.9265167364016736
Empresa 5209,28215.4742,5.481423454097893e-07,0.9998509177467899,0.926647489539749
Empresa 1892,28213.0,5.480942790976161e-07,0.999851465841069,0.9267782426778243
Empresa 7607,28175.7446,5.473705180085616e-07,0.999852013211587,0.9269089958158996
Empresa 3270,27957.303,5.431268505050374e-07,0.9998525563384375,0.9270397489539749
Empresa 1765,27881.920000000002,5.416623840873854e-07,0.9998530980008216,0.9271705020920502
Empresa 1747,27829.054,5.406353556905905e-07,0.9998536386361773,0.9273012552301255
Empresa 6318,27586.44,5.359220906911579e-07,0.999854174558268,0.9274320083682008
Empresa 609,27501.0,5.342622468175501e-07,0.9998547088205147,0.9275627615062761
Empresa 4112,27479.64,5.338472858491481e-07,0.9998552426678006,0.9276935146443515
Empresa 922,27386.19,5.320318316123894e-07,0.9998557746996322,0.9278242677824268
Empresa 3614,27376.4,5.318416411685386e-07,0.9998563065412733,0.9279550209205021
Empresa 7131,27369.28,5.317033208457378e-07,0.9998568382445941,0.9280857740585774
Empresa 6378,27334.783600000002,5.310331588817687e-07,0.999857369277753,0.9282165271966527
Empresa 1282,27314.1,5.306313383440327e-07,0.9998578999090914,0.928347280334728
Empresa 6211,27268.692199999998,5.297492004853715e-07,0.9998584296582919,0.9284780334728033
Empresa 4350,27253.757999999998,5.294590736082971e-07,0.9998589591173654,0.9286087866108786
Empresa 4410,27189.5,5.282107326950212e-07,0.9998594873280982,0.928739539748954
Empresa 1289,27136.278000000002,5.271767882820863e-07,0.9998600145048865,0.9288702928870293
Empresa 1639,27119.243400000003,5.268458569097857e-07,0.9998605413507434,0.9290010460251046
Empresa 2407,27111.8564,5.2670234957488e-07,0.999861068053093,0.9291317991631799
Empresa 4918,27109.4,5.266546290635138e-07,0.9998615947077221,0.9292625523012552
Empresa 771,27064.9,5.257901270460096e-07,0.9998621204978491,0.9293933054393305
Empresa 3783,27056.9968,5.256365914877009e-07,0.9998626461344405,0.9295240585774058
Empresa 4061,27056.0,5.256172266425088e-07,0.9998631717516672,0.9296548117154811
Empresa 6225,26900.1076,5.225887031747883e-07,0.9998636943403704,0.9297855648535565
Empresa 3622,26856.64,5.217442576040903e-07,0.9998642160846279,0.9299163179916318
Empresa 6177,26812.14,5.208797555865862e-07,0.9998647369643835,0.9300470711297071
Empresa 939,26791.2962,5.204748228415872e-07,0.9998652574392063,0.9301778242677824
Empresa 5185,26749.8934,5.196704901645014e-07,0.9998657771096965,0.9303085774058577
Empresa 4011,26700.0,5.187012105024758e-07,0.999866295810907,0.930439330543933
Empresa 6239,26635.1902,5.174421497641828e-07,0.9998668132530568,0.9305700836820083
Empresa 6448,26616.34,5.170759467095681e-07,0.9998673303290035,0.9307008368200836
Empresa 5028,26548.7,5.157619036429618e-07,0.9998678460909072,0.930831589958159
Empresa 4029,26490.5296,5.146318266056804e-07,0.9998683607227338,0.9309623430962343
Empresa 6229,26477.6068,5.143807752197973e-07,0.999868875103509,0.9310930962343096
Empresa 817,26457.920000000002,5.139983195272534e-07,0.9998693891018285,0.9312238493723849
Empresa 6320,26422.142,5.1330325990518e-07,0.9998699024050884,0.9313546025104602
Empresa 1322,26322.319600000003,5.113640089795148e-07,0.9998704137690975,0.9314853556485355
Empresa 4939,26272.8,5.104019911344361e-07,0.9998709241710886,0.9316161087866108
Empresa 7103,26198.004399999998,5.089489361434152e-07,0.9998714331200247,0.9317468619246861
Empresa 5186,26174.633,5.084948996838221e-07,0.9998719416149243,0.9318776150627615
Empresa 1875,26166.0,5.083271862924263e-07,0.9998724499421107,0.9320083682008368
Empresa 4572,26104.3942,5.071303696993935e-07,0.9998729570724804,0.9321391213389121
Empresa 7060,26010.0542,5.052976254222848e-07,0.9998734623701058,0.9322698744769874
Empresa 6382,25838.7648,5.019699842565079e-07,0.99987396434009,0.9324006276150628
Empresa 555,25708.807,4.994452925645889e-07,0.9998744637853826,0.9325313807531381
Empresa 244,25632.0178,4.979535078831838e-07,0.9998749617388905,0.9326621338912134
Empresa 7139,25632.0,4.979531620823768e-07,0.9998754596920525,0.9327928870292888
Empresa 1373,25489.600000000002,4.951867556263636e-07,0.9998759548788081,0.9329236401673641
Empresa 2744,25460.853000000003,4.946282873230559e-07,0.9998764495070954,0.9330543933054394
Empresa 6051,25458.2186,4.945771088036196e-07,0.9998769440842042,0.9331851464435147
Empresa 629,25454.0,4.944951540123603e-07,0.9998774385793583,0.93331589958159
Empresa 1884,25454.0,4.944951540123603e-07,0.9998779330745123,0.9334466527196653
Empresa 6341,25370.0908,4.928650490081545e-07,0.9998784259395613,0.9335774058577406
Empresa 5835,25254.1594,4.906128483521527e-07,0.9998789165524097,0.9337081589958159
Empresa 7497,25173.1872,4.890398004811023e-07,0.9998794055922101,0.9338389121338913
Empresa 5326,25134.5968,4.882901043315226e-07,0.9998798938823145,0.9339696652719666
Empresa 1684,24927.12,4.842594501251114e-07,0.9998803781417646,0.9341004184100419
Empresa 2774,24920.0,4.841211298023107e-07,0.9998808622628944,0.9342311715481172
Empresa 4319,24920.0,4.841211298023107e-07,0.9998813463840243,0.9343619246861925
Empresa 652,24902.2,4.837753289953091e-07,0.9998818301593533,0.9344926778242678
Empresa 4294,24874.61,4.832393377444566e-07,0.999882313398691,0.9346234309623431
Empresa 4967,24657.183,4.790153808869314e-07,0.999882792414072,0.9347541841004184
Empresa 4031,24634.1676,4.785682604434783e-07,0.9998832709823324,0.9348849372384938
Empresa 4025,24603.872,4.779797074699614e-07,0.9998837489620399,0.9350156903765691
Empresa 241,24564.0,4.772051136622778e-07,0.9998842261671536,0.9351464435146444
Empresa 6316,24535.9828,4.7666082319205715e-07,0.9998847028279767,0.9352771966527197
Empresa 927,24465.21,4.7528591918341856e-07,0.9998851781138959,0.935407949790795
Empresa 592,24279.2,4.7167230075025135e-07,0.9998856497861967,0.9355387029288703
Empresa 6311,24271.9198,4.7153086822018766e-07,0.9998861213170649,0.9356694560669456
Empresa 7047,24226.3162,4.7064492655264947e-07,0.9998865919619915,0.9358002092050209
Empresa 1746,24216.455,4.7045335290557056e-07,0.9998870624153444,0.9359309623430963
Empresa 7098,24208.0,4.7028909752224475e-07,0.999887532704442,0.9360617154811716
Empresa 3492,24149.562599999997,4.691538334728583e-07,0.9998880018582754,0.9361924686192469
Empresa 790,24124.696,4.68670749745477e-07,0.9998884705290252,0.9363232217573222
Empresa 236,24123.8238,4.686538055059339e-07,0.9998889391828307,0.9364539748953975
Empresa 5734,24044.507,4.671129171099346e-07,0.9998894062957479,0.9365847280334728
Empresa 2481,24003.3,4.663123882417257e-07,0.9998898726081361,0.9367154811715481
Empresa 2145,23922.576999999997,4.647441815819732e-07,0.9998903373523177,0.9368462343096234
Empresa 597,23921.7048,4.6472723734243016e-07,0.999890802079555,0.9369769874476988
Empresa 2942,23852.0,4.633730813822117e-07,0.9998912654526364,0.9371077405857741
Empresa 2540,23768.4646,4.61750238194953e-07,0.9998917272028746,0.9372384937238494
Empresa 4019,23714.5128,4.60702115948931e-07,0.9998921879049905,0.9373692468619247
Empresa 6440,23496.0,4.5645706524217873e-07,0.9998926443620557,0.9375
Empresa 4860,23421.773999999998,4.550150758769818e-07,0.9998930993771316,0.9376307531380753
Empresa 481,23360.6844,4.538282875073521e-07,0.9998935532054191,0.9377615062761506
Empresa 6792,23342.4038,4.5347315007856145e-07,0.9998940066785691,0.9378922594142259
Empresa 5749,23339.0574,4.534081395268452e-07,0.9998944600867086,0.9380230125523012
Empresa 7189,23319.424,4.530267212367223e-07,0.9998949131134298,0.9381537656903766
Empresa 6308,23284.6784,4.5235171806145513e-07,0.9998953654651479,0.9382845188284519
Empresa 1895,23161.253200000003,4.499539352657057e-07,0.9998958154190831,0.9384152719665272
Empresa 3253,22876.5956,4.444238887601353e-07,0.9998962598429719,0.9385460251046025
Empresa 4003,22874.7088,4.443872338745931e-07,0.9998967042302058,0.9386767782426778
Empresa 3632,22816.04,4.432474744147157e-07,0.9998971474776802,0.9388075313807531
Empresa 1110,22717.321200000002,4.4132966313908455e-07,0.9998975888073434,0.9389382845188284
Empresa 3964,22695.0,4.4089602892710443e-07,0.9998980297033723,0.9390690376569037
Empresa 5849,22526.4162,4.376209494839918e-07,0.9998984673243217,0.9391997907949791
Empresa 4710,22517.0,4.374380208570879e-07,0.9998989047623426,0.9393305439330544
Empresa 1278,22492.7386,4.3696669435714467e-07,0.9998993417290369,0.9394612970711297
Empresa 518,22488.1996,4.368785151513593e-07,0.9998997786075521,0.939592050209205
Empresa 3895,22330.1,4.3380711238357056e-07,0.9999002124146644,0.9397228033472803
Empresa 7603,22328.32,4.337725323028704e-07,0.9999006461871968,0.9398535564853556
Empresa 4035,22285.6,4.3294261036606647e-07,0.9999010791298071,0.9399843096234309
Empresa 715,22273.175600000002,4.3270124140277937e-07,0.9999015118310485,0.9401150627615062
Empresa 3696,22256.764,4.3238241305872376e-07,0.9999019442134616,0.9402458158995816
Empresa 4080,22250.071200000002,4.3225239195529124e-07,0.9999023764658536,0.9403765690376569
Empresa 705,22207.547,4.3142627382736423e-07,0.9999028078921274,0.9405073221757322
Empresa 5392,22179.512,4.308816375563366e-07,0.999903238773765,0.9406380753138075
Empresa 786,22089.8,4.291388014890483e-07,0.9999036679125665,0.9407688284518828
Empresa 5100,22081.612,4.289797331178276e-07,0.9999040968922995,0.9408995815899581
Empresa 4580,21972.142,4.268530581547674e-07,0.9999045237453577,0.9410303347280334
Empresa 2681,21939.6214,4.262212800803754e-07,0.9999049499666377,0.9411610878661087
Empresa 5007,21914.203,4.2572747652797707e-07,0.9999053756941142,0.9412918410041841
Empresa 6722,21853.06,4.2453965075592636e-07,0.999905800233765,0.9414225941422594
Empresa 2357,21767.62,4.228798068823184e-07,0.9999062231135718,0.9415533472803347
Empresa 5103,21689.3,4.2135828333151115e-07,0.9999066444718552,0.94168410041841
Empresa 620,21644.8,4.2049378131400706e-07,0.9999070649656365,0.9418148535564853
Empresa 370,21505.8888,4.177951518161662e-07,0.9999074827607883,0.9419456066945606
Empresa 67,21492.8592,4.1754202562544093e-07,0.999907900302814,0.9420763598326359
Empresa 7100,21360.0,4.1496096840198063e-07,0.9999083152637823,0.9422071129707112
Empresa 6325,21358.22,4.149263883212805e-07,0.9999087301901707,0.9423378661087866
Empresa 6332,21358.22,4.149263883212805e-07,0.999909145116559,0.9424686192468619
Empresa 2099,21294.3002,4.136846176233376e-07,0.9999095588011767,0.9425993723849372
Empresa 146,21260.676000000003,4.1303139989891147e-07,0.9999099718325766,0.9427301255230126
Empresa 5868,21187.34,4.1160670057406463e-07,0.9999103834392772,0.9428608786610879
Empresa 5458,21178.2442,4.114299963616868e-07,0.9999107948692736,0.9429916317991632
Empresa 3623,20795.74,4.0399908282002834e-07,0.9999111988683564,0.9431223849372385
Empresa 3529,20739.4742,4.0290600646909613e-07,0.9999116017743629,0.9432531380753139
Empresa 7130,20737.0,4.028579401569229e-07,0.999912004632303,0.9433838912133892
Empresa 4320,20583.421599999998,3.9987437079411257e-07,0.9999124045066738,0.9435146443514645
Empresa 6366,20561.8836,3.994559518176407e-07,0.9999128039626257,0.9436453974895398
Empresa 4889,20470.0,3.976709280518981e-07,0.9999132016335538,0.9437761506276151
Empresa 1285,20470.0,3.976709280518981e-07,0.9999135993044819,0.9439069037656904
Empresa 7443,20433.1006,3.9695408297898374e-07,0.9999139962585648,0.9440376569037657
Empresa 3603,20376.550000000003,3.958554738151395e-07,0.9999143921140387,0.944168410041841
Empresa 820,20331.9076,3.9498820539117926e-07,0.999914787102244,0.9442991631799164
Empresa 3624,20320.9072,3.947745004924523e-07,0.9999151818767446,0.9444299163179917
Empresa 799,20292.0,3.9421291998188163e-07,0.9999155760896645,0.944560669456067
Empresa 3613,20281.498,3.940088975057506e-07,0.999915970098562,0.9446914225941423
Empresa 4663,20263.164,3.9365272267453893e-07,0.9999163637512847,0.9448221757322176
Empresa 3653,20162.2558,3.916923778996466e-07,0.9999167554436625,0.9449529288702929
Empresa 1018,20142.48,3.913081932030677e-07,0.9999171467518557,0.9450836820083682
Empresa 4051,20033.0634,3.891825556424286e-07,0.9999175359344114,0.9452144351464435
Empresa 2272,19956.0606,3.876866213513395e-07,0.9999179236210327,0.9453451882845189
Empresa 2795,19936.0,3.872969038418486e-07,0.9999183109179366,0.9454759414225942
Empresa 5041,19936.0,3.872969038418486e-07,0.9999186982148405,0.9456066945606695
Empresa 831,19884.8784,3.863037639241399e-07,0.9999190845186045,0.9457374476987448
Empresa 6421,19864.123600000003,3.85900560183176e-07,0.9999194704191646,0.9458682008368201
Empresa 4816,19834.54,3.853258392419392e-07,0.9999198557450039,0.9459989539748954
Empresa 6283,19828.8084,3.852144913820847e-07,0.9999202409594953,0.9461297071129707
Empresa 6280,19814.995600000002,3.849461499558514e-07,0.9999206259056452,0.946260460251046
Empresa 1701,19726.9924,3.832365107660352e-07,0.999921009142156,0.9463912133891214
Empresa 750,19713.5,3.82974393754328e-07,0.9999213921165497,0.9465219665271967
Empresa 5952,19688.0638,3.824802444011226e-07,0.9999217745967941,0.946652719665272
Empresa 2474,19601.1642,3.807920448613405e-07,0.999922155388839,0.9467834728033473
Empresa 4604,19455.7382,3.7796685226813707e-07,0.9999225333556913,0.9469142259414226
Empresa 1343,19384.2,3.765770788247974e-07,0.9999229099327701,0.9470449790794979
Empresa 7252,19370.120199999998,3.7630355038645906e-07,0.9999232862363205,0.9471757322175732
Empresa 5171,19224.0,3.734648715617826e-07,0.9999236597011921,0.9473064853556485
Empresa 5538,19153.458599999998,3.72094462963635e-07,0.999924031795655,0.9474372384937239
Empresa 4018,19138.738,3.718084856962447e-07,0.9999244036041407,0.9475679916317992
Empresa 1271,19126.1,3.7156296712327346e-07,0.9999247751671079,0.9476987447698745
Empresa 1179,19117.2,3.7139006671977267e-07,0.9999251465571746,0.9478294979079498
Empresa 1556,19116.8796,3.7138384230524663e-07,0.9999255179410169,0.9479602510460251
Empresa 3032,19073.59,3.705428547426186e-07,0.9999258884838716,0.9480910041841004
Empresa 621,19046.0,3.7000686349176607e-07,0.9999262584907351,0.9482217573221757
Empresa 1299,19018.7838,3.6947813405786056e-07,0.9999266279688692,0.948352510460251
Empresa 1387,18939.2,3.679320586497562e-07,0.9999269959009278,0.9484832635983264
Empresa 808,18868.0,3.6654885542174955e-07,0.9999273624497832,0.9486140167364017
Empresa 557,18679.854000000003,3.6289374089174216e-07,0.9999277253435241,0.948744769874477
Empresa 1529,18664.546000000002,3.6259635219772076e-07,0.9999280879398763,0.9488755230125523
Empresa 3610,18565.044,3.606633256865815e-07,0.999928448603202,0.9490062761506276
Empresa 4049,18502.299,3.5944437784190066e-07,0.9999288080475798,0.9491370292887029
Empresa 4110,18447.208000000002,3.583741243442306e-07,0.9999291664217042,0.9492677824267782
Empresa 2163,18442.8648,3.582897489473221e-07,0.9999295247114531,0.9493985355648535
Empresa 7029,18440.8,3.5824963605370996e-07,0.9999298829610892,0.9495292887029289
Empresa 6356,18324.5304,3.5599086518237515e-07,0.9999302389519544,0.9496600418410042
Empresa 767,18315.505800000003,3.558155441732254e-07,0.9999305947674986,0.9497907949790795
Empresa 6077,18312.408600000002,3.557553748328071e-07,0.9999309505228734,0.9499215481171548
Empresa 5207,18304.5232,3.556021850753053e-07,0.9999313061250584,0.9500523012552301
Empresa 4045,18299.0586,3.5549602422755583e-07,0.9999316616210826,0.9501830543933054
Empresa 7079,18156.0,3.5271682314168353e-07,0.9999320143379058,0.9503138075313807
Empresa 2570,18101.8702,3.5166524288759156e-07,0.9999323660031487,0.950444560669456
Empresa 454,18075.9,3.5116071951017614e-07,0.9999327171638682,0.9505753138075314
Empresa 920,17941.474400000003,3.485492318156997e-07,0.9999330657131,0.9507060669456067
Empresa 6159,17830.4202,3.463917805808164e-07,0.9999334121048806,0.950836820083682
Empresa 7256,17829.8506,3.4638071495499233e-07,0.9999337584855956,0.9509675732217573
Empresa 728,17800.0,3.4580080700165055e-07,0.9999341042864026,0.9510983263598326
Empresa 2157,17733.8018,3.445147738004114e-07,0.9999344488011764,0.9512290794979079
Empresa 186,17705.66,3.439680627245418e-07,0.9999347927692391,0.9513598326359832
Empresa 4418,17675.311,3.43378472348604e-07,0.9999351361477115,0.9514905857740585
Empresa 2273,17655.642,3.4299636245686715e-07,0.9999354791440739,0.9516213389121339
Empresa 193,17629.0132,3.424790444495927e-07,0.9999358216231183,0.9517520920502092
Empresa 3987,17550.8,3.4095959570362743e-07,0.999936162582714,0.9518828451882845
Empresa 170,17426.2,3.385389900546159e-07,0.9999365011217041,0.9520135983263598
Empresa 611,17411.817600000002,3.382595830025586e-07,0.9999368393812871,0.9521443514644351
Empresa 2185,17343.6792,3.369358575133562e-07,0.9999371763171446,0.9522751046025104
Empresa 3919,17342.095,3.369050812415331e-07,0.9999375132222259,0.9524058577405857
Empresa 5766,17340.1548,3.368673889535699e-07,0.9999378500896149,0.952536610878661
Empresa 477,17286.7192,3.3582929493095093e-07,0.9999381859189098,0.9526673640167364
Empresa 6082,17238.481200000002,3.348921747439765e-07,0.9999385208110846,0.9527981171548117
Empresa 1723,17141.4,3.330061771425895e-07,0.9999388538172618,0.952928870292887
Empresa 1360,17109.5024,3.3238650209644253e-07,0.9999391862037639,0.9530596234309623
Empresa 3384,17090.2606,3.3201269142407376e-07,0.9999395182164553,0.9531903765690377
Empresa 7212,17088.0,3.3196877472158454e-07,0.99993985018523,0.953321129707113
Empresa 7132,17088.0,3.3196877472158454e-07,0.9999401821540047,0.9534518828451883
Empresa 5052,17029.2244,3.3082694045686503e-07,0.9999405129809452,0.9535826359832636
Empresa 6127,17018.58,3.306201515742781e-07,0.9999408436010968,0.953713389121339
Empresa 6292,16990.1,3.300668702830754e-07,0.9999411736679671,0.9538441422594143
Empresa 3445,16917.120000000003,3.286490869743687e-07,0.999941502317054,0.9539748953974896
Empresa 3826,16910.0,3.28510766651568e-07,0.9999418308278207,0.9541056485355649
Empresa 2452,16910.0,3.28510766651568e-07,0.9999421593385874,0.9542364016736402
Empresa 2906,16910.0,3.28510766651568e-07,0.9999424878493541,0.9543671548117155
Empresa 7137,16807.400800000003,3.2651757080001056e-07,0.9999428143669249,0.9544979079497908
Empresa 5459,16785.8806,3.260994976243455e-07,0.9999431404664225,0.9546286610878661
Empresa 4081,16732.0,3.250527585815515e-07,0.9999434655191811,0.9547594142259415
Empresa 4062,16732.0,3.250527585815515e-07,0.9999437905719397,0.9548901673640168
Empresa 4413,16722.21,3.2486256813770057e-07,0.9999441154345079,0.9550209205020921
Empresa 4176,16708.86,3.2460321753244936e-07,0.9999444400377254,0.9551516736401674
Empresa 2003,16686.9304,3.2417719093822336e-07,0.9999447642149164,0.9552824267782427
Empresa 4973,16681.092,3.240637682735268e-07,0.9999450882786847,0.955413179916318
Empresa 4777,16554.0,3.21594750511535e-07,0.9999454098734352,0.9555439330543933
Empresa 1877,16376.0,3.1813674244151847e-07,0.9999457280101776,0.9556746861924686
Empresa 3048,16290.56,3.1647689856791056e-07,0.9999460444870761,0.955805439330544
Empresa 793,16281.66,3.163039981644097e-07,0.9999463607910744,0.9559361924686193
Empresa 6359,16232.211599999999,3.153433635225591e-07,0.9999466761344379,0.9560669456066946
Empresa 6736,16198.0,3.14678734371502e-07,0.9999469908131723,0.9561976987447699
Empresa 6321,16089.42,3.125693494487919e-07,0.9999473033825217,0.9563284518828452
Empresa 627,16015.905999999999,3.1114119211587506e-07,0.9999476145237138,0.9564592050209205
Empresa 3553,15884.987000000001,3.08597827180378e-07,0.999947923121541,0.9565899581589958
Empresa 6379,15882.0322,3.085404242464157e-07,0.9999482316619652,0.9567207112970711
Empresa 5636,15874.2536,3.0838930929375595e-07,0.9999485400512745,0.9568514644351465
Empresa 5771,15841.3236,3.077495778008029e-07,0.9999488478008524,0.9569822175732218
Empresa 754,15829.5222,3.075203118657608e-07,0.9999491553211642,0.9571129707112971
Empresa 4841,15777.279199999999,3.0650538649721094e-07,0.9999494618265508,0.9572437238493724
Empresa 1742,15731.4798,3.056156410207957e-07,0.9999497674421918,0.9573744769874477
Empresa 5872,15725.855,3.055063679657832e-07,0.9999500729485598,0.957505230125523
Empresa 338,15699.5644,3.0499562017384174e-07,0.99995037794418,0.9576359832635983
Empresa 4063,15675.926000000001,3.045363967021436e-07,0.9999506824805766,0.9577667364016736
Empresa 1870,15660.2264,3.042314003903681e-07,0.999950986711977,0.957897489539749
Empresa 4548,15648.2114,3.0399798484564203e-07,0.9999512907099619,0.9580282426778243
Empresa 832,15598.14,3.0302524717554636e-07,0.9999515937352091,0.9581589958158996
Empresa 3923,15581.9064,3.0270987683956086e-07,0.999951896445086,0.9582897489539749
Empresa 590,15575.0,3.025757061264442e-07,0.9999521990207921,0.9584205020920502
Empresa 4165,15575.0,3.025757061264442e-07,0.9999525015964983,0.9585512552301255
Empresa 2797,15514.533400000002,3.0140102078505966e-07,0.9999528029975191,0.9586820083682008
Empresa 3687,15486.0,3.00846702091436e-07,0.9999531038442212,0.9588127615062761
Empresa 5058,15447.018,3.0008939832410236e-07,0.9999534039336195,0.9589435146443515
Empresa 1418,15279.3598,2.968323005229538e-07,0.99995370076592,0.9590742677824268
Empresa 4041,15130.0,2.9393068595140295e-07,0.999953994696606,0.9592050209205021
Empresa 514,15130.0,2.9393068595140295e-07,0.9999542886272919,0.9593357740585774
Empresa 819,15032.2068,2.9203085631773586e-07,0.9999545806581481,0.9594665271966527
Empresa 696,15019.284000000001,2.917798049318527e-07,0.9999548724379531,0.959597280334728
Empresa 3618,14956.2008,2.9055428687183884e-07,0.99995516299224,0.9597280334728033
Empresa 7054,14857.286200000002,2.886326717873307e-07,0.9999554516249117,0.9598587866108786
Empresa 5177,14791.800000000001,2.873604706183716e-07,0.9999557389853824,0.959989539748954
Empresa 909,14774.0,2.870146698113699e-07,0.9999560260000522,0.9601202928870293
Empresa 1489,14649.4,2.845940641623584e-07,0.9999563105941164,0.9602510460251046
Empresa 3977,14529.2144,2.8225921711348326e-07,0.9999565928533335,0.9603817991631799
Empresa 5158,14527.826000000001,2.822322446505371e-07,0.9999568750855782,0.9605125523012552
Empresa 7053,14400.2,2.797528528643353e-07,0.9999571548384311,0.9606433054393305
Empresa 4052,14365.0628,2.7907024207131403e-07,0.9999574339086731,0.9607740585774058
Empresa 663,14265.276,2.7713168274726274e-07,0.9999577110403558,0.9609048117154811
Empresa 2020,14257.7644,2.769857548067081e-07,0.9999579880261106,0.9610355648535565
Empresa 3646,14240.0,2.766406456013204e-07,0.9999582646667562,0.9611663179916318
Empresa 5704,14202.2106,2.759065104880559e-07,0.9999585405732667,0.9612970711297071
Empresa 2186,14117.7674,2.742660314596401e-07,0.9999588148392982,0.9614278242677824
Empresa 5848,14110.0956,2.741169913118224e-07,0.9999590889562895,0.9615585774058577
Empresa 3414,14097.599999999999,2.738742391453072e-07,0.9999593628305287,0.961689330543933
Empresa 2446,14068.23,2.733036678137545e-07,0.9999596361341965,0.9618200836820083
Empresa 1644,14030.9212,2.7257886932227904e-07,0.9999599087130658,0.9619508368200836
Empresa 4000,13889.34,2.698283697033879e-07,0.9999601785414356,0.962081589958159
Empresa 254,13880.707,2.6966065631199214e-07,0.999960448202092,0.9622123430962343
Empresa 918,13830.6,2.6868722704028246e-07,0.999960716889319,0.9623430962343096
Empresa 6092,13785.2634,2.6780647238484924e-07,0.9999609846957913,0.9624738493723849
Empresa 5879,13704.0776,2.6622927490411474e-07,0.9999612509250663,0.9626046025104602
Empresa 1384,13673.604000000001,2.6563726392252795e-07,0.9999615165623302,0.9627353556485355
Empresa 198,13617.0,2.6453761735626264e-07,0.9999617810999476,0.9628661087866108
Empresa 3877,13617.0,2.6453761735626264e-07,0.999962045637565,0.9629968619246861
Empresa 5022,13583.981,2.638961568592746e-07,0.9999623095337218,0.9631276150627615
Empresa 812,13525.347800000001,2.627570890010112e-07,0.9999625722908108,0.9632583682008368
Empresa 5042,13475.134,2.617815849244595e-07,0.9999628340723957,0.9633891213389121
Empresa 925,13403.4,2.6038800767224287e-07,0.9999630944604034,0.9635198744769874
Empresa 2230,13323.300000000001,2.588319040407354e-07,0.9999633532923075,0.9636506276150628
Empresa 6992,13323.3,2.588319040407354e-07,0.9999636121242115,0.9637813807531381
Empresa 6351,13272.676800000001,2.5784844654562276e-07,0.9999638699726581,0.9639121338912134
Empresa 5916,13239.212800000001,2.5719834102845964e-07,0.9999641271709991,0.9640428870292888
Empresa 796,13203.968799999999,2.5651365543059633e-07,0.9999643836846546,0.9641736401673641
Empresa 4698,13172.0,2.5589259718122137e-07,0.9999646395772518,0.9643043933054394
Empresa 2245,13106.229000000001,2.546148631993503e-07,0.999964894192115,0.9644351464435147
Empresa 6809,13079.439999999999,2.540944329848128e-07,0.9999651482865479,0.96456589958159
Empresa 5068,13030.134,2.5313656474941826e-07,0.9999654014231126,0.9646966527196653
Empresa 5764,12980.115999999998,2.5216486448174355e-07,0.9999656535879771,0.9648274058577406
Empresa 2765,12966.979599999999,2.5190966348617635e-07,0.9999659054976405,0.9649581589958159
Empresa 4721,12945.4416,2.514912445097044e-07,0.999966156988885,0.9650889121338913
Empresa 7086,12856.655200000001,2.497663900843802e-07,0.9999664067552752,0.9652196652719666
Empresa 6210,12840.9378,2.4946104797179767e-07,0.9999666562163231,0.9653504184100419
Empresa 815,12816.0,2.489765810411884e-07,0.9999669051929041,0.9654811715481172
Empresa 4071,12812.1374,2.4890154226606903e-07,0.9999671540944464,0.9656119246861925
Empresa 6223,12802.9526,2.4872310904965616e-07,0.9999674028175554,0.9657426778242678
Empresa 2205,12638.0,2.4551857297117187e-07,0.9999676483361283,0.9658734309623431
Empresa 3592,12602.4,2.4482697135716857e-07,0.9999678931630996,0.9660041841004184
Empresa 7452,12598.216999999999,2.4474570816752317e-07,0.9999681379088078,0.9661349372384938
Empresa 3864,12557.9,2.439624693396644e-07,0.9999683818712771,0.9662656903765691
Empresa 2532,12468.099,2.422179042683411e-07,0.9999686240891814,0.9663964435146444
Empresa 1350,12399.408799999997,2.408834589541217e-07,0.9999688649726404,0.9665271966527197
Empresa 1225,12303.627,2.3902270481164586e-07,0.9999691039953452,0.966657949790795
Empresa 6011,12272.726200000001,2.3842239461069105e-07,0.9999693424177398,0.9667887029288703
Empresa 73,12233.9578,2.3766924045304143e-07,0.9999695800869802,0.9669194560669456
Empresa 2338,12225.8944,2.3751259268746964e-07,0.9999698175995729,0.9670502092050209
Empresa 3945,12191.398000000001,2.368424307235005e-07,0.9999700544420037,0.9671809623430963
Empresa 4868,12175.2,2.3652775198912898e-07,0.9999702909697556,0.9673117154811716
Empresa 7254,12167.635,2.3638078664615326e-07,0.9999705273505423,0.9674424686192469
Empresa 2542,12165.872800000001,2.3634655236626012e-07,0.9999707636970946,0.9675732217573222
Empresa 1295,12159.18,2.362165312628275e-07,0.9999709999136258,0.9677039748953975
Empresa 519,11961.6,2.3237814230510916e-07,0.9999712322917681,0.9678347280334728
Empresa 2796,11957.15,2.3229169210335874e-07,0.9999714645834602,0.9679654811715481
Empresa 2533,11930.3432,2.3177091608801424e-07,0.9999716963543763,0.9680962343096234
Empresa 7102,11808.609,2.2940598436892997e-07,0.9999719257603606,0.9682269874476988
Empresa 4624,11793.4256,2.2911101628055759e-07,0.9999721548713769,0.9683577405857741
Empresa 4722,11728.42,2.2784815173338755e-07,0.9999723827195286,0.9684884937238494
Empresa 6106,11568.131,2.2473421546633766e-07,0.9999726074537441,0.9686192468619247
Empresa 7417,11495.3646,2.2332058176731495e-07,0.9999728307743259,0.96875
Empresa 6945,11430.893,2.2206809124435496e-07,0.9999730528424171,0.9688807531380753
Empresa 7149,11322.7758,2.1996769714262692e-07,0.9999732728101143,0.9690115062761506
Empresa 760,11316.5102,2.1984597525856235e-07,0.9999734926560896,0.9691422594142259
Empresa 813,11214.0,2.1785450841103984e-07,0.999973710510598,0.9692730125523012
Empresa 2198,11186.427800000001,2.173188629609943e-07,0.999973927829461,0.9694037656903766
Empresa 6985,11125.0,2.1612550437603158e-07,0.9999741439549654,0.9695345188284519
Empresa 4969,11071.4932,2.1508602715018465e-07,0.9999743590409925,0.9696652719665272
Empresa 1897,11070.710000000001,2.1507081191467656e-07,0.9999745741118045,0.9697960251046025
Empresa 7041,11064.391,2.1494805262819095e-07,0.999974789059857,0.9699267782426778
Empresa 4706,11011.4716,2.1391998682897508e-07,0.9999750029798439,0.9700575313807531
Empresa 1843,10979.04,2.1328993775861807e-07,0.9999752162697816,0.9701882845188284
Empresa 4383,10858.0,2.1093849227100683e-07,0.9999754272082738,0.9703190376569037
Empresa 4511,10807.305600000002,2.0995365157266614e-07,0.9999756371619254,0.9704497907949791
Empresa 1688,10680.0,2.0748048420099032e-07,0.9999758446424096,0.9705805439330544
Empresa 3981,10680.0,2.0748048420099032e-07,0.9999760521228939,0.9707112970711297
Empresa 795,10662.378,2.071381414020587e-07,0.9999762592610353,0.970842050209205
Empresa 1829,10654.19,2.0697907303083795e-07,0.9999764662401083,0.9709728033472803
Empresa 232,10640.84,2.0671972242558669e-07,0.9999766729598307,0.9711035564853556
Empresa 685,10583.880000000001,2.0561315984318143e-07,0.9999768785729906,0.9712343096234309
Empresa 736,10582.99,2.055958698028313e-07,0.9999770841688603,0.9713650627615062
Empresa 6301,10502.9078,2.0404011197213092e-07,0.9999772882089722,0.9714958158995816
Empresa 3976,10502.0,2.0402247613097382e-07,0.9999774922314484,0.9716265690376569
Empresa 5085,10450.4868,2.0302172859551106e-07,0.999977695253177,0.9717573221757322
Empresa 6944,10429.0734,2.0260573022468804e-07,0.9999778978589072,0.9718880753138075
Empresa 4128,10398.030200000001,2.020026536172772e-07,0.9999780998615608,0.9720188284518828
Empresa 6217,10394.8262,2.0194040947201686e-07,0.9999783018019703,0.9721495815899581
Empresa 2199,10337.0296,2.0081759425168253e-07,0.9999785026195646,0.9722803347280334
Empresa 6216,10322.22,2.0052988798025714e-07,0.9999787031494526,0.9724110878661087
Empresa 217,10279.090600000001,1.9969201262489218e-07,0.9999789028414652,0.9725418410041841
Empresa 3773,10235.89,1.9885275406629912e-07,0.9999791016942192,0.9726725941422594
Empresa 6189,10122.86,1.9665691894183868e-07,0.9999792983511382,0.9728033472803347
Empresa 6231,10009.9902,1.944641960246412e-07,0.9999794928153343,0.97293410041841
Empresa 175,9960.880000000001,1.9351013159812365e-07,0.9999796863254659,0.9730648535564853
Empresa 5903,9910.328000000001,1.9252805730623898e-07,0.9999798788535231,0.9731956066945606
Empresa 6896,9837.063199999999,1.9110474118462012e-07,0.9999800699582643,0.9733263598326359
Empresa 3609,9790.0,1.9019044385090778e-07,0.9999802601487081,0.9734571129707112
Empresa 4046,9612.0,1.867324357808913e-07,0.9999804468811438,0.9735878661087866
Empresa 556,9523.0,1.8500343174588303e-07,0.9999806318845756,0.9737186192468619
Empresa 6368,9450.002199999999,1.8358530263636926e-07,0.9999808154698783,0.9738493723849372
Empresa 4976,9374.530200000001,1.8211910721468228e-07,0.9999809975889855,0.9739801255230126
Empresa 6144,9320.0622,1.8106095674525724e-07,0.9999811786499423,0.9741108786610879
Empresa 3858,9290.745600000002,1.8049142281612553e-07,0.9999813591413651,0.9742416317991632
Empresa 4656,9273.8,1.801622204478599e-07,0.9999815393035856,0.9743723849372385
Empresa 6129,9194.768,1.786268648647726e-07,0.9999817179304504,0.9745031380753139
Empresa 228,9161.624399999999,1.779829837621355e-07,0.9999818959134342,0.9746338912133892
Empresa 6503,9113.6,1.7705001318484507e-07,0.9999820729634474,0.9747646443514645
Empresa 1186,9109.2924,1.769663293895507e-07,0.9999822499297768,0.9748953974895398
Empresa 1356,9086.9,1.7653131197434258e-07,0.9999824264610888,0.9750261506276151
Empresa 4377,8992.3286,1.7469407228674285e-07,0.9999826011551611,0.9751569037656904
Empresa 5111,8969.313199999999,1.7424695184328966e-07,0.999982775402113,0.9752876569037657
Empresa 7114,8900.0,1.7290040350082528e-07,0.9999829483025165,0.975418410041841
Empresa 224,8793.8586,1.7083839328867442e-07,0.9999831191409099,0.9755491631799164
Empresa 1227,8793.2,1.7082559865881537e-07,0.9999832899665085,0.9756799163179917
Empresa 1980,8732.146,1.6963950189079971e-07,0.9999834596060104,0.975810669456067
Empresa 4402,8663.0998,1.682981405604403e-07,0.999983627904151,0.9759414225941423
Empresa 4023,8650.8,1.6805919220280215e-07,0.9999837959633432,0.9760721757322176
Empresa 6626,8611.64,1.6729843042739852e-07,0.9999839632617736,0.9762029288702929
Empresa 4707,8600.3904,1.670798843173735e-07,0.999984130341658,0.9763336820083682
Empresa 2361,8573.904,1.6656533271655504e-07,0.9999842969069908,0.9764644351464435
Empresa 3837,8554.68,1.6619186784499324e-07,0.9999844630988586,0.9765951882845189
Empresa 194,8490.599999999999,1.6494698493978729e-07,0.9999846280458435,0.9767259414225942
Empresa 6184,8474.7402,1.6463887642074884e-07,0.99998479268472,0.9768566945606695
Empresa 1187,8472.2126,1.6458977270615463e-07,0.9999849572744927,0.9769874476987448
Empresa 2528,8430.08,1.6377126219598168e-07,0.9999851210457549,0.9771182008368201
Empresa 2631,8420.29,1.635810717521308e-07,0.9999852846268267,0.9772489539748954
Empresa 1463,8405.16,1.6328714106617938e-07,0.9999854479139677,0.9773797071129707
Empresa 2229,8373.12,1.6266469961357643e-07,0.9999856105786673,0.977510460251046
Empresa 1319,8294.8,1.6114317606276914e-07,0.9999857717218433,0.9776412133891214
Empresa 930,8243.0376,1.6013758731600834e-07,0.9999859318594306,0.9777719665271967
Empresa 3873,8221.3216,1.597157103314663e-07,0.999986091575141,0.977902719665272
Empresa 2888,8010.0,1.5561036315074274e-07,0.9999862471855041,0.9780334728033473
Empresa 196,7872.228000000001,1.5293386490454997e-07,0.999986400119369,0.9781642259414226
Empresa 1155,7868.9172,1.5286954595444767e-07,0.9999865529889149,0.9782949790794979
Empresa 6154,7852.790400000001,1.5255625042330417e-07,0.9999867055451653,0.9784257322175732
Empresa 6395,7850.3518,1.5250887571274496e-07,0.9999868580540411,0.9785564853556485
Empresa 5081,7807.987800000001,1.5168586979208102e-07,0.9999870097399108,0.9786872384937239
Empresa 3464,7694.050000000001,1.4947239882646346e-07,0.9999871592123096,0.9788179916317992
Empresa 5889,7529.7738,1.462810031786452e-07,0.9999873054933128,0.9789487447698745
Empresa 805,7528.51,1.462564513213481e-07,0.9999874517497641,0.9790794979079498
Empresa 6824,7483.8854,1.4538952869819495e-07,0.9999875971392929,0.9792102510460251
Empresa 6579,7427.7798,1.4429956455452576e-07,0.9999877414388574,0.9793410041841004
Empresa 4007,7387.0,1.4350733490568496e-07,0.9999878849461923,0.9794717573221757
Empresa 6143,7379.168000000001,1.4335518255060427e-07,0.9999880283013748,0.979602510460251
Empresa 6206,7373.454200000001,1.4324418049155672e-07,0.9999881715455553,0.9797332635983264
Empresa 5090,7265.604,1.4114897340193373e-07,0.9999883126945287,0.9798640167364017
Empresa 1164,7209.0,1.4004932683566847e-07,0.9999884527438555,0.979994769874477
Empresa 547,7185.699799999999,1.3959667357930328e-07,0.9999885923405291,0.9801255230125523
Empresa 814,7137.8,1.3866612360766186e-07,0.9999887310066526,0.9802562761506276
Empresa 1522,7120.0,1.383203228006602e-07,0.9999888693269754,0.9803870292887029
Empresa 4478,7115.2474,1.3822799398519078e-07,0.9999890075549693,0.9805177824267782
Empresa 4168,7073.9336,1.3742539031213994e-07,0.9999891449803596,0.9806485355648535
Empresa 816,7064.82,1.372483402989551e-07,0.9999892822286999,0.9807792887029289
Empresa 774,7048.817800000001,1.3693746537346063e-07,0.9999894191661652,0.9809100418410042
Empresa 6145,7036.874000000001,1.367054330319625e-07,0.9999895558715983,0.9810407949790795
Empresa 3928,6942.0,1.3486231473064372e-07,0.9999896907339131,0.9811715481171548
Empresa 4115,6853.0,1.3313331069563546e-07,0.9999898238672238,0.9813023012552301
Empresa 7025,6843.032,1.3293966224371453e-07,0.9999899568068861,0.9814330543933054
Empresa 1267,6808.5,1.3226880867813132e-07,0.9999900890756948,0.9815638075313807
Empresa 4620,6808.322,1.3226535067006132e-07,0.9999902213410454,0.981694560669456
Empresa 4043,6735.52,1.3085102536942458e-07,0.9999903521920708,0.9818253138075314
Empresa 4603,6524.3764,1.2674913619677098e-07,0.999990478941207,0.9819560669456067
Empresa 691,6479.2,1.258714937486008e-07,0.9999906048127007,0.982086820083682
Empresa 7276,6479.2,1.258714937486008e-07,0.9999907306841945,0.9822175732217573
Empresa 1264,6461.4,1.2552569294159915e-07,0.9999908562098875,0.9823483263598326
Empresa 5011,6446.982,1.252455942879278e-07,0.9999909814554818,0.9824790794979079
Empresa 3308,6434.0414,1.249941971012376e-07,0.9999911064496789,0.9826098326359832
Empresa 6937,6408.0,1.244882905205942e-07,0.9999912309379695,0.9827405857740585
Empresa 853,6384.860000000001,1.2403874947149206e-07,0.999991354976719,0.9828713389121339
Empresa 2836,6357.537,1.2350794523274452e-07,0.9999914784846642,0.9830020920502092
Empresa 6056,6329.235,1.229581219496119e-07,0.9999916014427861,0.9831328451882845
Empresa 5906,6318.715200000001,1.2275375367267393e-07,0.9999917241965398,0.9832635983263598
Empresa 3821,6281.620000000001,1.220331047908825e-07,0.9999918462296447,0.9833943514644351
Empresa 4318,6263.82,1.2168730398388082e-07,0.9999919679169487,0.9835251046025104
Empresa 6695,6248.1916,1.213836908753334e-07,0.9999920893006395,0.9836558577405857
Empresa 6589,6227.9174,1.209898237561585e-07,0.9999922102904633,0.983786610878661
Empresa 3342,6108.1412,1.1866293012584439e-07,0.9999923289533934,0.9839173640167364
Empresa 3649,5989.700000000001,1.1636197155605542e-07,0.9999924453153649,0.9840481171548117
Empresa 809,5980.8,1.1618907115255458e-07,0.999992561504436,0.984178870292887
Empresa 7245,5963.0,1.1584327034555293e-07,0.9999926773477064,0.9843096234309623
Empresa 474,5874.0,1.1411426631054468e-07,0.9999927914619726,0.9844403765690377
Empresa 1876,5758.656,1.1187347708117398e-07,0.9999929033354497,0.984571129707113
Empresa 7036,5735.9076000000005,1.1143154364982587e-07,0.9999930147669933,0.9847018828451883
Empresa 6998,5696.0,1.1065625824052817e-07,0.9999931254232516,0.9848326359832636
Empresa 1882,5585.64,1.0851229323711794e-07,0.9999932339355448,0.984963389121339
Empresa 4104,5518.0,1.0719825017051166e-07,0.999993341133795,0.9850941422594143
Empresa 4150,5506.8928000000005,1.0698247046694264e-07,0.9999934481162654,0.9852248953974896
Empresa 6221,5435.1232,1.0558820161311198e-07,0.9999935537044671,0.9853556485355649
Empresa 4616,5433.877200000001,1.0556399555662188e-07,0.9999936592684626,0.9854864016736402
Empresa 5416,5428.8932,1.0546717133066141e-07,0.999993764735634,0.9856171548117155
Empresa 6545,5425.493399999999,1.0540112337652408e-07,0.9999938701367573,0.9857479079497908
Empresa 6454,5405.7176,1.0501693867994525e-07,0.999993975153696,0.9858786610878661
Empresa 5870,5338.22,1.03705662019795e-07,0.9999940788593581,0.9860094142259415
Empresa 93,5334.66,1.0363650185839466e-07,0.9999941824958599,0.9861401673640168
Empresa 6240,5235.6742,1.0171350357065849e-07,0.9999942842093635,0.9862709205020921
Empresa 85,5190.302,1.0083205731361127e-07,0.9999943850414208,0.9864016736401674
Empresa 1523,5135.9764,9.977667325064224e-08,0.999994484818094,0.9865324267782427
Empresa 1825,5119.3868,9.94543868985167e-08,0.999994584272481,0.986663179916318
Empresa 54,5099.7,9.907193120597287e-08,0.9999946833444122,0.9867939330543933
Empresa 4510,5073.0,9.855322999547041e-08,0.9999947818976422,0.9869246861924686
Empresa 1833,4915.7904,9.549911726803182e-08,0.9999948773967595,0.987055439330544
Empresa 775,4841.991599999999,9.406542712220297e-08,0.9999949714621866,0.9871861924686193
Empresa 706,4806.0,9.336621789044565e-08,0.9999950648284045,0.9873169456066946
Empresa 6339,4784.5154,9.294883631639466e-08,0.9999951577772408,0.9874476987447699
Empresa 7604,4766.84,9.260545611504202e-08,0.9999952503826969,0.9875784518828452
Empresa 1236,4731.6672,9.192215372040674e-08,0.9999953423048505,0.9877092050209205
Empresa 4372,4717.0,9.163721385543739e-08,0.9999954339420644,0.9878399581589958
Empresa 4486,4559.647999999999,8.858033472154279e-08,0.9999955225223991,0.9879707112970711
Empresa 4676,4550.9972,8.841227552934e-08,0.9999956109346746,0.9881014644351465
Empresa 3330,4489.071,8.720923452178125e-08,0.9999956981439091,0.9882322175732218
Empresa 87,4483.82,8.710722328371577e-08,0.9999957852511324,0.9883629707112971
Empresa 6934,4405.5,8.558569973290851e-08,0.9999958708368322,0.9884937238493724
Empresa 5626,4390.37,8.52917690469571e-08,0.9999959561286013,0.9886244769874477
Empresa 1814,4346.76,8.444455706980307e-08,0.9999960405731584,0.988755230125523
Empresa 3788,4259.005999999999,8.273975909128491e-08,0.9999961233129174,0.9888859832635983
Empresa 3691,4183.0,8.126318964538788e-08,0.999996204576107,0.9890167364016736
Empresa 190,4183.0,8.126318964538788e-08,0.9999962858392967,0.989147489539749
Empresa 3897,4165.200000000001,8.091738883838624e-08,0.9999963667566855,0.9892782426778243
Empresa 716,4159.86,8.081364859628572e-08,0.999996447570334,0.9894089958158996
Empresa 6265,4092.2378000000003,7.949995133048647e-08,0.9999965270702853,0.9895397489539749
Empresa 3562,4004.8754,7.780276096972236e-08,0.9999966048730463,0.9896705020920502
Empresa 1151,3960.5,7.694067955786724e-08,0.9999966818137259,0.9898012552301255
Empresa 1830,3916.0,7.607617754036311e-08,0.9999967578899035,0.9899320083682008
Empresa 6962,3916.0,7.607617754036311e-08,0.9999968339660811,0.9900627615062761
Empresa 6355,3914.2200000000003,7.604159745966296e-08,0.9999969100076785,0.9901935146443515
Empresa 4057,3827.0,7.434717350535487e-08,0.9999969843548521,0.9903242677824268
Empresa 4998,3807.242,7.396333460958304e-08,0.9999970583181866,0.9904550209205021
Empresa 5907,3771.5708000000004,7.327034979235173e-08,0.9999971315885364,0.9905857740585774
Empresa 3602,3635.6499999999996,7.062981483008712e-08,0.9999972022183513,0.9907165271966527
Empresa 1334,3614.1832,7.021277905684312e-08,0.9999972724311303,0.990847280334728
Empresa 1374,3609.0568,7.011318842442666e-08,0.9999973425443188,0.9909780334728033
Empresa 5864,3415.8912,6.636055806684475e-08,0.9999974089048769,0.9911087866108786
Empresa 5040,3330.8606,6.470866761179787e-08,0.9999974736135445,0.991239539748954
Empresa 6460,3320.8214000000003,6.451363595664893e-08,0.9999975381271805,0.9913702928870293
Empresa 552,3319.7178,6.449219630661483e-08,0.9999976026193769,0.9915010460251046
Empresa 3979,3310.8,6.431895010230701e-08,0.9999976669383269,0.9916317991631799
Empresa 1354,3293.4272,6.398144851467338e-08,0.9999977309197754,0.9917625523012552
Empresa 6200,3246.7200000000003,6.307406719710106e-08,0.9999977939938426,0.9918933054393305
Empresa 6561,3078.4922,5.980590377012846e-08,0.9999978537997464,0.9920240585774058
Empresa 3999,3070.5,5.965063920778472e-08,0.9999979134503856,0.9921548117154811
Empresa 1220,3048.2856,5.921907980064666e-08,0.9999979726694653,0.9922855648535565
Empresa 4047,3026.0,5.878613719028059e-08,0.9999980314556025,0.9924163179916318
Empresa 1826,3026.0,5.878613719028059e-08,0.9999980902417397,0.9925470711297071
Empresa 6560,2933.7782,5.6994543209205046e-08,0.9999981472362829,0.9926778242677824
Empresa 2515,2896.06,5.6261791299168544e-08,0.9999982034980742,0.9928085774058577
Empresa 5585,2882.6922,5.60020948931103e-08,0.9999982595001691,0.992939330543933
Empresa 4155,2848.0,5.532812912026408e-08,0.9999983148282982,0.9930700836820083
Empresa 2271,2776.8,5.394492589225749e-08,0.999998368773224,0.9932008368200836
Empresa 5122,2716.28,5.276920314845188e-08,0.9999984215424271,0.993331589958159
Empresa 648,2714.5,5.273462306775171e-08,0.9999984742770502,0.9934623430962343
Empresa 7359,2644.5638,5.137597169704222e-08,0.9999985256530219,0.9935930962343096
Empresa 906,2632.62,5.114393935554411e-08,0.9999985767969612,0.9937238493723849
Empresa 4670,2525.6954,4.90667139078852e-08,0.9999986258636752,0.9938546025104602
Empresa 150,2492.0,4.8412112980231075e-08,0.9999986742757881,0.9939853556485355
Empresa 4678,2453.4274,4.76627626314585e-08,0.9999987219385508,0.9941161087866108
Empresa 4650,2427.2436,4.7154089644359065e-08,0.9999987690926404,0.9942468619246861
Empresa 7255,2397.9982,4.658593891845536e-08,0.9999988156785793,0.9943776150627615
Empresa 1859,2392.2844,4.647493685940783e-08,0.9999988621535162,0.9945083682008368
Empresa 1527,2367.4,4.5991507331219526e-08,0.9999989081450236,0.9946391213389121
Empresa 2121,2345.0432,4.555718151762545e-08,0.999998953702205,0.9947698744769874
Empresa 1367,2337.14,4.540364595931671e-08,0.999998999105851,0.9949006276150628
Empresa 4088,2325.3920000000003,4.517541742669563e-08,0.9999990442812684,0.9950313807531381
Empresa 5056,2294.5802,4.457683622977577e-08,0.9999990888581046,0.9951621338912134
Empresa 4734,2248.14,4.367464192430846e-08,0.9999991325327465,0.9952928870292888
Empresa 5434,2234.3984,4.340768370130319e-08,0.9999991759404302,0.9954236401673641
Empresa 7049,2225.0,4.322510087520632e-08,0.999999219165531,0.9955543933054394
Empresa 6186,2206.8795999999998,4.287307565367863e-08,0.9999992620386067,0.9956851464435147
Empresa 4331,2138.225,4.153932194107327e-08,0.9999993035779287,0.99581589958159
Empresa 818,2025.64,3.935213183678783e-08,0.9999993429300605,0.9959466527196653
Empresa 3876,1776.44,3.451092053876473e-08,0.9999993774409811,0.9960774058577406
Empresa 1257,1768.6080000000002,3.4358768183684e-08,0.9999994117997493,0.9962081589958159
Empresa 1811,1738.348,3.377090681178119e-08,0.9999994455706561,0.9963389121338913
Empresa 4609,1727.5256,3.356065992112419e-08,0.999999479131316,0.9964696652719666
Empresa 5671,1717.9848,3.33753106885713e-08,0.9999995125066268,0.9966004184100419
Empresa 7050,1708.8,3.319687747215845e-08,0.9999995457035042,0.9967311715481172
Empresa 1866,1698.1200000000001,3.2989396987957464e-08,0.9999995786929012,0.9968619246861925
Empresa 6371,1536.1756,2.9843301245856446e-08,0.9999996085362025,0.9969926778242678
Empresa 942,1532.313,2.9768262470737088e-08,0.999999638304465,0.9971234309623431
Empresa 722,1424.0,2.766406456013204e-08,0.9999996659685296,0.9972541841004184
Empresa 3463,1403.352,2.726293562401013e-08,0.9999996932314652,0.9973849372384938
Empresa 423,1324.32,2.5727580040922798e-08,0.9999997189590453,0.9975156903765691
Empresa 5412,1299.1508000000001,2.5238617699822468e-08,0.999999744197663,0.9976464435146444
Empresa 3500,1248.3496,2.4251702196639756e-08,0.9999997684493652,0.9977771966527197
Empresa 6103,1226.4378,2.382602140322072e-08,0.9999997922753866,0.997907949790795
Empresa 74,1198.5096,2.3283459937035136e-08,0.9999998155588465,0.9980387029288703
Empresa 6459,1169.7982000000002,2.2725683235341476e-08,0.9999998382845298,0.9981694560669456
Empresa 4941,1157.0,2.2477052455107285e-08,0.9999998607615822,0.9983002092050209
Empresa 4098,1121.4,2.1785450841103985e-08,0.9999998825470331,0.9984309623430963
Empresa 5027,904.1154,1.7564260390034837e-08,0.9999999001112935,0.9985617154811716
Empresa 4449,863.3000000000001,1.6771339139580052e-08,0.9999999168826326,0.9986924686192469
Empresa 6458,723.3564,1.4052653194933074e-08,0.9999999309352857,0.9988232217573222
Empresa 738,710.22,1.3797452199365856e-08,0.9999999447327379,0.9989539748953975
Empresa 4502,563.192,1.0941137533532224e-08,0.9999999556738755,0.9990847280334728
Empresa 6569,501.03440000000006,9.73360111548246e-09,0.9999999654074766,0.9992154811715481
Empresa 6508,459.24,8.921660820642583e-09,0.9999999743291375,0.9993462343096234
Empresa 3851,436.0466,8.471082369119434e-09,0.9999999828002198,0.9994769874476988
Empresa 2058,300.90900000000005,5.845762642362903e-09,0.9999999886459825,0.9996077405857741
Empresa 7253,298.684,5.802537541487697e-09,0.9999999944485201,0.9997384937238494
Empresa 200,273.0698,5.3049301802123205e-09,0.9999999997534502,0.9998692468619247
Empresa 7293,12.6914,2.465559753921768e-10,1.0000000000000062,1.0
