Empresa,Cadastro,Já operou?,Teve possibilidade de operar?,cadastro_periodo
Empresa 1,202208,Sim,Sim,2022-08
Empresa 10,202208,Sim,Sim,2022-08
Empresa 100,202208,Sim,Sim,2022-08
Empresa 1000,202106,Sim,Sim,2021-06
Empresa 10000,202112,Não,Sim,2021-12
Empresa 10002,202105,Não,Sim,2021-05
Empresa 1001,202204,Sim,Sim,2022-04
Empresa 10015,202001,Não,Sim,2020-01
Empresa 10019,202209,Sim,Sim,2022-09
Empresa 1002,202204,Sim,Sim,2022-04
Empresa 10027,201908,Sim,Sim,2019-08
Empresa 1003,202106,Sim,Sim,2021-06
Empresa 10032,202206,Não,Sim,2022-06
Empresa 10033,202103,Sim,Sim,2021-03
Empresa 1004,202206,Sim,Sim,2022-06
Empresa 1005,202207,Sim,Sim,2022-07
Empresa 10050,202210,Sim,Sim,2022-10
Empresa 1006,202207,Sim,Sim,2022-07
Empresa 10061,202009,Não,Sim,2020-09
Empresa 10062,202004,Sim,Sim,2020-04
Empresa 10068,202007,Não,Sim,2020-07
Empresa 10069,202302,Não,Sim,2023-02
Empresa 1007,202105,Sim,Sim,2021-05
Empresa 10078,202104,Não,Sim,2021-04
Empresa 1008,202204,Sim,Sim,2022-04
Empresa 10083,202301,Não,Sim,2023-01
Empresa 1009,202204,Sim,Sim,2022-04
Empresa 101,202207,Sim,Sim,2022-07
Empresa 1010,202202,Sim,Sim,2022-02
Empresa 10103,202012,Sim,Sim,2020-12
Empresa 10107,202212,Não,Sim,2022-12
Empresa 1011,202202,Sim,Sim,2022-02
Empresa 10111,202009,Sim,Sim,2020-09
Empresa 10112,202012,Não,Sim,2020-12
Empresa 10116,202303,Não,Sim,2023-03
Empresa 10119,202001,Sim,Sim,2020-01
Empresa 1012,202202,Sim,Sim,2022-02
Empresa 10127,202303,Não,Sim,2023-03
Empresa 1013,202109,Sim,Sim,2021-09
Empresa 10131,202212,Sim,Sim,2022-12
Empresa 10133,202007,Não,Sim,2020-07
Empresa 10134,202010,Sim,Sim,2020-10
Empresa 10138,202305,Não,Sim,2023-05
Empresa 1014,202301,Sim,Sim,2023-01
Empresa 10143,202012,Não,Sim,2020-12
Empresa 10147,202212,Não,Sim,2022-12
Empresa 10149,201905,Sim,Sim,2019-05
Empresa 1015,202204,Sim,Sim,2022-04
Empresa 10154,202104,Não,Sim,2021-04
Empresa 1016,202204,Sim,Sim,2022-04
Empresa 10160,202202,Sim,Sim,2022-02
Empresa 10165,202210,Não,Sim,2022-10
Empresa 1017,202205,Sim,Sim,2022-05
Empresa 10177,202103,Não,Sim,2021-03
Empresa 1018,202204,Sim,Sim,2022-04
Empresa 10180,202202,Não,Sim,2022-02
Empresa 10186,202004,Não,Sim,2020-04
Empresa 10187,202007,Não,Sim,2020-07
Empresa 10189,202010,Sim,Sim,2020-10
Empresa 1019,202203,Sim,Sim,2022-03
Empresa 10195,202008,Sim,Sim,2020-08
Empresa 10197,202012,Não,Sim,2020-12
Empresa 10199,202012,Não,Sim,2020-12
Empresa 102,202306,Sim,Sim,2023-06
Empresa 1020,202203,Sim,Sim,2022-03
Empresa 10202,202211,Sim,Sim,2022-11
Empresa 10203,202103,Não,Sim,2021-03
Empresa 1021,202203,Sim,Sim,2022-03
Empresa 10218,202106,Não,Sim,2021-06
Empresa 1022,202208,Sim,Sim,2022-08
Empresa 10221,202212,Sim,Sim,2022-12
Empresa 10225,202106,Sim,Sim,2021-06
Empresa 1023,202206,Sim,Sim,2022-06
Empresa 10230,202102,Não,Sim,2021-02
Empresa 1024,202205,Sim,Sim,2022-05
Empresa 10241,202106,Não,Sim,2021-06
Empresa 10244,202305,Não,Sim,2023-05
Empresa 10247,202111,Sim,Sim,2021-11
Empresa 1025,202204,Sim,Sim,2022-04
Empresa 10250,202204,Não,Sim,2022-04
Empresa 10251,202212,Sim,Sim,2022-12
Empresa 10256,202004,Sim,Sim,2020-04
Empresa 1026,202203,Sim,Sim,2022-03
Empresa 1027,202204,Sim,Sim,2022-04
Empresa 1028,202207,Sim,Sim,2022-07
Empresa 10282,202101,Sim,Sim,2021-01
Empresa 10283,202206,Sim,Sim,2022-06
Empresa 10287,202301,Não,Sim,2023-01
Empresa 1029,202212,Sim,Sim,2022-12
Empresa 10294,202205,Não,Sim,2022-05
Empresa 10299,202008,Não,Sim,2020-08
Empresa 103,202210,Sim,Sim,2022-10
Empresa 1030,202107,Sim,Sim,2021-07
Empresa 10305,202002,Não,Sim,2020-02
Empresa 1031,202207,Sim,Sim,2022-07
Empresa 10311,202012,Não,Sim,2020-12
Empresa 10312,202112,Sim,Sim,2021-12
Empresa 1032,202203,Sim,Sim,2022-03
Empresa 1033,202203,Sim,Sim,2022-03
Empresa 10330,202111,Não,Sim,2021-11
Empresa 10335,202201,Sim,Sim,2022-01
Empresa 1034,202308,Não,Não,2023-08
Empresa 10344,201911,Sim,Sim,2019-11
Empresa 10348,202305,Não,Sim,2023-05
Empresa 1035,202311,Não,Não,2023-11
Empresa 10359,202009,Não,Sim,2020-09
Empresa 1036,202206,Sim,Sim,2022-06
Empresa 10369,202007,Não,Sim,2020-07
Empresa 1037,202210,Sim,Sim,2022-10
Empresa 1038,202208,Sim,Sim,2022-08
Empresa 10389,201901,Sim,Sim,2019-01
Empresa 1039,202208,Sim,Sim,2022-08
Empresa 104,202208,Sim,Sim,2022-08
Empresa 1040,202206,Sim,Sim,2022-06
Empresa 10400,202203,Sim,Sim,2022-03
Empresa 1041,202203,Sim,Sim,2022-03
Empresa 1042,202208,Sim,Sim,2022-08
Empresa 10421,202007,Não,Sim,2020-07
Empresa 1043,202206,Sim,Sim,2022-06
Empresa 10430,202301,Não,Sim,2023-01
Empresa 10431,202102,Sim,Sim,2021-02
Empresa 10439,202002,Sim,Sim,2020-02
Empresa 1044,202206,Sim,Sim,2022-06
Empresa 10448,202012,Não,Sim,2020-12
Empresa 1045,202206,Sim,Sim,2022-06
Empresa 10452,202204,Não,Sim,2022-04
Empresa 10459,202010,Sim,Sim,2020-10
Empresa 1046,202206,Sim,Sim,2022-06
Empresa 10465,202104,Não,Sim,2021-04
Empresa 10467,202009,Sim,Sim,2020-09
Empresa 1047,202206,Sim,Sim,2022-06
Empresa 1048,202206,Sim,Sim,2022-06
Empresa 1049,202204,Sim,Sim,2022-04
Empresa 10497,202007,Não,Sim,2020-07
Empresa 105,202306,Sim,Sim,2023-06
Empresa 1050,202206,Sim,Sim,2022-06
Empresa 10508,202203,Sim,Sim,2022-03
Empresa 1051,202204,Não,Não,2022-04
Empresa 10513,202305,Não,Sim,2023-05
Empresa 10517,202107,Sim,Sim,2021-07
Empresa 1052,202211,Sim,Sim,2022-11
Empresa 10524,202209,Não,Sim,2022-09
Empresa 10526,202002,Sim,Sim,2020-02
Empresa 10529,202204,Não,Sim,2022-04
Empresa 1053,202202,Sim,Sim,2022-02
Empresa 10534,202110,Não,Sim,2021-10
Empresa 10538,202203,Sim,Sim,2022-03
Empresa 1054,202204,Sim,Sim,2022-04
Empresa 10542,202302,Não,Sim,2023-02
Empresa 10546,202006,Sim,Sim,2020-06
Empresa 10547,202203,Sim,Sim,2022-03
Empresa 1055,202206,Sim,Sim,2022-06
Empresa 1056,202301,Sim,Sim,2023-01
Empresa 1057,202204,Sim,Sim,2022-04
Empresa 10570,202110,Sim,Sim,2021-10
Empresa 1058,202205,Sim,Sim,2022-05
Empresa 10580,202201,Sim,Sim,2022-01
Empresa 1059,202205,Sim,Sim,2022-05
Empresa 10590,202203,Não,Sim,2022-03
Empresa 10591,202204,Não,Sim,2022-04
Empresa 10595,202207,Sim,Sim,2022-07
Empresa 10596,202110,Não,Sim,2021-10
Empresa 10598,202011,Não,Sim,2020-11
Empresa 10599,202203,Não,Sim,2022-03
Empresa 106,202101,Sim,Sim,2021-01
Empresa 1060,202204,Sim,Sim,2022-04
Empresa 10604,202104,Não,Sim,2021-04
Empresa 10605,202109,Sim,Sim,2021-09
Empresa 10606,202009,Sim,Sim,2020-09
Empresa 1061,202204,Sim,Sim,2022-04
Empresa 10610,202309,Não,Sim,2023-09
Empresa 10615,202006,Não,Sim,2020-06
Empresa 10617,202007,Não,Sim,2020-07
Empresa 1062,202207,Sim,Sim,2022-07
Empresa 10624,202205,Sim,Sim,2022-05
Empresa 1063,202301,Sim,Sim,2023-01
Empresa 10630,202107,Não,Não,2021-07
Empresa 1064,202204,Sim,Sim,2022-04
Empresa 10640,202005,Sim,Sim,2020-05
Empresa 10641,202105,Não,Sim,2021-05
Empresa 1065,202203,Sim,Sim,2022-03
Empresa 10650,202105,Sim,Sim,2021-05
Empresa 10653,202208,Sim,Sim,2022-08
Empresa 1066,202203,Sim,Sim,2022-03
Empresa 10668,202002,Sim,Sim,2020-02
Empresa 10669,202108,Não,Não,2021-08
Empresa 1067,202206,Sim,Sim,2022-06
Empresa 10671,202007,Não,Sim,2020-07
Empresa 10674,202007,Sim,Sim,2020-07
Empresa 1068,202206,Sim,Sim,2022-06
Empresa 10687,202009,Não,Sim,2020-09
Empresa 1069,202204,Sim,Sim,2022-04
Empresa 107,202307,Sim,Sim,2023-07
Empresa 1070,202211,Sim,Sim,2022-11
Empresa 10703,202109,Não,Não,2021-09
Empresa 1071,202207,Sim,Sim,2022-07
Empresa 10712,201912,Não,Sim,2019-12
Empresa 10716,202206,Sim,Sim,2022-06
Empresa 10717,202007,Não,Sim,2020-07
Empresa 1072,202211,Sim,Sim,2022-11
Empresa 1073,202204,Sim,Sim,2022-04
Empresa 1074,202012,Não,Não,2020-12
Empresa 1075,202205,Sim,Sim,2022-05
Empresa 10751,202010,Sim,Sim,2020-10
Empresa 10752,202207,Não,Não,2022-07
Empresa 10756,202211,Não,Não,2022-11
Empresa 10759,202007,Não,Sim,2020-07
Empresa 1076,202204,Sim,Sim,2022-04
Empresa 1077,202208,Sim,Sim,2022-08
Empresa 10771,202012,Sim,Sim,2020-12
Empresa 10772,202207,Sim,Sim,2022-07
Empresa 1078,202203,Sim,Sim,2022-03
Empresa 10784,202103,Não,Sim,2021-03
Empresa 1079,202207,Sim,Sim,2022-07
Empresa 10799,202207,Não,Sim,2022-07
Empresa 108,202310,Sim,Sim,2023-10
Empresa 1080,202203,Sim,Sim,2022-03
Empresa 10801,202112,Não,Sim,2021-12
Empresa 10804,202006,Não,Sim,2020-06
Empresa 10806,202204,Não,Sim,2022-04
Empresa 10808,202004,Não,Sim,2020-04
Empresa 1081,202302,Sim,Sim,2023-02
Empresa 10810,202107,Não,Sim,2021-07
Empresa 10819,202012,Sim,Sim,2020-12
Empresa 1082,202105,Sim,Sim,2021-05
Empresa 10822,202211,Não,Sim,2022-11
Empresa 10829,202101,Não,Sim,2021-01
Empresa 1083,202203,Sim,Sim,2022-03
Empresa 10831,202101,Não,Sim,2021-01
Empresa 10833,202206,Não,Sim,2022-06
Empresa 1084,202301,Sim,Sim,2023-01
Empresa 10844,202004,Sim,Sim,2020-04
Empresa 10848,202208,Não,Sim,2022-08
Empresa 1085,202207,Sim,Sim,2022-07
Empresa 10855,201909,Sim,Sim,2019-09
Empresa 1086,202209,Sim,Sim,2022-09
Empresa 10864,202204,Sim,Sim,2022-04
Empresa 10865,202109,Sim,Sim,2021-09
Empresa 1087,202206,Sim,Sim,2022-06
Empresa 10877,202205,Não,Sim,2022-05
Empresa 1088,202206,Sim,Sim,2022-06
Empresa 1089,202304,Sim,Sim,2023-04
Empresa 10899,202310,Não,Sim,2023-10
Empresa 109,202106,Sim,Sim,2021-06
Empresa 1090,202206,Sim,Sim,2022-06
Empresa 10908,202204,Não,Sim,2022-04
Empresa 1091,202302,Sim,Sim,2023-02
Empresa 1092,202208,Sim,Sim,2022-08
Empresa 10924,202212,Não,Sim,2022-12
Empresa 10925,202012,Sim,Sim,2020-12
Empresa 10926,202308,Não,Sim,2023-08
Empresa 1093,202203,Sim,Sim,2022-03
Empresa 10930,202207,Não,Sim,2022-07
Empresa 1094,202303,Sim,Sim,2023-03
Empresa 10941,202106,Não,Sim,2021-06
Empresa 10949,202209,Sim,Sim,2022-09
Empresa 1095,202203,Sim,Sim,2022-03
Empresa 1096,202204,Sim,Sim,2022-04
Empresa 10960,202303,Não,Sim,2023-03
Empresa 10969,201912,Sim,Sim,2019-12
Empresa 1097,202311,Não,Sim,2023-11
Empresa 10974,202212,Sim,Sim,2022-12
Empresa 1098,202108,Sim,Sim,2021-08
Empresa 10987,202210,Sim,Sim,2022-10
Empresa 1099,202209,Sim,Sim,2022-09
Empresa 11,202208,Sim,Sim,2022-08
Empresa 110,202109,Sim,Sim,2021-09
Empresa 1100,202304,Sim,Sim,2023-04
Empresa 11002,201907,Sim,Sim,2019-07
Empresa 11003,202008,Sim,Sim,2020-08
Empresa 1101,202304,Sim,Sim,2023-04
Empresa 11011,202305,Não,Sim,2023-05
Empresa 1102,202304,Sim,Sim,2023-04
Empresa 11025,202202,Não,Sim,2022-02
Empresa 1103,202204,Sim,Sim,2022-04
Empresa 11033,202010,Sim,Sim,2020-10
Empresa 1104,202205,Sim,Sim,2022-05
Empresa 11043,202103,Não,Sim,2021-03
Empresa 11048,202210,Não,Sim,2022-10
Empresa 11049,202006,Sim,Sim,2020-06
Empresa 1105,202305,Sim,Sim,2023-05
Empresa 11051,202201,Não,Sim,2022-01
Empresa 1106,202208,Sim,Sim,2022-08
Empresa 11061,202101,Sim,Sim,2021-01
Empresa 1107,202304,Sim,Sim,2023-04
Empresa 11077,201912,Sim,Sim,2019-12
Empresa 1108,202205,Sim,Sim,2022-05
Empresa 11080,202208,Não,Sim,2022-08
Empresa 11083,202210,Sim,Sim,2022-10
Empresa 1109,202211,Sim,Sim,2022-11
Empresa 11096,202103,Não,Sim,2021-03
Empresa 111,202208,Sim,Sim,2022-08
Empresa 1110,202304,Sim,Sim,2023-04
Empresa 11100,202002,Não,Sim,2020-02
Empresa 11102,202004,Sim,Sim,2020-04
Empresa 11105,202002,Sim,Sim,2020-02
Empresa 11106,202103,Não,Sim,2021-03
Empresa 1111,202205,Sim,Sim,2022-05
Empresa 1112,202304,Sim,Sim,2023-04
Empresa 11124,202203,Sim,Sim,2022-03
Empresa 1113,202304,Sim,Sim,2023-04
Empresa 11132,202208,Não,Sim,2022-08
Empresa 1114,202203,Sim,Sim,2022-03
Empresa 11142,202101,Sim,Sim,2021-01
Empresa 1115,202301,Não,Não,2023-01
Empresa 1116,202205,Sim,Sim,2022-05
Empresa 1117,202203,Sim,Sim,2022-03
Empresa 1118,202204,Sim,Sim,2022-04
Empresa 1119,202203,Sim,Sim,2022-03
Empresa 112,202106,Sim,Sim,2021-06
Empresa 1120,202305,Sim,Sim,2023-05
Empresa 11205,202007,Sim,Sim,2020-07
Empresa 1121,202306,Não,Sim,2023-06
Empresa 11216,202001,Sim,Sim,2020-01
Empresa 1122,202208,Sim,Sim,2022-08
Empresa 11220,202305,Não,Sim,2023-05
Empresa 11223,202210,Sim,Sim,2022-10
Empresa 1123,202205,Sim,Sim,2022-05
Empresa 11238,202101,Não,Sim,2021-01
Empresa 1124,202307,Não,Não,2023-07
Empresa 11240,202108,Não,Sim,2021-08
Empresa 1125,202307,Sim,Sim,2023-07
Empresa 1126,202307,Sim,Sim,2023-07
Empresa 11268,202011,Sim,Sim,2020-11
Empresa 1127,202210,Sim,Sim,2022-10
Empresa 11274,201907,Sim,Sim,2019-07
Empresa 11278,202012,Não,Sim,2020-12
Empresa 1128,202306,Sim,Sim,2023-06
Empresa 1129,202307,Sim,Sim,2023-07
Empresa 11291,202303,Não,Sim,2023-03
Empresa 11292,202203,Não,Sim,2022-03
Empresa 113,202104,Sim,Sim,2021-04
Empresa 1130,202206,Sim,Sim,2022-06
Empresa 11302,202006,Não,Sim,2020-06
Empresa 11303,202108,Não,Sim,2021-08
Empresa 11304,202101,Não,Sim,2021-01
Empresa 11305,202008,Sim,Sim,2020-08
Empresa 11306,202012,Não,Não,2020-12
Empresa 11309,202103,Não,Sim,2021-03
Empresa 1131,202307,Sim,Sim,2023-07
Empresa 11313,201912,Não,Sim,2019-12
Empresa 1132,202306,Sim,Sim,2023-06
Empresa 11321,202008,Não,Sim,2020-08
Empresa 11325,202008,Não,Sim,2020-08
Empresa 1133,202307,Sim,Sim,2023-07
Empresa 1134,202203,Sim,Sim,2022-03
Empresa 11342,202102,Sim,Sim,2021-02
Empresa 11346,202104,Sim,Sim,2021-04
Empresa 1135,202307,Sim,Sim,2023-07
Empresa 11358,202012,Não,Sim,2020-12
Empresa 1136,202306,Sim,Sim,2023-06
Empresa 11362,202106,Não,Sim,2021-06
Empresa 11367,202007,Não,Sim,2020-07
Empresa 1137,202206,Sim,Sim,2022-06
Empresa 11370,202109,Sim,Sim,2021-09
Empresa 11377,202006,Não,Sim,2020-06
Empresa 11379,202106,Sim,Sim,2021-06
Empresa 1138,202308,Sim,Sim,2023-08
Empresa 11380,202202,Não,Sim,2022-02
Empresa 11387,202105,Não,Sim,2021-05
Empresa 1139,202205,Sim,Sim,2022-05
Empresa 11395,202008,Sim,Sim,2020-08
Empresa 11399,202207,Não,Sim,2022-07
Empresa 114,202104,Sim,Sim,2021-04
Empresa 1140,202307,Sim,Sim,2023-07
Empresa 11402,202305,Não,Não,2023-05
Empresa 11404,202008,Não,Não,2020-08
Empresa 1141,202306,Sim,Sim,2023-06
Empresa 11411,202111,Não,Sim,2021-11
Empresa 1142,202308,Sim,Sim,2023-08
Empresa 11420,202001,Sim,Sim,2020-01
Empresa 11421,201911,Não,Sim,2019-11
Empresa 1143,202103,Sim,Sim,2021-03
Empresa 11430,202007,Não,Sim,2020-07
Empresa 11434,202101,Não,Sim,2021-01
Empresa 1144,202308,Sim,Sim,2023-08
Empresa 1145,202210,Sim,Sim,2022-10
Empresa 11452,202205,Sim,Sim,2022-05
Empresa 11456,202007,Não,Sim,2020-07
Empresa 1146,202308,Sim,Sim,2023-08
Empresa 11466,202010,Não,Sim,2020-10
Empresa 1147,202306,Sim,Sim,2023-06
Empresa 11470,201912,Sim,Sim,2019-12
Empresa 11472,202202,Sim,Sim,2022-02
Empresa 11474,202105,Não,Sim,2021-05
Empresa 1148,202309,Sim,Sim,2023-09
Empresa 11482,202012,Sim,Sim,2020-12
Empresa 11484,202104,Sim,Sim,2021-04
Empresa 1149,202309,Não,Não,2023-09
Empresa 11490,202008,Não,Sim,2020-08
Empresa 11493,202107,Sim,Sim,2021-07
Empresa 115,202105,Sim,Sim,2021-05
Empresa 1150,202308,Sim,Sim,2023-08
Empresa 11502,202007,Não,Sim,2020-07
Empresa 11505,202008,Não,Não,2020-08
Empresa 1151,202310,Sim,Sim,2023-10
Empresa 11512,202005,Não,Sim,2020-05
Empresa 11513,202209,Não,Sim,2022-09
Empresa 1152,202309,Sim,Sim,2023-09
Empresa 11528,202101,Sim,Sim,2021-01
Empresa 1153,202205,Sim,Sim,2022-05
Empresa 11532,202008,Não,Sim,2020-08
Empresa 11534,202205,Não,Sim,2022-05
Empresa 11536,202012,Sim,Sim,2020-12
Empresa 1154,202310,Sim,Sim,2023-10
Empresa 11544,202104,Não,Sim,2021-04
Empresa 11547,201912,Sim,Sim,2019-12
Empresa 1155,202310,Não,Sim,2023-10
Empresa 1157,202310,Sim,Sim,2023-10
Empresa 11575,202305,Não,Sim,2023-05
Empresa 1158,202310,Sim,Sim,2023-10
Empresa 1159,202310,Sim,Sim,2023-10
Empresa 11591,202012,Sim,Sim,2020-12
Empresa 11593,202204,Não,Sim,2022-04
Empresa 116,202301,Sim,Sim,2023-01
Empresa 1160,202311,Não,Não,2023-11
Empresa 11604,201912,Sim,Sim,2019-12
Empresa 11606,202007,Sim,Sim,2020-07
Empresa 11608,202008,Não,Sim,2020-08
Empresa 1161,202110,Sim,Sim,2021-10
Empresa 11611,202011,Não,Sim,2020-11
Empresa 11626,201905,Não,Sim,2019-05
Empresa 1163,202311,Sim,Sim,2023-11
Empresa 11648,202007,Não,Sim,2020-07
Empresa 1166,202304,Sim,Sim,2023-04
Empresa 11660,202002,Sim,Sim,2020-02
Empresa 11662,202102,Não,Sim,2021-02
Empresa 11668,202205,Não,Sim,2022-05
Empresa 1167,202305,Não,Não,2023-05
Empresa 11672,202112,Não,Sim,2021-12
Empresa 1168,202311,Não,Não,2023-11
Empresa 11689,202210,Não,Sim,2022-10
Empresa 1169,202105,Sim,Sim,2021-05
Empresa 117,202104,Sim,Sim,2021-04
Empresa 1170,202105,Sim,Sim,2021-05
Empresa 11704,202207,Não,Não,2022-07
Empresa 1171,202010,Sim,Sim,2020-10
Empresa 11713,202211,Não,Sim,2022-11
Empresa 11715,202212,Não,Sim,2022-12
Empresa 1172,202102,Sim,Sim,2021-02
Empresa 11726,202007,Não,Sim,2020-07
Empresa 1173,202205,Sim,Sim,2022-05
Empresa 1174,202101,Sim,Sim,2021-01
Empresa 11740,202006,Não,Não,2020-06
Empresa 11746,202107,Não,Sim,2021-07
Empresa 1175,202101,Sim,Sim,2021-01
Empresa 1176,202204,Sim,Sim,2022-04
Empresa 1177,202104,Sim,Sim,2021-04
Empresa 11771,202304,Não,Sim,2023-04
Empresa 11772,202311,Não,Sim,2023-11
Empresa 1178,202105,Sim,Sim,2021-05
Empresa 11784,202205,Não,Sim,2022-05
Empresa 1179,202210,Sim,Sim,2022-10
Empresa 11790,202012,Não,Sim,2020-12
Empresa 118,202211,Sim,Sim,2022-11
Empresa 1180,202010,Sim,Sim,2020-10
Empresa 11802,202008,Não,Não,2020-08
Empresa 1181,202304,Sim,Sim,2023-04
Empresa 11811,202206,Sim,Sim,2022-06
Empresa 11812,202301,Não,Sim,2023-01
Empresa 1182,202304,Sim,Sim,2023-04
Empresa 1183,202104,Sim,Sim,2021-04
Empresa 11836,202007,Não,Sim,2020-07
Empresa 11838,202106,Não,Sim,2021-06
Empresa 1184,202305,Sim,Sim,2023-05
Empresa 11845,202208,Não,Sim,2022-08
Empresa 11849,202211,Não,Sim,2022-11
Empresa 1185,202111,Sim,Sim,2021-11
Empresa 11852,202212,Não,Sim,2022-12
Empresa 11854,202204,Sim,Sim,2022-04
Empresa 1186,202105,Sim,Sim,2021-05
Empresa 11860,202008,Não,Sim,2020-08
Empresa 1187,202309,Sim,Sim,2023-09
Empresa 11875,202012,Não,Não,2020-12
Empresa 1188,202308,Sim,Sim,2023-08
Empresa 11882,202209,Sim,Sim,2022-09
Empresa 11888,202207,Não,Sim,2022-07
Empresa 11892,202202,Sim,Sim,2022-02
Empresa 11893,202306,Não,Não,2023-06
Empresa 11895,202001,Sim,Sim,2020-01
Empresa 11897,202012,Não,Sim,2020-12
Empresa 119,202206,Sim,Sim,2022-06
Empresa 1190,202110,Sim,Sim,2021-10
Empresa 11904,202308,Não,Sim,2023-08
Empresa 11905,202110,Sim,Sim,2021-10
Empresa 1191,202211,Sim,Sim,2022-11
Empresa 11912,202310,Não,Sim,2023-10
Empresa 11913,202206,Não,Sim,2022-06
Empresa 11916,202008,Não,Sim,2020-08
Empresa 1192,202204,Sim,Sim,2022-04
Empresa 11927,202103,Não,Não,2021-03
Empresa 1193,202109,Sim,Sim,2021-09
Empresa 11930,201909,Sim,Sim,2019-09
Empresa 1194,202109,Sim,Sim,2021-09
Empresa 1195,202109,Sim,Sim,2021-09
Empresa 1196,202110,Sim,Sim,2021-10
Empresa 11962,202203,Não,Sim,2022-03
Empresa 11963,202308,Não,Não,2023-08
Empresa 11965,202004,Sim,Sim,2020-04
Empresa 11966,202109,Sim,Sim,2021-09
Empresa 1197,202109,Sim,Sim,2021-09
Empresa 11973,202008,Sim,Sim,2020-08
Empresa 1198,202212,Sim,Sim,2022-12
Empresa 11981,202303,Não,Não,2023-03
Empresa 11982,202310,Não,Não,2023-10
Empresa 1199,202109,Sim,Sim,2021-09
Empresa 12,202301,Sim,Sim,2023-01
Empresa 120,202106,Sim,Sim,2021-06
Empresa 1200,202210,Sim,Sim,2022-10
Empresa 12008,202105,Sim,Sim,2021-05
Empresa 1201,202110,Sim,Sim,2021-10
Empresa 1202,202108,Sim,Sim,2021-08
Empresa 12023,202205,Sim,Sim,2022-05
Empresa 12024,202311,Não,Sim,2023-11
Empresa 12026,202006,Não,Sim,2020-06
Empresa 12027,202002,Sim,Sim,2020-02
Empresa 12029,202002,Sim,Sim,2020-02
Empresa 1203,202206,Sim,Sim,2022-06
Empresa 1204,202111,Sim,Sim,2021-11
Empresa 12043,202201,Não,Não,2022-01
Empresa 12048,202201,Não,Sim,2022-01
Empresa 1205,202202,Sim,Sim,2022-02
Empresa 12058,202105,Não,Sim,2021-05
Empresa 1206,202202,Sim,Sim,2022-02
Empresa 12065,202002,Sim,Sim,2020-02
Empresa 12068,202102,Não,Sim,2021-02
Empresa 1207,202308,Não,Não,2023-08
Empresa 12077,202305,Não,Sim,2023-05
Empresa 12079,202209,Não,Sim,2022-09
Empresa 1208,202202,Sim,Sim,2022-02
Empresa 1209,202301,Sim,Sim,2023-01
Empresa 12095,202009,Não,Sim,2020-09
Empresa 121,202106,Sim,Sim,2021-06
Empresa 1210,202202,Sim,Sim,2022-02
Empresa 1211,202112,Sim,Sim,2021-12
Empresa 12110,202212,Não,Sim,2022-12
Empresa 12113,202210,Sim,Sim,2022-10
Empresa 12119,202112,Não,Sim,2021-12
Empresa 1212,202212,Sim,Sim,2022-12
Empresa 12122,202205,Não,Sim,2022-05
Empresa 12123,202008,Não,Sim,2020-08
Empresa 12126,202006,Não,Sim,2020-06
Empresa 12127,202105,Não,Sim,2021-05
Empresa 1213,202008,Sim,Sim,2020-08
Empresa 12130,202303,Não,Sim,2023-03
Empresa 12131,202104,Sim,Sim,2021-04
Empresa 12132,202002,Sim,Sim,2020-02
Empresa 12133,202301,Não,Sim,2023-01
Empresa 1214,202106,Sim,Sim,2021-06
Empresa 12144,202301,Não,Sim,2023-01
Empresa 1215,202012,Sim,Sim,2020-12
Empresa 1216,202105,Sim,Sim,2021-05
Empresa 1217,202201,Sim,Sim,2022-01
Empresa 12172,202103,Não,Sim,2021-03
Empresa 12176,202203,Sim,Sim,2022-03
Empresa 1218,202105,Sim,Sim,2021-05
Empresa 12184,202002,Sim,Sim,2020-02
Empresa 1219,202101,Sim,Sim,2021-01
Empresa 12190,202012,Não,Não,2020-12
Empresa 12196,202101,Não,Sim,2021-01
Empresa 12197,202108,Sim,Sim,2021-08
Empresa 122,202210,Sim,Sim,2022-10
Empresa 1220,202207,Sim,Sim,2022-07
Empresa 12202,202109,Sim,Sim,2021-09
Empresa 1221,202301,Sim,Sim,2023-01
Empresa 1222,202302,Sim,Sim,2023-02
Empresa 12220,202007,Não,Sim,2020-07
Empresa 12229,202207,Sim,Sim,2022-07
Empresa 1223,202302,Sim,Sim,2023-02
Empresa 12231,202209,Não,Sim,2022-09
Empresa 12234,202110,Sim,Sim,2021-10
Empresa 1224,202301,Sim,Sim,2023-01
Empresa 12244,202103,Não,Sim,2021-03
Empresa 12248,202205,Não,Sim,2022-05
Empresa 1225,202303,Sim,Sim,2023-03
Empresa 12251,202002,Sim,Sim,2020-02
Empresa 12256,202012,Não,Sim,2020-12
Empresa 1226,202303,Sim,Sim,2023-03
Empresa 1227,202201,Sim,Sim,2022-01
Empresa 12271,201908,Não,Sim,2019-08
Empresa 1228,202305,Sim,Sim,2023-05
Empresa 12280,202303,Não,Sim,2023-03
Empresa 12283,201908,Sim,Sim,2019-08
Empresa 1229,202306,Sim,Sim,2023-06
Empresa 12292,202206,Não,Sim,2022-06
Empresa 12296,202007,Não,Sim,2020-07
Empresa 123,202106,Sim,Sim,2021-06
Empresa 1230,202305,Sim,Sim,2023-05
Empresa 12300,202007,Não,Sim,2020-07
Empresa 1231,202307,Sim,Sim,2023-07
Empresa 12318,202105,Sim,Sim,2021-05
Empresa 1232,202302,Sim,Sim,2023-02
Empresa 1233,202304,Sim,Sim,2023-04
Empresa 1234,202307,Sim,Sim,2023-07
Empresa 12341,202012,Sim,Sim,2020-12
Empresa 12342,202310,Não,Sim,2023-10
Empresa 12346,202206,Não,Sim,2022-06
Empresa 12349,202007,Não,Sim,2020-07
Empresa 1235,202308,Sim,Sim,2023-08
Empresa 12355,202002,Sim,Sim,2020-02
Empresa 12357,202208,Não,Não,2022-08
Empresa 1236,202112,Sim,Sim,2021-12
Empresa 12366,202205,Não,Sim,2022-05
Empresa 1237,202308,Não,Não,2023-08
Empresa 1238,202310,Sim,Sim,2023-10
Empresa 12387,202111,Não,Sim,2021-11
Empresa 12388,202205,Não,Não,2022-05
Empresa 1239,202310,Sim,Sim,2023-10
Empresa 124,202110,Sim,Sim,2021-10
Empresa 1240,202209,Sim,Sim,2022-09
Empresa 12407,202107,Não,Não,2021-07
Empresa 1241,202212,Sim,Sim,2022-12
Empresa 12410,202003,Sim,Sim,2020-03
Empresa 12412,202101,Não,Sim,2021-01
Empresa 1242,202212,Sim,Sim,2022-12
Empresa 1243,202212,Sim,Sim,2022-12
Empresa 12431,202310,Não,Não,2023-10
Empresa 12437,202003,Sim,Sim,2020-03
Empresa 1244,202212,Sim,Sim,2022-12
Empresa 1245,202212,Sim,Sim,2022-12
Empresa 12453,202010,Sim,Sim,2020-10
Empresa 12454,202007,Não,Sim,2020-07
Empresa 12458,202205,Não,Sim,2022-05
Empresa 1246,202212,Sim,Sim,2022-12
Empresa 12460,202006,Não,Sim,2020-06
Empresa 12462,202007,Não,Sim,2020-07
Empresa 12466,202004,Sim,Sim,2020-04
Empresa 12468,202012,Não,Sim,2020-12
Empresa 1247,202302,Não,Não,2023-02
Empresa 12473,202104,Sim,Sim,2021-04
Empresa 12474,202003,Sim,Sim,2020-03
Empresa 1248,202301,Sim,Sim,2023-01
Empresa 12480,202007,Não,Sim,2020-07
Empresa 12481,202002,Sim,Sim,2020-02
Empresa 1249,202301,Sim,Sim,2023-01
Empresa 12492,202103,Não,Não,2021-03
Empresa 125,202106,Sim,Sim,2021-06
Empresa 1250,202302,Sim,Sim,2023-02
Empresa 12503,202008,Não,Sim,2020-08
Empresa 1251,202301,Sim,Sim,2023-01
Empresa 1252,202302,Sim,Sim,2023-02
Empresa 12525,202112,Não,Sim,2021-12
Empresa 12526,202212,Sim,Sim,2022-12
Empresa 1253,202302,Sim,Sim,2023-02
Empresa 12535,202101,Não,Sim,2021-01
Empresa 1254,202212,Sim,Sim,2022-12
Empresa 12547,202012,Sim,Sim,2020-12
Empresa 1255,202302,Sim,Sim,2023-02
Empresa 1256,202302,Sim,Sim,2023-02
Empresa 12561,202212,Não,Sim,2022-12
Empresa 12564,202012,Não,Sim,2020-12
Empresa 12566,202103,Sim,Sim,2021-03
Empresa 1257,202302,Sim,Sim,2023-02
Empresa 12572,202301,Não,Sim,2023-01
Empresa 12576,202212,Não,Sim,2022-12
Empresa 1258,202301,Sim,Sim,2023-01
Empresa 12589,202007,Não,Sim,2020-07
Empresa 1259,202302,Sim,Sim,2023-02
Empresa 12596,202207,Sim,Sim,2022-07
Empresa 126,202104,Sim,Sim,2021-04
Empresa 1260,202301,Sim,Sim,2023-01
Empresa 12607,202305,Não,Não,2023-05
Empresa 1261,202301,Sim,Sim,2023-01
Empresa 1262,202301,Sim,Sim,2023-01
Empresa 1263,202302,Sim,Sim,2023-02
Empresa 12638,202103,Não,Sim,2021-03
Empresa 12639,202104,Sim,Sim,2021-04
Empresa 1264,202302,Sim,Sim,2023-02
Empresa 12641,202009,Não,Sim,2020-09
Empresa 12642,202102,Não,Sim,2021-02
Empresa 12644,202201,Não,Sim,2022-01
Empresa 12645,202105,Não,Sim,2021-05
Empresa 1265,202301,Sim,Sim,2023-01
Empresa 12653,202303,Não,Não,2023-03
Empresa 12659,202303,Não,Não,2023-03
Empresa 1266,202212,Sim,Sim,2022-12
Empresa 12666,202304,Não,Sim,2023-04
Empresa 12668,202204,Não,Sim,2022-04
Empresa 1267,202302,Sim,Sim,2023-02
Empresa 12678,202001,Sim,Sim,2020-01
Empresa 12679,202007,Sim,Sim,2020-07
Empresa 1268,202302,Sim,Sim,2023-02
Empresa 12681,202305,Não,Sim,2023-05
Empresa 12685,202305,Não,Não,2023-05
Empresa 12686,202112,Sim,Sim,2021-12
Empresa 12687,202008,Não,Sim,2020-08
Empresa 1269,202301,Sim,Sim,2023-01
Empresa 12691,202108,Sim,Sim,2021-08
Empresa 12697,202211,Não,Sim,2022-11
Empresa 127,202210,Sim,Sim,2022-10
Empresa 1270,202303,Sim,Sim,2023-03
Empresa 1271,202302,Sim,Sim,2023-02
Empresa 12710,202012,Sim,Sim,2020-12
Empresa 12715,202311,Não,Não,2023-11
Empresa 1272,202304,Não,Não,2023-04
Empresa 1273,202303,Sim,Sim,2023-03
Empresa 12734,201912,Sim,Sim,2019-12
Empresa 12739,202007,Não,Sim,2020-07
Empresa 1274,202301,Sim,Sim,2023-01
Empresa 12740,202006,Sim,Sim,2020-06
Empresa 12741,202109,Sim,Sim,2021-09
Empresa 12746,202006,Não,Sim,2020-06
Empresa 1275,202303,Sim,Sim,2023-03
Empresa 12750,202008,Não,Sim,2020-08
Empresa 12753,202308,Não,Não,2023-08
Empresa 1276,202303,Sim,Sim,2023-03
Empresa 12761,202012,Sim,Sim,2020-12
Empresa 12762,202305,Não,Sim,2023-05
Empresa 12766,202107,Não,Sim,2021-07
Empresa 12767,202008,Sim,Sim,2020-08
Empresa 1277,202302,Sim,Sim,2023-02
Empresa 1278,202303,Sim,Sim,2023-03
Empresa 12782,202012,Não,Sim,2020-12
Empresa 12785,202107,Não,Sim,2021-07
Empresa 1279,202302,Sim,Sim,2023-02
Empresa 128,202106,Sim,Sim,2021-06
Empresa 1280,202303,Sim,Sim,2023-03
Empresa 12803,202309,Não,Não,2023-09
Empresa 12804,202004,Não,Sim,2020-04
Empresa 12809,202111,Não,Não,2021-11
Empresa 1281,202303,Sim,Sim,2023-03
Empresa 1282,202304,Sim,Sim,2023-04
Empresa 12822,202310,Não,Sim,2023-10
Empresa 12827,202203,Não,Sim,2022-03
Empresa 12829,202002,Sim,Sim,2020-02
Empresa 1283,202301,Sim,Sim,2023-01
Empresa 12832,202011,Não,Sim,2020-11
Empresa 1284,202305,Sim,Sim,2023-05
Empresa 12841,202003,Sim,Sim,2020-03
Empresa 12843,202002,Não,Sim,2020-02
Empresa 12844,202112,Sim,Sim,2021-12
Empresa 12849,202101,Não,Sim,2021-01
Empresa 1285,202304,Sim,Sim,2023-04
Empresa 1286,202305,Sim,Sim,2023-05
Empresa 1287,202302,Sim,Sim,2023-02
Empresa 12871,202108,Não,Sim,2021-08
Empresa 12874,202212,Não,Sim,2022-12
Empresa 1288,202302,Sim,Sim,2023-02
Empresa 12886,202003,Sim,Sim,2020-03
Empresa 12887,202107,Sim,Sim,2021-07
Empresa 12888,202008,Não,Sim,2020-08
Empresa 1289,202307,Sim,Sim,2023-07
Empresa 12890,202002,Sim,Sim,2020-02
Empresa 12894,202208,Não,Sim,2022-08
Empresa 129,202106,Sim,Sim,2021-06
Empresa 1290,202307,Sim,Sim,2023-07
Empresa 12901,202208,Não,Sim,2022-08
Empresa 12905,202104,Não,Sim,2021-04
Empresa 1291,202307,Sim,Sim,2023-07
Empresa 1292,202301,Sim,Sim,2023-01
Empresa 12922,202102,Sim,Sim,2021-02
Empresa 12925,202109,Sim,Sim,2021-09
Empresa 12928,201907,Sim,Sim,2019-07
Empresa 12929,202309,Não,Não,2023-09
Empresa 1293,202308,Sim,Sim,2023-08
Empresa 12935,202211,Não,Sim,2022-11
Empresa 1294,202309,Sim,Sim,2023-09
Empresa 12941,202008,Não,Sim,2020-08
Empresa 12945,202008,Não,Sim,2020-08
Empresa 1295,202309,Sim,Sim,2023-09
Empresa 12950,202211,Sim,Sim,2022-11
Empresa 12951,202209,Não,Sim,2022-09
Empresa 12957,202004,Sim,Sim,2020-04
Empresa 12959,202310,Não,Sim,2023-10
Empresa 1296,202302,Sim,Sim,2023-02
Empresa 12960,202005,Sim,Sim,2020-05
Empresa 12968,202004,Não,Sim,2020-04
Empresa 1297,202310,Sim,Sim,2023-10
Empresa 1298,202104,Sim,Sim,2021-04
Empresa 12986,202101,Sim,Sim,2021-01
Empresa 1299,202101,Sim,Sim,2021-01
Empresa 13,202210,Sim,Sim,2022-10
Empresa 130,202106,Sim,Sim,2021-06
Empresa 1300,202103,Sim,Sim,2021-03
Empresa 13000,202112,Não,Sim,2021-12
Empresa 13004,202212,Não,Sim,2022-12
Empresa 1301,202102,Sim,Sim,2021-02
Empresa 13012,202210,Não,Sim,2022-10
Empresa 1302,202207,Sim,Sim,2022-07
Empresa 13021,202307,Não,Sim,2023-07
Empresa 13028,202205,Não,Não,2022-05
Empresa 1303,202105,Não,Não,2021-05
Empresa 1304,202101,Sim,Sim,2021-01
Empresa 1305,202205,Sim,Sim,2022-05
Empresa 1306,202201,Não,Não,2022-01
Empresa 13060,202107,Não,Sim,2021-07
Empresa 13066,202101,Não,Sim,2021-01
Empresa 13067,202207,Não,Sim,2022-07
Empresa 1307,202206,Sim,Sim,2022-06
Empresa 13073,202105,Não,Sim,2021-05
Empresa 13077,201912,Não,Sim,2019-12
Empresa 1308,202104,Sim,Sim,2021-04
Empresa 13083,202205,Não,Sim,2022-05
Empresa 13084,202012,Sim,Sim,2020-12
Empresa 1309,202110,Sim,Sim,2021-10
Empresa 13097,202003,Não,Não,2020-03
Empresa 131,202105,Sim,Sim,2021-05
Empresa 1310,202012,Sim,Sim,2020-12
Empresa 13100,202104,Não,Sim,2021-04
Empresa 1311,202205,Sim,Sim,2022-05
Empresa 13117,202108,Não,Sim,2021-08
Empresa 1312,202206,Sim,Sim,2022-06
Empresa 13123,202106,Sim,Sim,2021-06
Empresa 13125,202103,Sim,Sim,2021-03
Empresa 13127,202304,Não,Sim,2023-04
Empresa 1313,202012,Sim,Sim,2020-12
Empresa 13136,202103,Não,Sim,2021-03
Empresa 13139,202110,Não,Sim,2021-10
Empresa 1314,202103,Sim,Sim,2021-03
Empresa 13143,202303,Não,Não,2023-03
Empresa 13144,202212,Não,Sim,2022-12
Empresa 13146,202304,Não,Sim,2023-04
Empresa 13147,202002,Sim,Sim,2020-02
Empresa 1315,202012,Sim,Sim,2020-12
Empresa 13155,202301,Não,Sim,2023-01
Empresa 1316,202012,Sim,Sim,2020-12
Empresa 1317,202202,Sim,Sim,2022-02
Empresa 13179,202012,Não,Sim,2020-12
Empresa 1318,202101,Sim,Sim,2021-01
Empresa 1319,202101,Sim,Sim,2021-01
Empresa 132,202112,Sim,Sim,2021-12
Empresa 1320,202012,Sim,Sim,2020-12
Empresa 13202,202102,Sim,Sim,2021-02
Empresa 1321,202209,Sim,Sim,2022-09
Empresa 13211,202202,Não,Sim,2022-02
Empresa 1322,202202,Sim,Sim,2022-02
Empresa 13220,202102,Não,Sim,2021-02
Empresa 13228,202105,Não,Não,2021-05
Empresa 1323,202101,Sim,Sim,2021-01
Empresa 13230,202306,Não,Sim,2023-06
Empresa 1324,202103,Sim,Sim,2021-03
Empresa 13244,202002,Sim,Sim,2020-02
Empresa 1325,202211,Sim,Sim,2022-11
Empresa 1326,202011,Sim,Sim,2020-11
Empresa 13261,202010,Sim,Sim,2020-10
Empresa 1327,202106,Sim,Sim,2021-06
Empresa 13271,202008,Não,Sim,2020-08
Empresa 1328,202106,Sim,Sim,2021-06
Empresa 13287,202103,Não,Não,2021-03
Empresa 1329,202103,Sim,Sim,2021-03
Empresa 13296,202012,Sim,Sim,2020-12
Empresa 13299,202302,Não,Sim,2023-02
Empresa 133,202106,Sim,Sim,2021-06
Empresa 1330,202101,Sim,Sim,2021-01
Empresa 13307,202106,Não,Sim,2021-06
Empresa 1331,202101,Sim,Sim,2021-01
Empresa 13312,202012,Não,Não,2020-12
Empresa 13315,202209,Não,Sim,2022-09
Empresa 13316,202002,Sim,Sim,2020-02
Empresa 1332,202210,Sim,Sim,2022-10
Empresa 1333,202107,Sim,Sim,2021-07
Empresa 13339,202109,Sim,Sim,2021-09
Empresa 1334,202101,Sim,Sim,2021-01
Empresa 13341,202007,Sim,Sim,2020-07
Empresa 13347,202007,Não,Sim,2020-07
Empresa 13349,202204,Não,Sim,2022-04
Empresa 1335,202103,Sim,Sim,2021-03
Empresa 13350,202012,Não,Sim,2020-12
Empresa 13354,202006,Não,Sim,2020-06
Empresa 13356,202008,Não,Sim,2020-08
Empresa 13359,202007,Não,Sim,2020-07
Empresa 1336,202107,Sim,Sim,2021-07
Empresa 1337,202204,Sim,Sim,2022-04
Empresa 1338,202205,Sim,Sim,2022-05
Empresa 13387,202108,Não,Não,2021-08
Empresa 1339,202105,Não,Não,2021-05
Empresa 13395,201911,Sim,Sim,2019-11
Empresa 13398,202010,Sim,Sim,2020-10
Empresa 134,202106,Sim,Sim,2021-06
Empresa 1340,202110,Sim,Sim,2021-10
Empresa 13405,202012,Sim,Sim,2020-12
Empresa 13408,202308,Não,Não,2023-08
Empresa 1341,202210,Sim,Sim,2022-10
Empresa 13415,202007,Não,Sim,2020-07
Empresa 13416,202303,Não,Sim,2023-03
Empresa 13418,202006,Não,Sim,2020-06
Empresa 1342,202108,Sim,Sim,2021-08
Empresa 1343,202104,Sim,Sim,2021-04
Empresa 13432,202103,Não,Sim,2021-03
Empresa 13438,202110,Sim,Sim,2021-10
Empresa 1344,202107,Sim,Sim,2021-07
Empresa 13445,202304,Não,Sim,2023-04
Empresa 13449,202212,Não,Sim,2022-12
Empresa 1345,202112,Sim,Sim,2021-12
Empresa 13452,202308,Não,Sim,2023-08
Empresa 1346,202102,Sim,Sim,2021-02
Empresa 13464,202203,Não,Sim,2022-03
Empresa 13465,202012,Sim,Sim,2020-12
Empresa 13468,202205,Não,Não,2022-05
Empresa 1347,202103,Sim,Sim,2021-03
Empresa 13471,202002,Sim,Sim,2020-02
Empresa 13474,202305,Não,Sim,2023-05
Empresa 13476,202304,Não,Sim,2023-04
Empresa 13479,202306,Não,Não,2023-06
Empresa 1348,202210,Sim,Sim,2022-10
Empresa 13489,202207,Não,Sim,2022-07
Empresa 1349,202212,Sim,Sim,2022-12
Empresa 13493,202107,Não,Sim,2021-07
Empresa 13495,202209,Não,Sim,2022-09
Empresa 135,202111,Sim,Sim,2021-11
Empresa 1350,202106,Sim,Sim,2021-06
Empresa 13502,202112,Não,Sim,2021-12
Empresa 13505,202105,Sim,Sim,2021-05
Empresa 1351,202202,Não,Não,2022-02
Empresa 13510,202212,Não,Sim,2022-12
Empresa 13511,202007,Não,Sim,2020-07
Empresa 13514,202208,Não,Não,2022-08
Empresa 13515,201912,Não,Sim,2019-12
Empresa 13516,202012,Sim,Sim,2020-12
Empresa 1352,202104,Sim,Sim,2021-04
Empresa 13521,202302,Não,Sim,2023-02
Empresa 13522,202002,Sim,Sim,2020-02
Empresa 13528,202109,Sim,Sim,2021-09
Empresa 1353,202103,Sim,Sim,2021-03
Empresa 13533,202208,Não,Sim,2022-08
Empresa 13534,202112,Sim,Sim,2021-12
Empresa 1354,202012,Sim,Sim,2020-12
Empresa 13547,202307,Não,Não,2023-07
Empresa 1355,202308,Não,Não,2023-08
Empresa 1356,202111,Sim,Sim,2021-11
Empresa 13562,202205,Não,Não,2022-05
Empresa 13567,202107,Sim,Sim,2021-07
Empresa 1357,202107,Sim,Sim,2021-07
Empresa 13572,202211,Não,Sim,2022-11
Empresa 13573,202005,Sim,Sim,2020-05
Empresa 13579,202203,Não,Sim,2022-03
Empresa 1358,202206,Sim,Sim,2022-06
Empresa 1359,202103,Sim,Sim,2021-03
Empresa 13592,202308,Não,Sim,2023-08
Empresa 13595,202204,Não,Sim,2022-04
Empresa 136,202109,Sim,Sim,2021-09
Empresa 1360,202107,Sim,Sim,2021-07
Empresa 13603,202209,Sim,Sim,2022-09
Empresa 13604,202303,Não,Sim,2023-03
Empresa 13607,202305,Não,Sim,2023-05
Empresa 1361,202101,Sim,Sim,2021-01
Empresa 13615,202109,Sim,Sim,2021-09
Empresa 13619,202011,Sim,Sim,2020-11
Empresa 1362,202304,Sim,Sim,2023-04
Empresa 13620,202211,Não,Sim,2022-11
Empresa 13621,202107,Não,Sim,2021-07
Empresa 13628,202103,Sim,Sim,2021-03
Empresa 1363,202305,Sim,Sim,2023-05
Empresa 13638,202210,Não,Sim,2022-10
Empresa 1364,202012,Sim,Sim,2020-12
Empresa 13640,201909,Sim,Sim,2019-09
Empresa 13644,202110,Sim,Sim,2021-10
Empresa 1365,202304,Sim,Sim,2023-04
Empresa 13650,202006,Sim,Sim,2020-06
Empresa 13655,202109,Não,Sim,2021-09
Empresa 1366,202301,Sim,Sim,2023-01
Empresa 13663,202301,Não,Sim,2023-01
Empresa 1367,202101,Sim,Sim,2021-01
Empresa 13672,202103,Não,Sim,2021-03
Empresa 13675,202002,Não,Não,2020-02
Empresa 1368,202110,Sim,Sim,2021-10
Empresa 13682,202002,Sim,Sim,2020-02
Empresa 13685,202008,Não,Sim,2020-08
Empresa 13686,202008,Não,Sim,2020-08
Empresa 1369,202101,Sim,Sim,2021-01
Empresa 13692,202209,Sim,Sim,2022-09
Empresa 13696,202205,Não,Sim,2022-05
Empresa 137,202207,Sim,Sim,2022-07
Empresa 1370,202304,Sim,Sim,2023-04
Empresa 13700,202301,Não,Sim,2023-01
Empresa 1371,202206,Sim,Sim,2022-06
Empresa 1372,202306,Sim,Sim,2023-06
Empresa 13721,202103,Não,Não,2021-03
Empresa 13729,202102,Não,Sim,2021-02
Empresa 1373,202203,Sim,Sim,2022-03
Empresa 13736,202112,Não,Sim,2021-12
Empresa 1374,202106,Sim,Sim,2021-06
Empresa 1375,202306,Sim,Sim,2023-06
Empresa 13750,201912,Sim,Sim,2019-12
Empresa 13751,202110,Sim,Sim,2021-10
Empresa 13753,202012,Sim,Sim,2020-12
Empresa 13755,202009,Não,Sim,2020-09
Empresa 13759,202311,Não,Não,2023-11
Empresa 1376,202012,Sim,Sim,2020-12
Empresa 1377,202306,Sim,Sim,2023-06
Empresa 13771,202106,Sim,Sim,2021-06
Empresa 13774,202107,Não,Sim,2021-07
Empresa 1378,202305,Sim,Sim,2023-05
Empresa 13788,202109,Sim,Sim,2021-09
Empresa 1379,202304,Sim,Sim,2023-04
Empresa 13792,202204,Sim,Sim,2022-04
Empresa 138,202207,Sim,Sim,2022-07
Empresa 1380,202111,Sim,Sim,2021-11
Empresa 1381,202307,Sim,Sim,2023-07
Empresa 13817,202108,Sim,Sim,2021-08
Empresa 1382,202109,Sim,Sim,2021-09
Empresa 1383,202101,Sim,Sim,2021-01
Empresa 13832,202107,Não,Sim,2021-07
Empresa 13839,202101,Não,Sim,2021-01
Empresa 1384,202307,Sim,Sim,2023-07
Empresa 13840,202211,Não,Sim,2022-11
Empresa 1385,202108,Sim,Sim,2021-08
Empresa 13852,202005,Sim,Sim,2020-05
Empresa 1386,202307,Sim,Sim,2023-07
Empresa 13867,202204,Não,Não,2022-04
Empresa 1387,202101,Sim,Sim,2021-01
Empresa 13879,202307,Não,Sim,2023-07
Empresa 1388,202110,Sim,Sim,2021-10
Empresa 13885,202011,Não,Sim,2020-11
Empresa 1389,202103,Sim,Sim,2021-03
Empresa 13890,202106,Sim,Sim,2021-06
Empresa 13892,202011,Sim,Sim,2020-11
Empresa 139,202106,Sim,Sim,2021-06
Empresa 1390,202209,Sim,Sim,2022-09
Empresa 13902,202304,Não,Não,2023-04
Empresa 13907,202303,Não,Sim,2023-03
Empresa 1391,202308,Sim,Sim,2023-08
Empresa 1392,202309,Sim,Sim,2023-09
Empresa 13928,202012,Sim,Sim,2020-12
Empresa 1393,202101,Sim,Sim,2021-01
Empresa 13933,202008,Sim,Sim,2020-08
Empresa 13938,202103,Não,Sim,2021-03
Empresa 1394,202311,Não,Sim,2023-11
Empresa 13941,202307,Não,Sim,2023-07
Empresa 13942,201912,Sim,Sim,2019-12
Empresa 1395,202308,Sim,Sim,2023-08
Empresa 1396,202310,Sim,Sim,2023-10
Empresa 13961,202002,Sim,Sim,2020-02
Empresa 13967,202011,Sim,Sim,2020-11
Empresa 1397,202108,Não,Não,2021-08
Empresa 13978,202302,Não,Sim,2023-02
Empresa 1398,202101,Sim,Sim,2021-01
Empresa 13986,202202,Não,Não,2022-02
Empresa 13987,202012,Não,Sim,2020-12
Empresa 1399,202011,Sim,Sim,2020-11
Empresa 13995,202109,Não,Não,2021-09
Empresa 13997,202106,Não,Sim,2021-06
Empresa 13998,202111,Sim,Sim,2021-11
Empresa 13999,202301,Não,Sim,2023-01
Empresa 14,202208,Sim,Sim,2022-08
Empresa 140,202106,Sim,Sim,2021-06
Empresa 1400,202012,Sim,Sim,2020-12
Empresa 14000,202101,Sim,Sim,2021-01
Empresa 14005,202007,Não,Sim,2020-07
Empresa 14006,202203,Sim,Sim,2022-03
Empresa 1401,202010,Sim,Sim,2020-10
Empresa 14014,202212,Não,Sim,2022-12
Empresa 14016,202208,Não,Sim,2022-08
Empresa 1402,202010,Sim,Sim,2020-10
Empresa 14022,202101,Não,Sim,2021-01
Empresa 1403,202011,Sim,Sim,2020-11
Empresa 1404,202011,Sim,Sim,2020-11
Empresa 14046,202110,Não,Sim,2021-10
Empresa 14049,202305,Não,Não,2023-05
Empresa 1405,202011,Sim,Sim,2020-11
Empresa 14054,202202,Sim,Sim,2022-02
Empresa 14057,201911,Sim,Sim,2019-11
Empresa 1406,202011,Sim,Sim,2020-11
Empresa 14069,202212,Não,Sim,2022-12
Empresa 1407,202011,Sim,Sim,2020-11
Empresa 14078,202206,Sim,Sim,2022-06
Empresa 1408,202011,Sim,Sim,2020-11
Empresa 14081,202012,Não,Sim,2020-12
Empresa 14085,202007,Não,Sim,2020-07
Empresa 1409,202011,Sim,Sim,2020-11
Empresa 14090,202007,Não,Sim,2020-07
Empresa 14093,202008,Sim,Sim,2020-08
Empresa 14094,202309,Não,Sim,2023-09
Empresa 14098,202112,Sim,Sim,2021-12
Empresa 141,202106,Sim,Sim,2021-06
Empresa 1410,202101,Sim,Sim,2021-01
Empresa 14104,202007,Não,Sim,2020-07
Empresa 1411,202010,Sim,Sim,2020-10
Empresa 1412,202102,Sim,Sim,2021-02
Empresa 14121,202212,Sim,Sim,2022-12
Empresa 1413,202011,Sim,Sim,2020-11
Empresa 14132,202303,Não,Sim,2023-03
Empresa 1414,202104,Sim,Sim,2021-04
Empresa 14142,202101,Sim,Sim,2021-01
Empresa 14145,202304,Não,Sim,2023-04
Empresa 14148,202210,Não,Não,2022-10
Empresa 1415,202106,Sim,Sim,2021-06
Empresa 14151,202209,Sim,Sim,2022-09
Empresa 1416,202010,Sim,Sim,2020-10
Empresa 14161,202203,Sim,Sim,2022-03
Empresa 14169,202012,Não,Sim,2020-12
Empresa 1417,202102,Sim,Sim,2021-02
Empresa 14170,202007,Não,Sim,2020-07
Empresa 1418,202112,Sim,Sim,2021-12
Empresa 14189,202210,Não,Sim,2022-10
Empresa 1419,202010,Sim,Sim,2020-10
Empresa 14198,202110,Sim,Sim,2021-10
Empresa 142,202106,Sim,Sim,2021-06
Empresa 1420,202010,Sim,Sim,2020-10
Empresa 14203,202308,Não,Sim,2023-08
Empresa 14207,202105,Não,Sim,2021-05
Empresa 14209,202006,Não,Sim,2020-06
Empresa 1421,202011,Sim,Sim,2020-11
Empresa 14210,202102,Não,Sim,2021-02
Empresa 1422,202102,Sim,Sim,2021-02
Empresa 14223,202006,Sim,Sim,2020-06
Empresa 14225,202102,Não,Sim,2021-02
Empresa 1423,202010,Sim,Sim,2020-10
Empresa 1424,202103,Sim,Sim,2021-03
Empresa 14242,202204,Sim,Sim,2022-04
Empresa 1425,202107,Sim,Sim,2021-07
Empresa 14250,202310,Não,Não,2023-10
Empresa 14255,202112,Não,Sim,2021-12
Empresa 1426,202106,Sim,Sim,2021-06
Empresa 14267,202204,Sim,Sim,2022-04
Empresa 1427,202108,Sim,Sim,2021-08
Empresa 14274,202212,Não,Sim,2022-12
Empresa 14275,202302,Não,Sim,2023-02
Empresa 14276,202108,Não,Sim,2021-08
Empresa 14279,202010,Sim,Sim,2020-10
Empresa 1428,202010,Sim,Sim,2020-10
Empresa 14281,202011,Não,Sim,2020-11
Empresa 14286,202003,Sim,Sim,2020-03
Empresa 14288,202101,Não,Sim,2021-01
Empresa 1429,202106,Sim,Sim,2021-06
Empresa 14297,202012,Não,Sim,2020-12
Empresa 143,202106,Sim,Sim,2021-06
Empresa 1430,202011,Sim,Sim,2020-11
Empresa 14301,202005,Sim,Sim,2020-05
Empresa 1431,202102,Sim,Sim,2021-02
Empresa 14311,201905,Sim,Sim,2019-05
Empresa 14315,202205,Sim,Sim,2022-05
Empresa 14316,202212,Não,Sim,2022-12
Empresa 1432,202102,Sim,Sim,2021-02
Empresa 14322,202103,Sim,Sim,2021-03
Empresa 1433,202102,Sim,Sim,2021-02
Empresa 14332,202007,Não,Sim,2020-07
Empresa 1434,202102,Sim,Sim,2021-02
Empresa 14341,202207,Não,Sim,2022-07
Empresa 14344,202009,Não,Sim,2020-09
Empresa 1435,202101,Sim,Sim,2021-01
Empresa 14353,202205,Não,Sim,2022-05
Empresa 1436,202101,Sim,Sim,2021-01
Empresa 1437,202102,Sim,Sim,2021-02
Empresa 14375,202012,Sim,Sim,2020-12
Empresa 14379,202111,Sim,Sim,2021-11
Empresa 1438,202010,Sim,Sim,2020-10
Empresa 14380,201911,Sim,Sim,2019-11
Empresa 14385,202108,Não,Sim,2021-08
Empresa 1439,202012,Sim,Sim,2020-12
Empresa 14391,202301,Não,Sim,2023-01
Empresa 14393,202107,Não,Sim,2021-07
Empresa 14396,202112,Não,Sim,2021-12
Empresa 144,202104,Sim,Sim,2021-04
Empresa 1440,202110,Sim,Sim,2021-10
Empresa 1441,202111,Sim,Sim,2021-11
Empresa 1442,202011,Sim,Sim,2020-11
Empresa 14421,202302,Não,Sim,2023-02
Empresa 1443,202301,Sim,Sim,2023-01
Empresa 14434,202104,Não,Sim,2021-04
Empresa 1444,202012,Sim,Sim,2020-12
Empresa 14440,202001,Não,Sim,2020-01
Empresa 14442,202305,Não,Não,2023-05
Empresa 14444,202011,Não,Não,2020-11
Empresa 14448,202205,Não,Sim,2022-05
Empresa 1445,202304,Não,Não,2023-04
Empresa 14457,202111,Não,Sim,2021-11
Empresa 1446,202110,Sim,Sim,2021-10
Empresa 1447,202011,Sim,Sim,2020-11
Empresa 1448,202101,Sim,Sim,2021-01
Empresa 14485,202305,Não,Sim,2023-05
Empresa 1449,202106,Sim,Sim,2021-06
Empresa 14490,202001,Sim,Sim,2020-01
Empresa 14491,202111,Sim,Sim,2021-11
Empresa 14492,202012,Não,Sim,2020-12
Empresa 145,202111,Sim,Sim,2021-11
Empresa 1450,202010,Sim,Sim,2020-10
Empresa 14502,202304,Não,Não,2023-04
Empresa 1451,202205,Sim,Sim,2022-05
Empresa 14515,202012,Não,Não,2020-12
Empresa 14516,202007,Não,Sim,2020-07
Empresa 14517,202004,Não,Sim,2020-04
Empresa 14518,202205,Não,Não,2022-05
Empresa 1452,202105,Sim,Sim,2021-05
Empresa 1453,202012,Sim,Sim,2020-12
Empresa 1454,202303,Sim,Sim,2023-03
Empresa 14540,202207,Sim,Sim,2022-07
Empresa 14541,202006,Não,Não,2020-06
Empresa 14543,202202,Sim,Sim,2022-02
Empresa 14547,202109,Sim,Sim,2021-09
Empresa 14549,202301,Não,Sim,2023-01
Empresa 1455,202110,Sim,Sim,2021-10
Empresa 14550,202001,Sim,Sim,2020-01
Empresa 14551,202303,Não,Sim,2023-03
Empresa 1456,202211,Sim,Sim,2022-11
Empresa 14567,202105,Sim,Sim,2021-05
Empresa 1457,202307,Sim,Sim,2023-07
Empresa 14570,202310,Não,Sim,2023-10
Empresa 14576,202303,Não,Sim,2023-03
Empresa 1458,202010,Sim,Sim,2020-10
Empresa 14580,202009,Sim,Sim,2020-09
Empresa 14586,202007,Não,Sim,2020-07
Empresa 14588,202206,Sim,Sim,2022-06
Empresa 14589,202007,Não,Sim,2020-07
Empresa 1459,202012,Sim,Sim,2020-12
Empresa 14596,202109,Não,Sim,2021-09
Empresa 146,202106,Sim,Sim,2021-06
Empresa 1460,202101,Sim,Sim,2021-01
Empresa 1461,202101,Sim,Sim,2021-01
Empresa 1462,202008,Sim,Sim,2020-08
Empresa 14625,202003,Não,Não,2020-03
Empresa 1463,202101,Sim,Sim,2021-01
Empresa 14631,202006,Não,Sim,2020-06
Empresa 14634,202011,Sim,Sim,2020-11
Empresa 14639,202212,Não,Sim,2022-12
Empresa 1464,202109,Sim,Sim,2021-09
Empresa 14649,202007,Não,Sim,2020-07
Empresa 1465,202108,Sim,Sim,2021-08
Empresa 14658,202306,Não,Sim,2023-06
Empresa 1466,202109,Sim,Sim,2021-09
Empresa 1467,202110,Sim,Sim,2021-10
Empresa 14670,202109,Sim,Sim,2021-09
Empresa 1468,202110,Sim,Sim,2021-10
Empresa 14685,202012,Não,Sim,2020-12
Empresa 1469,202207,Sim,Sim,2022-07
Empresa 14694,202103,Sim,Sim,2021-03
Empresa 14695,202212,Não,Sim,2022-12
Empresa 14696,202302,Não,Sim,2023-02
Empresa 147,202106,Sim,Sim,2021-06
Empresa 1470,202108,Sim,Sim,2021-08
Empresa 14705,202206,Não,Sim,2022-06
Empresa 14707,202303,Não,Sim,2023-03
Empresa 1471,202307,Não,Sim,2023-07
Empresa 1472,202110,Sim,Sim,2021-10
Empresa 14726,202205,Não,Sim,2022-05
Empresa 1473,202209,Sim,Sim,2022-09
Empresa 14731,202204,Não,Sim,2022-04
Empresa 14734,202303,Não,Sim,2023-03
Empresa 1474,202110,Sim,Sim,2021-10
Empresa 14746,202301,Não,Sim,2023-01
Empresa 1475,202111,Sim,Sim,2021-11
Empresa 14753,202007,Não,Sim,2020-07
Empresa 14756,202012,Não,Sim,2020-12
Empresa 14757,202305,Não,Sim,2023-05
Empresa 14758,202006,Não,Sim,2020-06
Empresa 14759,202111,Sim,Sim,2021-11
Empresa 1476,202109,Sim,Sim,2021-09
Empresa 14765,202309,Não,Sim,2023-09
Empresa 1477,202109,Sim,Sim,2021-09
Empresa 14770,202107,Sim,Sim,2021-07
Empresa 1478,202205,Sim,Sim,2022-05
Empresa 14786,202210,Não,Sim,2022-10
Empresa 1479,202109,Sim,Sim,2021-09
Empresa 14792,202012,Não,Sim,2020-12
Empresa 148,202301,Sim,Sim,2023-01
Empresa 1480,202110,Sim,Sim,2021-10
Empresa 14800,202009,Sim,Sim,2020-09
Empresa 14803,202010,Sim,Sim,2020-10
Empresa 1481,202109,Sim,Sim,2021-09
Empresa 14816,202008,Não,Sim,2020-08
Empresa 14819,202002,Sim,Sim,2020-02
Empresa 1482,202111,Sim,Sim,2021-11
Empresa 14820,202108,Sim,Sim,2021-08
Empresa 14821,202305,Não,Sim,2023-05
Empresa 14822,202101,Não,Sim,2021-01
Empresa 14827,202001,Sim,Sim,2020-01
Empresa 1483,202109,Sim,Sim,2021-09
Empresa 1484,202205,Sim,Sim,2022-05
Empresa 14847,202007,Não,Sim,2020-07
Empresa 1485,202111,Sim,Sim,2021-11
Empresa 14856,202012,Sim,Sim,2020-12
Empresa 1486,202308,Não,Não,2023-08
Empresa 14861,202101,Não,Sim,2021-01
Empresa 14863,202007,Sim,Sim,2020-07
Empresa 14864,202204,Sim,Sim,2022-04
Empresa 1487,202201,Sim,Sim,2022-01
Empresa 14871,202101,Sim,Sim,2021-01
Empresa 14873,202304,Não,Sim,2023-04
Empresa 1488,202109,Sim,Sim,2021-09
Empresa 14880,202204,Não,Sim,2022-04
Empresa 14883,202205,Sim,Sim,2022-05
Empresa 1489,202110,Sim,Sim,2021-10
Empresa 149,202203,Sim,Sim,2022-03
Empresa 1490,202207,Sim,Sim,2022-07
Empresa 1491,202110,Sim,Sim,2021-10
Empresa 14914,202011,Não,Sim,2020-11
Empresa 1492,202110,Sim,Sim,2021-10
Empresa 14921,202011,Não,Não,2020-11
Empresa 14925,202305,Não,Sim,2023-05
Empresa 1493,202110,Sim,Sim,2021-10
Empresa 14931,202309,Não,Sim,2023-09
Empresa 14936,202009,Sim,Sim,2020-09
Empresa 1494,202207,Sim,Sim,2022-07
Empresa 14941,202205,Não,Sim,2022-05
Empresa 1495,202109,Sim,Sim,2021-09
Empresa 14952,202101,Sim,Sim,2021-01
Empresa 1496,202109,Sim,Sim,2021-09
Empresa 14968,202002,Sim,Sim,2020-02
Empresa 1497,202109,Sim,Sim,2021-09
Empresa 14971,202209,Sim,Sim,2022-09
Empresa 1498,202109,Sim,Sim,2021-09
Empresa 1499,202109,Não,Não,2021-09
Empresa 14997,202211,Não,Sim,2022-11
Empresa 15,202207,Sim,Sim,2022-07
Empresa 150,202106,Sim,Sim,2021-06
Empresa 1500,202111,Sim,Sim,2021-11
Empresa 15003,202309,Não,Não,2023-09
Empresa 1501,202110,Sim,Sim,2021-10
Empresa 15014,202012,Não,Sim,2020-12
Empresa 15017,202103,Não,Sim,2021-03
Empresa 1502,202110,Sim,Sim,2021-10
Empresa 15027,202203,Não,Sim,2022-03
Empresa 1503,202110,Sim,Sim,2021-10
Empresa 15030,202204,Não,Sim,2022-04
Empresa 15035,202007,Não,Sim,2020-07
Empresa 15037,202007,Não,Sim,2020-07
Empresa 1504,202205,Sim,Sim,2022-05
Empresa 15041,202107,Não,Sim,2021-07
Empresa 1505,202110,Sim,Sim,2021-10
Empresa 1506,202109,Sim,Sim,2021-09
Empresa 1507,202110,Sim,Sim,2021-10
Empresa 15075,202208,Não,Sim,2022-08
Empresa 15076,202002,Sim,Sim,2020-02
Empresa 1508,202305,Não,Não,2023-05
Empresa 15083,202112,Não,Não,2021-12
Empresa 15089,202306,Não,Sim,2023-06
Empresa 1509,202109,Sim,Sim,2021-09
Empresa 15090,202304,Não,Sim,2023-04
Empresa 15093,202011,Não,Sim,2020-11
Empresa 15095,202212,Sim,Sim,2022-12
Empresa 15099,202012,Sim,Sim,2020-12
Empresa 151,202110,Sim,Sim,2021-10
Empresa 1510,202109,Sim,Sim,2021-09
Empresa 15104,202102,Não,Sim,2021-02
Empresa 1511,202207,Sim,Sim,2022-07
Empresa 1512,202109,Sim,Sim,2021-09
Empresa 1513,202210,Sim,Sim,2022-10
Empresa 15133,202104,Sim,Sim,2021-04
Empresa 15136,202006,Não,Não,2020-06
Empresa 1514,202111,Sim,Sim,2021-11
Empresa 15141,202205,Não,Sim,2022-05
Empresa 15143,202011,Não,Sim,2020-11
Empresa 15149,202004,Não,Sim,2020-04
Empresa 1515,202302,Sim,Sim,2023-02
Empresa 15153,202212,Sim,Sim,2022-12
Empresa 1516,202110,Sim,Sim,2021-10
Empresa 1517,202208,Sim,Sim,2022-08
Empresa 15170,202305,Não,Não,2023-05
Empresa 15171,202101,Não,Sim,2021-01
Empresa 1518,202110,Sim,Sim,2021-10
Empresa 1519,202109,Sim,Sim,2021-09
Empresa 15192,202305,Não,Sim,2023-05
Empresa 15195,202301,Não,Sim,2023-01
Empresa 15199,202007,Não,Sim,2020-07
Empresa 152,202204,Sim,Sim,2022-04
Empresa 1520,202110,Sim,Sim,2021-10
Empresa 15205,202102,Não,Sim,2021-02
Empresa 1521,202303,Sim,Sim,2023-03
Empresa 1522,202306,Sim,Sim,2023-06
Empresa 15221,202011,Não,Sim,2020-11
Empresa 15226,202102,Não,Sim,2021-02
Empresa 1523,202304,Sim,Sim,2023-04
Empresa 1524,202209,Sim,Sim,2022-09
Empresa 15240,202105,Sim,Sim,2021-05
Empresa 15249,202006,Não,Sim,2020-06
Empresa 1525,202307,Sim,Sim,2023-07
Empresa 15251,202305,Não,Sim,2023-05
Empresa 15253,202008,Sim,Sim,2020-08
Empresa 15257,202308,Não,Não,2023-08
Empresa 1526,202204,Sim,Sim,2022-04
Empresa 15260,202304,Não,Sim,2023-04
Empresa 15261,202203,Não,Sim,2022-03
Empresa 1527,202309,Sim,Sim,2023-09
Empresa 15271,202303,Não,Sim,2023-03
Empresa 15274,202207,Sim,Sim,2022-07
Empresa 15275,202002,Sim,Sim,2020-02
Empresa 15277,202012,Não,Sim,2020-12
Empresa 15279,202007,Não,Sim,2020-07
Empresa 1528,202308,Sim,Sim,2023-08
Empresa 15282,202307,Não,Sim,2023-07
Empresa 1529,202107,Sim,Sim,2021-07
Empresa 15291,202105,Sim,Sim,2021-05
Empresa 15294,202107,Não,Sim,2021-07
Empresa 153,202301,Sim,Sim,2023-01
Empresa 1530,202111,Sim,Sim,2021-11
Empresa 15303,202112,Não,Sim,2021-12
Empresa 15308,202102,Sim,Sim,2021-02
Empresa 1531,202204,Sim,Sim,2022-04
Empresa 15312,202006,Não,Sim,2020-06
Empresa 1532,202205,Sim,Sim,2022-05
Empresa 15322,202108,Não,Sim,2021-08
Empresa 15325,202002,Não,Sim,2020-02
Empresa 15329,202308,Não,Sim,2023-08
Empresa 1533,202201,Sim,Sim,2022-01
Empresa 15332,202002,Sim,Sim,2020-02
Empresa 15339,202205,Não,Sim,2022-05
Empresa 1534,202112,Sim,Sim,2021-12
Empresa 1535,202208,Sim,Sim,2022-08
Empresa 15353,202301,Não,Sim,2023-01
Empresa 1536,202108,Sim,Sim,2021-08
Empresa 15362,202304,Não,Sim,2023-04
Empresa 15364,202304,Não,Sim,2023-04
Empresa 1537,202109,Sim,Sim,2021-09
Empresa 1538,202210,Sim,Sim,2022-10
Empresa 15383,202012,Não,Sim,2020-12
Empresa 1539,202112,Sim,Sim,2021-12
Empresa 15393,202301,Não,Sim,2023-01
Empresa 15396,202002,Sim,Sim,2020-02
Empresa 15398,202203,Sim,Sim,2022-03
Empresa 154,202106,Sim,Sim,2021-06
Empresa 1540,202209,Sim,Sim,2022-09
Empresa 15405,202112,Não,Não,2021-12
Empresa 1541,202107,Sim,Sim,2021-07
Empresa 15419,202110,Sim,Sim,2021-10
Empresa 1542,202105,Sim,Sim,2021-05
Empresa 15427,202101,Sim,Sim,2021-01
Empresa 15429,202108,Sim,Sim,2021-08
Empresa 1543,202207,Sim,Sim,2022-07
Empresa 15430,202109,Sim,Sim,2021-09
Empresa 15435,202205,Não,Sim,2022-05
Empresa 15436,202303,Não,Sim,2023-03
Empresa 1544,202112,Sim,Sim,2021-12
Empresa 15441,202004,Sim,Sim,2020-04
Empresa 15442,202111,Sim,Sim,2021-11
Empresa 1545,202301,Sim,Sim,2023-01
Empresa 15450,202007,Não,Sim,2020-07
Empresa 15452,202003,Não,Não,2020-03
Empresa 15455,202109,Sim,Sim,2021-09
Empresa 1546,202112,Sim,Sim,2021-12
Empresa 15464,202311,Não,Não,2023-11
Empresa 1547,202202,Sim,Sim,2022-02
Empresa 1548,202106,Sim,Sim,2021-06
Empresa 1549,202109,Sim,Sim,2021-09
Empresa 15492,202205,Não,Sim,2022-05
Empresa 155,202106,Sim,Sim,2021-06
Empresa 1550,202204,Sim,Sim,2022-04
Empresa 15505,202206,Não,Sim,2022-06
Empresa 1551,202109,Sim,Sim,2021-09
Empresa 15512,202212,Sim,Sim,2022-12
Empresa 15516,202208,Não,Sim,2022-08
Empresa 1552,202107,Sim,Sim,2021-07
Empresa 15521,202002,Sim,Sim,2020-02
Empresa 15527,202306,Não,Sim,2023-06
Empresa 1553,202111,Sim,Sim,2021-11
Empresa 15536,202101,Sim,Sim,2021-01
Empresa 15538,202112,Sim,Sim,2021-12
Empresa 1554,202203,Sim,Sim,2022-03
Empresa 15548,202105,Sim,Sim,2021-05
Empresa 1555,202203,Sim,Sim,2022-03
Empresa 15555,202012,Não,Sim,2020-12
Empresa 1556,202111,Sim,Sim,2021-11
Empresa 15560,202002,Sim,Sim,2020-02
Empresa 15564,202211,Não,Sim,2022-11
Empresa 15568,202212,Não,Sim,2022-12
Empresa 1557,202107,Sim,Sim,2021-07
Empresa 15571,202308,Não,Sim,2023-08
Empresa 15572,202207,Não,Sim,2022-07
Empresa 15573,202104,Não,Sim,2021-04
Empresa 15576,202107,Não,Sim,2021-07
Empresa 1558,202011,Sim,Sim,2020-11
Empresa 15583,202301,Não,Não,2023-01
Empresa 1559,202011,Sim,Sim,2020-11
Empresa 15592,202211,Não,Sim,2022-11
Empresa 15595,202305,Não,Não,2023-05
Empresa 15597,202201,Não,Sim,2022-01
Empresa 156,202106,Sim,Sim,2021-06
Empresa 1560,202103,Sim,Sim,2021-03
Empresa 1561,202108,Sim,Sim,2021-08
Empresa 15612,202207,Não,Sim,2022-07
Empresa 1562,202011,Sim,Sim,2020-11
Empresa 15623,202002,Sim,Sim,2020-02
Empresa 1563,202209,Sim,Sim,2022-09
Empresa 15638,202107,Sim,Sim,2021-07
Empresa 1564,202103,Sim,Sim,2021-03
Empresa 15641,202009,Sim,Sim,2020-09
Empresa 1565,202209,Sim,Sim,2022-09
Empresa 15652,202101,Sim,Sim,2021-01
Empresa 15653,202001,Sim,Sim,2020-01
Empresa 15657,202107,Não,Sim,2021-07
Empresa 1566,202209,Sim,Sim,2022-09
Empresa 15665,202006,Não,Sim,2020-06
Empresa 15666,202301,Não,Sim,2023-01
Empresa 1567,202210,Sim,Sim,2022-10
Empresa 15674,202002,Sim,Sim,2020-02
Empresa 15675,202007,Não,Sim,2020-07
Empresa 15677,202103,Não,Sim,2021-03
Empresa 15679,202007,Não,Sim,2020-07
Empresa 1568,202209,Sim,Sim,2022-09
Empresa 15680,202310,Não,Sim,2023-10
Empresa 15681,202111,Sim,Sim,2021-11
Empresa 15682,202104,Não,Sim,2021-04
Empresa 1569,202209,Sim,Sim,2022-09
Empresa 15697,202205,Não,Sim,2022-05
Empresa 157,202107,Sim,Sim,2021-07
Empresa 1570,202011,Sim,Sim,2020-11
Empresa 1571,202301,Sim,Sim,2023-01
Empresa 15715,202304,Não,Sim,2023-04
Empresa 1572,202103,Sim,Sim,2021-03
Empresa 1573,202011,Sim,Sim,2020-11
Empresa 15735,202001,Não,Sim,2020-01
Empresa 1574,202210,Sim,Sim,2022-10
Empresa 15742,202002,Sim,Sim,2020-02
Empresa 15744,202007,Não,Sim,2020-07
Empresa 1575,202011,Sim,Sim,2020-11
Empresa 15757,202007,Não,Sim,2020-07
Empresa 1576,202209,Sim,Sim,2022-09
Empresa 15769,202102,Sim,Sim,2021-02
Empresa 1577,202103,Sim,Sim,2021-03
Empresa 15770,202107,Não,Sim,2021-07
Empresa 15772,202101,Não,Sim,2021-01
Empresa 1578,202011,Sim,Sim,2020-11
Empresa 15789,202104,Não,Sim,2021-04
Empresa 1579,202103,Sim,Sim,2021-03
Empresa 15790,202002,Sim,Sim,2020-02
Empresa 15793,202303,Não,Sim,2023-03
Empresa 15794,202002,Sim,Sim,2020-02
Empresa 15795,202211,Não,Não,2022-11
Empresa 15798,202208,Não,Sim,2022-08
Empresa 158,202105,Sim,Sim,2021-05
Empresa 1580,202011,Sim,Sim,2020-11
Empresa 15801,202111,Não,Não,2021-11
Empresa 15808,202008,Sim,Sim,2020-08
Empresa 1581,202011,Sim,Sim,2020-11
Empresa 1582,202011,Sim,Sim,2020-11
Empresa 15821,202207,Não,Sim,2022-07
Empresa 1583,202011,Sim,Sim,2020-11
Empresa 15836,202211,Sim,Sim,2022-11
Empresa 1584,202103,Sim,Sim,2021-03
Empresa 15840,202103,Não,Sim,2021-03
Empresa 15841,202201,Sim,Sim,2022-01
Empresa 15844,202009,Sim,Sim,2020-09
Empresa 1585,202205,Sim,Sim,2022-05
Empresa 15854,202303,Não,Sim,2023-03
Empresa 15859,202112,Não,Sim,2021-12
Empresa 1586,202209,Sim,Sim,2022-09
Empresa 15866,202203,Não,Não,2022-03
Empresa 1587,202011,Sim,Sim,2020-11
Empresa 15879,202004,Sim,Sim,2020-04
Empresa 1588,202011,Sim,Sim,2020-11
Empresa 1589,202110,Sim,Sim,2021-10
Empresa 159,202106,Sim,Sim,2021-06
Empresa 1590,202103,Sim,Sim,2021-03
Empresa 1591,202103,Sim,Sim,2021-03
Empresa 15911,202201,Não,Sim,2022-01
Empresa 1592,202209,Sim,Sim,2022-09
Empresa 1593,202104,Sim,Sim,2021-04
Empresa 15931,202008,Não,Sim,2020-08
Empresa 15937,202008,Não,Não,2020-08
Empresa 15939,202102,Não,Sim,2021-02
Empresa 1594,202104,Sim,Sim,2021-04
Empresa 1595,202101,Sim,Sim,2021-01
Empresa 15950,202010,Sim,Sim,2020-10
Empresa 1596,202011,Sim,Sim,2020-11
Empresa 15961,202007,Não,Sim,2020-07
Empresa 15967,202005,Sim,Sim,2020-05
Empresa 15968,202101,Não,Sim,2021-01
Empresa 1597,202103,Sim,Sim,2021-03
Empresa 15970,202305,Não,Não,2023-05
Empresa 15976,202110,Sim,Sim,2021-10
Empresa 1598,202108,Sim,Sim,2021-08
Empresa 15986,202202,Não,Sim,2022-02
Empresa 1599,202301,Sim,Sim,2023-01
Empresa 15996,202101,Sim,Sim,2021-01
Empresa 16,202208,Sim,Sim,2022-08
Empresa 160,202107,Sim,Sim,2021-07
Empresa 1600,202103,Sim,Sim,2021-03
Empresa 16003,202205,Não,Sim,2022-05
Empresa 1601,202103,Sim,Sim,2021-03
Empresa 16013,202301,Não,Sim,2023-01
Empresa 16014,202002,Sim,Sim,2020-02
Empresa 1602,202105,Sim,Sim,2021-05
Empresa 16023,202207,Sim,Sim,2022-07
Empresa 1603,202104,Sim,Sim,2021-04
Empresa 16030,202203,Sim,Sim,2022-03
Empresa 1604,202103,Sim,Sim,2021-03
Empresa 16041,202201,Sim,Sim,2022-01
Empresa 16042,202007,Não,Sim,2020-07
Empresa 1605,202106,Sim,Sim,2021-06
Empresa 16058,202110,Não,Sim,2021-10
Empresa 1606,202109,Sim,Sim,2021-09
Empresa 16067,202308,Não,Sim,2023-08
Empresa 16069,202007,Sim,Sim,2020-07
Empresa 1607,202301,Sim,Sim,2023-01
Empresa 16077,202212,Não,Sim,2022-12
Empresa 1608,202103,Sim,Sim,2021-03
Empresa 16080,202309,Não,Sim,2023-09
Empresa 16082,202002,Sim,Sim,2020-02
Empresa 16083,202205,Não,Sim,2022-05
Empresa 16084,202112,Não,Sim,2021-12
Empresa 16086,202012,Não,Sim,2020-12
Empresa 1609,202107,Sim,Sim,2021-07
Empresa 16090,202105,Não,Sim,2021-05
Empresa 161,202107,Sim,Sim,2021-07
Empresa 1610,202103,Sim,Sim,2021-03
Empresa 1611,202301,Sim,Sim,2023-01
Empresa 16119,202012,Não,Sim,2020-12
Empresa 1612,202106,Sim,Sim,2021-06
Empresa 16122,202009,Não,Sim,2020-09
Empresa 16123,202209,Sim,Sim,2022-09
Empresa 16128,202008,Não,Sim,2020-08
Empresa 1613,202011,Sim,Sim,2020-11
Empresa 16130,202212,Sim,Sim,2022-12
Empresa 16134,202111,Não,Sim,2021-11
Empresa 1614,202103,Sim,Sim,2021-03
Empresa 16141,202009,Não,Sim,2020-09
Empresa 1615,202302,Sim,Sim,2023-02
Empresa 16151,202208,Não,Sim,2022-08
Empresa 16154,202103,Sim,Sim,2021-03
Empresa 16159,202001,Sim,Sim,2020-01
Empresa 1616,202011,Sim,Sim,2020-11
Empresa 16162,201912,Sim,Sim,2019-12
Empresa 16168,202012,Não,Sim,2020-12
Empresa 1617,202304,Sim,Sim,2023-04
Empresa 16171,202212,Não,Sim,2022-12
Empresa 1618,202103,Sim,Sim,2021-03
Empresa 16183,202205,Não,Sim,2022-05
Empresa 16184,202002,Sim,Sim,2020-02
Empresa 1619,202305,Sim,Sim,2023-05
Empresa 16195,202205,Não,Sim,2022-05
Empresa 162,202107,Sim,Sim,2021-07
Empresa 1620,202305,Sim,Sim,2023-05
Empresa 16207,202008,Sim,Sim,2020-08
Empresa 1621,202203,Sim,Sim,2022-03
Empresa 16214,202112,Não,Sim,2021-12
Empresa 1622,202307,Sim,Sim,2023-07
Empresa 1623,202307,Sim,Sim,2023-07
Empresa 16234,202208,Não,Sim,2022-08
Empresa 16238,202009,Sim,Sim,2020-09
Empresa 1624,202103,Sim,Sim,2021-03
Empresa 16248,202010,Sim,Sim,2020-10
Empresa 16249,202104,Sim,Sim,2021-04
Empresa 1625,202110,Sim,Sim,2021-10
Empresa 16251,202303,Não,Sim,2023-03
Empresa 16252,202208,Não,Não,2022-08
Empresa 16258,202004,Não,Não,2020-04
Empresa 1626,202309,Sim,Sim,2023-09
Empresa 16266,202204,Sim,Sim,2022-04
Empresa 1627,202309,Sim,Sim,2023-09
Empresa 16274,202212,Sim,Sim,2022-12
Empresa 16278,202007,Sim,Sim,2020-07
Empresa 1628,202310,Sim,Sim,2023-10
Empresa 1629,202310,Sim,Sim,2023-10
Empresa 16294,202202,Não,Sim,2022-02
Empresa 163,202104,Sim,Sim,2021-04
Empresa 1630,202207,Sim,Sim,2022-07
Empresa 16302,202102,Não,Sim,2021-02
Empresa 1631,202203,Sim,Sim,2022-03
Empresa 16310,202103,Não,Sim,2021-03
Empresa 16311,202212,Não,Sim,2022-12
Empresa 16314,202004,Não,Sim,2020-04
Empresa 1632,202203,Sim,Sim,2022-03
Empresa 16323,202207,Não,Sim,2022-07
Empresa 16324,202109,Não,Sim,2021-09
Empresa 1633,202204,Sim,Sim,2022-04
Empresa 16335,202309,Não,Não,2023-09
Empresa 1634,202203,Sim,Sim,2022-03
Empresa 16343,202102,Não,Sim,2021-02
Empresa 16348,202108,Não,Sim,2021-08
Empresa 1635,202203,Sim,Sim,2022-03
Empresa 16351,202207,Não,Sim,2022-07
Empresa 16352,202003,Não,Sim,2020-03
Empresa 16355,202105,Sim,Sim,2021-05
Empresa 1636,202207,Sim,Sim,2022-07
Empresa 16364,202308,Não,Não,2023-08
Empresa 16366,202012,Não,Sim,2020-12
Empresa 16368,202101,Não,Sim,2021-01
Empresa 1637,202207,Sim,Sim,2022-07
Empresa 16372,202007,Não,Sim,2020-07
Empresa 16375,202002,Sim,Sim,2020-02
Empresa 16379,202010,Sim,Sim,2020-10
Empresa 1638,202212,Sim,Sim,2022-12
Empresa 1639,202209,Sim,Sim,2022-09
Empresa 164,202106,Sim,Sim,2021-06
Empresa 1640,202205,Sim,Sim,2022-05
Empresa 16403,201905,Sim,Sim,2019-05
Empresa 1641,202203,Sim,Sim,2022-03
Empresa 16413,202212,Não,Sim,2022-12
Empresa 16416,202101,Não,Sim,2021-01
Empresa 16417,202203,Sim,Sim,2022-03
Empresa 16419,202012,Sim,Sim,2020-12
Empresa 1642,202203,Sim,Sim,2022-03
Empresa 16425,202005,Não,Sim,2020-05
Empresa 16428,202007,Sim,Sim,2020-07
Empresa 1643,202203,Sim,Sim,2022-03
Empresa 1644,202209,Sim,Sim,2022-09
Empresa 16445,202304,Não,Sim,2023-04
Empresa 1645,202208,Sim,Sim,2022-08
Empresa 1646,202211,Sim,Sim,2022-11
Empresa 16460,202105,Sim,Sim,2021-05
Empresa 16462,202106,Não,Sim,2021-06
Empresa 16463,202310,Não,Não,2023-10
Empresa 16465,202209,Não,Sim,2022-09
Empresa 1647,202203,Sim,Sim,2022-03
Empresa 1648,202210,Sim,Sim,2022-10
Empresa 1649,202208,Sim,Sim,2022-08
Empresa 16494,202104,Não,Sim,2021-04
Empresa 165,202204,Sim,Sim,2022-04
Empresa 1650,202203,Sim,Sim,2022-03
Empresa 1651,202205,Sim,Sim,2022-05
Empresa 1652,202203,Sim,Sim,2022-03
Empresa 16521,202101,Não,Sim,2021-01
Empresa 16527,202105,Não,Sim,2021-05
Empresa 1653,202211,Sim,Sim,2022-11
Empresa 16532,202002,Sim,Sim,2020-02
Empresa 16535,202108,Sim,Sim,2021-08
Empresa 16537,201912,Não,Sim,2019-12
Empresa 1654,202205,Sim,Sim,2022-05
Empresa 16543,202205,Não,Sim,2022-05
Empresa 1655,202202,Não,Não,2022-02
Empresa 16550,202310,Não,Sim,2023-10
Empresa 16553,202005,Sim,Sim,2020-05
Empresa 1656,202210,Sim,Sim,2022-10
Empresa 16560,202008,Sim,Sim,2020-08
Empresa 16562,202309,Não,Não,2023-09
Empresa 1657,202204,Sim,Sim,2022-04
Empresa 16571,202307,Não,Não,2023-07
Empresa 1658,202211,Sim,Sim,2022-11
Empresa 16582,202007,Sim,Sim,2020-07
Empresa 16585,202311,Não,Sim,2023-11
Empresa 16589,202304,Não,Sim,2023-04
Empresa 1659,202203,Sim,Sim,2022-03
Empresa 16596,202008,Não,Sim,2020-08
Empresa 166,202110,Sim,Sim,2021-10
Empresa 1660,202203,Sim,Sim,2022-03
Empresa 16601,202112,Sim,Sim,2021-12
Empresa 16602,201912,Sim,Sim,2019-12
Empresa 1661,202208,Sim,Sim,2022-08
Empresa 1662,202206,Sim,Sim,2022-06
Empresa 16627,202101,Não,Sim,2021-01
Empresa 1663,202212,Sim,Sim,2022-12
Empresa 16638,202012,Sim,Sim,2020-12
Empresa 1664,202203,Sim,Sim,2022-03
Empresa 16640,202007,Não,Sim,2020-07
Empresa 16642,202212,Sim,Sim,2022-12
Empresa 1665,202204,Sim,Sim,2022-04
Empresa 16652,202108,Não,Sim,2021-08
Empresa 16655,202006,Não,Sim,2020-06
Empresa 16659,202104,Sim,Sim,2021-04
Empresa 1666,202210,Sim,Sim,2022-10
Empresa 16660,202006,Não,Sim,2020-06
Empresa 16666,202101,Sim,Sim,2021-01
Empresa 16668,202102,Sim,Sim,2021-02
Empresa 1667,202206,Sim,Sim,2022-06
Empresa 16672,202109,Sim,Sim,2021-09
Empresa 16679,202107,Não,Sim,2021-07
Empresa 1668,202211,Sim,Sim,2022-11
Empresa 16686,202301,Não,Sim,2023-01
Empresa 16689,202204,Sim,Sim,2022-04
Empresa 1669,202210,Sim,Sim,2022-10
Empresa 16691,202304,Não,Não,2023-04
Empresa 16693,202310,Não,Sim,2023-10
Empresa 16697,202002,Sim,Sim,2020-02
Empresa 167,202105,Sim,Sim,2021-05
Empresa 1670,202204,Sim,Sim,2022-04
Empresa 16700,202012,Não,Sim,2020-12
Empresa 16703,202002,Sim,Sim,2020-02
Empresa 16704,202101,Sim,Sim,2021-01
Empresa 16707,202308,Não,Sim,2023-08
Empresa 1671,202203,Sim,Sim,2022-03
Empresa 16715,202306,Não,Não,2023-06
Empresa 1672,202302,Sim,Sim,2023-02
Empresa 1673,202204,Sim,Sim,2022-04
Empresa 1674,202209,Sim,Sim,2022-09
Empresa 1675,202203,Sim,Sim,2022-03
Empresa 16756,202205,Não,Sim,2022-05
Empresa 16757,202209,Sim,Sim,2022-09
Empresa 1676,202203,Sim,Sim,2022-03
Empresa 16760,202101,Não,Sim,2021-01
Empresa 16762,202111,Não,Sim,2021-11
Empresa 16769,202209,Não,Sim,2022-09
Empresa 1677,202211,Sim,Sim,2022-11
Empresa 1678,202205,Sim,Sim,2022-05
Empresa 16781,202103,Sim,Sim,2021-03
Empresa 1679,202211,Sim,Sim,2022-11
Empresa 16794,202012,Sim,Sim,2020-12
Empresa 168,202106,Sim,Sim,2021-06
Empresa 1680,202309,Não,Não,2023-09
Empresa 16802,202202,Não,Sim,2022-02
Empresa 16803,202006,Não,Sim,2020-06
Empresa 16809,202303,Não,Sim,2023-03
Empresa 1681,202205,Sim,Sim,2022-05
Empresa 16810,202108,Não,Não,2021-08
Empresa 16813,202107,Sim,Sim,2021-07
Empresa 16816,202012,Não,Sim,2020-12
Empresa 1682,202212,Sim,Sim,2022-12
Empresa 16822,202002,Sim,Sim,2020-02
Empresa 16824,202112,Sim,Sim,2021-12
Empresa 16825,202103,Não,Sim,2021-03
Empresa 1683,202208,Sim,Sim,2022-08
Empresa 1684,202203,Sim,Sim,2022-03
Empresa 16840,201905,Sim,Sim,2019-05
Empresa 16849,202211,Não,Sim,2022-11
Empresa 1685,202212,Sim,Sim,2022-12
Empresa 16851,202104,Não,Sim,2021-04
Empresa 16858,202002,Sim,Sim,2020-02
Empresa 1686,202305,Não,Não,2023-05
Empresa 16865,202011,Não,Sim,2020-11
Empresa 1687,202208,Sim,Sim,2022-08
Empresa 16871,202101,Não,Sim,2021-01
Empresa 16873,202205,Não,Sim,2022-05
Empresa 1688,202206,Sim,Sim,2022-06
Empresa 16881,202103,Sim,Sim,2021-03
Empresa 16887,202003,Sim,Sim,2020-03
Empresa 1689,202208,Sim,Sim,2022-08
Empresa 169,202304,Sim,Sim,2023-04
Empresa 1690,202209,Sim,Sim,2022-09
Empresa 1691,202207,Sim,Sim,2022-07
Empresa 16910,202101,Sim,Sim,2021-01
Empresa 16913,202104,Sim,Sim,2021-04
Empresa 16916,201907,Não,Sim,2019-07
Empresa 16918,202303,Não,Não,2023-03
Empresa 1692,202212,Sim,Sim,2022-12
Empresa 16927,202009,Sim,Sim,2020-09
Empresa 16928,202206,Sim,Sim,2022-06
Empresa 1693,202203,Sim,Sim,2022-03
Empresa 16930,202211,Não,Não,2022-11
Empresa 16936,202101,Sim,Sim,2021-01
Empresa 1694,202203,Sim,Sim,2022-03
Empresa 16943,202112,Não,Sim,2021-12
Empresa 1695,202203,Sim,Sim,2022-03
Empresa 16953,202203,Sim,Sim,2022-03
Empresa 1696,202203,Sim,Sim,2022-03
Empresa 16967,202102,Sim,Sim,2021-02
Empresa 1697,202306,Não,Não,2023-06
Empresa 16977,202106,Não,Sim,2021-06
Empresa 1698,202206,Sim,Sim,2022-06
Empresa 16984,202007,Não,Sim,2020-07
Empresa 1699,202211,Sim,Sim,2022-11
Empresa 16999,202008,Não,Sim,2020-08
Empresa 17,202301,Sim,Sim,2023-01
Empresa 170,202204,Sim,Sim,2022-04
Empresa 1700,202302,Sim,Sim,2023-02
Empresa 17005,202002,Não,Não,2020-02
Empresa 1701,202212,Sim,Sim,2022-12
Empresa 17019,202005,Sim,Sim,2020-05
Empresa 1702,202303,Sim,Sim,2023-03
Empresa 17026,202103,Não,Sim,2021-03
Empresa 17029,202012,Sim,Sim,2020-12
Empresa 1703,202203,Sim,Sim,2022-03
Empresa 17031,202202,Sim,Sim,2022-02
Empresa 17035,202011,Não,Não,2020-11
Empresa 17037,201912,Não,Sim,2019-12
Empresa 1704,202211,Sim,Sim,2022-11
Empresa 17041,202212,Não,Sim,2022-12
Empresa 17042,202207,Sim,Sim,2022-07
Empresa 17044,202007,Não,Sim,2020-07
Empresa 1705,202308,Não,Não,2023-08
Empresa 17052,202006,Não,Não,2020-06
Empresa 17053,202106,Não,Sim,2021-06
Empresa 17055,202106,Não,Sim,2021-06
Empresa 17059,201902,Sim,Sim,2019-02
Empresa 1706,202212,Sim,Sim,2022-12
Empresa 17065,202203,Sim,Sim,2022-03
Empresa 1707,202206,Sim,Sim,2022-06
Empresa 17077,202012,Não,Sim,2020-12
Empresa 1708,202206,Sim,Sim,2022-06
Empresa 17089,202111,Não,Não,2021-11
Empresa 1709,202204,Sim,Sim,2022-04
Empresa 17091,202109,Sim,Sim,2021-09
Empresa 17099,202004,Não,Sim,2020-04
Empresa 171,202110,Sim,Sim,2021-10
Empresa 1710,202206,Não,Sim,2022-06
Empresa 17101,202011,Não,Sim,2020-11
Empresa 17109,202111,Não,Sim,2021-11
Empresa 1711,202205,Sim,Sim,2022-05
Empresa 17113,202106,Sim,Sim,2021-06
Empresa 1712,202110,Não,Não,2021-10
Empresa 17124,202204,Não,Sim,2022-04
Empresa 17126,202101,Não,Não,2021-01
Empresa 1713,202305,Sim,Sim,2023-05
Empresa 17130,201911,Sim,Sim,2019-11
Empresa 17139,202012,Não,Sim,2020-12
Empresa 1714,202308,Não,Não,2023-08
Empresa 17140,202301,Não,Sim,2023-01
Empresa 17146,202104,Não,Sim,2021-04
Empresa 17149,202205,Não,Sim,2022-05
Empresa 1715,202212,Sim,Sim,2022-12
Empresa 1716,202208,Sim,Sim,2022-08
Empresa 17161,202002,Não,Sim,2020-02
Empresa 17162,202012,Sim,Sim,2020-12
Empresa 17163,202006,Sim,Sim,2020-06
Empresa 17164,202303,Não,Sim,2023-03
Empresa 1717,202211,Sim,Sim,2022-11
Empresa 1718,202206,Sim,Sim,2022-06
Empresa 17185,202212,Não,Sim,2022-12
Empresa 17189,202005,Sim,Sim,2020-05
Empresa 1719,202203,Sim,Sim,2022-03
Empresa 17195,202009,Sim,Sim,2020-09
Empresa 17198,202101,Não,Sim,2021-01
Empresa 17199,202305,Não,Sim,2023-05
Empresa 172,202111,Sim,Sim,2021-11
Empresa 1720,202306,Sim,Sim,2023-06
Empresa 17202,202103,Sim,Sim,2021-03
Empresa 17203,202209,Não,Sim,2022-09
Empresa 1721,202302,Sim,Sim,2023-02
Empresa 17214,202304,Não,Sim,2023-04
Empresa 17219,202209,Não,Sim,2022-09
Empresa 1722,202306,Sim,Sim,2023-06
Empresa 17228,202110,Não,Sim,2021-10
Empresa 1723,202207,Sim,Sim,2022-07
Empresa 17233,202009,Sim,Sim,2020-09
Empresa 1724,202307,Sim,Sim,2023-07
Empresa 17240,202007,Não,Sim,2020-07
Empresa 17249,201909,Sim,Sim,2019-09
Empresa 1725,202305,Sim,Sim,2023-05
Empresa 1726,202203,Sim,Sim,2022-03
Empresa 17265,202211,Não,Sim,2022-11
Empresa 1727,202211,Sim,Sim,2022-11
Empresa 17279,202202,Sim,Sim,2022-02
Empresa 1728,202203,Sim,Sim,2022-03
Empresa 17281,202112,Sim,Sim,2021-12
Empresa 17284,202208,Não,Sim,2022-08
Empresa 17285,202208,Não,Sim,2022-08
Empresa 17286,202007,Não,Sim,2020-07
Empresa 1729,202205,Sim,Sim,2022-05
Empresa 17293,202102,Não,Sim,2021-02
Empresa 17295,202011,Sim,Sim,2020-11
Empresa 17298,202007,Não,Sim,2020-07
Empresa 173,202305,Sim,Sim,2023-05
Empresa 1730,202305,Sim,Sim,2023-05
Empresa 17300,202207,Não,Sim,2022-07
Empresa 17302,202207,Não,Sim,2022-07
Empresa 17304,202010,Não,Sim,2020-10
Empresa 17307,202104,Não,Sim,2021-04
Empresa 1731,202308,Sim,Sim,2023-08
Empresa 1732,202205,Sim,Sim,2022-05
Empresa 1733,202308,Sim,Sim,2023-08
Empresa 17336,202012,Sim,Sim,2020-12
Empresa 17339,202103,Não,Sim,2021-03
Empresa 1734,202308,Não,Não,2023-08
Empresa 17341,202310,Não,Sim,2023-10
Empresa 17343,202106,Não,Sim,2021-06
Empresa 1735,202309,Sim,Sim,2023-09
Empresa 17350,201911,Sim,Sim,2019-11
Empresa 17354,202011,Sim,Sim,2020-11
Empresa 1736,202304,Sim,Sim,2023-04
Empresa 17369,202303,Não,Sim,2023-03
Empresa 1737,202309,Sim,Sim,2023-09
Empresa 17370,202008,Não,Sim,2020-08
Empresa 17373,202104,Sim,Sim,2021-04
Empresa 1738,202203,Sim,Sim,2022-03
Empresa 17382,202208,Não,Sim,2022-08
Empresa 1739,202207,Sim,Sim,2022-07
Empresa 17393,202204,Não,Sim,2022-04
Empresa 174,202305,Sim,Sim,2023-05
Empresa 1740,202203,Sim,Sim,2022-03
Empresa 17409,202007,Não,Sim,2020-07
Empresa 1741,202308,Sim,Sim,2023-08
Empresa 1742,202305,Não,Sim,2023-05
Empresa 17428,202302,Não,Sim,2023-02
Empresa 1743,202309,Sim,Sim,2023-09
Empresa 17430,202201,Não,Não,2022-01
Empresa 17431,202207,Sim,Sim,2022-07
Empresa 17438,202208,Sim,Sim,2022-08
Empresa 1744,202204,Sim,Sim,2022-04
Empresa 1745,202308,Sim,Sim,2023-08
Empresa 17457,202202,Não,Sim,2022-02
Empresa 17462,202301,Não,Sim,2023-01
Empresa 17466,202006,Não,Sim,2020-06
Empresa 1747,202211,Sim,Sim,2022-11
Empresa 17476,202103,Sim,Sim,2021-03
Empresa 1748,202208,Sim,Sim,2022-08
Empresa 17486,202307,Não,Sim,2023-07
Empresa 1749,202103,Sim,Sim,2021-03
Empresa 17497,202305,Não,Não,2023-05
Empresa 175,202304,Sim,Sim,2023-04
Empresa 1750,202203,Sim,Sim,2022-03
Empresa 17505,202301,Não,Sim,2023-01
Empresa 1751,202212,Sim,Sim,2022-12
Empresa 17514,202206,Não,Sim,2022-06
Empresa 17516,202002,Não,Sim,2020-02
Empresa 17518,202309,Não,Não,2023-09
Empresa 1752,202202,Sim,Sim,2022-02
Empresa 17522,202002,Sim,Sim,2020-02
Empresa 1753,202208,Sim,Sim,2022-08
Empresa 1754,202301,Sim,Sim,2023-01
Empresa 17545,201908,Sim,Sim,2019-08
Empresa 17548,202012,Não,Sim,2020-12
Empresa 1755,202205,Sim,Sim,2022-05
Empresa 1756,202205,Sim,Sim,2022-05
Empresa 17562,202103,Não,Sim,2021-03
Empresa 17567,202004,Não,Sim,2020-04
Empresa 1757,202207,Sim,Sim,2022-07
Empresa 17570,202302,Não,Não,2023-02
Empresa 17572,202304,Não,Sim,2023-04
Empresa 1758,202209,Sim,Sim,2022-09
Empresa 17581,202105,Sim,Sim,2021-05
Empresa 1759,202211,Sim,Sim,2022-11
Empresa 17593,202201,Sim,Sim,2022-01
Empresa 17595,202112,Não,Não,2021-12
Empresa 176,202305,Sim,Sim,2023-05
Empresa 1760,202101,Não,Não,2021-01
Empresa 17602,202304,Não,Sim,2023-04
Empresa 17609,202306,Não,Sim,2023-06
Empresa 1761,202104,Sim,Sim,2021-04
Empresa 17616,202002,Sim,Sim,2020-02
Empresa 17619,202007,Não,Sim,2020-07
Empresa 1762,202106,Sim,Sim,2021-06
Empresa 17622,202002,Sim,Sim,2020-02
Empresa 17626,202002,Sim,Sim,2020-02
Empresa 17628,202211,Sim,Sim,2022-11
Empresa 1763,202106,Sim,Sim,2021-06
Empresa 17635,202110,Não,Não,2021-10
Empresa 1764,202201,Sim,Sim,2022-01
Empresa 1765,202206,Sim,Sim,2022-06
Empresa 17650,202206,Não,Sim,2022-06
Empresa 1766,202112,Sim,Sim,2021-12
Empresa 17668,202002,Sim,Sim,2020-02
Empresa 1767,202112,Sim,Sim,2021-12
Empresa 17673,202002,Sim,Sim,2020-02
Empresa 1768,202201,Sim,Sim,2022-01
Empresa 1769,202106,Sim,Sim,2021-06
Empresa 177,202304,Sim,Sim,2023-04
Empresa 1770,202106,Sim,Sim,2021-06
Empresa 17701,202105,Sim,Sim,2021-05
Empresa 17705,202211,Não,Sim,2022-11
Empresa 1771,202105,Sim,Sim,2021-05
Empresa 17717,202007,Não,Sim,2020-07
Empresa 1772,202104,Sim,Sim,2021-04
Empresa 17728,202302,Não,Sim,2023-02
Empresa 17729,202004,Não,Sim,2020-04
Empresa 1773,202211,Sim,Sim,2022-11
Empresa 17739,202103,Não,Sim,2021-03
Empresa 1774,202310,Não,Não,2023-10
Empresa 17743,202210,Não,Sim,2022-10
Empresa 17748,202109,Sim,Sim,2021-09
Empresa 1775,202303,Sim,Sim,2023-03
Empresa 17756,202212,Não,Sim,2022-12
Empresa 1776,202201,Sim,Sim,2022-01
Empresa 17760,202204,Sim,Sim,2022-04
Empresa 1777,202305,Sim,Sim,2023-05
Empresa 17776,202205,Não,Sim,2022-05
Empresa 1778,202104,Sim,Sim,2021-04
Empresa 17787,202309,Não,Sim,2023-09
Empresa 17788,202003,Sim,Sim,2020-03
Empresa 1779,202308,Sim,Sim,2023-08
Empresa 17790,202112,Não,Sim,2021-12
Empresa 17792,202211,Sim,Sim,2022-11
Empresa 178,202305,Sim,Sim,2023-05
Empresa 1780,202209,Sim,Sim,2022-09
Empresa 1781,202305,Sim,Sim,2023-05
Empresa 17810,202001,Sim,Sim,2020-01
Empresa 17818,202110,Sim,Sim,2021-10
Empresa 1782,202308,Não,Não,2023-08
Empresa 17829,202212,Sim,Sim,2022-12
Empresa 1783,202111,Sim,Sim,2021-11
Empresa 17832,202201,Não,Sim,2022-01
Empresa 17838,202002,Sim,Sim,2020-02
Empresa 1784,202203,Sim,Sim,2022-03
Empresa 1785,202209,Sim,Sim,2022-09
Empresa 17857,202109,Não,Sim,2021-09
Empresa 1786,202209,Sim,Sim,2022-09
Empresa 17867,202105,Sim,Sim,2021-05
Empresa 1787,202209,Sim,Sim,2022-09
Empresa 17878,202007,Não,Sim,2020-07
Empresa 1788,202209,Sim,Sim,2022-09
Empresa 17882,202009,Não,Sim,2020-09
Empresa 17884,202203,Sim,Sim,2022-03
Empresa 17886,202205,Sim,Sim,2022-05
Empresa 17888,202004,Não,Sim,2020-04
Empresa 1789,202111,Sim,Sim,2021-11
Empresa 179,202305,Sim,Sim,2023-05
Empresa 1790,202201,Sim,Sim,2022-01
Empresa 17901,202205,Não,Sim,2022-05
Empresa 1791,202210,Sim,Sim,2022-10
Empresa 17911,202011,Sim,Sim,2020-11
Empresa 17912,202102,Sim,Sim,2021-02
Empresa 17917,202007,Não,Sim,2020-07
Empresa 1792,202210,Sim,Sim,2022-10
Empresa 17924,202011,Não,Sim,2020-11
Empresa 17928,202012,Não,Sim,2020-12
Empresa 1793,202209,Sim,Sim,2022-09
Empresa 17931,202004,Sim,Sim,2020-04
Empresa 17932,202210,Não,Sim,2022-10
Empresa 1794,202210,Sim,Sim,2022-10
Empresa 17944,202301,Não,Sim,2023-01
Empresa 17945,202008,Não,Sim,2020-08
Empresa 17947,202007,Não,Não,2020-07
Empresa 1795,202112,Sim,Sim,2021-12
Empresa 17951,202208,Sim,Sim,2022-08
Empresa 1796,202301,Sim,Sim,2023-01
Empresa 17966,202109,Não,Sim,2021-09
Empresa 17969,202101,Sim,Sim,2021-01
Empresa 1797,202302,Sim,Sim,2023-02
Empresa 17971,202310,Não,Não,2023-10
Empresa 17972,202202,Sim,Sim,2022-02
Empresa 1798,202306,Sim,Sim,2023-06
Empresa 1799,202307,Sim,Sim,2023-07
Empresa 17995,202007,Não,Sim,2020-07
Empresa 17996,202002,Sim,Sim,2020-02
Empresa 17997,202109,Sim,Sim,2021-09
Empresa 17998,202101,Não,Sim,2021-01
Empresa 18,202210,Sim,Sim,2022-10
Empresa 180,202305,Sim,Sim,2023-05
Empresa 1800,202210,Sim,Sim,2022-10
Empresa 18000,202004,Não,Sim,2020-04
Empresa 18002,202212,Não,Sim,2022-12
Empresa 18009,202211,Não,Sim,2022-11
Empresa 1801,202212,Sim,Sim,2022-12
Empresa 18014,202308,Não,Sim,2023-08
Empresa 1802,202210,Sim,Sim,2022-10
Empresa 1803,202308,Não,Não,2023-08
Empresa 1804,202212,Sim,Sim,2022-12
Empresa 18045,202301,Não,Sim,2023-01
Empresa 18047,202310,Não,Sim,2023-10
Empresa 18049,202007,Sim,Sim,2020-07
Empresa 1805,202212,Sim,Sim,2022-12
Empresa 18053,202009,Sim,Sim,2020-09
Empresa 18055,202002,Sim,Sim,2020-02
Empresa 18056,202010,Não,Sim,2020-10
Empresa 1806,202212,Sim,Sim,2022-12
Empresa 18061,202210,Não,Sim,2022-10
Empresa 18064,202012,Não,Sim,2020-12
Empresa 1807,202212,Sim,Sim,2022-12
Empresa 18074,202011,Sim,Sim,2020-11
Empresa 18076,202109,Sim,Sim,2021-09
Empresa 1808,202211,Sim,Sim,2022-11
Empresa 1809,202212,Sim,Sim,2022-12
Empresa 18093,202209,Sim,Sim,2022-09
Empresa 18095,202102,Não,Sim,2021-02
Empresa 181,202306,Sim,Sim,2023-06
Empresa 1810,202212,Sim,Sim,2022-12
Empresa 18101,202103,Sim,Sim,2021-03
Empresa 18104,201912,Sim,Sim,2019-12
Empresa 18105,202008,Não,Sim,2020-08
Empresa 18107,202009,Sim,Sim,2020-09
Empresa 1811,202212,Sim,Sim,2022-12
Empresa 18118,202006,Sim,Sim,2020-06
Empresa 1812,202212,Sim,Sim,2022-12
Empresa 18122,202309,Não,Não,2023-09
Empresa 1813,202212,Sim,Sim,2022-12
Empresa 1814,202212,Sim,Sim,2022-12
Empresa 18145,202212,Não,Sim,2022-12
Empresa 1815,202301,Sim,Sim,2023-01
Empresa 18156,202303,Não,Sim,2023-03
Empresa 18158,202309,Não,Não,2023-09
Empresa 18159,202112,Não,Sim,2021-12
Empresa 1816,202301,Sim,Sim,2023-01
Empresa 18164,202002,Sim,Sim,2020-02
Empresa 18167,202209,Não,Sim,2022-09
Empresa 1817,202212,Sim,Sim,2022-12
Empresa 18174,202111,Não,Sim,2021-11
Empresa 1818,202301,Sim,Sim,2023-01
Empresa 18183,202108,Não,Não,2021-08
Empresa 18185,201912,Sim,Sim,2019-12
Empresa 1819,202212,Sim,Sim,2022-12
Empresa 18194,202207,Não,Não,2022-07
Empresa 18195,202008,Sim,Sim,2020-08
Empresa 18196,202009,Sim,Sim,2020-09
Empresa 182,202206,Sim,Sim,2022-06
Empresa 1820,202211,Sim,Sim,2022-11
Empresa 18201,202109,Não,Sim,2021-09
Empresa 1821,202211,Sim,Sim,2022-11
Empresa 18213,202112,Não,Sim,2021-12
Empresa 1822,202301,Sim,Sim,2023-01
Empresa 1823,202302,Sim,Sim,2023-02
Empresa 18237,202212,Não,Sim,2022-12
Empresa 1824,202302,Sim,Sim,2023-02
Empresa 18244,202002,Sim,Sim,2020-02
Empresa 1825,202212,Sim,Sim,2022-12
Empresa 18254,201912,Não,Sim,2019-12
Empresa 1826,202210,Sim,Sim,2022-10
Empresa 18265,202204,Sim,Sim,2022-04
Empresa 1827,202301,Sim,Sim,2023-01
Empresa 18273,202204,Sim,Sim,2022-04
Empresa 18278,202010,Sim,Sim,2020-10
Empresa 1828,202212,Sim,Sim,2022-12
Empresa 18287,202101,Não,Sim,2021-01
Empresa 1829,202302,Sim,Sim,2023-02
Empresa 18299,202112,Sim,Sim,2021-12
Empresa 183,202306,Sim,Sim,2023-06
Empresa 1830,202210,Sim,Sim,2022-10
Empresa 18300,202002,Sim,Sim,2020-02
Empresa 18302,202003,Sim,Sim,2020-03
Empresa 18305,202007,Não,Sim,2020-07
Empresa 1831,202212,Sim,Sim,2022-12
Empresa 1832,202212,Sim,Sim,2022-12
Empresa 18322,202103,Não,Sim,2021-03
Empresa 1833,202212,Sim,Sim,2022-12
Empresa 1834,202212,Sim,Sim,2022-12
Empresa 1835,202302,Sim,Sim,2023-02
Empresa 18358,202012,Sim,Sim,2020-12
Empresa 1836,202212,Sim,Sim,2022-12
Empresa 18363,202103,Não,Sim,2021-03
Empresa 18364,202012,Não,Sim,2020-12
Empresa 1837,202212,Sim,Sim,2022-12
Empresa 18370,202105,Não,Sim,2021-05
Empresa 18378,202011,Sim,Sim,2020-11
Empresa 1838,202302,Sim,Sim,2023-02
Empresa 18385,202010,Sim,Sim,2020-10
Empresa 18388,202003,Sim,Sim,2020-03
Empresa 1839,202212,Sim,Sim,2022-12
Empresa 18396,202005,Não,Sim,2020-05
Empresa 18398,202104,Não,Sim,2021-04
Empresa 184,202306,Sim,Sim,2023-06
Empresa 1840,202302,Sim,Sim,2023-02
Empresa 18400,202110,Não,Sim,2021-10
Empresa 18409,202011,Sim,Sim,2020-11
Empresa 1841,202212,Sim,Sim,2022-12
Empresa 18414,202003,Não,Não,2020-03
Empresa 1842,202302,Sim,Sim,2023-02
Empresa 18423,202206,Sim,Sim,2022-06
Empresa 1843,202302,Sim,Sim,2023-02
Empresa 18431,202203,Não,Sim,2022-03
Empresa 18434,202211,Não,Sim,2022-11
Empresa 18438,202104,Sim,Sim,2021-04
Empresa 1844,202212,Sim,Sim,2022-12
Empresa 1845,202303,Sim,Sim,2023-03
Empresa 18454,202201,Não,Sim,2022-01
Empresa 1846,202303,Sim,Sim,2023-03
Empresa 1847,202303,Sim,Sim,2023-03
Empresa 18479,202002,Não,Não,2020-02
Empresa 1848,202302,Sim,Sim,2023-02
Empresa 18481,202111,Não,Sim,2021-11
Empresa 18483,202202,Sim,Sim,2022-02
Empresa 18485,202203,Não,Sim,2022-03
Empresa 1849,202212,Sim,Sim,2022-12
Empresa 18490,202007,Sim,Sim,2020-07
Empresa 18494,202008,Não,Não,2020-08
Empresa 185,202106,Sim,Sim,2021-06
Empresa 1850,202303,Sim,Sim,2023-03
Empresa 18504,202106,Sim,Sim,2021-06
Empresa 18507,202012,Não,Sim,2020-12
Empresa 1851,202212,Sim,Sim,2022-12
Empresa 1852,202303,Sim,Sim,2023-03
Empresa 1853,202212,Sim,Sim,2022-12
Empresa 1854,202302,Sim,Sim,2023-02
Empresa 18549,201911,Sim,Sim,2019-11
Empresa 1855,202303,Sim,Sim,2023-03
Empresa 1856,202212,Sim,Sim,2022-12
Empresa 18565,202301,Não,Sim,2023-01
Empresa 18568,202001,Não,Sim,2020-01
Empresa 1857,202212,Sim,Sim,2022-12
Empresa 18570,202212,Sim,Sim,2022-12
Empresa 18577,202308,Não,Não,2023-08
Empresa 18578,202004,Sim,Sim,2020-04
Empresa 1858,202302,Sim,Sim,2023-02
Empresa 1859,202301,Sim,Sim,2023-01
Empresa 18597,202008,Não,Sim,2020-08
Empresa 186,202307,Sim,Sim,2023-07
Empresa 1860,202301,Sim,Sim,2023-01
Empresa 18601,202306,Não,Sim,2023-06
Empresa 18603,202211,Não,Sim,2022-11
Empresa 18604,201905,Sim,Sim,2019-05
Empresa 1861,202212,Sim,Sim,2022-12
Empresa 18618,202002,Sim,Sim,2020-02
Empresa 1862,202303,Sim,Sim,2023-03
Empresa 18620,202209,Não,Sim,2022-09
Empresa 18623,202010,Sim,Sim,2020-10
Empresa 1863,202302,Sim,Sim,2023-02
Empresa 18634,202111,Não,Sim,2021-11
Empresa 1864,202212,Sim,Sim,2022-12
Empresa 18640,201909,Não,Sim,2019-09
Empresa 18648,202101,Sim,Sim,2021-01
Empresa 1865,202212,Sim,Sim,2022-12
Empresa 18656,202004,Não,Sim,2020-04
Empresa 18659,202107,Não,Sim,2021-07
Empresa 1866,202302,Sim,Sim,2023-02
Empresa 18665,202012,Não,Sim,2020-12
Empresa 1867,202212,Sim,Sim,2022-12
Empresa 18677,202006,Não,Sim,2020-06
Empresa 18678,202002,Sim,Sim,2020-02
Empresa 1868,202305,Sim,Sim,2023-05
Empresa 18689,202212,Não,Sim,2022-12
Empresa 1869,202302,Sim,Sim,2023-02
Empresa 18699,202205,Não,Sim,2022-05
Empresa 187,202306,Sim,Sim,2023-06
Empresa 1870,202303,Sim,Sim,2023-03
Empresa 18705,202004,Sim,Sim,2020-04
Empresa 1871,202212,Sim,Sim,2022-12
Empresa 18711,201912,Não,Sim,2019-12
Empresa 1872,202302,Sim,Sim,2023-02
Empresa 1873,202305,Sim,Sim,2023-05
Empresa 18738,202302,Não,Sim,2023-02
Empresa 1874,202212,Sim,Sim,2022-12
Empresa 1875,202212,Sim,Sim,2022-12
Empresa 18750,202007,Sim,Sim,2020-07
Empresa 18756,202104,Não,Sim,2021-04
Empresa 1876,202212,Sim,Sim,2022-12
Empresa 1877,202301,Sim,Sim,2023-01
Empresa 1878,202302,Sim,Sim,2023-02
Empresa 18788,202005,Sim,Sim,2020-05
Empresa 1879,202212,Sim,Sim,2022-12
Empresa 18799,202111,Sim,Sim,2021-11
Empresa 188,202104,Sim,Sim,2021-04
Empresa 1880,202212,Sim,Sim,2022-12
Empresa 18803,202212,Não,Sim,2022-12
Empresa 18805,202012,Não,Sim,2020-12
Empresa 1881,202212,Sim,Sim,2022-12
Empresa 1882,202302,Sim,Sim,2023-02
Empresa 18821,202302,Não,Sim,2023-02
Empresa 18823,202007,Não,Sim,2020-07
Empresa 1883,202212,Sim,Sim,2022-12
Empresa 18836,202007,Não,Sim,2020-07
Empresa 18839,202001,Sim,Sim,2020-01
Empresa 1884,202302,Sim,Sim,2023-02
Empresa 18848,202205,Não,Sim,2022-05
Empresa 18849,202309,Não,Sim,2023-09
Empresa 1885,202212,Sim,Sim,2022-12
Empresa 18854,201912,Não,Sim,2019-12
Empresa 18856,202209,Não,Sim,2022-09
Empresa 1886,202303,Sim,Sim,2023-03
Empresa 1887,202212,Sim,Sim,2022-12
Empresa 18871,202011,Não,Sim,2020-11
Empresa 18876,202101,Não,Sim,2021-01
Empresa 1888,202211,Sim,Sim,2022-11
Empresa 18886,202105,Sim,Sim,2021-05
Empresa 1889,202304,Sim,Sim,2023-04
Empresa 18894,202309,Não,Sim,2023-09
Empresa 18895,202212,Não,Sim,2022-12
Empresa 189,202308,Sim,Sim,2023-08
Empresa 1890,202307,Sim,Sim,2023-07
Empresa 1891,202308,Não,Sim,2023-08
Empresa 18912,201912,Não,Sim,2019-12
Empresa 1892,202308,Sim,Sim,2023-08
Empresa 1893,202212,Sim,Sim,2022-12
Empresa 18931,202110,Sim,Sim,2021-10
Empresa 18933,202103,Não,Sim,2021-03
Empresa 1894,202210,Sim,Sim,2022-10
Empresa 18941,202010,Não,Sim,2020-10
Empresa 1895,202212,Sim,Sim,2022-12
Empresa 18959,202006,Sim,Sim,2020-06
Empresa 1896,202212,Sim,Sim,2022-12
Empresa 18964,202002,Não,Não,2020-02
Empresa 1897,202212,Sim,Sim,2022-12
Empresa 18970,202306,Não,Sim,2023-06
Empresa 18976,202102,Sim,Sim,2021-02
Empresa 1898,202212,Sim,Sim,2022-12
Empresa 18988,202306,Não,Sim,2023-06
Empresa 1899,202309,Sim,Sim,2023-09
Empresa 18999,202201,Não,Sim,2022-01
Empresa 19,202208,Sim,Sim,2022-08
Empresa 190,202305,Sim,Sim,2023-05
Empresa 1900,202309,Sim,Sim,2023-09
Empresa 19008,202008,Não,Sim,2020-08
Empresa 1901,202308,Sim,Sim,2023-08
Empresa 19011,202101,Não,Sim,2021-01
Empresa 19017,202304,Não,Sim,2023-04
Empresa 1902,202212,Sim,Sim,2022-12
Empresa 19025,202010,Sim,Sim,2020-10
Empresa 1903,202310,Sim,Sim,2023-10
Empresa 19032,202302,Não,Sim,2023-02
Empresa 1904,202306,Não,Sim,2023-06
Empresa 19042,202302,Não,Sim,2023-02
Empresa 1905,202210,Sim,Sim,2022-10
Empresa 19052,202103,Não,Sim,2021-03
Empresa 1906,202302,Sim,Sim,2023-02
Empresa 19061,202103,Não,Sim,2021-03
Empresa 19068,202003,Não,Não,2020-03
Empresa 19069,202012,Não,Sim,2020-12
Empresa 1907,202103,Sim,Sim,2021-03
Empresa 19075,202103,Não,Sim,2021-03
Empresa 1908,202108,Sim,Sim,2021-08
Empresa 1909,202005,Sim,Sim,2020-05
Empresa 19099,202308,Não,Sim,2023-08
Empresa 191,202309,Sim,Sim,2023-09
Empresa 1910,202012,Sim,Sim,2020-12
Empresa 19109,202012,Não,Sim,2020-12
Empresa 1911,202205,Sim,Sim,2022-05
Empresa 19118,202107,Não,Sim,2021-07
Empresa 1912,202002,Sim,Sim,2020-02
Empresa 19120,202008,Não,Não,2020-08
Empresa 1913,201906,Sim,Sim,2019-06
Empresa 19131,202012,Não,Sim,2020-12
Empresa 1914,202008,Sim,Sim,2020-08
Empresa 19140,201912,Não,Sim,2019-12
Empresa 1915,202002,Sim,Sim,2020-02
Empresa 19152,202112,Sim,Sim,2021-12
Empresa 1916,202002,Sim,Sim,2020-02
Empresa 1917,202002,Sim,Sim,2020-02
Empresa 1918,202007,Sim,Sim,2020-07
Empresa 1919,202112,Não,Não,2021-12
Empresa 192,202306,Sim,Sim,2023-06
Empresa 1920,202108,Não,Não,2021-08
Empresa 19204,202012,Sim,Sim,2020-12
Empresa 1921,201910,Sim,Sim,2019-10
Empresa 1922,202002,Sim,Sim,2020-02
Empresa 1923,202002,Sim,Sim,2020-02
Empresa 1924,201912,Sim,Sim,2019-12
Empresa 19241,202207,Sim,Sim,2022-07
Empresa 19249,202004,Não,Sim,2020-04
Empresa 1925,202006,Sim,Sim,2020-06
Empresa 1926,202004,Sim,Sim,2020-04
Empresa 19263,202103,Sim,Sim,2021-03
Empresa 19265,202201,Sim,Sim,2022-01
Empresa 1927,202105,Não,Não,2021-05
Empresa 1928,202003,Sim,Sim,2020-03
Empresa 1929,202101,Sim,Sim,2021-01
Empresa 193,202107,Sim,Sim,2021-07
Empresa 1930,202106,Sim,Sim,2021-06
Empresa 19300,202212,Não,Sim,2022-12
Empresa 19305,202101,Sim,Sim,2021-01
Empresa 1931,202003,Sim,Sim,2020-03
Empresa 1932,202003,Sim,Sim,2020-03
Empresa 19323,202112,Sim,Sim,2021-12
Empresa 1933,202003,Sim,Sim,2020-03
Empresa 19331,202008,Não,Sim,2020-08
Empresa 1934,202003,Sim,Sim,2020-03
Empresa 19344,202012,Não,Sim,2020-12
Empresa 19345,202105,Não,Sim,2021-05
Empresa 1935,202003,Sim,Sim,2020-03
Empresa 19355,202112,Sim,Sim,2021-12
Empresa 1936,202004,Sim,Sim,2020-04
Empresa 1937,202108,Sim,Sim,2021-08
Empresa 1938,202003,Sim,Sim,2020-03
Empresa 1939,202110,Sim,Sim,2021-10
Empresa 194,202307,Sim,Sim,2023-07
Empresa 1940,202011,Não,Não,2020-11
Empresa 1941,202007,Sim,Sim,2020-07
Empresa 1942,202211,Sim,Sim,2022-11
Empresa 1943,202012,Sim,Sim,2020-12
Empresa 19438,202008,Sim,Sim,2020-08
Empresa 19439,202008,Não,Sim,2020-08
Empresa 1944,202112,Sim,Sim,2021-12
Empresa 1945,202106,Sim,Sim,2021-06
Empresa 1946,202007,Sim,Sim,2020-07
Empresa 1947,202108,Sim,Sim,2021-08
Empresa 1948,202101,Sim,Sim,2021-01
Empresa 1949,202001,Sim,Sim,2020-01
Empresa 19499,202107,Sim,Sim,2021-07
Empresa 195,202309,Sim,Sim,2023-09
Empresa 1950,202006,Sim,Sim,2020-06
Empresa 1951,202104,Sim,Sim,2021-04
Empresa 19516,202208,Sim,Sim,2022-08
Empresa 1952,201912,Sim,Sim,2019-12
Empresa 19525,202206,Sim,Sim,2022-06
Empresa 1953,201910,Sim,Sim,2019-10
Empresa 1954,202101,Sim,Sim,2021-01
Empresa 19548,202007,Não,Sim,2020-07
Empresa 19549,202211,Sim,Sim,2022-11
Empresa 1955,201912,Sim,Sim,2019-12
Empresa 19554,202104,Sim,Sim,2021-04
Empresa 1956,202211,Sim,Sim,2022-11
Empresa 19565,202004,Não,Não,2020-04
Empresa 1957,202202,Sim,Sim,2022-02
Empresa 19573,202010,Não,Sim,2020-10
Empresa 19576,202308,Não,Sim,2023-08
Empresa 1958,202102,Sim,Sim,2021-02
Empresa 1959,202104,Sim,Sim,2021-04
Empresa 196,202109,Sim,Sim,2021-09
Empresa 1960,202107,Sim,Sim,2021-07
Empresa 19601,202109,Sim,Sim,2021-09
Empresa 19603,202104,Não,Não,2021-04
Empresa 19605,201911,Sim,Sim,2019-11
Empresa 19608,202302,Não,Sim,2023-02
Empresa 19609,202007,Não,Sim,2020-07
Empresa 1961,202004,Sim,Sim,2020-04
Empresa 19612,202106,Não,Sim,2021-06
Empresa 19617,202008,Sim,Sim,2020-08
Empresa 19618,202111,Sim,Sim,2021-11
Empresa 1962,202301,Sim,Sim,2023-01
Empresa 19622,201912,Não,Sim,2019-12
Empresa 19623,202112,Não,Sim,2021-12
Empresa 1963,202001,Sim,Sim,2020-01
Empresa 1964,202001,Sim,Sim,2020-01
Empresa 19641,202007,Não,Sim,2020-07
Empresa 1965,202002,Sim,Sim,2020-02
Empresa 1966,202307,Não,Não,2023-07
Empresa 19661,202304,Não,Sim,2023-04
Empresa 19665,202203,Não,Não,2022-03
Empresa 1967,202012,Sim,Sim,2020-12
Empresa 19679,202109,Não,Sim,2021-09
Empresa 1968,202204,Sim,Sim,2022-04
Empresa 1969,202210,Sim,Sim,2022-10
Empresa 197,202309,Sim,Sim,2023-09
Empresa 1970,202209,Sim,Sim,2022-09
Empresa 1971,201912,Sim,Sim,2019-12
Empresa 19712,202008,Sim,Sim,2020-08
Empresa 1972,202004,Sim,Sim,2020-04
Empresa 19721,202105,Não,Sim,2021-05
Empresa 19727,202108,Sim,Sim,2021-08
Empresa 1973,202301,Sim,Sim,2023-01
Empresa 19735,202307,Não,Sim,2023-07
Empresa 1974,202002,Sim,Sim,2020-02
Empresa 19740,202301,Não,Não,2023-01
Empresa 19744,202106,Não,Sim,2021-06
Empresa 1975,202111,Sim,Sim,2021-11
Empresa 1976,202001,Sim,Sim,2020-01
Empresa 1977,202101,Sim,Sim,2021-01
Empresa 19773,202101,Não,Sim,2021-01
Empresa 19774,202008,Não,Não,2020-08
Empresa 19777,202306,Não,Sim,2023-06
Empresa 1978,202104,Sim,Sim,2021-04
Empresa 1979,202101,Sim,Sim,2021-01
Empresa 19791,202109,Não,Sim,2021-09
Empresa 19797,202112,Não,Sim,2021-12
Empresa 19798,202107,Não,Não,2021-07
Empresa 198,202306,Sim,Sim,2023-06
Empresa 1980,202208,Sim,Sim,2022-08
Empresa 1981,202205,Sim,Sim,2022-05
Empresa 19817,202108,Não,Sim,2021-08
Empresa 19819,202307,Não,Sim,2023-07
Empresa 1982,202211,Sim,Sim,2022-11
Empresa 1983,202004,Sim,Sim,2020-04
Empresa 19835,202012,Não,Sim,2020-12
Empresa 19838,202203,Não,Sim,2022-03
Empresa 1984,202107,Sim,Sim,2021-07
Empresa 1985,202003,Sim,Sim,2020-03
Empresa 1986,202003,Sim,Sim,2020-03
Empresa 1987,202003,Sim,Sim,2020-03
Empresa 19877,202008,Não,Sim,2020-08
Empresa 19879,202103,Não,Não,2021-03
Empresa 1988,202003,Sim,Sim,2020-03
Empresa 19882,202109,Sim,Sim,2021-09
Empresa 19884,202306,Não,Sim,2023-06
Empresa 19887,202204,Não,Sim,2022-04
Empresa 1989,202207,Sim,Sim,2022-07
Empresa 19892,202212,Não,Sim,2022-12
Empresa 19896,202103,Não,Sim,2021-03
Empresa 19898,202012,Não,Sim,2020-12
Empresa 19899,202008,Não,Sim,2020-08
Empresa 199,202310,Sim,Sim,2023-10
Empresa 1990,201912,Sim,Sim,2019-12
Empresa 19906,202005,Sim,Sim,2020-05
Empresa 1991,202203,Sim,Sim,2022-03
Empresa 1992,202108,Não,Não,2021-08
Empresa 19923,202002,Não,Sim,2020-02
Empresa 1993,202107,Não,Não,2021-07
Empresa 19932,202012,Não,Sim,2020-12
Empresa 19935,202012,Não,Sim,2020-12
Empresa 19937,202101,Não,Sim,2021-01
Empresa 1994,202005,Sim,Sim,2020-05
Empresa 19947,202308,Não,Não,2023-08
Empresa 1995,202002,Sim,Sim,2020-02
Empresa 19954,202103,Não,Sim,2021-03
Empresa 1996,202002,Sim,Sim,2020-02
Empresa 1997,202002,Sim,Sim,2020-02
Empresa 19971,202007,Não,Sim,2020-07
Empresa 1998,202209,Sim,Sim,2022-09
Empresa 19983,202008,Não,Sim,2020-08
Empresa 1999,202001,Sim,Sim,2020-01
Empresa 19999,202102,Não,Sim,2021-02
Empresa 2,202208,Sim,Sim,2022-08
Empresa 20,202209,Sim,Sim,2022-09
Empresa 200,202305,Sim,Sim,2023-05
Empresa 2000,202001,Sim,Sim,2020-01
Empresa 20007,202012,Não,Sim,2020-12
Empresa 2001,202203,Sim,Sim,2022-03
Empresa 2002,202004,Sim,Sim,2020-04
Empresa 2003,202105,Sim,Sim,2021-05
Empresa 20032,202007,Não,Sim,2020-07
Empresa 2004,202002,Sim,Sim,2020-02
Empresa 20042,202012,Sim,Sim,2020-12
Empresa 20044,202212,Sim,Sim,2022-12
Empresa 2005,202104,Sim,Sim,2021-04
Empresa 20059,202209,Não,Sim,2022-09
Empresa 2006,202111,Sim,Sim,2021-11
Empresa 2007,202209,Sim,Sim,2022-09
Empresa 2008,202002,Sim,Sim,2020-02
Empresa 20083,202006,Sim,Sim,2020-06
Empresa 20086,202309,Não,Sim,2023-09
Empresa 20089,202007,Não,Sim,2020-07
Empresa 2009,202004,Sim,Sim,2020-04
Empresa 20099,202208,Não,Sim,2022-08
Empresa 201,202309,Não,Sim,2023-09
Empresa 2010,202005,Sim,Sim,2020-05
Empresa 20105,202107,Sim,Sim,2021-07
Empresa 20106,202012,Sim,Sim,2020-12
Empresa 2011,202004,Sim,Sim,2020-04
Empresa 20110,202108,Não,Sim,2021-08
Empresa 20112,202306,Não,Sim,2023-06
Empresa 2012,202111,Sim,Sim,2021-11
Empresa 2013,201910,Sim,Sim,2019-10
Empresa 20133,202206,Não,Sim,2022-06
Empresa 2014,202007,Sim,Sim,2020-07
Empresa 2015,202205,Sim,Sim,2022-05
Empresa 20150,202305,Não,Sim,2023-05
Empresa 2016,201912,Sim,Sim,2019-12
Empresa 20169,202301,Não,Não,2023-01
Empresa 2017,202212,Sim,Sim,2022-12
Empresa 20178,202101,Não,Sim,2021-01
Empresa 2018,202007,Sim,Sim,2020-07
Empresa 20184,202207,Não,Sim,2022-07
Empresa 2019,202002,Sim,Sim,2020-02
Empresa 2020,202008,Sim,Sim,2020-08
Empresa 20209,202109,Sim,Sim,2021-09
Empresa 2021,202004,Sim,Sim,2020-04
Empresa 20210,202002,Sim,Sim,2020-02
Empresa 20213,202212,Não,Sim,2022-12
Empresa 2022,202001,Sim,Sim,2020-01
Empresa 20229,202306,Não,Sim,2023-06
Empresa 2023,202009,Sim,Sim,2020-09
Empresa 20233,202301,Não,Sim,2023-01
Empresa 20238,202209,Sim,Sim,2022-09
Empresa 2024,202112,Sim,Sim,2021-12
Empresa 2025,202108,Sim,Sim,2021-08
Empresa 2026,202007,Sim,Sim,2020-07
Empresa 20264,202004,Sim,Sim,2020-04
Empresa 2027,202009,Sim,Sim,2020-09
Empresa 20272,202308,Não,Sim,2023-08
Empresa 20273,202206,Sim,Sim,2022-06
Empresa 20274,202305,Não,Sim,2023-05
Empresa 2028,202209,Sim,Sim,2022-09
Empresa 20283,202105,Sim,Sim,2021-05
Empresa 20287,202108,Não,Não,2021-08
Empresa 2029,202109,Sim,Sim,2021-09
Empresa 203,202205,Sim,Sim,2022-05
Empresa 2030,202112,Sim,Sim,2021-12
Empresa 2031,201908,Sim,Sim,2019-08
Empresa 20315,202310,Não,Não,2023-10
Empresa 20317,202211,Não,Sim,2022-11
Empresa 2032,201908,Sim,Sim,2019-08
Empresa 2033,201908,Sim,Sim,2019-08
Empresa 2034,201908,Sim,Sim,2019-08
Empresa 20342,202004,Sim,Sim,2020-04
Empresa 2035,201908,Sim,Sim,2019-08
Empresa 2036,202106,Sim,Sim,2021-06
Empresa 2037,202205,Sim,Sim,2022-05
Empresa 2038,202002,Sim,Sim,2020-02
Empresa 2039,201912,Sim,Sim,2019-12
Empresa 204,202301,Sim,Sim,2023-01
Empresa 2040,202210,Sim,Sim,2022-10
Empresa 20400,202207,Não,Sim,2022-07
Empresa 20405,202006,Sim,Sim,2020-06
Empresa 2041,202201,Não,Não,2022-01
Empresa 20417,202008,Não,Sim,2020-08
Empresa 2042,202203,Sim,Sim,2022-03
Empresa 2043,202205,Sim,Sim,2022-05
Empresa 2044,202212,Sim,Sim,2022-12
Empresa 2045,202206,Sim,Sim,2022-06
Empresa 2046,202209,Sim,Sim,2022-09
Empresa 2047,202003,Sim,Sim,2020-03
Empresa 20472,202303,Não,Sim,2023-03
Empresa 2048,202011,Não,Não,2020-11
Empresa 2049,202108,Não,Não,2021-08
Empresa 205,202204,Sim,Sim,2022-04
Empresa 2050,202003,Sim,Sim,2020-03
Empresa 2051,202107,Não,Não,2021-07
Empresa 2052,202002,Sim,Sim,2020-02
Empresa 20521,202012,Não,Sim,2020-12
Empresa 20528,202108,Não,Sim,2021-08
Empresa 2053,202002,Sim,Sim,2020-02
Empresa 2054,202009,Sim,Sim,2020-09
Empresa 20547,202309,Não,Sim,2023-09
Empresa 2055,202006,Sim,Sim,2020-06
Empresa 20556,202109,Sim,Sim,2021-09
Empresa 2056,202001,Sim,Sim,2020-01
Empresa 2057,202002,Sim,Sim,2020-02
Empresa 20578,202309,Não,Sim,2023-09
Empresa 2058,202001,Sim,Sim,2020-01
Empresa 2059,201910,Sim,Sim,2019-10
Empresa 206,202210,Sim,Sim,2022-10
Empresa 2060,202107,Sim,Sim,2021-07
Empresa 2061,202107,Sim,Sim,2021-07
Empresa 2062,202310,Não,Sim,2023-10
Empresa 2063,202104,Sim,Sim,2021-04
Empresa 20638,202308,Não,Sim,2023-08
Empresa 2064,202005,Sim,Sim,2020-05
Empresa 2065,202010,Sim,Sim,2020-10
Empresa 2066,202208,Sim,Sim,2022-08
Empresa 20663,202202,Não,Não,2022-02
Empresa 2067,202108,Sim,Sim,2021-08
Empresa 2068,202109,Sim,Sim,2021-09
Empresa 20680,202204,Não,Não,2022-04
Empresa 2069,202108,Sim,Sim,2021-08
Empresa 207,202211,Sim,Sim,2022-11
Empresa 2070,202109,Sim,Sim,2021-09
Empresa 2071,201912,Sim,Sim,2019-12
Empresa 2072,202109,Sim,Sim,2021-09
Empresa 2073,202103,Sim,Sim,2021-03
Empresa 20737,202002,Não,Sim,2020-02
Empresa 2074,202201,Sim,Sim,2022-01
Empresa 20747,202202,Sim,Sim,2022-02
Empresa 2075,202201,Sim,Sim,2022-01
Empresa 20751,202101,Não,Não,2021-01
Empresa 2076,202105,Sim,Sim,2021-05
Empresa 2077,202104,Sim,Sim,2021-04
Empresa 20778,202306,Não,Sim,2023-06
Empresa 2078,202108,Não,Não,2021-08
Empresa 20780,202011,Não,Sim,2020-11
Empresa 2079,202011,Sim,Sim,2020-11
Empresa 20792,202006,Não,Sim,2020-06
Empresa 208,202208,Sim,Sim,2022-08
Empresa 2080,202107,Sim,Sim,2021-07
Empresa 2081,202301,Sim,Sim,2023-01
Empresa 20810,202107,Não,Sim,2021-07
Empresa 2082,202211,Sim,Sim,2022-11
Empresa 20829,202008,Não,Sim,2020-08
Empresa 2083,202004,Sim,Sim,2020-04
Empresa 20838,202208,Não,Não,2022-08
Empresa 2084,202007,Sim,Sim,2020-07
Empresa 20849,202012,Não,Sim,2020-12
Empresa 2085,202006,Sim,Sim,2020-06
Empresa 2086,202003,Sim,Sim,2020-03
Empresa 2087,202002,Sim,Sim,2020-02
Empresa 20873,202102,Não,Sim,2021-02
Empresa 2088,202211,Sim,Sim,2022-11
Empresa 20887,202101,Não,Sim,2021-01
Empresa 2089,202201,Não,Não,2022-01
Empresa 20898,202102,Não,Sim,2021-02
Empresa 209,202301,Sim,Sim,2023-01
Empresa 2090,201910,Sim,Sim,2019-10
Empresa 2091,202007,Sim,Sim,2020-07
Empresa 20914,202304,Não,Sim,2023-04
Empresa 2092,202010,Sim,Sim,2020-10
Empresa 20924,202010,Sim,Sim,2020-10
Empresa 2093,202002,Sim,Sim,2020-02
Empresa 2094,202008,Sim,Sim,2020-08
Empresa 20945,202212,Não,Sim,2022-12
Empresa 2095,202011,Sim,Sim,2020-11
Empresa 20952,202211,Não,Sim,2022-11
Empresa 20954,202308,Não,Sim,2023-08
Empresa 2096,202002,Sim,Sim,2020-02
Empresa 2097,202004,Sim,Sim,2020-04
Empresa 2098,202007,Sim,Sim,2020-07
Empresa 2099,202301,Sim,Sim,2023-01
Empresa 21,202301,Sim,Sim,2023-01
Empresa 210,202303,Sim,Sim,2023-03
Empresa 2100,202004,Sim,Sim,2020-04
Empresa 21002,202012,Sim,Sim,2020-12
Empresa 2101,201912,Sim,Sim,2019-12
Empresa 21014,202012,Não,Sim,2020-12
Empresa 2102,202102,Sim,Sim,2021-02
Empresa 2103,202102,Sim,Sim,2021-02
Empresa 21032,202108,Sim,Sim,2021-08
Empresa 21038,202107,Não,Sim,2021-07
Empresa 2104,202001,Sim,Sim,2020-01
Empresa 21045,202011,Sim,Sim,2020-11
Empresa 2105,202209,Sim,Sim,2022-09
Empresa 2106,202008,Sim,Sim,2020-08
Empresa 21067,202112,Sim,Sim,2021-12
Empresa 2107,202209,Sim,Sim,2022-09
Empresa 21075,202211,Não,Sim,2022-11
Empresa 21076,202008,Não,Sim,2020-08
Empresa 2108,202210,Sim,Sim,2022-10
Empresa 2109,202211,Sim,Sim,2022-11
Empresa 21091,202007,Não,Sim,2020-07
Empresa 211,202207,Sim,Sim,2022-07
Empresa 2110,202302,Sim,Sim,2023-02
Empresa 21100,202004,Não,Sim,2020-04
Empresa 21106,202103,Não,Sim,2021-03
Empresa 2111,202007,Sim,Sim,2020-07
Empresa 2112,202306,Não,Não,2023-06
Empresa 21125,202012,Não,Sim,2020-12
Empresa 2113,202002,Sim,Sim,2020-02
Empresa 21137,202012,Não,Sim,2020-12
Empresa 2114,202002,Sim,Sim,2020-02
Empresa 2115,202203,Não,Não,2022-03
Empresa 21151,202007,Não,Sim,2020-07
Empresa 2116,201912,Sim,Sim,2019-12
Empresa 21160,201905,Não,Não,2019-05
Empresa 2117,202002,Sim,Sim,2020-02
Empresa 21174,202103,Não,Sim,2021-03
Empresa 2118,202008,Sim,Sim,2020-08
Empresa 2119,202002,Sim,Sim,2020-02
Empresa 21192,202303,Não,Sim,2023-03
Empresa 212,202307,Sim,Sim,2023-07
Empresa 2120,202103,Não,Não,2021-03
Empresa 2121,202004,Sim,Sim,2020-04
Empresa 2122,202102,Sim,Sim,2021-02
Empresa 21222,202212,Não,Sim,2022-12
Empresa 2123,202106,Sim,Sim,2021-06
Empresa 21234,202205,Sim,Sim,2022-05
Empresa 21235,202306,Não,Sim,2023-06
Empresa 2124,202211,Sim,Sim,2022-11
Empresa 21240,202103,Não,Sim,2021-03
Empresa 21242,202102,Não,Sim,2021-02
Empresa 21243,202208,Não,Sim,2022-08
Empresa 2125,202011,Sim,Sim,2020-11
Empresa 2126,202103,Sim,Sim,2021-03
Empresa 21267,202212,Não,Sim,2022-12
Empresa 2127,201912,Sim,Sim,2019-12
Empresa 21274,202301,Não,Sim,2023-01
Empresa 2128,202109,Sim,Sim,2021-09
Empresa 21281,202002,Não,Não,2020-02
Empresa 21284,202003,Sim,Sim,2020-03
Empresa 2129,202102,Sim,Sim,2021-02
Empresa 21296,202308,Não,Não,2023-08
Empresa 213,202307,Sim,Sim,2023-07
Empresa 2130,202008,Sim,Sim,2020-08
Empresa 2131,202205,Sim,Sim,2022-05
Empresa 21317,202212,Não,Sim,2022-12
Empresa 2132,202005,Sim,Sim,2020-05
Empresa 21321,202012,Não,Sim,2020-12
Empresa 21326,202211,Não,Sim,2022-11
Empresa 21328,202306,Não,Sim,2023-06
Empresa 2133,202205,Sim,Sim,2022-05
Empresa 2134,202003,Sim,Sim,2020-03
Empresa 2135,202003,Sim,Sim,2020-03
Empresa 21351,202305,Não,Sim,2023-05
Empresa 21359,202004,Sim,Sim,2020-04
Empresa 2136,202003,Sim,Sim,2020-03
Empresa 21362,202112,Sim,Sim,2021-12
Empresa 21367,202306,Não,Sim,2023-06
Empresa 2137,202003,Sim,Sim,2020-03
Empresa 21374,202008,Não,Sim,2020-08
Empresa 2138,202302,Sim,Sim,2023-02
Empresa 2139,202101,Sim,Sim,2021-01
Empresa 21391,202208,Sim,Sim,2022-08
Empresa 21392,202103,Não,Não,2021-03
Empresa 21396,202212,Não,Sim,2022-12
Empresa 214,202307,Sim,Sim,2023-07
Empresa 2140,202002,Sim,Sim,2020-02
Empresa 21402,202305,Não,Sim,2023-05
Empresa 2141,202008,Sim,Sim,2020-08
Empresa 2142,202203,Sim,Sim,2022-03
Empresa 2143,202303,Sim,Sim,2023-03
Empresa 2144,202007,Sim,Sim,2020-07
Empresa 21441,202304,Não,Sim,2023-04
Empresa 2145,202011,Sim,Sim,2020-11
Empresa 2146,202009,Sim,Sim,2020-09
Empresa 2147,202004,Sim,Sim,2020-04
Empresa 21477,202103,Não,Sim,2021-03
Empresa 2148,201912,Sim,Sim,2019-12
Empresa 2149,202002,Sim,Sim,2020-02
Empresa 21493,202205,Não,Sim,2022-05
Empresa 215,202307,Sim,Sim,2023-07
Empresa 2150,202104,Sim,Sim,2021-04
Empresa 21501,201907,Sim,Sim,2019-07
Empresa 2151,202007,Sim,Sim,2020-07
Empresa 2152,202304,Sim,Sim,2023-04
Empresa 21520,202108,Sim,Sim,2021-08
Empresa 2153,202205,Sim,Sim,2022-05
Empresa 21539,202301,Não,Sim,2023-01
Empresa 2154,202007,Sim,Sim,2020-07
Empresa 21542,202203,Não,Sim,2022-03
Empresa 2155,202302,Sim,Sim,2023-02
Empresa 21552,202103,Sim,Sim,2021-03
Empresa 2156,202101,Sim,Sim,2021-01
Empresa 2157,202303,Sim,Sim,2023-03
Empresa 21579,202108,Sim,Sim,2021-08
Empresa 2158,202004,Sim,Sim,2020-04
Empresa 2159,202008,Sim,Sim,2020-08
Empresa 216,202307,Sim,Sim,2023-07
Empresa 2160,202304,Sim,Sim,2023-04
Empresa 21603,202102,Não,Sim,2021-02
Empresa 21605,202306,Não,Sim,2023-06
Empresa 2161,202004,Sim,Sim,2020-04
Empresa 21610,202208,Não,Sim,2022-08
Empresa 21614,202308,Não,Não,2023-08
Empresa 2162,202305,Sim,Sim,2023-05
Empresa 2163,202006,Sim,Sim,2020-06
Empresa 21632,202108,Não,Não,2021-08
Empresa 2164,202005,Sim,Sim,2020-05
Empresa 2165,202201,Não,Não,2022-01
Empresa 21652,202212,Sim,Sim,2022-12
Empresa 2166,202009,Sim,Sim,2020-09
Empresa 21666,202007,Sim,Sim,2020-07
Empresa 2167,202006,Sim,Sim,2020-06
Empresa 2168,202205,Sim,Sim,2022-05
Empresa 21685,202206,Não,Sim,2022-06
Empresa 2169,202001,Sim,Sim,2020-01
Empresa 217,202307,Sim,Sim,2023-07
Empresa 2170,202201,Sim,Sim,2022-01
Empresa 2171,202305,Sim,Sim,2023-05
Empresa 21714,202206,Não,Sim,2022-06
Empresa 21717,202212,Sim,Sim,2022-12
Empresa 2172,202305,Sim,Sim,2023-05
Empresa 2173,201912,Sim,Sim,2019-12
Empresa 21739,202207,Não,Sim,2022-07
Empresa 2174,202008,Sim,Sim,2020-08
Empresa 21746,202108,Sim,Sim,2021-08
Empresa 2175,202206,Sim,Sim,2022-06
Empresa 21753,202104,Sim,Sim,2021-04
Empresa 2176,202008,Sim,Sim,2020-08
Empresa 2177,202008,Sim,Sim,2020-08
Empresa 21778,202009,Sim,Sim,2020-09
Empresa 2178,202203,Sim,Sim,2022-03
Empresa 2179,202203,Sim,Sim,2022-03
Empresa 21796,202103,Não,Não,2021-03
Empresa 21799,202010,Sim,Sim,2020-10
Empresa 218,202308,Sim,Sim,2023-08
Empresa 2180,202008,Sim,Sim,2020-08
Empresa 21807,202303,Não,Sim,2023-03
Empresa 2181,202002,Sim,Sim,2020-02
Empresa 2182,202111,Sim,Sim,2021-11
Empresa 21822,202104,Não,Sim,2021-04
Empresa 21823,202001,Sim,Sim,2020-01
Empresa 21825,202009,Não,Sim,2020-09
Empresa 2183,202002,Sim,Sim,2020-02
Empresa 21835,202212,Sim,Sim,2022-12
Empresa 2184,202002,Sim,Sim,2020-02
Empresa 2185,201912,Sim,Sim,2019-12
Empresa 21853,202207,Não,Sim,2022-07
Empresa 21858,202310,Não,Sim,2023-10
Empresa 2186,202009,Sim,Sim,2020-09
Empresa 21864,202204,Não,Sim,2022-04
Empresa 2187,202101,Sim,Sim,2021-01
Empresa 2188,202208,Sim,Sim,2022-08
Empresa 21884,202112,Sim,Sim,2021-12
Empresa 2189,202002,Sim,Sim,2020-02
Empresa 21896,202201,Não,Não,2022-01
Empresa 219,202308,Sim,Sim,2023-08
Empresa 2190,202304,Sim,Sim,2023-04
Empresa 2191,202108,Sim,Sim,2021-08
Empresa 21913,202110,Sim,Sim,2021-10
Empresa 2192,202203,Não,Não,2022-03
Empresa 21929,202111,Sim,Sim,2021-11
Empresa 2193,202306,Sim,Sim,2023-06
Empresa 21931,202102,Não,Sim,2021-02
Empresa 21934,202211,Não,Sim,2022-11
Empresa 2194,202101,Sim,Sim,2021-01
Empresa 2195,201912,Sim,Sim,2019-12
Empresa 21950,202212,Não,Sim,2022-12
Empresa 2196,202303,Sim,Sim,2023-03
Empresa 2197,202008,Sim,Sim,2020-08
Empresa 21974,202012,Não,Sim,2020-12
Empresa 2198,202008,Sim,Sim,2020-08
Empresa 2199,202306,Não,Sim,2023-06
Empresa 21999,202302,Não,Sim,2023-02
Empresa 22,202208,Sim,Sim,2022-08
Empresa 220,202308,Sim,Sim,2023-08
Empresa 2200,202008,Sim,Sim,2020-08
Empresa 22001,202207,Não,Não,2022-07
Empresa 2201,202209,Não,Sim,2022-09
Empresa 22013,202107,Sim,Sim,2021-07
Empresa 22016,202309,Não,Sim,2023-09
Empresa 2202,202008,Sim,Sim,2020-08
Empresa 2203,202201,Sim,Sim,2022-01
Empresa 22033,202101,Não,Sim,2021-01
Empresa 2204,202007,Sim,Sim,2020-07
Empresa 22047,202103,Sim,Sim,2021-03
Empresa 2205,202203,Sim,Sim,2022-03
Empresa 22051,202309,Não,Não,2023-09
Empresa 2206,202007,Sim,Sim,2020-07
Empresa 2207,202206,Sim,Sim,2022-06
Empresa 22071,202003,Não,Não,2020-03
Empresa 22075,202012,Sim,Sim,2020-12
Empresa 2208,202206,Sim,Sim,2022-06
Empresa 2209,202212,Sim,Sim,2022-12
Empresa 22091,202011,Não,Sim,2020-11
Empresa 22095,202204,Não,Sim,2022-04
Empresa 221,202308,Sim,Sim,2023-08
Empresa 2210,202206,Sim,Sim,2022-06
Empresa 2211,202002,Sim,Sim,2020-02
Empresa 2212,202005,Sim,Sim,2020-05
Empresa 2213,202002,Sim,Sim,2020-02
Empresa 2214,202207,Sim,Sim,2022-07
Empresa 22142,202210,Não,Não,2022-10
Empresa 22143,202308,Não,Sim,2023-08
Empresa 2215,202210,Sim,Sim,2022-10
Empresa 2216,202307,Sim,Sim,2023-07
Empresa 22161,202111,Não,Sim,2021-11
Empresa 22163,202308,Não,Não,2023-08
Empresa 22167,202007,Não,Não,2020-07
Empresa 2217,202306,Sim,Sim,2023-06
Empresa 22177,202304,Não,Não,2023-04
Empresa 2218,202110,Não,Não,2021-10
Empresa 2219,202005,Sim,Sim,2020-05
Empresa 22192,202303,Não,Sim,2023-03
Empresa 222,202308,Sim,Sim,2023-08
Empresa 2220,202008,Sim,Sim,2020-08
Empresa 22200,202206,Não,Sim,2022-06
Empresa 22204,202306,Não,Sim,2023-06
Empresa 2221,202303,Sim,Sim,2023-03
Empresa 22210,201902,Sim,Sim,2019-02
Empresa 22211,202308,Não,Não,2023-08
Empresa 22212,202212,Não,Sim,2022-12
Empresa 2222,202002,Sim,Sim,2020-02
Empresa 22226,202104,Não,Sim,2021-04
Empresa 2223,202008,Sim,Sim,2020-08
Empresa 22234,202007,Não,Sim,2020-07
Empresa 2224,202307,Sim,Sim,2023-07
Empresa 2225,202001,Sim,Sim,2020-01
Empresa 22253,202304,Não,Não,2023-04
Empresa 2226,202105,Não,Não,2021-05
Empresa 2227,202002,Sim,Sim,2020-02
Empresa 22274,202105,Não,Sim,2021-05
Empresa 2228,202006,Sim,Sim,2020-06
Empresa 2229,202306,Sim,Sim,2023-06
Empresa 22293,202207,Não,Sim,2022-07
Empresa 223,202307,Sim,Sim,2023-07
Empresa 2230,202108,Sim,Sim,2021-08
Empresa 2231,202308,Sim,Sim,2023-08
Empresa 22319,202203,Não,Sim,2022-03
Empresa 2232,202007,Sim,Sim,2020-07
Empresa 2233,201912,Sim,Sim,2019-12
Empresa 22333,202306,Não,Sim,2023-06
Empresa 2234,202308,Sim,Sim,2023-08
Empresa 22348,202102,Não,Sim,2021-02
Empresa 22349,202205,Não,Sim,2022-05
Empresa 2235,202002,Sim,Sim,2020-02
Empresa 22352,202306,Não,Não,2023-06
Empresa 2236,202002,Sim,Sim,2020-02
Empresa 2237,202002,Sim,Sim,2020-02
Empresa 22375,202306,Não,Sim,2023-06
Empresa 22376,202006,Não,Sim,2020-06
Empresa 2238,202002,Sim,Sim,2020-02
Empresa 22383,202306,Não,Sim,2023-06
Empresa 22386,202107,Não,Sim,2021-07
Empresa 22387,202306,Não,Sim,2023-06
Empresa 2239,202002,Sim,Sim,2020-02
Empresa 224,202308,Sim,Sim,2023-08
Empresa 2240,202002,Sim,Sim,2020-02
Empresa 2241,202002,Sim,Sim,2020-02
Empresa 2242,202003,Sim,Sim,2020-03
Empresa 22422,202104,Sim,Sim,2021-04
Empresa 2243,202004,Sim,Sim,2020-04
Empresa 22431,202006,Não,Não,2020-06
Empresa 2244,202010,Sim,Sim,2020-10
Empresa 2245,202303,Sim,Sim,2023-03
Empresa 2246,202209,Sim,Sim,2022-09
Empresa 22466,202206,Sim,Sim,2022-06
Empresa 2247,202007,Sim,Sim,2020-07
Empresa 22478,202105,Sim,Sim,2021-05
Empresa 2248,202110,Sim,Sim,2021-10
Empresa 2249,201912,Sim,Sim,2019-12
Empresa 22492,202009,Não,Não,2020-09
Empresa 225,202308,Sim,Sim,2023-08
Empresa 2250,202002,Sim,Sim,2020-02
Empresa 2251,202210,Sim,Sim,2022-10
Empresa 2252,202203,Sim,Sim,2022-03
Empresa 22525,202103,Não,Sim,2021-03
Empresa 2253,202309,Sim,Sim,2023-09
Empresa 22530,202305,Não,Não,2023-05
Empresa 2254,202101,Sim,Sim,2021-01
Empresa 22543,202103,Não,Sim,2021-03
Empresa 2255,202007,Sim,Sim,2020-07
Empresa 2256,202012,Sim,Sim,2020-12
Empresa 22561,202102,Não,Sim,2021-02
Empresa 2257,202109,Sim,Sim,2021-09
Empresa 2258,202002,Sim,Sim,2020-02
Empresa 22583,202006,Não,Sim,2020-06
Empresa 22588,202310,Não,Sim,2023-10
Empresa 22589,202105,Não,Sim,2021-05
Empresa 2259,202106,Sim,Sim,2021-06
Empresa 22596,202308,Não,Não,2023-08
Empresa 226,202308,Sim,Sim,2023-08
Empresa 2260,202104,Não,Não,2021-04
Empresa 22609,202211,Não,Sim,2022-11
Empresa 2261,202308,Sim,Sim,2023-08
Empresa 2262,202001,Sim,Sim,2020-01
Empresa 2263,202310,Sim,Sim,2023-10
Empresa 2264,202004,Sim,Sim,2020-04
Empresa 22640,202008,Não,Sim,2020-08
Empresa 2265,202310,Sim,Sim,2023-10
Empresa 2266,202310,Sim,Sim,2023-10
Empresa 2267,202002,Sim,Sim,2020-02
Empresa 2268,202305,Não,Não,2023-05
Empresa 22684,202103,Não,Sim,2021-03
Empresa 22685,202011,Não,Sim,2020-11
Empresa 2269,202006,Sim,Sim,2020-06
Empresa 227,202308,Sim,Sim,2023-08
Empresa 2270,202301,Sim,Sim,2023-01
Empresa 2271,202010,Sim,Sim,2020-10
Empresa 22716,202011,Sim,Sim,2020-11
Empresa 2272,202304,Não,Não,2023-04
Empresa 22729,202205,Não,Não,2022-05
Empresa 2273,202307,Sim,Sim,2023-07
Empresa 2274,202107,Sim,Sim,2021-07
Empresa 22746,202211,Não,Sim,2022-11
Empresa 22749,202103,Não,Sim,2021-03
Empresa 2275,202107,Sim,Sim,2021-07
Empresa 2276,202108,Sim,Sim,2021-08
Empresa 22763,202307,Não,Sim,2023-07
Empresa 2277,202105,Sim,Sim,2021-05
Empresa 2278,202105,Sim,Sim,2021-05
Empresa 22786,202310,Não,Sim,2023-10
Empresa 2279,202105,Sim,Sim,2021-05
Empresa 22790,202012,Não,Sim,2020-12
Empresa 228,202307,Sim,Sim,2023-07
Empresa 2280,202308,Não,Sim,2023-08
Empresa 22808,202102,Não,Não,2021-02
Empresa 2281,202106,Sim,Sim,2021-06
Empresa 2282,202206,Sim,Sim,2022-06
Empresa 2283,202105,Sim,Sim,2021-05
Empresa 2284,202202,Sim,Sim,2022-02
Empresa 2285,202111,Sim,Sim,2021-11
Empresa 22858,202011,Sim,Sim,2020-11
Empresa 22859,202307,Não,Sim,2023-07
Empresa 2286,202105,Sim,Sim,2021-05
Empresa 22866,202011,Sim,Sim,2020-11
Empresa 2287,202106,Sim,Sim,2021-06
Empresa 22879,202308,Não,Sim,2023-08
Empresa 2288,202107,Sim,Sim,2021-07
Empresa 22887,202308,Não,Sim,2023-08
Empresa 2289,202105,Sim,Sim,2021-05
Empresa 229,202308,Sim,Sim,2023-08
Empresa 2290,202201,Sim,Sim,2022-01
Empresa 22903,202108,Não,Sim,2021-08
Empresa 2291,202108,Sim,Sim,2021-08
Empresa 2292,202106,Sim,Sim,2021-06
Empresa 22928,202209,Não,Sim,2022-09
Empresa 2293,202109,Sim,Sim,2021-09
Empresa 2294,202204,Sim,Sim,2022-04
Empresa 22942,202303,Não,Sim,2023-03
Empresa 22948,202306,Não,Sim,2023-06
Empresa 2295,202107,Sim,Sim,2021-07
Empresa 22958,202302,Não,Sim,2023-02
Empresa 2296,202107,Sim,Sim,2021-07
Empresa 2297,202202,Sim,Sim,2022-02
Empresa 22972,202012,Não,Sim,2020-12
Empresa 2298,202105,Sim,Sim,2021-05
Empresa 22980,202012,Sim,Sim,2020-12
Empresa 22985,202307,Não,Sim,2023-07
Empresa 2299,202301,Sim,Sim,2023-01
Empresa 22998,202102,Não,Sim,2021-02
Empresa 23,202212,Sim,Sim,2022-12
Empresa 230,202307,Sim,Sim,2023-07
Empresa 2300,202106,Sim,Sim,2021-06
Empresa 23007,202107,Sim,Sim,2021-07
Empresa 2301,202107,Sim,Sim,2021-07
Empresa 2302,202206,Sim,Sim,2022-06
Empresa 2303,202107,Sim,Sim,2021-07
Empresa 2304,202112,Sim,Sim,2021-12
Empresa 23049,202212,Não,Sim,2022-12
Empresa 2305,202107,Sim,Sim,2021-07
Empresa 2306,202109,Sim,Sim,2021-09
Empresa 23062,202305,Não,Sim,2023-05
Empresa 2307,202108,Sim,Sim,2021-08
Empresa 23078,202108,Sim,Sim,2021-08
Empresa 2308,202105,Sim,Sim,2021-05
Empresa 23082,202304,Não,Sim,2023-04
Empresa 23085,202102,Sim,Sim,2021-02
Empresa 23087,202103,Não,Sim,2021-03
Empresa 2309,202203,Sim,Sim,2022-03
Empresa 23090,202009,Sim,Sim,2020-09
Empresa 231,202309,Sim,Sim,2023-09
Empresa 2310,202106,Sim,Sim,2021-06
Empresa 23101,202307,Não,Sim,2023-07
Empresa 2311,202211,Sim,Sim,2022-11
Empresa 2312,202011,Não,Sim,2020-11
Empresa 23121,202309,Não,Sim,2023-09
Empresa 23127,202309,Não,Sim,2023-09
Empresa 23129,202108,Sim,Sim,2021-08
Empresa 2313,202103,Não,Não,2021-03
Empresa 2314,202105,Sim,Sim,2021-05
Empresa 23144,202012,Não,Sim,2020-12
Empresa 2315,202106,Sim,Sim,2021-06
Empresa 23154,202307,Não,Sim,2023-07
Empresa 23159,202101,Sim,Sim,2021-01
Empresa 2316,202107,Sim,Sim,2021-07
Empresa 23163,202008,Não,Sim,2020-08
Empresa 23165,202209,Não,Sim,2022-09
Empresa 23168,202103,Não,Sim,2021-03
Empresa 2317,202107,Sim,Sim,2021-07
Empresa 23171,202106,Sim,Sim,2021-06
Empresa 2318,202203,Sim,Sim,2022-03
Empresa 23189,202307,Não,Sim,2023-07
Empresa 2319,202105,Sim,Sim,2021-05
Empresa 23194,202008,Não,Sim,2020-08
Empresa 232,202307,Sim,Sim,2023-07
Empresa 2320,202106,Sim,Sim,2021-06
Empresa 23200,202103,Não,Sim,2021-03
Empresa 2321,202107,Sim,Sim,2021-07
Empresa 23210,202006,Não,Não,2020-06
Empresa 23219,202210,Não,Sim,2022-10
Empresa 2322,202111,Sim,Sim,2021-11
Empresa 23228,202103,Não,Não,2021-03
Empresa 2323,202107,Não,Não,2021-07
Empresa 2324,202109,Sim,Sim,2021-09
Empresa 2325,202111,Sim,Sim,2021-11
Empresa 23251,202103,Não,Sim,2021-03
Empresa 2326,202210,Sim,Sim,2022-10
Empresa 23265,202209,Não,Sim,2022-09
Empresa 2327,202201,Não,Não,2022-01
Empresa 23278,202302,Não,Sim,2023-02
Empresa 2328,202108,Sim,Sim,2021-08
Empresa 2329,202208,Sim,Sim,2022-08
Empresa 23295,202011,Não,Não,2020-11
Empresa 233,202307,Sim,Sim,2023-07
Empresa 2330,202105,Sim,Sim,2021-05
Empresa 2331,202107,Sim,Sim,2021-07
Empresa 2332,202109,Sim,Sim,2021-09
Empresa 23327,202208,Não,Sim,2022-08
Empresa 2333,202110,Sim,Sim,2021-10
Empresa 2334,202108,Sim,Sim,2021-08
Empresa 2335,202108,Sim,Sim,2021-08
Empresa 23350,202012,Não,Sim,2020-12
Empresa 23353,202301,Não,Sim,2023-01
Empresa 23356,202204,Não,Sim,2022-04
Empresa 2336,202108,Sim,Sim,2021-08
Empresa 23365,202112,Sim,Sim,2021-12
Empresa 2337,202201,Sim,Sim,2022-01
Empresa 23379,202101,Não,Sim,2021-01
Empresa 2338,202105,Sim,Sim,2021-05
Empresa 2339,202108,Sim,Sim,2021-08
Empresa 23395,202010,Não,Sim,2020-10
Empresa 234,202308,Sim,Sim,2023-08
Empresa 2340,202105,Sim,Sim,2021-05
Empresa 2341,202203,Sim,Sim,2022-03
Empresa 23411,202306,Não,Sim,2023-06
Empresa 23417,202205,Sim,Sim,2022-05
Empresa 2342,202107,Sim,Sim,2021-07
Empresa 23429,202307,Não,Sim,2023-07
Empresa 2343,202105,Sim,Sim,2021-05
Empresa 23435,201908,Não,Sim,2019-08
Empresa 2344,202107,Sim,Sim,2021-07
Empresa 23442,202307,Não,Sim,2023-07
Empresa 2345,202107,Sim,Sim,2021-07
Empresa 23451,202308,Não,Sim,2023-08
Empresa 2346,202206,Sim,Sim,2022-06
Empresa 2347,202106,Sim,Sim,2021-06
Empresa 2348,202207,Sim,Sim,2022-07
Empresa 23482,202105,Não,Não,2021-05
Empresa 23488,202207,Não,Sim,2022-07
Empresa 2349,202201,Não,Não,2022-01
Empresa 235,202307,Sim,Sim,2023-07
Empresa 2350,202107,Sim,Sim,2021-07
Empresa 2351,202203,Sim,Sim,2022-03
Empresa 2352,202107,Sim,Sim,2021-07
Empresa 2353,202203,Sim,Sim,2022-03
Empresa 23533,202307,Não,Sim,2023-07
Empresa 23537,202008,Não,Sim,2020-08
Empresa 2354,202112,Sim,Sim,2021-12
Empresa 23541,202006,Não,Não,2020-06
Empresa 23549,202008,Não,Sim,2020-08
Empresa 2355,202109,Sim,Sim,2021-09
Empresa 2356,202212,Sim,Sim,2022-12
Empresa 2357,202107,Sim,Sim,2021-07
Empresa 2358,202110,Sim,Sim,2021-10
Empresa 23583,202101,Não,Sim,2021-01
Empresa 23586,202309,Não,Sim,2023-09
Empresa 23587,202307,Não,Sim,2023-07
Empresa 2359,202110,Sim,Sim,2021-10
Empresa 236,202307,Sim,Sim,2023-07
Empresa 2360,202108,Sim,Sim,2021-08
Empresa 23606,202308,Não,Sim,2023-08
Empresa 2361,202205,Sim,Sim,2022-05
Empresa 2362,202106,Sim,Sim,2021-06
Empresa 23621,202308,Não,Sim,2023-08
Empresa 2363,202110,Sim,Sim,2021-10
Empresa 23632,202012,Não,Sim,2020-12
Empresa 2364,202109,Sim,Sim,2021-09
Empresa 23642,202007,Não,Sim,2020-07
Empresa 2365,202107,Sim,Sim,2021-07
Empresa 2366,202111,Sim,Sim,2021-11
Empresa 23660,202104,Sim,Sim,2021-04
Empresa 23663,202008,Não,Sim,2020-08
Empresa 23668,202307,Não,Sim,2023-07
Empresa 2367,202108,Sim,Sim,2021-08
Empresa 2368,202109,Sim,Sim,2021-09
Empresa 2369,202209,Sim,Sim,2022-09
Empresa 237,202310,Sim,Sim,2023-10
Empresa 2370,202209,Sim,Sim,2022-09
Empresa 23705,202012,Não,Sim,2020-12
Empresa 2371,202210,Sim,Sim,2022-10
Empresa 23710,202012,Não,Não,2020-12
Empresa 23715,202102,Não,Sim,2021-02
Empresa 23717,202006,Não,Sim,2020-06
Empresa 2372,202205,Sim,Sim,2022-05
Empresa 23724,202011,Sim,Sim,2020-11
Empresa 2373,202210,Sim,Sim,2022-10
Empresa 23733,202307,Não,Sim,2023-07
Empresa 2374,202105,Sim,Sim,2021-05
Empresa 2375,202205,Sim,Sim,2022-05
Empresa 23759,202307,Não,Sim,2023-07
Empresa 2376,202108,Sim,Sim,2021-08
Empresa 23766,202310,Não,Sim,2023-10
Empresa 2377,202108,Sim,Sim,2021-08
Empresa 23774,202108,Não,Sim,2021-08
Empresa 23775,202012,Não,Sim,2020-12
Empresa 2378,202109,Sim,Sim,2021-09
Empresa 23783,202101,Não,Sim,2021-01
Empresa 23788,202212,Não,Sim,2022-12
Empresa 2379,202206,Sim,Sim,2022-06
Empresa 238,202310,Sim,Sim,2023-10
Empresa 2380,202108,Sim,Sim,2021-08
Empresa 2381,202206,Sim,Sim,2022-06
Empresa 23812,202106,Sim,Sim,2021-06
Empresa 2382,202110,Sim,Sim,2021-10
Empresa 23826,202108,Não,Sim,2021-08
Empresa 2383,202109,Sim,Sim,2021-09
Empresa 2384,202211,Sim,Sim,2022-11
Empresa 23847,202303,Não,Sim,2023-03
Empresa 2385,202107,Sim,Sim,2021-07
Empresa 23858,202309,Não,Não,2023-09
Empresa 2386,202101,Sim,Sim,2021-01
Empresa 2387,202107,Sim,Sim,2021-07
Empresa 2388,202107,Sim,Sim,2021-07
Empresa 2389,202109,Sim,Sim,2021-09
Empresa 23890,202101,Não,Sim,2021-01
Empresa 23891,202207,Sim,Sim,2022-07
Empresa 23899,202102,Não,Sim,2021-02
Empresa 239,202307,Sim,Sim,2023-07
Empresa 2390,202108,Sim,Sim,2021-08
Empresa 23909,202012,Sim,Sim,2020-12
Empresa 2391,202107,Sim,Sim,2021-07
Empresa 2392,202108,Sim,Sim,2021-08
Empresa 2393,202105,Sim,Sim,2021-05
Empresa 2394,202107,Sim,Sim,2021-07
Empresa 23946,202201,Não,Sim,2022-01
Empresa 23947,201912,Não,Não,2019-12
Empresa 2395,202107,Sim,Sim,2021-07
Empresa 2396,202205,Sim,Sim,2022-05
Empresa 23967,202107,Não,Sim,2021-07
Empresa 2397,202207,Sim,Sim,2022-07
Empresa 23979,202307,Não,Sim,2023-07
Empresa 2398,202107,Sim,Sim,2021-07
Empresa 2399,202109,Sim,Sim,2021-09
Empresa 24,202212,Sim,Sim,2022-12
Empresa 240,202309,Sim,Sim,2023-09
Empresa 2400,202306,Não,Não,2023-06
Empresa 24003,202206,Sim,Sim,2022-06
Empresa 2401,202106,Sim,Sim,2021-06
Empresa 2402,202108,Sim,Sim,2021-08
Empresa 24027,202307,Não,Sim,2023-07
Empresa 2403,202108,Sim,Sim,2021-08
Empresa 24031,202310,Não,Sim,2023-10
Empresa 2404,202105,Sim,Sim,2021-05
Empresa 2405,202205,Sim,Sim,2022-05
Empresa 24052,202307,Não,Sim,2023-07
Empresa 24058,202101,Não,Sim,2021-01
Empresa 2406,202202,Sim,Sim,2022-02
Empresa 24067,202307,Não,Sim,2023-07
Empresa 2407,202110,Sim,Sim,2021-10
Empresa 24078,202308,Não,Sim,2023-08
Empresa 2408,202108,Sim,Sim,2021-08
Empresa 24081,202008,Não,Sim,2020-08
Empresa 24086,202209,Não,Sim,2022-09
Empresa 2409,202012,Sim,Sim,2020-12
Empresa 241,202309,Sim,Sim,2023-09
Empresa 2410,202109,Sim,Sim,2021-09
Empresa 24102,202110,Sim,Sim,2021-10
Empresa 24105,202105,Sim,Sim,2021-05
Empresa 24106,202306,Não,Sim,2023-06
Empresa 2411,202110,Sim,Sim,2021-10
Empresa 2412,202108,Sim,Sim,2021-08
Empresa 24125,202112,Não,Não,2021-12
Empresa 24126,202007,Não,Sim,2020-07
Empresa 2413,202202,Sim,Sim,2022-02
Empresa 2414,202211,Sim,Sim,2022-11
Empresa 24141,202004,Não,Sim,2020-04
Empresa 24143,202204,Não,Sim,2022-04
Empresa 24148,202006,Não,Sim,2020-06
Empresa 2415,202308,Não,Não,2023-08
Empresa 2416,202201,Sim,Sim,2022-01
Empresa 24162,202008,Não,Não,2020-08
Empresa 2417,202112,Sim,Sim,2021-12
Empresa 24172,202212,Não,Sim,2022-12
Empresa 24178,202308,Não,Sim,2023-08
Empresa 2418,202108,Sim,Sim,2021-08
Empresa 24182,202203,Não,Sim,2022-03
Empresa 2419,202111,Sim,Sim,2021-11
Empresa 24196,201906,Não,Não,2019-06
Empresa 242,202310,Sim,Sim,2023-10
Empresa 2420,202211,Sim,Sim,2022-11
Empresa 24200,202306,Não,Sim,2023-06
Empresa 24205,202002,Não,Não,2020-02
Empresa 24208,202012,Sim,Sim,2020-12
Empresa 2421,202201,Sim,Sim,2022-01
Empresa 2422,202203,Sim,Sim,2022-03
Empresa 24220,202110,Não,Sim,2021-10
Empresa 2423,202107,Sim,Sim,2021-07
Empresa 24230,202309,Não,Sim,2023-09
Empresa 24232,202104,Sim,Sim,2021-04
Empresa 24235,202102,Não,Sim,2021-02
Empresa 2424,202108,Sim,Sim,2021-08
Empresa 24241,202306,Não,Sim,2023-06
Empresa 2425,202204,Sim,Sim,2022-04
Empresa 24254,202304,Não,Sim,2023-04
Empresa 24258,202306,Não,Sim,2023-06
Empresa 2426,202111,Sim,Sim,2021-11
Empresa 24267,202012,Não,Sim,2020-12
Empresa 2427,202108,Sim,Sim,2021-08
Empresa 2428,202107,Sim,Sim,2021-07
Empresa 24280,202303,Não,Não,2023-03
Empresa 2429,202208,Sim,Sim,2022-08
Empresa 24295,202004,Não,Sim,2020-04
Empresa 243,202309,Não,Sim,2023-09
Empresa 2430,202208,Sim,Sim,2022-08
Empresa 2431,202211,Sim,Sim,2022-11
Empresa 24313,202001,Sim,Sim,2020-01
Empresa 2432,202110,Sim,Sim,2021-10
Empresa 2433,202105,Sim,Sim,2021-05
Empresa 24336,202008,Não,Não,2020-08
Empresa 24339,202109,Sim,Sim,2021-09
Empresa 2434,202204,Não,Não,2022-04
Empresa 24342,202011,Sim,Sim,2020-11
Empresa 24346,202307,Não,Sim,2023-07
Empresa 2435,202107,Sim,Sim,2021-07
Empresa 24350,202012,Sim,Sim,2020-12
Empresa 24351,202008,Não,Não,2020-08
Empresa 2436,202202,Sim,Sim,2022-02
Empresa 24361,202102,Não,Sim,2021-02
Empresa 2437,202203,Não,Sim,2022-03
Empresa 24371,202307,Não,Sim,2023-07
Empresa 2438,202208,Sim,Sim,2022-08
Empresa 24385,202101,Não,Não,2021-01
Empresa 2439,202310,Não,Não,2023-10
Empresa 244,202311,Sim,Sim,2023-11
Empresa 2440,202107,Sim,Sim,2021-07
Empresa 24407,202307,Não,Sim,2023-07
Empresa 2441,202208,Sim,Sim,2022-08
Empresa 2442,202207,Sim,Sim,2022-07
Empresa 2443,202206,Sim,Sim,2022-06
Empresa 24436,202308,Não,Não,2023-08
Empresa 2444,202105,Sim,Sim,2021-05
Empresa 24441,202102,Não,Sim,2021-02
Empresa 24445,202211,Não,Sim,2022-11
Empresa 2445,202205,Sim,Sim,2022-05
Empresa 24457,202102,Não,Não,2021-02
Empresa 2446,202112,Sim,Sim,2021-12
Empresa 24468,202204,Não,Não,2022-04
Empresa 2447,202110,Sim,Sim,2021-10
Empresa 24478,202302,Não,Sim,2023-02
Empresa 2448,202305,Não,Não,2023-05
Empresa 2449,202203,Sim,Sim,2022-03
Empresa 245,202308,Sim,Sim,2023-08
Empresa 2450,202109,Sim,Sim,2021-09
Empresa 24502,202008,Não,Sim,2020-08
Empresa 24503,202308,Não,Não,2023-08
Empresa 2451,202201,Não,Não,2022-01
Empresa 2452,202202,Sim,Sim,2022-02
Empresa 24520,202305,Não,Não,2023-05
Empresa 24528,202109,Não,Sim,2021-09
Empresa 2453,202108,Sim,Sim,2021-08
Empresa 2454,202204,Sim,Sim,2022-04
Empresa 24544,202012,Não,Sim,2020-12
Empresa 24547,202310,Não,Sim,2023-10
Empresa 2455,202107,Sim,Sim,2021-07
Empresa 2456,202107,Sim,Sim,2021-07
Empresa 2457,202107,Sim,Sim,2021-07
Empresa 24575,202309,Não,Sim,2023-09
Empresa 2458,202212,Sim,Sim,2022-12
Empresa 24585,202306,Não,Sim,2023-06
Empresa 2459,202203,Sim,Sim,2022-03
Empresa 2460,202107,Sim,Sim,2021-07
Empresa 2461,202107,Sim,Sim,2021-07
Empresa 24618,202009,Não,Sim,2020-09
Empresa 2462,202108,Sim,Sim,2021-08
Empresa 24621,201804,Sim,Sim,2018-04
Empresa 24627,202012,Não,Sim,2020-12
Empresa 2463,202101,Não,Sim,2021-01
Empresa 2464,202205,Sim,Sim,2022-05
Empresa 2465,202108,Sim,Sim,2021-08
Empresa 24650,202109,Não,Sim,2021-09
Empresa 24654,202012,Sim,Sim,2020-12
Empresa 24656,202111,Não,Sim,2021-11
Empresa 2466,202201,Sim,Sim,2022-01
Empresa 24660,202102,Não,Sim,2021-02
Empresa 2467,202106,Sim,Sim,2021-06
Empresa 24672,202307,Não,Sim,2023-07
Empresa 2468,202211,Não,Não,2022-11
Empresa 24682,202211,Não,Sim,2022-11
Empresa 2469,202107,Sim,Sim,2021-07
Empresa 247,202307,Não,Sim,2023-07
Empresa 2470,202206,Sim,Sim,2022-06
Empresa 2471,202208,Sim,Sim,2022-08
Empresa 24715,202307,Não,Sim,2023-07
Empresa 24716,202009,Não,Sim,2020-09
Empresa 2472,202106,Sim,Sim,2021-06
Empresa 24725,202104,Não,Sim,2021-04
Empresa 24726,202107,Sim,Sim,2021-07
Empresa 2473,202205,Sim,Sim,2022-05
Empresa 2474,202108,Sim,Sim,2021-08
Empresa 2475,202210,Sim,Sim,2022-10
Empresa 24753,202012,Não,Sim,2020-12
Empresa 2476,202105,Sim,Sim,2021-05
Empresa 2477,202208,Não,Não,2022-08
Empresa 24776,202012,Não,Sim,2020-12
Empresa 24778,202212,Não,Sim,2022-12
Empresa 24779,202307,Não,Sim,2023-07
Empresa 2478,202108,Sim,Sim,2021-08
Empresa 24783,202011,Não,Não,2020-11
Empresa 2479,202106,Sim,Sim,2021-06
Empresa 24797,202102,Não,Sim,2021-02
Empresa 248,202309,Sim,Sim,2023-09
Empresa 2480,202212,Sim,Sim,2022-12
Empresa 24805,202007,Não,Sim,2020-07
Empresa 2481,202205,Sim,Sim,2022-05
Empresa 24813,202006,Não,Sim,2020-06
Empresa 24816,202307,Não,Sim,2023-07
Empresa 2482,202202,Sim,Sim,2022-02
Empresa 24824,202007,Não,Não,2020-07
Empresa 24829,202103,Não,Sim,2021-03
Empresa 2483,202208,Não,Não,2022-08
Empresa 24835,202309,Não,Sim,2023-09
Empresa 24859,202211,Não,Sim,2022-11
Empresa 2486,202107,Sim,Sim,2021-07
Empresa 24862,202201,Sim,Sim,2022-01
Empresa 2487,202110,Sim,Sim,2021-10
Empresa 2488,202201,Sim,Sim,2022-01
Empresa 2489,202111,Sim,Sim,2021-11
Empresa 24894,202001,Não,Sim,2020-01
Empresa 24895,202104,Não,Sim,2021-04
Empresa 249,202309,Sim,Sim,2023-09
Empresa 2490,202208,Sim,Sim,2022-08
Empresa 2491,202201,Sim,Sim,2022-01
Empresa 24919,202305,Não,Sim,2023-05
Empresa 2492,202112,Sim,Sim,2021-12
Empresa 2493,202111,Sim,Sim,2021-11
Empresa 24938,202111,Sim,Sim,2021-11
Empresa 2494,202209,Sim,Sim,2022-09
Empresa 24944,202206,Não,Não,2022-06
Empresa 2495,202110,Sim,Sim,2021-10
Empresa 2496,202111,Sim,Sim,2021-11
Empresa 24960,202308,Não,Sim,2023-08
Empresa 24962,202102,Não,Não,2021-02
Empresa 24966,202307,Não,Sim,2023-07
Empresa 2497,202201,Sim,Sim,2022-01
Empresa 24975,202209,Não,Sim,2022-09
Empresa 2498,202208,Sim,Sim,2022-08
Empresa 24984,202205,Sim,Sim,2022-05
Empresa 2499,202210,Sim,Sim,2022-10
Empresa 24991,202012,Sim,Sim,2020-12
Empresa 24992,202308,Não,Sim,2023-08
Empresa 25,202301,Sim,Sim,2023-01
Empresa 250,202310,Sim,Sim,2023-10
Empresa 2500,202105,Sim,Sim,2021-05
Empresa 2501,202108,Sim,Sim,2021-08
Empresa 2502,202211,Sim,Sim,2022-11
Empresa 25022,202206,Sim,Sim,2022-06
Empresa 2503,202301,Sim,Sim,2023-01
Empresa 2504,202211,Sim,Sim,2022-11
Empresa 25041,202201,Não,Sim,2022-01
Empresa 25044,202004,Não,Sim,2020-04
Empresa 2505,202207,Sim,Sim,2022-07
Empresa 25053,202211,Sim,Sim,2022-11
Empresa 2506,202209,Sim,Sim,2022-09
Empresa 25062,202008,Sim,Sim,2020-08
Empresa 25063,202308,Não,Sim,2023-08
Empresa 2507,202210,Sim,Sim,2022-10
Empresa 2508,202211,Sim,Sim,2022-11
Empresa 25088,202306,Não,Sim,2023-06
Empresa 2509,202210,Sim,Sim,2022-10
Empresa 251,202310,Sim,Sim,2023-10
Empresa 2510,202212,Sim,Sim,2022-12
Empresa 25102,202101,Não,Sim,2021-01
Empresa 2511,202106,Sim,Sim,2021-06
Empresa 2512,202106,Sim,Sim,2021-06
Empresa 2513,202108,Sim,Sim,2021-08
Empresa 2514,202204,Sim,Sim,2022-04
Empresa 25144,202308,Não,Sim,2023-08
Empresa 2515,202204,Sim,Sim,2022-04
Empresa 25157,202307,Não,Sim,2023-07
Empresa 2516,202204,Sim,Sim,2022-04
Empresa 25169,202008,Sim,Sim,2020-08
Empresa 2517,202201,Sim,Sim,2022-01
Empresa 2518,202112,Sim,Sim,2021-12
Empresa 2519,202203,Sim,Sim,2022-03
Empresa 252,202310,Sim,Sim,2023-10
Empresa 2520,202112,Sim,Sim,2021-12
Empresa 2521,202112,Sim,Sim,2021-12
Empresa 2522,202202,Sim,Sim,2022-02
Empresa 2523,202106,Sim,Sim,2021-06
Empresa 25236,202207,Sim,Sim,2022-07
Empresa 2524,202301,Sim,Sim,2023-01
Empresa 25246,202204,Não,Sim,2022-04
Empresa 2525,202106,Sim,Sim,2021-06
Empresa 25251,202304,Não,Sim,2023-04
Empresa 25259,202308,Não,Sim,2023-08
Empresa 2526,202108,Sim,Sim,2021-08
Empresa 25265,202012,Não,Não,2020-12
Empresa 25267,202008,Não,Não,2020-08
Empresa 25268,202302,Não,Sim,2023-02
Empresa 2527,202106,Sim,Sim,2021-06
Empresa 2528,202108,Sim,Sim,2021-08
Empresa 25282,202308,Não,Sim,2023-08
Empresa 25286,202308,Não,Não,2023-08
Empresa 2529,202106,Sim,Sim,2021-06
Empresa 25292,202307,Não,Sim,2023-07
Empresa 25294,202012,Não,Sim,2020-12
Empresa 253,202310,Sim,Sim,2023-10
Empresa 2530,202302,Sim,Sim,2023-02
Empresa 2531,202302,Sim,Sim,2023-02
Empresa 25310,202208,Não,Sim,2022-08
Empresa 25311,202011,Não,Sim,2020-11
Empresa 2532,202106,Sim,Sim,2021-06
Empresa 25322,202103,Não,Sim,2021-03
Empresa 25329,202306,Não,Não,2023-06
Empresa 2533,202108,Sim,Sim,2021-08
Empresa 2534,202305,Não,Não,2023-05
Empresa 2535,202109,Sim,Sim,2021-09
Empresa 25352,202203,Não,Sim,2022-03
Empresa 2536,202212,Sim,Sim,2022-12
Empresa 25363,202009,Sim,Sim,2020-09
Empresa 2537,202108,Sim,Sim,2021-08
Empresa 2538,202108,Sim,Sim,2021-08
Empresa 25381,202007,Não,Sim,2020-07
Empresa 2539,202204,Sim,Sim,2022-04
Empresa 25397,202008,Não,Não,2020-08
Empresa 254,202310,Sim,Sim,2023-10
Empresa 2540,202210,Sim,Sim,2022-10
Empresa 2541,202108,Sim,Sim,2021-08
Empresa 2542,202111,Sim,Sim,2021-11
Empresa 25426,202212,Não,Sim,2022-12
Empresa 25428,202308,Não,Sim,2023-08
Empresa 2543,202106,Sim,Sim,2021-06
Empresa 25434,202212,Não,Sim,2022-12
Empresa 2544,202301,Sim,Sim,2023-01
Empresa 2545,202106,Sim,Sim,2021-06
Empresa 25453,202211,Não,Não,2022-11
Empresa 25454,202205,Não,Sim,2022-05
Empresa 2546,202204,Sim,Sim,2022-04
Empresa 2547,202105,Sim,Sim,2021-05
Empresa 25471,202307,Não,Sim,2023-07
Empresa 25476,202203,Não,Sim,2022-03
Empresa 2548,202107,Sim,Sim,2021-07
Empresa 25480,202307,Não,Sim,2023-07
Empresa 2549,202107,Sim,Sim,2021-07
Empresa 255,202311,Sim,Sim,2023-11
Empresa 2550,202202,Sim,Sim,2022-02
Empresa 25500,202206,Sim,Sim,2022-06
Empresa 25504,202308,Não,Não,2023-08
Empresa 25508,202110,Sim,Sim,2021-10
Empresa 2551,202107,Sim,Sim,2021-07
Empresa 2552,202204,Sim,Sim,2022-04
Empresa 2553,202301,Sim,Sim,2023-01
Empresa 25530,202101,Sim,Sim,2021-01
Empresa 25539,202307,Não,Sim,2023-07
Empresa 2554,202111,Sim,Sim,2021-11
Empresa 25546,202101,Não,Sim,2021-01
Empresa 2555,202209,Sim,Sim,2022-09
Empresa 25550,202004,Não,Sim,2020-04
Empresa 2556,202307,Não,Não,2023-07
Empresa 25564,202007,Não,Sim,2020-07
Empresa 2557,202105,Sim,Sim,2021-05
Empresa 25576,202105,Não,Sim,2021-05
Empresa 25577,202108,Sim,Sim,2021-08
Empresa 2558,202202,Sim,Sim,2022-02
Empresa 25589,202212,Sim,Sim,2022-12
Empresa 2559,202012,Não,Sim,2020-12
Empresa 2560,202203,Sim,Sim,2022-03
Empresa 2561,202109,Sim,Sim,2021-09
Empresa 25611,202205,Não,Sim,2022-05
Empresa 2562,202107,Sim,Sim,2021-07
Empresa 2563,202203,Não,Não,2022-03
Empresa 2564,202109,Sim,Sim,2021-09
Empresa 25640,202012,Não,Sim,2020-12
Empresa 2565,202210,Sim,Sim,2022-10
Empresa 25656,202106,Sim,Sim,2021-06
Empresa 25658,202211,Não,Sim,2022-11
Empresa 2566,202109,Sim,Sim,2021-09
Empresa 2567,202107,Sim,Sim,2021-07
Empresa 25674,202308,Não,Sim,2023-08
Empresa 2568,202202,Não,Não,2022-02
Empresa 2569,202301,Sim,Sim,2023-01
Empresa 25692,202303,Não,Sim,2023-03
Empresa 257,202310,Sim,Sim,2023-10
Empresa 2570,202106,Sim,Sim,2021-06
Empresa 25707,202212,Não,Sim,2022-12
Empresa 25708,202305,Não,Sim,2023-05
Empresa 2571,202109,Sim,Sim,2021-09
Empresa 2572,202201,Sim,Sim,2022-01
Empresa 2573,202107,Sim,Sim,2021-07
Empresa 2574,202106,Sim,Sim,2021-06
Empresa 25740,202012,Não,Sim,2020-12
Empresa 25741,202102,Não,Não,2021-02
Empresa 25745,202103,Sim,Sim,2021-03
Empresa 25746,202209,Não,Sim,2022-09
Empresa 2575,202106,Sim,Sim,2021-06
Empresa 2576,202109,Sim,Sim,2021-09
Empresa 25768,202108,Sim,Sim,2021-08
Empresa 2577,202106,Sim,Sim,2021-06
Empresa 25773,202307,Não,Sim,2023-07
Empresa 25775,202303,Não,Sim,2023-03
Empresa 2578,202109,Sim,Sim,2021-09
Empresa 2579,202203,Sim,Sim,2022-03
Empresa 25791,202112,Não,Sim,2021-12
Empresa 258,202211,Sim,Sim,2022-11
Empresa 2580,202111,Sim,Sim,2021-11
Empresa 25800,202101,Sim,Sim,2021-01
Empresa 25805,202307,Não,Sim,2023-07
Empresa 25809,202308,Não,Sim,2023-08
Empresa 2581,202109,Sim,Sim,2021-09
Empresa 25810,202012,Não,Sim,2020-12
Empresa 25819,202101,Sim,Sim,2021-01
Empresa 2582,202104,Sim,Sim,2021-04
Empresa 25827,202306,Não,Sim,2023-06
Empresa 2583,202210,Sim,Sim,2022-10
Empresa 25836,202204,Não,Não,2022-04
Empresa 25838,202111,Sim,Sim,2021-11
Empresa 2584,202210,Sim,Sim,2022-10
Empresa 2585,202311,Não,Não,2023-11
Empresa 25852,202307,Não,Sim,2023-07
Empresa 2586,202211,Sim,Sim,2022-11
Empresa 25869,202207,Sim,Sim,2022-07
Empresa 2587,202107,Sim,Sim,2021-07
Empresa 25876,202309,Não,Sim,2023-09
Empresa 2588,202108,Sim,Sim,2021-08
Empresa 2589,202212,Sim,Sim,2022-12
Empresa 25895,202012,Sim,Sim,2020-12
Empresa 259,202111,Sim,Sim,2021-11
Empresa 2590,202107,Sim,Sim,2021-07
Empresa 25906,202008,Não,Sim,2020-08
Empresa 25907,202007,Sim,Sim,2020-07
Empresa 2591,202105,Sim,Sim,2021-05
Empresa 25910,202105,Não,Não,2021-05
Empresa 25918,202012,Não,Sim,2020-12
Empresa 2592,202303,Sim,Sim,2023-03
Empresa 25924,202105,Não,Sim,2021-05
Empresa 25929,202012,Sim,Sim,2020-12
Empresa 2593,202105,Sim,Sim,2021-05
Empresa 25931,202307,Não,Não,2023-07
Empresa 2594,202106,Sim,Sim,2021-06
Empresa 25941,202005,Sim,Sim,2020-05
Empresa 25948,202203,Não,Sim,2022-03
Empresa 2595,202210,Não,Não,2022-10
Empresa 25957,202211,Sim,Sim,2022-11
Empresa 2596,202106,Sim,Sim,2021-06
Empresa 2597,202208,Sim,Sim,2022-08
Empresa 25976,202308,Não,Não,2023-08
Empresa 25978,202303,Não,Não,2023-03
Empresa 2598,202207,Sim,Sim,2022-07
Empresa 2599,202105,Sim,Sim,2021-05
Empresa 26,202209,Sim,Sim,2022-09
Empresa 260,202112,Sim,Sim,2021-12
Empresa 2600,202208,Sim,Sim,2022-08
Empresa 2601,202203,Não,Não,2022-03
Empresa 26013,202101,Não,Sim,2021-01
Empresa 2602,202105,Sim,Sim,2021-05
Empresa 2603,202201,Sim,Sim,2022-01
Empresa 26035,202208,Não,Não,2022-08
Empresa 2604,202105,Sim,Sim,2021-05
Empresa 26045,202104,Não,Sim,2021-04
Empresa 2605,202008,Não,Sim,2020-08
Empresa 26052,202303,Não,Sim,2023-03
Empresa 26053,201912,Sim,Sim,2019-12
Empresa 26059,202101,Não,Sim,2021-01
Empresa 2606,202109,Sim,Sim,2021-09
Empresa 2607,202109,Sim,Sim,2021-09
Empresa 2608,202012,Sim,Sim,2020-12
Empresa 2609,202202,Sim,Sim,2022-02
Empresa 26093,202212,Sim,Sim,2022-12
Empresa 26099,202006,Não,Não,2020-06
Empresa 261,202112,Sim,Sim,2021-12
Empresa 2610,202205,Sim,Sim,2022-05
Empresa 26100,202001,Sim,Sim,2020-01
Empresa 26101,202008,Não,Sim,2020-08
Empresa 26109,202205,Não,Sim,2022-05
Empresa 2611,202308,Não,Não,2023-08
Empresa 26110,202103,Não,Sim,2021-03
Empresa 2612,202303,Sim,Sim,2023-03
Empresa 26124,202308,Não,Sim,2023-08
Empresa 2613,202202,Sim,Sim,2022-02
Empresa 26136,202102,Sim,Sim,2021-02
Empresa 2614,202301,Sim,Sim,2023-01
Empresa 26140,202007,Não,Sim,2020-07
Empresa 2615,202107,Sim,Sim,2021-07
Empresa 2616,202303,Sim,Sim,2023-03
Empresa 26162,202004,Não,Sim,2020-04
Empresa 2617,202301,Sim,Sim,2023-01
Empresa 2618,202302,Sim,Sim,2023-02
Empresa 26188,202004,Sim,Sim,2020-04
Empresa 2619,202303,Sim,Sim,2023-03
Empresa 26199,202012,Não,Sim,2020-12
Empresa 262,202111,Sim,Sim,2021-11
Empresa 2620,202303,Sim,Sim,2023-03
Empresa 26204,202308,Não,Não,2023-08
Empresa 2621,202105,Sim,Sim,2021-05
Empresa 2622,202206,Sim,Sim,2022-06
Empresa 2623,202206,Sim,Sim,2022-06
Empresa 26232,202008,Não,Sim,2020-08
Empresa 2624,202110,Sim,Sim,2021-10
Empresa 2625,202304,Sim,Sim,2023-04
Empresa 26256,202105,Não,Sim,2021-05
Empresa 2626,202304,Não,Não,2023-04
Empresa 26262,202308,Não,Não,2023-08
Empresa 2627,202109,Sim,Sim,2021-09
Empresa 26270,202105,Sim,Sim,2021-05
Empresa 2628,202304,Sim,Sim,2023-04
Empresa 2629,202106,Sim,Sim,2021-06
Empresa 26292,202308,Não,Sim,2023-08
Empresa 263,202105,Sim,Sim,2021-05
Empresa 2630,202107,Sim,Sim,2021-07
Empresa 2631,202210,Sim,Sim,2022-10
Empresa 2632,202208,Sim,Sim,2022-08
Empresa 26324,202007,Não,Sim,2020-07
Empresa 2633,202109,Sim,Sim,2021-09
Empresa 26336,202007,Não,Sim,2020-07
Empresa 2634,202201,Não,Não,2022-01
Empresa 2635,202107,Sim,Sim,2021-07
Empresa 2636,202111,Sim,Sim,2021-11
Empresa 26364,202201,Não,Sim,2022-01
Empresa 2637,202109,Sim,Sim,2021-09
Empresa 26374,202105,Não,Sim,2021-05
Empresa 2638,202110,Sim,Sim,2021-10
Empresa 26387,202203,Sim,Sim,2022-03
Empresa 2639,202106,Sim,Sim,2021-06
Empresa 26392,202009,Não,Não,2020-09
Empresa 264,202109,Sim,Sim,2021-09
Empresa 2640,202201,Sim,Sim,2022-01
Empresa 26409,202112,Sim,Sim,2021-12
Empresa 2641,202101,Não,Não,2021-01
Empresa 26410,202101,Sim,Sim,2021-01
Empresa 26414,202308,Não,Sim,2023-08
Empresa 2642,202209,Sim,Sim,2022-09
Empresa 26424,202206,Não,Sim,2022-06
Empresa 2643,202209,Sim,Sim,2022-09
Empresa 26430,202307,Não,Sim,2023-07
Empresa 26431,202304,Não,Não,2023-04
Empresa 2644,202303,Sim,Sim,2023-03
Empresa 26440,202305,Não,Sim,2023-05
Empresa 26443,202301,Não,Não,2023-01
Empresa 2645,202311,Não,Não,2023-11
Empresa 2646,202303,Sim,Sim,2023-03
Empresa 26460,202105,Sim,Sim,2021-05
Empresa 26463,202207,Sim,Sim,2022-07
Empresa 2647,202110,Não,Não,2021-10
Empresa 26470,202205,Não,Sim,2022-05
Empresa 2648,202105,Sim,Sim,2021-05
Empresa 2649,202305,Sim,Sim,2023-05
Empresa 26490,202306,Não,Sim,2023-06
Empresa 26498,202212,Não,Sim,2022-12
Empresa 265,202109,Sim,Sim,2021-09
Empresa 2650,202101,Não,Não,2021-01
Empresa 2651,202204,Sim,Sim,2022-04
Empresa 2652,202305,Sim,Sim,2023-05
Empresa 26524,202206,Não,Sim,2022-06
Empresa 2653,202106,Sim,Sim,2021-06
Empresa 26539,202307,Não,Sim,2023-07
Empresa 2654,202105,Sim,Sim,2021-05
Empresa 26540,202205,Não,Sim,2022-05
Empresa 26546,202004,Não,Não,2020-04
Empresa 2655,202107,Sim,Sim,2021-07
Empresa 2656,202304,Sim,Sim,2023-04
Empresa 26560,202104,Não,Sim,2021-04
Empresa 26567,202201,Não,Não,2022-01
Empresa 2657,202107,Sim,Sim,2021-07
Empresa 26574,202111,Sim,Sim,2021-11
Empresa 2658,202108,Sim,Sim,2021-08
Empresa 26583,202101,Não,Não,2021-01
Empresa 26588,202009,Não,Não,2020-09
Empresa 26589,202301,Não,Sim,2023-01
Empresa 2659,202207,Sim,Sim,2022-07
Empresa 26596,202105,Não,Sim,2021-05
Empresa 26597,202102,Não,Sim,2021-02
Empresa 266,202203,Sim,Sim,2022-03
Empresa 2660,202207,Sim,Sim,2022-07
Empresa 26601,202112,Não,Sim,2021-12
Empresa 26606,202307,Não,Sim,2023-07
Empresa 2661,202108,Sim,Sim,2021-08
Empresa 26619,202308,Não,Sim,2023-08
Empresa 2662,202109,Sim,Sim,2021-09
Empresa 26620,202009,Sim,Sim,2020-09
Empresa 26621,202308,Não,Sim,2023-08
Empresa 26629,202308,Não,Sim,2023-08
Empresa 2663,202107,Sim,Sim,2021-07
Empresa 2664,202109,Sim,Sim,2021-09
Empresa 26641,202306,Não,Sim,2023-06
Empresa 2665,202305,Sim,Sim,2023-05
Empresa 26651,202304,Não,Não,2023-04
Empresa 2666,202309,Não,Não,2023-09
Empresa 26667,202206,Sim,Sim,2022-06
Empresa 2667,202111,Sim,Sim,2021-11
Empresa 26675,202309,Não,Sim,2023-09
Empresa 2668,202203,Sim,Sim,2022-03
Empresa 26683,202008,Sim,Sim,2020-08
Empresa 26688,202111,Sim,Sim,2021-11
Empresa 2669,202202,Sim,Sim,2022-02
Empresa 267,202011,Sim,Sim,2020-11
Empresa 2670,202305,Não,Não,2023-05
Empresa 2671,202111,Sim,Sim,2021-11
Empresa 26712,202309,Não,Sim,2023-09
Empresa 26716,202308,Não,Sim,2023-08
Empresa 2672,202201,Sim,Sim,2022-01
Empresa 26721,202201,Não,Não,2022-01
Empresa 26725,202301,Não,Sim,2023-01
Empresa 26729,202309,Não,Sim,2023-09
Empresa 2673,202304,Sim,Sim,2023-04
Empresa 26737,202209,Não,Sim,2022-09
Empresa 2674,202305,Sim,Sim,2023-05
Empresa 2675,202305,Não,Sim,2023-05
Empresa 26754,202007,Não,Sim,2020-07
Empresa 26758,202206,Não,Sim,2022-06
Empresa 26759,202309,Não,Sim,2023-09
Empresa 2676,202306,Sim,Sim,2023-06
Empresa 26769,202103,Não,Sim,2021-03
Empresa 2677,202202,Sim,Sim,2022-02
Empresa 2678,202306,Sim,Sim,2023-06
Empresa 2679,202304,Sim,Sim,2023-04
Empresa 26795,202009,Sim,Sim,2020-09
Empresa 268,202108,Sim,Sim,2021-08
Empresa 2680,202305,Sim,Sim,2023-05
Empresa 26800,202309,Não,Sim,2023-09
Empresa 26801,202210,Não,Sim,2022-10
Empresa 26805,202307,Não,Sim,2023-07
Empresa 26807,202102,Sim,Sim,2021-02
Empresa 2681,202102,Não,Não,2021-02
Empresa 2682,202306,Sim,Sim,2023-06
Empresa 26821,202008,Sim,Sim,2020-08
Empresa 26822,202012,Não,Sim,2020-12
Empresa 2683,202107,Sim,Sim,2021-07
Empresa 2684,202305,Sim,Sim,2023-05
Empresa 2685,202107,Sim,Sim,2021-07
Empresa 2686,202111,Sim,Sim,2021-11
Empresa 26861,202112,Sim,Sim,2021-12
Empresa 2687,202203,Sim,Sim,2022-03
Empresa 26872,202103,Não,Sim,2021-03
Empresa 2688,202201,Sim,Sim,2022-01
Empresa 26889,202309,Não,Sim,2023-09
Empresa 2689,202306,Sim,Sim,2023-06
Empresa 26890,202010,Sim,Sim,2020-10
Empresa 26891,202107,Não,Sim,2021-07
Empresa 269,202110,Sim,Sim,2021-10
Empresa 2690,202204,Sim,Sim,2022-04
Empresa 2691,202305,Sim,Sim,2023-05
Empresa 26911,202208,Não,Sim,2022-08
Empresa 26915,202101,Não,Sim,2021-01
Empresa 2692,202207,Sim,Sim,2022-07
Empresa 26929,202308,Não,Sim,2023-08
Empresa 2693,202306,Sim,Sim,2023-06
Empresa 26932,202203,Não,Sim,2022-03
Empresa 2694,202303,Sim,Sim,2023-03
Empresa 26940,202210,Não,Sim,2022-10
Empresa 2695,202305,Sim,Sim,2023-05
Empresa 26955,202206,Não,Sim,2022-06
Empresa 26957,202206,Não,Sim,2022-06
Empresa 2696,202305,Sim,Sim,2023-05
Empresa 26966,202205,Sim,Sim,2022-05
Empresa 2697,202304,Sim,Sim,2023-04
Empresa 26971,202004,Não,Sim,2020-04
Empresa 2698,202306,Sim,Sim,2023-06
Empresa 26982,202307,Não,Não,2023-07
Empresa 26983,202308,Não,Sim,2023-08
Empresa 2699,202307,Sim,Sim,2023-07
Empresa 26990,202204,Sim,Sim,2022-04
Empresa 26991,202009,Sim,Sim,2020-09
Empresa 26992,202308,Não,Sim,2023-08
Empresa 26995,202102,Não,Sim,2021-02
Empresa 26996,202209,Não,Sim,2022-09
Empresa 26999,202202,Não,Não,2022-02
Empresa 27,202211,Sim,Sim,2022-11
Empresa 270,202107,Sim,Sim,2021-07
Empresa 2700,202307,Sim,Sim,2023-07
Empresa 27000,202304,Não,Sim,2023-04
Empresa 2701,202205,Sim,Sim,2022-05
Empresa 27014,202008,Não,Não,2020-08
Empresa 27016,202207,Sim,Sim,2022-07
Empresa 2702,202306,Sim,Sim,2023-06
Empresa 27029,202310,Não,Não,2023-10
Empresa 2703,202306,Sim,Sim,2023-06
Empresa 27031,202210,Não,Sim,2022-10
Empresa 2704,202307,Sim,Sim,2023-07
Empresa 2705,202307,Sim,Sim,2023-07
Empresa 2706,202110,Sim,Sim,2021-10
Empresa 27064,202108,Não,Não,2021-08
Empresa 27068,202206,Não,Sim,2022-06
Empresa 2707,202202,Sim,Sim,2022-02
Empresa 27070,202210,Não,Não,2022-10
Empresa 2708,202306,Sim,Sim,2023-06
Empresa 2709,202306,Sim,Sim,2023-06
Empresa 27090,202308,Não,Sim,2023-08
Empresa 27099,202103,Não,Sim,2021-03
Empresa 271,202110,Sim,Sim,2021-10
Empresa 2710,202307,Sim,Sim,2023-07
Empresa 2711,202307,Sim,Sim,2023-07
Empresa 27111,202007,Não,Sim,2020-07
Empresa 2712,202111,Sim,Sim,2021-11
Empresa 27127,202308,Não,Não,2023-08
Empresa 2713,202307,Sim,Sim,2023-07
Empresa 27130,202308,Não,Sim,2023-08
Empresa 27132,202201,Não,Sim,2022-01
Empresa 27136,202308,Não,Sim,2023-08
Empresa 27137,202309,Não,Sim,2023-09
Empresa 2714,202307,Sim,Sim,2023-07
Empresa 27147,202011,Não,Sim,2020-11
Empresa 27149,202308,Não,Sim,2023-08
Empresa 2715,202108,Sim,Sim,2021-08
Empresa 2716,202201,Sim,Sim,2022-01
Empresa 27166,202309,Não,Não,2023-09
Empresa 2717,202206,Não,Não,2022-06
Empresa 27171,202309,Não,Sim,2023-09
Empresa 27175,202011,Não,Não,2020-11
Empresa 27178,202212,Não,Sim,2022-12
Empresa 2718,202202,Sim,Sim,2022-02
Empresa 2719,202306,Sim,Sim,2023-06
Empresa 27195,202206,Sim,Sim,2022-06
Empresa 272,202111,Sim,Sim,2021-11
Empresa 2720,202307,Sim,Sim,2023-07
Empresa 2721,202211,Sim,Sim,2022-11
Empresa 27213,202101,Não,Sim,2021-01
Empresa 27215,202009,Sim,Sim,2020-09
Empresa 2722,202105,Sim,Sim,2021-05
Empresa 27227,202002,Sim,Sim,2020-02
Empresa 2723,202306,Sim,Sim,2023-06
Empresa 27233,202111,Não,Sim,2021-11
Empresa 2724,202307,Sim,Sim,2023-07
Empresa 27246,202104,Não,Não,2021-04
Empresa 2725,202307,Sim,Sim,2023-07
Empresa 2726,202307,Sim,Sim,2023-07
Empresa 27262,202212,Não,Sim,2022-12
Empresa 2727,202307,Sim,Sim,2023-07
Empresa 27273,202008,Sim,Sim,2020-08
Empresa 27275,202009,Não,Não,2020-09
Empresa 2728,202307,Sim,Sim,2023-07
Empresa 2729,202306,Sim,Sim,2023-06
Empresa 273,202108,Sim,Sim,2021-08
Empresa 2730,202109,Sim,Sim,2021-09
Empresa 2731,202308,Não,Não,2023-08
Empresa 27319,202205,Sim,Sim,2022-05
Empresa 2732,202306,Sim,Sim,2023-06
Empresa 2733,202109,Sim,Sim,2021-09
Empresa 27331,202008,Não,Não,2020-08
Empresa 2734,202306,Sim,Sim,2023-06
Empresa 27348,202012,Sim,Sim,2020-12
Empresa 2735,202307,Sim,Sim,2023-07
Empresa 2736,202105,Sim,Sim,2021-05
Empresa 2737,202306,Sim,Sim,2023-06
Empresa 27373,202209,Não,Sim,2022-09
Empresa 27375,202212,Sim,Sim,2022-12
Empresa 2738,202105,Sim,Sim,2021-05
Empresa 27383,202103,Não,Sim,2021-03
Empresa 2739,202310,Não,Não,2023-10
Empresa 274,202301,Sim,Sim,2023-01
Empresa 2740,202307,Sim,Sim,2023-07
Empresa 2741,202307,Sim,Sim,2023-07
Empresa 27414,202211,Não,Sim,2022-11
Empresa 2742,202208,Sim,Sim,2022-08
Empresa 27422,202304,Não,Sim,2023-04
Empresa 2743,202306,Sim,Sim,2023-06
Empresa 27434,202309,Não,Não,2023-09
Empresa 27437,202108,Não,Sim,2021-08
Empresa 2744,202108,Sim,Sim,2021-08
Empresa 27441,202009,Sim,Sim,2020-09
Empresa 27445,202210,Não,Sim,2022-10
Empresa 2745,202107,Sim,Sim,2021-07
Empresa 27453,202004,Sim,Sim,2020-04
Empresa 2746,202307,Sim,Sim,2023-07
Empresa 27466,202007,Não,Não,2020-07
Empresa 2747,202207,Sim,Sim,2022-07
Empresa 2748,202304,Sim,Sim,2023-04
Empresa 27480,202311,Não,Sim,2023-11
Empresa 27486,202310,Não,Sim,2023-10
Empresa 2749,202307,Sim,Sim,2023-07
Empresa 275,202109,Sim,Sim,2021-09
Empresa 2750,202304,Sim,Sim,2023-04
Empresa 27502,202310,Não,Sim,2023-10
Empresa 27503,202112,Sim,Sim,2021-12
Empresa 2751,202306,Sim,Sim,2023-06
Empresa 27515,202202,Sim,Sim,2022-02
Empresa 27518,202102,Não,Não,2021-02
Empresa 27519,202310,Não,Sim,2023-10
Empresa 2752,202305,Sim,Sim,2023-05
Empresa 27521,202008,Não,Sim,2020-08
Empresa 2753,202306,Não,Não,2023-06
Empresa 27532,202108,Não,Sim,2021-08
Empresa 27536,202309,Não,Sim,2023-09
Empresa 2754,202306,Não,Não,2023-06
Empresa 27540,202305,Não,Sim,2023-05
Empresa 2755,202307,Sim,Sim,2023-07
Empresa 27553,202309,Não,Sim,2023-09
Empresa 27554,202108,Não,Sim,2021-08
Empresa 2756,202306,Sim,Sim,2023-06
Empresa 2757,202307,Sim,Sim,2023-07
Empresa 2758,202306,Sim,Sim,2023-06
Empresa 27583,202105,Não,Sim,2021-05
Empresa 27589,202012,Sim,Sim,2020-12
Empresa 2759,202306,Sim,Sim,2023-06
Empresa 276,202111,Sim,Sim,2021-11
Empresa 2760,202105,Sim,Sim,2021-05
Empresa 27606,202310,Não,Sim,2023-10
Empresa 27609,202310,Não,Sim,2023-10
Empresa 2761,202105,Sim,Sim,2021-05
Empresa 2762,202308,Sim,Sim,2023-08
Empresa 27621,202008,Não,Não,2020-08
Empresa 27626,202104,Não,Sim,2021-04
Empresa 2763,202305,Sim,Sim,2023-05
Empresa 27630,202310,Não,Sim,2023-10
Empresa 2764,202308,Sim,Sim,2023-08
Empresa 2765,202306,Sim,Sim,2023-06
Empresa 27657,201907,Sim,Sim,2019-07
Empresa 2766,202307,Sim,Sim,2023-07
Empresa 2767,202308,Sim,Sim,2023-08
Empresa 27678,202210,Sim,Sim,2022-10
Empresa 27679,202310,Não,Sim,2023-10
Empresa 2768,202306,Sim,Sim,2023-06
Empresa 27681,202310,Não,Sim,2023-10
Empresa 27686,202310,Não,Sim,2023-10
Empresa 2769,202308,Sim,Sim,2023-08
Empresa 27695,202212,Não,Sim,2022-12
Empresa 277,202111,Sim,Sim,2021-11
Empresa 2770,202203,Sim,Sim,2022-03
Empresa 27701,202107,Sim,Sim,2021-07
Empresa 27704,202206,Não,Sim,2022-06
Empresa 2771,202203,Sim,Sim,2022-03
Empresa 27710,202205,Não,Sim,2022-05
Empresa 27718,202309,Não,Não,2023-09
Empresa 2772,202308,Sim,Sim,2023-08
Empresa 27723,202310,Não,Sim,2023-10
Empresa 2773,202305,Sim,Sim,2023-05
Empresa 27730,202103,Não,Não,2021-03
Empresa 27739,202209,Sim,Sim,2022-09
Empresa 2774,202209,Sim,Sim,2022-09
Empresa 27747,201912,Não,Sim,2019-12
Empresa 2775,202308,Sim,Sim,2023-08
Empresa 27751,202309,Não,Sim,2023-09
Empresa 2776,202202,Sim,Sim,2022-02
Empresa 2777,202308,Sim,Sim,2023-08
Empresa 27777,202110,Sim,Sim,2021-10
Empresa 2778,202308,Sim,Sim,2023-08
Empresa 2779,202109,Sim,Sim,2021-09
Empresa 27791,202101,Sim,Sim,2021-01
Empresa 27798,202310,Não,Sim,2023-10
Empresa 278,202105,Sim,Sim,2021-05
Empresa 2780,202307,Sim,Sim,2023-07
Empresa 2781,202308,Sim,Sim,2023-08
Empresa 27810,202007,Não,Sim,2020-07
Empresa 27814,202012,Sim,Sim,2020-12
Empresa 2782,202308,Sim,Sim,2023-08
Empresa 27822,202309,Não,Sim,2023-09
Empresa 27823,202310,Não,Sim,2023-10
Empresa 2783,202111,Sim,Sim,2021-11
Empresa 2784,202307,Sim,Sim,2023-07
Empresa 27845,202307,Não,Sim,2023-07
Empresa 2785,202307,Sim,Sim,2023-07
Empresa 27855,202301,Não,Sim,2023-01
Empresa 2786,202308,Sim,Sim,2023-08
Empresa 2787,202308,Sim,Sim,2023-08
Empresa 2788,202209,Sim,Sim,2022-09
Empresa 2789,202308,Sim,Sim,2023-08
Empresa 27893,202310,Não,Sim,2023-10
Empresa 279,202301,Sim,Sim,2023-01
Empresa 2790,202308,Não,Não,2023-08
Empresa 27901,202007,Sim,Sim,2020-07
Empresa 27907,202203,Não,Sim,2022-03
Empresa 27908,202310,Não,Sim,2023-10
Empresa 2791,202308,Sim,Sim,2023-08
Empresa 27913,202304,Não,Sim,2023-04
Empresa 2792,202308,Sim,Sim,2023-08
Empresa 27927,202107,Não,Sim,2021-07
Empresa 27929,202310,Não,Sim,2023-10
Empresa 2793,202308,Sim,Sim,2023-08
Empresa 27935,202212,Não,Sim,2022-12
Empresa 2794,202305,Não,Não,2023-05
Empresa 27948,202003,Não,Não,2020-03
Empresa 2795,202107,Sim,Sim,2021-07
Empresa 2796,202307,Sim,Sim,2023-07
Empresa 27968,202309,Não,Sim,2023-09
Empresa 2797,202307,Sim,Sim,2023-07
Empresa 27975,202007,Não,Sim,2020-07
Empresa 27978,202310,Não,Sim,2023-10
Empresa 2798,202309,Sim,Sim,2023-09
Empresa 27986,202310,Não,Sim,2023-10
Empresa 2799,202106,Sim,Sim,2021-06
Empresa 27994,202105,Sim,Sim,2021-05
Empresa 28,202210,Sim,Sim,2022-10
Empresa 280,202111,Sim,Sim,2021-11
Empresa 2800,202203,Sim,Sim,2022-03
Empresa 28000,202310,Não,Sim,2023-10
Empresa 2801,202203,Sim,Sim,2022-03
Empresa 28012,202310,Não,Sim,2023-10
Empresa 28017,202111,Não,Sim,2021-11
Empresa 2802,202308,Sim,Sim,2023-08
Empresa 28023,202309,Não,Sim,2023-09
Empresa 28029,202012,Não,Não,2020-12
Empresa 2803,202308,Sim,Sim,2023-08
Empresa 2804,202309,Sim,Sim,2023-09
Empresa 28044,202309,Não,Sim,2023-09
Empresa 2805,202309,Sim,Sim,2023-09
Empresa 28057,202310,Não,Sim,2023-10
Empresa 2806,202308,Sim,Sim,2023-08
Empresa 28060,202310,Não,Sim,2023-10
Empresa 28064,202009,Sim,Sim,2020-09
Empresa 2807,202309,Sim,Sim,2023-09
Empresa 28073,202211,Não,Sim,2022-11
Empresa 28077,202310,Não,Sim,2023-10
Empresa 2808,202308,Sim,Sim,2023-08
Empresa 28082,202310,Não,Sim,2023-10
Empresa 28084,202107,Não,Não,2021-07
Empresa 2809,202309,Sim,Sim,2023-09
Empresa 281,202012,Sim,Sim,2020-12
Empresa 2810,202309,Sim,Sim,2023-09
Empresa 28105,202208,Não,Sim,2022-08
Empresa 2811,202308,Sim,Sim,2023-08
Empresa 2812,202307,Sim,Sim,2023-07
Empresa 28128,201912,Não,Sim,2019-12
Empresa 2813,202310,Sim,Sim,2023-10
Empresa 28134,202301,Não,Sim,2023-01
Empresa 2814,202109,Sim,Sim,2021-09
Empresa 28141,202310,Não,Sim,2023-10
Empresa 28149,202307,Não,Sim,2023-07
Empresa 2815,202108,Sim,Sim,2021-08
Empresa 28152,202304,Não,Sim,2023-04
Empresa 28159,201908,Sim,Sim,2019-08
Empresa 2816,202106,Sim,Sim,2021-06
Empresa 2817,202309,Sim,Sim,2023-09
Empresa 28177,202008,Não,Sim,2020-08
Empresa 2818,202310,Sim,Sim,2023-10
Empresa 28181,202109,Não,Não,2021-09
Empresa 2819,202310,Sim,Sim,2023-10
Empresa 282,202110,Sim,Sim,2021-10
Empresa 2820,202108,Sim,Sim,2021-08
Empresa 28207,202007,Não,Sim,2020-07
Empresa 2821,202310,Sim,Sim,2023-10
Empresa 28215,202310,Não,Sim,2023-10
Empresa 28216,202206,Sim,Sim,2022-06
Empresa 2822,202107,Sim,Sim,2021-07
Empresa 28226,202109,Sim,Sim,2021-09
Empresa 2823,202310,Sim,Sim,2023-10
Empresa 28232,202203,Sim,Sim,2022-03
Empresa 2824,202107,Sim,Sim,2021-07
Empresa 28241,202311,Não,Não,2023-11
Empresa 28245,202107,Sim,Sim,2021-07
Empresa 2825,202309,Sim,Sim,2023-09
Empresa 28252,202308,Não,Não,2023-08
Empresa 28255,202104,Sim,Sim,2021-04
Empresa 28259,202309,Não,Sim,2023-09
Empresa 2826,202310,Sim,Sim,2023-10
Empresa 2827,202310,Sim,Sim,2023-10
Empresa 28278,202310,Não,Sim,2023-10
Empresa 2828,202211,Não,Sim,2022-11
Empresa 28287,202012,Não,Sim,2020-12
Empresa 2829,202209,Sim,Sim,2022-09
Empresa 28296,202310,Não,Sim,2023-10
Empresa 283,202111,Sim,Sim,2021-11
Empresa 2830,202309,Sim,Sim,2023-09
Empresa 28305,202310,Não,Sim,2023-10
Empresa 2831,202310,Sim,Sim,2023-10
Empresa 28316,202310,Não,Sim,2023-10
Empresa 28317,202107,Não,Não,2021-07
Empresa 2832,202209,Sim,Sim,2022-09
Empresa 2833,202311,Não,Não,2023-11
Empresa 2834,202111,Sim,Sim,2021-11
Empresa 28341,202006,Não,Sim,2020-06
Empresa 2835,202311,Sim,Sim,2023-11
Empresa 28352,202308,Não,Sim,2023-08
Empresa 28358,202301,Não,Sim,2023-01
Empresa 28368,202310,Não,Sim,2023-10
Empresa 2837,202210,Não,Sim,2022-10
Empresa 28372,202212,Não,Sim,2022-12
Empresa 28378,202008,Não,Sim,2020-08
Empresa 2838,202211,Não,Sim,2022-11
Empresa 284,202203,Sim,Sim,2022-03
Empresa 28402,202207,Não,Não,2022-07
Empresa 28403,202207,Não,Sim,2022-07
Empresa 28404,202208,Não,Não,2022-08
Empresa 28405,202208,Sim,Sim,2022-08
Empresa 28406,202208,Não,Não,2022-08
Empresa 28407,202208,Não,Sim,2022-08
Empresa 28408,202208,Não,Não,2022-08
Empresa 28409,202208,Sim,Sim,2022-08
Empresa 28410,202208,Não,Sim,2022-08
Empresa 28411,202208,Não,Sim,2022-08
Empresa 28412,202208,Não,Não,2022-08
Empresa 28413,202208,Não,Sim,2022-08
Empresa 28414,202208,Sim,Sim,2022-08
Empresa 28415,202208,Não,Não,2022-08
Empresa 28416,202208,Não,Sim,2022-08
Empresa 28417,202208,Sim,Sim,2022-08
Empresa 28418,202208,Não,Não,2022-08
Empresa 28419,202208,Sim,Sim,2022-08
Empresa 2842,202107,Sim,Sim,2021-07
Empresa 28420,202208,Não,Sim,2022-08
Empresa 28422,202210,Sim,Sim,2022-10
Empresa 28423,202210,Não,Sim,2022-10
Empresa 28424,202210,Não,Não,2022-10
Empresa 28425,202210,Sim,Sim,2022-10
Empresa 28426,202211,Sim,Sim,2022-11
Empresa 28427,202211,Não,Não,2022-11
Empresa 28428,202211,Não,Não,2022-11
Empresa 28429,202302,Não,Não,2023-02
Empresa 28430,202302,Não,Não,2023-02
Empresa 28431,202303,Não,Não,2023-03
Empresa 28432,202305,Não,Não,2023-05
Empresa 28433,202305,Não,Não,2023-05
Empresa 28434,202306,Não,Não,2023-06
Empresa 28435,202307,Não,Não,2023-07
Empresa 28436,202307,Não,Não,2023-07
Empresa 28437,202308,Não,Não,2023-08
Empresa 28438,202308,Não,Não,2023-08
Empresa 28439,202308,Não,Sim,2023-08
Empresa 28440,202309,Não,Não,2023-09
Empresa 28441,202310,Não,Não,2023-10
Empresa 28442,202104,Sim,Sim,2021-04
Empresa 28443,202104,Não,Não,2021-04
Empresa 28444,202105,Sim,Sim,2021-05
Empresa 28445,202106,Sim,Sim,2021-06
Empresa 28446,202106,Sim,Sim,2021-06
Empresa 28447,202106,Sim,Sim,2021-06
Empresa 28448,202106,Sim,Sim,2021-06
Empresa 28449,202106,Sim,Sim,2021-06
Empresa 28450,202106,Não,Não,2021-06
Empresa 28451,202106,Sim,Sim,2021-06
Empresa 28452,202106,Sim,Sim,2021-06
Empresa 28453,202107,Sim,Sim,2021-07
Empresa 28454,202108,Não,Não,2021-08
Empresa 28455,202108,Sim,Sim,2021-08
Empresa 28456,202108,Não,Não,2021-08
Empresa 28457,202109,Não,Sim,2021-09
Empresa 28458,202109,Sim,Sim,2021-09
Empresa 28459,202109,Não,Não,2021-09
Empresa 2846,202205,Sim,Sim,2022-05
Empresa 28460,202110,Sim,Sim,2021-10
Empresa 28461,202110,Sim,Sim,2021-10
Empresa 28462,202111,Sim,Sim,2021-11
Empresa 28463,202111,Não,Sim,2021-11
Empresa 28464,202111,Não,Não,2021-11
Empresa 28465,202112,Não,Sim,2021-12
Empresa 28466,202201,Não,Sim,2022-01
Empresa 28467,202204,Não,Sim,2022-04
Empresa 28468,202204,Não,Não,2022-04
Empresa 28469,202205,Sim,Sim,2022-05
Empresa 2847,202208,Não,Sim,2022-08
Empresa 28470,202208,Não,Não,2022-08
Empresa 28471,202208,Não,Não,2022-08
Empresa 28472,202211,Não,Não,2022-11
Empresa 28473,202301,Não,Não,2023-01
Empresa 28474,202303,Não,Não,2023-03
Empresa 28475,202305,Não,Não,2023-05
Empresa 28476,202306,Não,Não,2023-06
Empresa 28477,202307,Não,Não,2023-07
Empresa 28478,202307,Não,Não,2023-07
Empresa 28479,202307,Não,Não,2023-07
Empresa 28480,202307,Não,Não,2023-07
Empresa 28481,202309,Não,Não,2023-09
Empresa 28482,202109,Não,Não,2021-09
Empresa 28484,202306,Não,Não,2023-06
Empresa 28485,202308,Não,Não,2023-08
Empresa 28486,202308,Não,Não,2023-08
Empresa 28487,202308,Não,Não,2023-08
Empresa 28488,202310,Não,Não,2023-10
Empresa 28489,202310,Não,Sim,2023-10
Empresa 2849,202204,Sim,Sim,2022-04
Empresa 28490,202310,Não,Sim,2023-10
Empresa 28491,202204,Não,Não,2022-04
Empresa 28492,202204,Sim,Sim,2022-04
Empresa 28493,202204,Sim,Sim,2022-04
Empresa 28494,202204,Não,Não,2022-04
Empresa 28495,202204,Não,Não,2022-04
Empresa 28496,202204,Não,Não,2022-04
Empresa 28497,202204,Não,Não,2022-04
Empresa 28498,202204,Não,Não,2022-04
Empresa 28499,202204,Não,Não,2022-04
Empresa 285,202111,Sim,Sim,2021-11
Empresa 2850,202306,Não,Não,2023-06
Empresa 28500,202204,Não,Sim,2022-04
Empresa 28501,202204,Não,Não,2022-04
Empresa 28502,202204,Não,Não,2022-04
Empresa 28503,202204,Sim,Sim,2022-04
Empresa 28504,202204,Não,Sim,2022-04
Empresa 28505,202204,Não,Não,2022-04
Empresa 28506,202204,Não,Não,2022-04
Empresa 28507,202204,Não,Não,2022-04
Empresa 28508,202204,Não,Não,2022-04
Empresa 28509,202204,Não,Não,2022-04
Empresa 2851,202208,Não,Sim,2022-08
Empresa 28510,202204,Não,Não,2022-04
Empresa 28511,202204,Não,Não,2022-04
Empresa 28512,202204,Sim,Sim,2022-04
Empresa 28513,202204,Sim,Sim,2022-04
Empresa 28514,202204,Não,Não,2022-04
Empresa 28515,202204,Não,Não,2022-04
Empresa 28516,202204,Não,Não,2022-04
Empresa 28517,202204,Não,Não,2022-04
Empresa 28518,202204,Não,Sim,2022-04
Empresa 28519,202204,Não,Não,2022-04
Empresa 2852,202107,Sim,Sim,2021-07
Empresa 28520,202204,Não,Não,2022-04
Empresa 28521,202204,Não,Não,2022-04
Empresa 28522,202204,Não,Sim,2022-04
Empresa 28523,202204,Não,Não,2022-04
Empresa 28524,202204,Não,Não,2022-04
Empresa 28525,202204,Não,Não,2022-04
Empresa 28526,202204,Não,Não,2022-04
Empresa 28527,202204,Não,Não,2022-04
Empresa 28528,202204,Não,Não,2022-04
Empresa 28529,202204,Sim,Sim,2022-04
Empresa 2853,202301,Não,Não,2023-01
Empresa 28530,202204,Não,Não,2022-04
Empresa 28531,202204,Não,Não,2022-04
Empresa 28532,202204,Não,Não,2022-04
Empresa 28533,202204,Não,Não,2022-04
Empresa 28534,202204,Sim,Sim,2022-04
Empresa 28535,202204,Não,Sim,2022-04
Empresa 28536,202204,Não,Não,2022-04
Empresa 28537,202204,Não,Não,2022-04
Empresa 28538,202204,Não,Não,2022-04
Empresa 28539,202204,Sim,Sim,2022-04
Empresa 2854,202301,Não,Sim,2023-01
Empresa 28540,202204,Não,Não,2022-04
Empresa 28541,202204,Não,Não,2022-04
Empresa 28542,202204,Não,Não,2022-04
Empresa 28543,202204,Não,Não,2022-04
Empresa 28544,202204,Não,Não,2022-04
Empresa 28545,202204,Não,Não,2022-04
Empresa 28546,202204,Não,Não,2022-04
Empresa 28547,202204,Não,Não,2022-04
Empresa 28548,202204,Não,Não,2022-04
Empresa 28549,202204,Sim,Sim,2022-04
Empresa 2855,202011,Sim,Sim,2020-11
Empresa 28550,202204,Não,Não,2022-04
Empresa 28551,202204,Não,Não,2022-04
Empresa 28552,202204,Não,Não,2022-04
Empresa 28553,202204,Não,Não,2022-04
Empresa 28554,202204,Não,Não,2022-04
Empresa 28555,202204,Não,Sim,2022-04
Empresa 28556,202204,Não,Não,2022-04
Empresa 28557,202204,Não,Não,2022-04
Empresa 28558,202204,Não,Não,2022-04
Empresa 28559,202204,Não,Não,2022-04
Empresa 2856,202212,Sim,Sim,2022-12
Empresa 28560,202204,Não,Não,2022-04
Empresa 28561,202204,Não,Não,2022-04
Empresa 28562,202204,Não,Não,2022-04
Empresa 28563,202204,Não,Não,2022-04
Empresa 28564,202204,Não,Não,2022-04
Empresa 28565,202204,Não,Não,2022-04
Empresa 28566,202204,Não,Não,2022-04
Empresa 28567,202204,Não,Não,2022-04
Empresa 28568,202204,Não,Não,2022-04
Empresa 28569,202204,Não,Não,2022-04
Empresa 2857,202108,Sim,Sim,2021-08
Empresa 28570,202205,Não,Não,2022-05
Empresa 28571,202205,Não,Sim,2022-05
Empresa 28572,202205,Não,Não,2022-05
Empresa 28573,202205,Não,Não,2022-05
Empresa 28574,202205,Não,Não,2022-05
Empresa 28575,202205,Não,Sim,2022-05
Empresa 28576,202205,Não,Não,2022-05
Empresa 28577,202205,Sim,Sim,2022-05
Empresa 28578,202205,Sim,Sim,2022-05
Empresa 28579,202205,Não,Não,2022-05
Empresa 2858,202305,Não,Não,2023-05
Empresa 28580,202205,Não,Não,2022-05
Empresa 28581,202205,Não,Não,2022-05
Empresa 28582,202205,Não,Não,2022-05
Empresa 28583,202205,Sim,Sim,2022-05
Empresa 28584,202205,Não,Não,2022-05
Empresa 28585,202205,Não,Sim,2022-05
Empresa 28586,202205,Sim,Sim,2022-05
Empresa 28587,202205,Não,Não,2022-05
Empresa 28588,202205,Não,Não,2022-05
Empresa 28589,202205,Sim,Sim,2022-05
Empresa 2859,202205,Não,Não,2022-05
Empresa 28590,202205,Não,Não,2022-05
Empresa 28591,202205,Não,Não,2022-05
Empresa 28592,202205,Não,Sim,2022-05
Empresa 28593,202205,Não,Não,2022-05
Empresa 28594,202205,Sim,Sim,2022-05
Empresa 28595,202205,Não,Não,2022-05
Empresa 28596,202205,Sim,Sim,2022-05
Empresa 28597,202205,Não,Não,2022-05
Empresa 28598,202206,Não,Não,2022-06
Empresa 28599,202206,Sim,Sim,2022-06
Empresa 286,202212,Sim,Sim,2022-12
Empresa 2860,202210,Sim,Sim,2022-10
Empresa 28600,202206,Não,Não,2022-06
Empresa 28601,202206,Sim,Sim,2022-06
Empresa 28602,202206,Não,Não,2022-06
Empresa 28603,202206,Sim,Sim,2022-06
Empresa 28604,202206,Sim,Sim,2022-06
Empresa 28605,202206,Não,Não,2022-06
Empresa 28606,202206,Não,Não,2022-06
Empresa 28607,202206,Sim,Sim,2022-06
Empresa 28608,202206,Sim,Sim,2022-06
Empresa 28609,202206,Não,Não,2022-06
Empresa 2861,202209,Sim,Sim,2022-09
Empresa 28610,202206,Não,Não,2022-06
Empresa 28611,202206,Sim,Sim,2022-06
Empresa 28612,202206,Sim,Sim,2022-06
Empresa 28613,202206,Não,Não,2022-06
Empresa 28614,202207,Não,Sim,2022-07
Empresa 28615,202207,Sim,Sim,2022-07
Empresa 28616,202207,Não,Não,2022-07
Empresa 28617,202207,Sim,Sim,2022-07
Empresa 28618,202207,Não,Não,2022-07
Empresa 28619,202207,Não,Não,2022-07
Empresa 2862,202212,Sim,Sim,2022-12
Empresa 28620,202207,Sim,Sim,2022-07
Empresa 28621,202207,Não,Sim,2022-07
Empresa 28622,202207,Sim,Sim,2022-07
Empresa 28623,202207,Não,Sim,2022-07
Empresa 28624,202207,Não,Não,2022-07
Empresa 28625,202207,Não,Sim,2022-07
Empresa 28626,202207,Sim,Sim,2022-07
Empresa 28627,202207,Não,Não,2022-07
Empresa 28628,202207,Sim,Sim,2022-07
Empresa 28629,202207,Sim,Sim,2022-07
Empresa 2863,202208,Sim,Sim,2022-08
Empresa 28630,202207,Sim,Sim,2022-07
Empresa 28631,202207,Não,Não,2022-07
Empresa 28632,202207,Não,Sim,2022-07
Empresa 28633,202207,Não,Não,2022-07
Empresa 28634,202207,Não,Não,2022-07
Empresa 28635,202207,Não,Sim,2022-07
Empresa 28636,202207,Não,Não,2022-07
Empresa 28637,202207,Não,Não,2022-07
Empresa 28638,202207,Não,Sim,2022-07
Empresa 28639,202207,Sim,Sim,2022-07
Empresa 2864,202208,Sim,Sim,2022-08
Empresa 28640,202207,Não,Não,2022-07
Empresa 28641,202207,Sim,Sim,2022-07
Empresa 28642,202207,Não,Sim,2022-07
Empresa 28643,202207,Não,Sim,2022-07
Empresa 28644,202207,Sim,Sim,2022-07
Empresa 28645,202207,Sim,Sim,2022-07
Empresa 28646,202207,Não,Não,2022-07
Empresa 28647,202207,Sim,Sim,2022-07
Empresa 28648,202207,Não,Não,2022-07
Empresa 28649,202207,Não,Sim,2022-07
Empresa 2865,202209,Sim,Sim,2022-09
Empresa 28650,202207,Não,Não,2022-07
Empresa 28651,202207,Não,Não,2022-07
Empresa 28652,202207,Não,Não,2022-07
Empresa 28653,202207,Não,Não,2022-07
Empresa 28654,202207,Não,Não,2022-07
Empresa 28655,202207,Sim,Sim,2022-07
Empresa 28656,202207,Não,Não,2022-07
Empresa 28657,202207,Não,Sim,2022-07
Empresa 28658,202207,Sim,Sim,2022-07
Empresa 28659,202207,Sim,Sim,2022-07
Empresa 2866,202209,Sim,Sim,2022-09
Empresa 28660,202207,Sim,Sim,2022-07
Empresa 28661,202207,Não,Não,2022-07
Empresa 28662,202207,Sim,Sim,2022-07
Empresa 28663,202207,Não,Não,2022-07
Empresa 28664,202207,Sim,Sim,2022-07
Empresa 28665,202207,Não,Não,2022-07
Empresa 28666,202207,Sim,Sim,2022-07
Empresa 28667,202207,Não,Não,2022-07
Empresa 28668,202207,Sim,Sim,2022-07
Empresa 28669,202207,Não,Não,2022-07
Empresa 2867,202209,Sim,Sim,2022-09
Empresa 28670,202208,Não,Não,2022-08
Empresa 28671,202208,Sim,Sim,2022-08
Empresa 28672,202208,Não,Não,2022-08
Empresa 28673,202208,Sim,Sim,2022-08
Empresa 28674,202208,Não,Não,2022-08
Empresa 28675,202208,Não,Não,2022-08
Empresa 28676,202208,Não,Sim,2022-08
Empresa 28677,202208,Sim,Sim,2022-08
Empresa 28678,202208,Não,Sim,2022-08
Empresa 28679,202208,Não,Não,2022-08
Empresa 2868,202210,Sim,Sim,2022-10
Empresa 28681,202210,Não,Não,2022-10
Empresa 28682,202210,Não,Não,2022-10
Empresa 28683,202211,Não,Não,2022-11
Empresa 28685,202303,Não,Não,2023-03
Empresa 28686,202310,Não,Sim,2023-10
Empresa 28687,202310,Não,Não,2023-10
Empresa 28688,202310,Não,Não,2023-10
Empresa 28689,202310,Não,Não,2023-10
Empresa 2869,202212,Sim,Sim,2022-12
Empresa 28690,202310,Não,Não,2023-10
Empresa 28691,202011,Sim,Sim,2020-11
Empresa 28692,202011,Sim,Sim,2020-11
Empresa 28693,202012,Não,Não,2020-12
Empresa 28694,202102,Não,Não,2021-02
Empresa 28695,202103,Não,Não,2021-03
Empresa 28696,202105,Não,Não,2021-05
Empresa 28697,202108,Sim,Sim,2021-08
Empresa 28698,202109,Não,Não,2021-09
Empresa 28699,202109,Não,Sim,2021-09
Empresa 287,202108,Sim,Sim,2021-08
Empresa 2870,202210,Sim,Sim,2022-10
Empresa 28700,202109,Não,Não,2021-09
Empresa 28701,202109,Sim,Sim,2021-09
Empresa 28702,202109,Não,Não,2021-09
Empresa 28703,202111,Não,Não,2021-11
Empresa 28704,202111,Não,Sim,2021-11
Empresa 28705,202111,Sim,Sim,2021-11
Empresa 28706,202112,Sim,Sim,2021-12
Empresa 28707,202112,Sim,Sim,2021-12
Empresa 28708,202201,Não,Não,2022-01
Empresa 28709,202204,Sim,Sim,2022-04
Empresa 2871,202209,Sim,Sim,2022-09
Empresa 28710,202205,Não,Não,2022-05
Empresa 28711,202205,Sim,Sim,2022-05
Empresa 28712,202205,Não,Não,2022-05
Empresa 28713,202207,Sim,Sim,2022-07
Empresa 28714,202208,Não,Não,2022-08
Empresa 28716,202211,Não,Não,2022-11
Empresa 28717,202211,Não,Não,2022-11
Empresa 28718,202301,Não,Não,2023-01
Empresa 28719,202302,Não,Não,2023-02
Empresa 2872,202301,Sim,Sim,2023-01
Empresa 28720,202303,Não,Não,2023-03
Empresa 28721,202305,Não,Não,2023-05
Empresa 28722,202305,Não,Não,2023-05
Empresa 28723,202305,Não,Não,2023-05
Empresa 28724,202306,Não,Não,2023-06
Empresa 28725,202306,Não,Não,2023-06
Empresa 28726,202308,Não,Não,2023-08
Empresa 28727,202309,Não,Não,2023-09
Empresa 28728,202310,Não,Não,2023-10
Empresa 28729,202310,Não,Não,2023-10
Empresa 2873,202208,Sim,Sim,2022-08
Empresa 28730,202310,Não,Não,2023-10
Empresa 28731,202310,Não,Não,2023-10
Empresa 28732,202310,Não,Não,2023-10
Empresa 28733,202310,Não,Não,2023-10
Empresa 28734,202011,Sim,Sim,2020-11
Empresa 28735,202011,Não,Não,2020-11
Empresa 28736,202011,Não,Não,2020-11
Empresa 28737,202011,Não,Não,2020-11
Empresa 28738,202011,Não,Não,2020-11
Empresa 28739,202011,Não,Não,2020-11
Empresa 2874,202209,Sim,Sim,2022-09
Empresa 28740,202011,Não,Não,2020-11
Empresa 28741,202011,Não,Não,2020-11
Empresa 28742,202011,Não,Não,2020-11
Empresa 28743,202011,Não,Não,2020-11
Empresa 28744,202011,Não,Não,2020-11
Empresa 28745,202011,Não,Não,2020-11
Empresa 28746,202011,Não,Não,2020-11
Empresa 28747,202011,Não,Não,2020-11
Empresa 28748,202011,Não,Não,2020-11
Empresa 28749,202011,Não,Não,2020-11
Empresa 2875,202206,Sim,Sim,2022-06
Empresa 28750,202011,Não,Não,2020-11
Empresa 28751,202011,Sim,Sim,2020-11
Empresa 28752,202011,Não,Não,2020-11
Empresa 28753,202011,Não,Não,2020-11
Empresa 28754,202011,Não,Não,2020-11
Empresa 28755,202011,Não,Não,2020-11
Empresa 28756,202011,Não,Não,2020-11
Empresa 28757,202011,Não,Não,2020-11
Empresa 28758,202011,Não,Não,2020-11
Empresa 28759,202011,Não,Não,2020-11
Empresa 2876,202209,Sim,Sim,2022-09
Empresa 28760,202011,Não,Não,2020-11
Empresa 28761,202011,Não,Sim,2020-11
Empresa 28762,202011,Não,Sim,2020-11
Empresa 28763,202011,Não,Não,2020-11
Empresa 28764,202011,Não,Não,2020-11
Empresa 28765,202011,Não,Não,2020-11
Empresa 28766,202011,Não,Não,2020-11
Empresa 28767,202012,Não,Sim,2020-12
Empresa 28768,202012,Sim,Sim,2020-12
Empresa 28769,202012,Não,Não,2020-12
Empresa 2877,202209,Sim,Sim,2022-09
Empresa 28770,202012,Não,Não,2020-12
Empresa 28771,202012,Não,Não,2020-12
Empresa 28772,202012,Sim,Sim,2020-12
Empresa 28773,202012,Não,Não,2020-12
Empresa 28774,202012,Não,Não,2020-12
Empresa 28775,202012,Não,Sim,2020-12
Empresa 28776,202012,Não,Não,2020-12
Empresa 28777,202012,Não,Não,2020-12
Empresa 28778,202012,Sim,Sim,2020-12
Empresa 28779,202012,Não,Não,2020-12
Empresa 2878,202212,Sim,Sim,2022-12
Empresa 28780,202012,Não,Não,2020-12
Empresa 28781,202012,Não,Não,2020-12
Empresa 28782,202012,Não,Não,2020-12
Empresa 28783,202012,Não,Não,2020-12
Empresa 28784,202012,Sim,Sim,2020-12
Empresa 28785,202012,Não,Não,2020-12
Empresa 28786,202012,Sim,Sim,2020-12
Empresa 28787,202012,Sim,Sim,2020-12
Empresa 28788,202012,Não,Não,2020-12
Empresa 28789,202012,Não,Não,2020-12
Empresa 2879,202301,Sim,Sim,2023-01
Empresa 28790,202012,Não,Não,2020-12
Empresa 28791,202012,Não,Não,2020-12
Empresa 28792,202012,Não,Não,2020-12
Empresa 28793,202012,Sim,Sim,2020-12
Empresa 28794,202012,Não,Sim,2020-12
Empresa 28795,202012,Sim,Sim,2020-12
Empresa 28796,202012,Não,Não,2020-12
Empresa 28797,202012,Não,Não,2020-12
Empresa 28798,202012,Não,Não,2020-12
Empresa 28799,202012,Não,Não,2020-12
Empresa 288,202204,Não,Não,2022-04
Empresa 2880,202208,Sim,Sim,2022-08
Empresa 28800,202012,Sim,Sim,2020-12
Empresa 28801,202012,Sim,Sim,2020-12
Empresa 28802,202012,Não,Não,2020-12
Empresa 28803,202012,Sim,Sim,2020-12
Empresa 28804,202012,Não,Não,2020-12
Empresa 28805,202012,Não,Não,2020-12
Empresa 28806,202012,Não,Não,2020-12
Empresa 28807,202012,Não,Não,2020-12
Empresa 28808,202012,Sim,Sim,2020-12
Empresa 28809,202012,Não,Não,2020-12
Empresa 2881,202301,Sim,Sim,2023-01
Empresa 28810,202012,Não,Não,2020-12
Empresa 28811,202012,Não,Não,2020-12
Empresa 28812,202012,Não,Sim,2020-12
Empresa 28813,202012,Sim,Sim,2020-12
Empresa 28814,202012,Sim,Sim,2020-12
Empresa 28815,202012,Sim,Sim,2020-12
Empresa 28816,202101,Sim,Sim,2021-01
Empresa 28817,202101,Não,Não,2021-01
Empresa 28818,202101,Não,Não,2021-01
Empresa 28819,202101,Sim,Sim,2021-01
Empresa 2882,202209,Sim,Sim,2022-09
Empresa 28820,202101,Sim,Sim,2021-01
Empresa 28821,202101,Sim,Sim,2021-01
Empresa 28822,202101,Sim,Sim,2021-01
Empresa 28823,202101,Não,Não,2021-01
Empresa 28824,202101,Não,Não,2021-01
Empresa 28825,202101,Sim,Sim,2021-01
Empresa 28826,202101,Não,Não,2021-01
Empresa 28827,202101,Não,Não,2021-01
Empresa 28828,202101,Não,Não,2021-01
Empresa 28829,202101,Não,Não,2021-01
Empresa 2883,202212,Sim,Sim,2022-12
Empresa 28830,202101,Sim,Sim,2021-01
Empresa 28831,202101,Sim,Sim,2021-01
Empresa 28832,202101,Sim,Sim,2021-01
Empresa 28833,202101,Não,Não,2021-01
Empresa 28834,202101,Não,Sim,2021-01
Empresa 28835,202101,Não,Não,2021-01
Empresa 28836,202101,Não,Não,2021-01
Empresa 28837,202101,Não,Não,2021-01
Empresa 28838,202101,Não,Não,2021-01
Empresa 28839,202101,Sim,Sim,2021-01
Empresa 2884,202209,Sim,Sim,2022-09
Empresa 28840,202101,Sim,Sim,2021-01
Empresa 28841,202101,Não,Não,2021-01
Empresa 28842,202102,Sim,Sim,2021-02
Empresa 28843,202102,Não,Não,2021-02
Empresa 28844,202102,Sim,Sim,2021-02
Empresa 28845,202102,Sim,Sim,2021-02
Empresa 28846,202102,Não,Não,2021-02
Empresa 28847,202102,Sim,Sim,2021-02
Empresa 28848,202102,Não,Não,2021-02
Empresa 28849,202102,Não,Não,2021-02
Empresa 2885,202209,Sim,Sim,2022-09
Empresa 28850,202102,Não,Não,2021-02
Empresa 28851,202102,Não,Não,2021-02
Empresa 28852,202102,Sim,Sim,2021-02
Empresa 28853,202102,Não,Não,2021-02
Empresa 28854,202102,Não,Não,2021-02
Empresa 28855,202103,Não,Sim,2021-03
Empresa 28856,202103,Não,Não,2021-03
Empresa 28857,202103,Não,Não,2021-03
Empresa 28858,202103,Sim,Sim,2021-03
Empresa 28859,202103,Não,Sim,2021-03
Empresa 2886,202212,Sim,Sim,2022-12
Empresa 28860,202103,Sim,Sim,2021-03
Empresa 28861,202103,Não,Não,2021-03
Empresa 28862,202103,Sim,Sim,2021-03
Empresa 28863,202103,Não,Não,2021-03
Empresa 28864,202103,Não,Não,2021-03
Empresa 28865,202103,Não,Não,2021-03
Empresa 28866,202103,Não,Não,2021-03
Empresa 28867,202103,Não,Não,2021-03
Empresa 28868,202103,Sim,Sim,2021-03
Empresa 28869,202103,Não,Não,2021-03
Empresa 2887,202210,Sim,Sim,2022-10
Empresa 28870,202103,Não,Não,2021-03
Empresa 28871,202103,Não,Não,2021-03
Empresa 28872,202103,Sim,Sim,2021-03
Empresa 28873,202103,Não,Não,2021-03
Empresa 28874,202103,Não,Não,2021-03
Empresa 28875,202104,Sim,Sim,2021-04
Empresa 28876,202104,Não,Não,2021-04
Empresa 28877,202104,Não,Não,2021-04
Empresa 28878,202104,Sim,Sim,2021-04
Empresa 28879,202104,Não,Sim,2021-04
Empresa 2888,202301,Sim,Sim,2023-01
Empresa 28880,202105,Não,Não,2021-05
Empresa 28881,202105,Não,Sim,2021-05
Empresa 28882,202105,Não,Não,2021-05
Empresa 28883,202105,Não,Não,2021-05
Empresa 28884,202105,Não,Não,2021-05
Empresa 28885,202105,Não,Não,2021-05
Empresa 28886,202105,Não,Não,2021-05
Empresa 28887,202105,Não,Não,2021-05
Empresa 28888,202105,Não,Não,2021-05
Empresa 28889,202105,Não,Não,2021-05
Empresa 2889,202208,Sim,Sim,2022-08
Empresa 28890,202105,Não,Não,2021-05
Empresa 28891,202105,Não,Não,2021-05
Empresa 28892,202105,Não,Não,2021-05
Empresa 28893,202105,Não,Não,2021-05
Empresa 28894,202105,Não,Não,2021-05
Empresa 28895,202105,Não,Não,2021-05
Empresa 28896,202105,Não,Não,2021-05
Empresa 28897,202105,Não,Não,2021-05
Empresa 28898,202105,Não,Não,2021-05
Empresa 28899,202105,Não,Não,2021-05
Empresa 289,202109,Sim,Sim,2021-09
Empresa 2890,202208,Sim,Sim,2022-08
Empresa 28900,202105,Não,Não,2021-05
Empresa 28901,202105,Não,Não,2021-05
Empresa 28902,202105,Não,Não,2021-05
Empresa 28903,202105,Não,Não,2021-05
Empresa 28904,202105,Não,Não,2021-05
Empresa 28905,202105,Não,Não,2021-05
Empresa 28906,202105,Sim,Sim,2021-05
Empresa 28907,202106,Não,Não,2021-06
Empresa 28908,202106,Não,Sim,2021-06
Empresa 28909,202106,Não,Sim,2021-06
Empresa 2891,202208,Sim,Sim,2022-08
Empresa 28910,202106,Não,Não,2021-06
Empresa 28911,202106,Não,Não,2021-06
Empresa 28912,202106,Não,Sim,2021-06
Empresa 28913,202106,Não,Sim,2021-06
Empresa 28914,202106,Sim,Sim,2021-06
Empresa 28915,202107,Não,Não,2021-07
Empresa 28916,202107,Sim,Sim,2021-07
Empresa 28917,202107,Não,Não,2021-07
Empresa 28918,202108,Sim,Sim,2021-08
Empresa 28919,202108,Não,Não,2021-08
Empresa 2892,202211,Sim,Sim,2022-11
Empresa 28920,202109,Sim,Sim,2021-09
Empresa 28921,202109,Sim,Sim,2021-09
Empresa 28922,202110,Sim,Sim,2021-10
Empresa 28923,202110,Sim,Sim,2021-10
Empresa 28924,202110,Sim,Sim,2021-10
Empresa 28925,202111,Não,Não,2021-11
Empresa 28926,202111,Não,Não,2021-11
Empresa 28927,202111,Não,Não,2021-11
Empresa 28928,202111,Não,Não,2021-11
Empresa 28929,202112,Sim,Sim,2021-12
Empresa 2893,202210,Sim,Sim,2022-10
Empresa 28930,202112,Sim,Sim,2021-12
Empresa 28931,202112,Sim,Sim,2021-12
Empresa 28932,202201,Não,Não,2022-01
Empresa 28933,202201,Sim,Sim,2022-01
Empresa 28934,202201,Não,Não,2022-01
Empresa 28935,202201,Não,Não,2022-01
Empresa 28936,202201,Não,Não,2022-01
Empresa 28937,202201,Não,Não,2022-01
Empresa 28938,202201,Não,Não,2022-01
Empresa 28939,202201,Não,Não,2022-01
Empresa 2894,202212,Sim,Sim,2022-12
Empresa 28940,202201,Não,Não,2022-01
Empresa 28941,202201,Não,Não,2022-01
Empresa 28942,202201,Não,Não,2022-01
Empresa 28943,202201,Não,Sim,2022-01
Empresa 28944,202202,Não,Não,2022-02
Empresa 28945,202202,Sim,Sim,2022-02
Empresa 28946,202203,Não,Não,2022-03
Empresa 28947,202203,Sim,Sim,2022-03
Empresa 28948,202203,Não,Não,2022-03
Empresa 28949,202204,Não,Não,2022-04
Empresa 2895,202301,Sim,Sim,2023-01
Empresa 28950,202204,Não,Não,2022-04
Empresa 28951,202204,Não,Não,2022-04
Empresa 28952,202204,Não,Não,2022-04
Empresa 28953,202204,Não,Não,2022-04
Empresa 28954,202204,Não,Não,2022-04
Empresa 28955,202204,Não,Não,2022-04
Empresa 28956,202205,Não,Não,2022-05
Empresa 28957,202205,Sim,Sim,2022-05
Empresa 28958,202205,Não,Não,2022-05
Empresa 28959,202205,Sim,Sim,2022-05
Empresa 2896,202301,Sim,Sim,2023-01
Empresa 28960,202205,Não,Não,2022-05
Empresa 28961,202206,Não,Não,2022-06
Empresa 28962,202207,Não,Não,2022-07
Empresa 28963,202208,Sim,Sim,2022-08
Empresa 28964,202208,Não,Não,2022-08
Empresa 28965,202208,Não,Não,2022-08
Empresa 28967,202210,Não,Não,2022-10
Empresa 28968,202212,Não,Sim,2022-12
Empresa 2897,202210,Sim,Sim,2022-10
Empresa 28970,202302,Não,Não,2023-02
Empresa 28971,202302,Não,Não,2023-02
Empresa 28972,202303,Não,Não,2023-03
Empresa 28973,202303,Não,Não,2023-03
Empresa 28974,202306,Não,Não,2023-06
Empresa 28975,202306,Não,Não,2023-06
Empresa 28976,202306,Não,Não,2023-06
Empresa 28977,202306,Não,Não,2023-06
Empresa 28978,202307,Não,Não,2023-07
Empresa 28979,202308,Não,Não,2023-08
Empresa 2898,202209,Sim,Sim,2022-09
Empresa 28980,202308,Não,Não,2023-08
Empresa 28981,202308,Não,Não,2023-08
Empresa 28982,202308,Não,Não,2023-08
Empresa 28983,202308,Não,Não,2023-08
Empresa 28984,202308,Não,Não,2023-08
Empresa 28985,202308,Não,Não,2023-08
Empresa 28986,202309,Não,Sim,2023-09
Empresa 28987,202309,Não,Não,2023-09
Empresa 28988,202309,Não,Não,2023-09
Empresa 28989,202309,Não,Não,2023-09
Empresa 2899,202209,Sim,Sim,2022-09
Empresa 28990,202309,Não,Não,2023-09
Empresa 28991,202310,Não,Não,2023-10
Empresa 28992,202311,Não,Não,2023-11
Empresa 28993,202209,Sim,Sim,2022-09
Empresa 28994,202210,Não,Sim,2022-10
Empresa 28995,202210,Não,Não,2022-10
Empresa 28996,202210,Não,Não,2022-10
Empresa 28997,202210,Não,Não,2022-10
Empresa 28998,202211,Não,Sim,2022-11
Empresa 28999,202211,Não,Não,2022-11
Empresa 29,202207,Sim,Sim,2022-07
Empresa 290,202208,Sim,Sim,2022-08
Empresa 2900,202209,Sim,Sim,2022-09
Empresa 29000,202211,Não,Sim,2022-11
Empresa 29001,202211,Não,Não,2022-11
Empresa 29002,202211,Não,Não,2022-11
Empresa 29003,202211,Não,Sim,2022-11
Empresa 29004,202211,Não,Não,2022-11
Empresa 29005,202211,Não,Não,2022-11
Empresa 29006,202211,Não,Não,2022-11
Empresa 29007,202211,Não,Não,2022-11
Empresa 29008,202211,Não,Não,2022-11
Empresa 29009,202211,Sim,Sim,2022-11
Empresa 2901,202208,Sim,Sim,2022-08
Empresa 29010,202211,Não,Sim,2022-11
Empresa 29011,202211,Sim,Sim,2022-11
Empresa 29012,202211,Não,Sim,2022-11
Empresa 29013,202211,Não,Não,2022-11
Empresa 29014,202211,Não,Não,2022-11
Empresa 29015,202211,Sim,Sim,2022-11
Empresa 29016,202211,Não,Sim,2022-11
Empresa 29017,202211,Não,Sim,2022-11
Empresa 29018,202211,Não,Sim,2022-11
Empresa 29019,202211,Não,Sim,2022-11
Empresa 2902,202209,Sim,Sim,2022-09
Empresa 29020,202211,Não,Não,2022-11
Empresa 29021,202211,Sim,Sim,2022-11
Empresa 29022,202211,Não,Não,2022-11
Empresa 29027,202212,Não,Sim,2022-12
Empresa 2903,202209,Sim,Sim,2022-09
Empresa 29030,202212,Não,Sim,2022-12
Empresa 29032,202212,Não,Sim,2022-12
Empresa 29036,202212,Não,Sim,2022-12
Empresa 29037,202301,Não,Sim,2023-01
Empresa 29038,202301,Não,Não,2023-01
Empresa 29039,202301,Não,Não,2023-01
Empresa 2904,202209,Sim,Sim,2022-09
Empresa 29040,202301,Não,Não,2023-01
Empresa 29041,202301,Não,Não,2023-01
Empresa 29042,202301,Não,Não,2023-01
Empresa 29043,202301,Não,Não,2023-01
Empresa 29044,202301,Não,Não,2023-01
Empresa 29045,202301,Não,Não,2023-01
Empresa 29046,202301,Não,Não,2023-01
Empresa 29047,202302,Não,Sim,2023-02
Empresa 29048,202302,Não,Não,2023-02
Empresa 29049,202303,Não,Não,2023-03
Empresa 2905,202210,Sim,Sim,2022-10
Empresa 29050,202303,Não,Não,2023-03
Empresa 29051,202303,Não,Não,2023-03
Empresa 29052,202303,Não,Não,2023-03
Empresa 29053,202303,Não,Sim,2023-03
Empresa 29054,202303,Não,Não,2023-03
Empresa 29055,202303,Não,Não,2023-03
Empresa 29056,202303,Não,Não,2023-03
Empresa 29057,202303,Não,Não,2023-03
Empresa 29058,202303,Não,Não,2023-03
Empresa 29059,202303,Não,Não,2023-03
Empresa 2906,202212,Sim,Sim,2022-12
Empresa 29060,202303,Não,Não,2023-03
Empresa 29061,202303,Não,Não,2023-03
Empresa 29062,202303,Não,Não,2023-03
Empresa 29063,202303,Não,Não,2023-03
Empresa 29064,202303,Não,Não,2023-03
Empresa 29065,202303,Não,Não,2023-03
Empresa 29066,202303,Não,Não,2023-03
Empresa 29067,202303,Não,Não,2023-03
Empresa 29068,202303,Não,Não,2023-03
Empresa 29069,202303,Não,Não,2023-03
Empresa 2907,202212,Sim,Sim,2022-12
Empresa 29070,202303,Não,Sim,2023-03
Empresa 29071,202303,Não,Não,2023-03
Empresa 29072,202304,Não,Sim,2023-04
Empresa 29073,202304,Não,Não,2023-04
Empresa 29074,202304,Não,Não,2023-04
Empresa 29075,202304,Não,Não,2023-04
Empresa 29076,202304,Não,Não,2023-04
Empresa 29077,202304,Não,Sim,2023-04
Empresa 29078,202305,Não,Sim,2023-05
Empresa 29079,202305,Não,Não,2023-05
Empresa 2908,202209,Não,Sim,2022-09
Empresa 29080,202305,Não,Não,2023-05
Empresa 29081,202305,Não,Não,2023-05
Empresa 29082,202306,Não,Não,2023-06
Empresa 29083,202306,Não,Não,2023-06
Empresa 29084,202306,Não,Não,2023-06
Empresa 29085,202306,Não,Não,2023-06
Empresa 29086,202306,Não,Sim,2023-06
Empresa 29087,202306,Não,Não,2023-06
Empresa 29088,202306,Não,Não,2023-06
Empresa 29089,202306,Não,Não,2023-06
Empresa 2909,202208,Sim,Sim,2022-08
Empresa 29090,202306,Não,Não,2023-06
Empresa 29091,202306,Não,Não,2023-06
Empresa 29092,202306,Não,Não,2023-06
Empresa 29093,202306,Não,Não,2023-06
Empresa 29094,202306,Não,Não,2023-06
Empresa 29095,202306,Não,Não,2023-06
Empresa 29096,202306,Não,Não,2023-06
Empresa 29097,202306,Não,Não,2023-06
Empresa 29098,202306,Não,Sim,2023-06
Empresa 29099,202307,Não,Não,2023-07
Empresa 291,202106,Sim,Sim,2021-06
Empresa 2910,202204,Não,Sim,2022-04
Empresa 29100,202307,Não,Não,2023-07
Empresa 29101,202307,Não,Não,2023-07
Empresa 29102,202307,Não,Não,2023-07
Empresa 29103,202307,Não,Sim,2023-07
Empresa 29104,202307,Não,Não,2023-07
Empresa 29105,202307,Não,Não,2023-07
Empresa 29106,202307,Não,Não,2023-07
Empresa 29107,202307,Não,Não,2023-07
Empresa 29108,202307,Não,Não,2023-07
Empresa 29109,202307,Não,Não,2023-07
Empresa 2911,202301,Sim,Sim,2023-01
Empresa 29110,202307,Não,Não,2023-07
Empresa 29111,202307,Não,Sim,2023-07
Empresa 29112,202308,Não,Não,2023-08
Empresa 29113,202308,Não,Não,2023-08
Empresa 29114,202308,Não,Sim,2023-08
Empresa 29115,202308,Não,Não,2023-08
Empresa 29116,202308,Não,Sim,2023-08
Empresa 29117,202308,Não,Não,2023-08
Empresa 29118,202308,Não,Não,2023-08
Empresa 29119,202308,Não,Não,2023-08
Empresa 2912,202302,Sim,Sim,2023-02
Empresa 29120,202308,Não,Não,2023-08
Empresa 29121,202308,Não,Não,2023-08
Empresa 29122,202309,Não,Não,2023-09
Empresa 29123,202309,Não,Não,2023-09
Empresa 29124,202309,Não,Não,2023-09
Empresa 29125,202309,Não,Não,2023-09
Empresa 29126,202309,Não,Não,2023-09
Empresa 29127,202309,Não,Não,2023-09
Empresa 29128,202309,Não,Não,2023-09
Empresa 29129,202309,Não,Não,2023-09
Empresa 2913,202209,Sim,Sim,2022-09
Empresa 29130,202310,Não,Não,2023-10
Empresa 29131,202310,Não,Não,2023-10
Empresa 29132,202310,Não,Não,2023-10
Empresa 29133,202311,Não,Não,2023-11
Empresa 29134,202306,Não,Não,2023-06
Empresa 29135,202306,Não,Não,2023-06
Empresa 29136,202307,Não,Não,2023-07
Empresa 29137,202307,Não,Não,2023-07
Empresa 29138,202307,Não,Não,2023-07
Empresa 29139,202307,Não,Não,2023-07
Empresa 2914,202302,Sim,Sim,2023-02
Empresa 29140,202307,Não,Não,2023-07
Empresa 29141,202307,Não,Não,2023-07
Empresa 29142,202307,Não,Não,2023-07
Empresa 29143,202307,Não,Não,2023-07
Empresa 29144,202307,Não,Não,2023-07
Empresa 29145,202307,Não,Não,2023-07
Empresa 29146,202307,Não,Não,2023-07
Empresa 29147,202307,Não,Não,2023-07
Empresa 29148,202308,Não,Não,2023-08
Empresa 29149,202309,Não,Não,2023-09
Empresa 2915,202302,Sim,Sim,2023-02
Empresa 29150,202310,Não,Não,2023-10
Empresa 29151,202007,Sim,Sim,2020-07
Empresa 29152,202007,Sim,Sim,2020-07
Empresa 29153,202008,Sim,Sim,2020-08
Empresa 29154,202002,Sim,Sim,2020-02
Empresa 29155,202002,Não,Não,2020-02
Empresa 29156,202002,Não,Não,2020-02
Empresa 29157,202002,Sim,Sim,2020-02
Empresa 29158,202002,Sim,Sim,2020-02
Empresa 29159,202002,Sim,Sim,2020-02
Empresa 2916,202209,Sim,Sim,2022-09
Empresa 29160,202002,Sim,Sim,2020-02
Empresa 29161,202002,Não,Não,2020-02
Empresa 29162,202002,Sim,Sim,2020-02
Empresa 29163,202002,Não,Não,2020-02
Empresa 29164,202002,Não,Não,2020-02
Empresa 29165,202002,Não,Não,2020-02
Empresa 29166,202002,Sim,Sim,2020-02
Empresa 29167,202002,Sim,Sim,2020-02
Empresa 29168,202002,Sim,Sim,2020-02
Empresa 29169,202002,Sim,Sim,2020-02
Empresa 2917,202301,Sim,Sim,2023-01
Empresa 29170,202002,Sim,Sim,2020-02
Empresa 29171,202002,Sim,Sim,2020-02
Empresa 29172,202002,Sim,Sim,2020-02
Empresa 29173,202002,Sim,Sim,2020-02
Empresa 29174,202002,Sim,Sim,2020-02
Empresa 29175,202002,Sim,Sim,2020-02
Empresa 29176,202002,Sim,Sim,2020-02
Empresa 29177,202002,Sim,Sim,2020-02
Empresa 29178,202002,Não,Não,2020-02
Empresa 29179,202002,Sim,Sim,2020-02
Empresa 2918,202209,Sim,Sim,2022-09
Empresa 29180,202002,Sim,Sim,2020-02
Empresa 29181,202002,Sim,Sim,2020-02
Empresa 29182,202002,Sim,Sim,2020-02
Empresa 29183,202002,Sim,Sim,2020-02
Empresa 29184,202002,Sim,Sim,2020-02
Empresa 29185,202002,Sim,Sim,2020-02
Empresa 29186,202002,Sim,Sim,2020-02
Empresa 29187,202002,Sim,Sim,2020-02
Empresa 29188,202002,Sim,Sim,2020-02
Empresa 29189,202002,Sim,Sim,2020-02
Empresa 2919,202212,Sim,Sim,2022-12
Empresa 29190,202002,Sim,Sim,2020-02
Empresa 29191,202002,Sim,Sim,2020-02
Empresa 29192,202002,Sim,Sim,2020-02
Empresa 29193,202002,Sim,Sim,2020-02
Empresa 29194,202002,Sim,Sim,2020-02
Empresa 29195,202002,Sim,Sim,2020-02
Empresa 29196,202002,Sim,Sim,2020-02
Empresa 29197,202002,Sim,Sim,2020-02
Empresa 29198,202002,Sim,Sim,2020-02
Empresa 29199,202002,Sim,Sim,2020-02
Empresa 292,202208,Sim,Sim,2022-08
Empresa 2920,202209,Sim,Sim,2022-09
Empresa 29200,202002,Sim,Sim,2020-02
Empresa 29201,202002,Não,Não,2020-02
Empresa 29202,202002,Sim,Sim,2020-02
Empresa 29203,202002,Sim,Sim,2020-02
Empresa 29204,202002,Sim,Sim,2020-02
Empresa 29205,202002,Sim,Sim,2020-02
Empresa 29206,202002,Sim,Sim,2020-02
Empresa 29207,202002,Não,Não,2020-02
Empresa 29208,202002,Sim,Sim,2020-02
Empresa 29209,202002,Sim,Sim,2020-02
Empresa 2921,202301,Sim,Sim,2023-01
Empresa 29210,202002,Sim,Sim,2020-02
Empresa 29211,202002,Não,Não,2020-02
Empresa 29212,202002,Sim,Sim,2020-02
Empresa 29213,202002,Sim,Sim,2020-02
Empresa 29214,202002,Sim,Sim,2020-02
Empresa 29215,202002,Sim,Sim,2020-02
Empresa 29216,202002,Sim,Sim,2020-02
Empresa 29217,202002,Sim,Sim,2020-02
Empresa 29218,202002,Não,Não,2020-02
Empresa 29219,202002,Sim,Sim,2020-02
Empresa 2922,202301,Sim,Sim,2023-01
Empresa 29220,202002,Sim,Sim,2020-02
Empresa 29221,202002,Não,Não,2020-02
Empresa 29222,202002,Não,Não,2020-02
Empresa 29223,202002,Sim,Sim,2020-02
Empresa 29224,202002,Sim,Sim,2020-02
Empresa 29225,202002,Não,Não,2020-02
Empresa 29226,202002,Sim,Sim,2020-02
Empresa 29227,202002,Sim,Sim,2020-02
Empresa 29228,202002,Sim,Sim,2020-02
Empresa 29229,202002,Não,Não,2020-02
Empresa 2923,202302,Sim,Sim,2023-02
Empresa 29230,202003,Não,Não,2020-03
Empresa 29231,202003,Não,Não,2020-03
Empresa 29232,202003,Não,Não,2020-03
Empresa 29233,202003,Não,Não,2020-03
Empresa 29234,202003,Sim,Sim,2020-03
Empresa 29235,202003,Sim,Sim,2020-03
Empresa 29236,202003,Não,Não,2020-03
Empresa 29237,202003,Sim,Sim,2020-03
Empresa 29238,202003,Sim,Sim,2020-03
Empresa 29239,202003,Sim,Sim,2020-03
Empresa 2924,202211,Sim,Sim,2022-11
Empresa 29240,202003,Não,Não,2020-03
Empresa 29241,202003,Sim,Sim,2020-03
Empresa 29242,202003,Sim,Sim,2020-03
Empresa 29243,202003,Sim,Sim,2020-03
Empresa 29244,202003,Sim,Sim,2020-03
Empresa 29245,202003,Sim,Sim,2020-03
Empresa 29246,202003,Não,Não,2020-03
Empresa 29247,202003,Não,Não,2020-03
Empresa 29248,202003,Não,Não,2020-03
Empresa 29249,202003,Não,Não,2020-03
Empresa 2925,202210,Sim,Sim,2022-10
Empresa 29250,202003,Sim,Sim,2020-03
Empresa 29251,202003,Não,Não,2020-03
Empresa 29252,202003,Não,Não,2020-03
Empresa 29253,202003,Sim,Sim,2020-03
Empresa 29254,202003,Não,Não,2020-03
Empresa 29255,202003,Não,Não,2020-03
Empresa 29256,202003,Não,Não,2020-03
Empresa 29257,202003,Não,Não,2020-03
Empresa 29258,202003,Sim,Sim,2020-03
Empresa 29259,202003,Não,Não,2020-03
Empresa 2926,202209,Sim,Sim,2022-09
Empresa 29260,202003,Sim,Sim,2020-03
Empresa 29261,202003,Sim,Sim,2020-03
Empresa 29262,202003,Não,Não,2020-03
Empresa 29263,202003,Não,Não,2020-03
Empresa 29264,202003,Não,Não,2020-03
Empresa 29265,202003,Sim,Sim,2020-03
Empresa 29266,202003,Sim,Sim,2020-03
Empresa 29267,202003,Não,Não,2020-03
Empresa 29268,202003,Não,Não,2020-03
Empresa 29269,202003,Sim,Sim,2020-03
Empresa 2927,202101,Sim,Sim,2021-01
Empresa 29270,202003,Sim,Sim,2020-03
Empresa 29271,202003,Sim,Sim,2020-03
Empresa 29272,202003,Sim,Sim,2020-03
Empresa 29273,202003,Não,Não,2020-03
Empresa 29274,202003,Não,Não,2020-03
Empresa 29275,202003,Não,Não,2020-03
Empresa 29276,202003,Não,Não,2020-03
Empresa 29277,202003,Não,Não,2020-03
Empresa 29278,202003,Não,Não,2020-03
Empresa 29279,202004,Sim,Sim,2020-04
Empresa 2928,202302,Sim,Sim,2023-02
Empresa 29280,202004,Sim,Sim,2020-04
Empresa 29281,202004,Não,Não,2020-04
Empresa 29282,202004,Sim,Sim,2020-04
Empresa 29283,202005,Sim,Sim,2020-05
Empresa 29284,202005,Sim,Sim,2020-05
Empresa 29285,202005,Não,Não,2020-05
Empresa 29286,202005,Não,Não,2020-05
Empresa 29287,202005,Sim,Sim,2020-05
Empresa 29288,202006,Sim,Sim,2020-06
Empresa 29289,202006,Sim,Sim,2020-06
Empresa 2929,202302,Sim,Sim,2023-02
Empresa 29290,202006,Sim,Sim,2020-06
Empresa 29291,202006,Sim,Sim,2020-06
Empresa 29292,202006,Não,Não,2020-06
Empresa 29293,202006,Sim,Sim,2020-06
Empresa 29294,202006,Sim,Sim,2020-06
Empresa 29295,202006,Sim,Sim,2020-06
Empresa 29296,202006,Sim,Sim,2020-06
Empresa 29297,202006,Sim,Sim,2020-06
Empresa 29298,202006,Sim,Sim,2020-06
Empresa 29299,202006,Não,Não,2020-06
Empresa 293,202208,Sim,Sim,2022-08
Empresa 2930,202208,Sim,Sim,2022-08
Empresa 29300,202006,Não,Não,2020-06
Empresa 29301,202007,Sim,Sim,2020-07
Empresa 29302,202007,Sim,Sim,2020-07
Empresa 29303,202007,Sim,Sim,2020-07
Empresa 29304,202007,Sim,Sim,2020-07
Empresa 29305,202007,Sim,Sim,2020-07
Empresa 29306,202007,Não,Não,2020-07
Empresa 29307,202007,Sim,Sim,2020-07
Empresa 29308,202007,Não,Não,2020-07
Empresa 29309,202007,Não,Não,2020-07
Empresa 2931,202303,Sim,Sim,2023-03
Empresa 29310,202007,Sim,Sim,2020-07
Empresa 29311,202007,Não,Não,2020-07
Empresa 29312,202007,Sim,Sim,2020-07
Empresa 29313,202007,Não,Não,2020-07
Empresa 29314,202007,Não,Não,2020-07
Empresa 29315,202007,Não,Não,2020-07
Empresa 29316,202008,Não,Não,2020-08
Empresa 29317,202008,Não,Não,2020-08
Empresa 29318,202008,Não,Não,2020-08
Empresa 29319,202008,Não,Não,2020-08
Empresa 2932,202301,Sim,Sim,2023-01
Empresa 29320,202008,Sim,Sim,2020-08
Empresa 29321,202008,Sim,Sim,2020-08
Empresa 29322,202008,Não,Não,2020-08
Empresa 29323,202008,Sim,Sim,2020-08
Empresa 29324,202008,Sim,Sim,2020-08
Empresa 29325,202009,Sim,Sim,2020-09
Empresa 29326,202009,Não,Não,2020-09
Empresa 29327,202009,Não,Não,2020-09
Empresa 29328,202009,Não,Não,2020-09
Empresa 29329,202010,Não,Não,2020-10
Empresa 2933,202303,Sim,Sim,2023-03
Empresa 29330,202010,Sim,Sim,2020-10
Empresa 29331,202102,Sim,Sim,2021-02
Empresa 29332,202102,Sim,Sim,2021-02
Empresa 29333,202102,Não,Não,2021-02
Empresa 29334,202102,Sim,Sim,2021-02
Empresa 29335,202102,Sim,Sim,2021-02
Empresa 29336,202102,Sim,Sim,2021-02
Empresa 29337,202102,Não,Não,2021-02
Empresa 29338,202102,Sim,Sim,2021-02
Empresa 29339,202102,Sim,Sim,2021-02
Empresa 2934,202302,Sim,Sim,2023-02
Empresa 29340,202102,Sim,Sim,2021-02
Empresa 29341,202102,Sim,Sim,2021-02
Empresa 29342,202102,Sim,Sim,2021-02
Empresa 29343,202102,Sim,Sim,2021-02
Empresa 29344,202102,Sim,Sim,2021-02
Empresa 29345,202102,Não,Não,2021-02
Empresa 29346,202103,Sim,Sim,2021-03
Empresa 29347,202103,Sim,Sim,2021-03
Empresa 29348,202103,Sim,Sim,2021-03
Empresa 29349,202103,Não,Não,2021-03
Empresa 2935,202303,Sim,Sim,2023-03
Empresa 29350,202105,Não,Não,2021-05
Empresa 29351,202106,Não,Não,2021-06
Empresa 29352,202202,Não,Não,2022-02
Empresa 29353,202205,Não,Sim,2022-05
Empresa 29354,202309,Não,Sim,2023-09
Empresa 29355,202310,Não,Não,2023-10
Empresa 29356,202310,Não,Não,2023-10
Empresa 29357,202310,Não,Não,2023-10
Empresa 29358,202103,Sim,Sim,2021-03
Empresa 29359,202105,Sim,Sim,2021-05
Empresa 2936,202303,Sim,Sim,2023-03
Empresa 29360,202105,Não,Não,2021-05
Empresa 29361,202107,Não,Sim,2021-07
Empresa 29362,202107,Não,Não,2021-07
Empresa 29363,202108,Não,Não,2021-08
Empresa 29364,202108,Sim,Sim,2021-08
Empresa 29365,202202,Não,Não,2022-02
Empresa 29366,202203,Não,Não,2022-03
Empresa 29367,202203,Sim,Sim,2022-03
Empresa 29368,202203,Sim,Sim,2022-03
Empresa 29369,202203,Não,Não,2022-03
Empresa 2937,202303,Sim,Sim,2023-03
Empresa 29370,202203,Não,Não,2022-03
Empresa 29371,202203,Não,Não,2022-03
Empresa 29372,202203,Não,Não,2022-03
Empresa 29373,202203,Não,Não,2022-03
Empresa 29374,202203,Não,Não,2022-03
Empresa 29375,202203,Não,Não,2022-03
Empresa 29376,202203,Não,Não,2022-03
Empresa 29377,202203,Não,Não,2022-03
Empresa 29378,202203,Não,Não,2022-03
Empresa 29379,202204,Não,Não,2022-04
Empresa 2938,202209,Sim,Sim,2022-09
Empresa 29380,202204,Não,Não,2022-04
Empresa 29381,202204,Não,Não,2022-04
Empresa 29382,202205,Não,Não,2022-05
Empresa 29383,202206,Não,Não,2022-06
Empresa 29384,202206,Não,Não,2022-06
Empresa 29385,202206,Não,Não,2022-06
Empresa 29386,202206,Não,Não,2022-06
Empresa 29387,202206,Não,Não,2022-06
Empresa 29388,202206,Não,Não,2022-06
Empresa 29389,202206,Não,Não,2022-06
Empresa 2939,202303,Sim,Sim,2023-03
Empresa 29390,202206,Não,Não,2022-06
Empresa 29391,202206,Não,Não,2022-06
Empresa 29392,202206,Não,Não,2022-06
Empresa 29393,202206,Não,Não,2022-06
Empresa 29394,202206,Não,Não,2022-06
Empresa 29395,202206,Não,Não,2022-06
Empresa 29396,202206,Não,Não,2022-06
Empresa 29397,202206,Não,Não,2022-06
Empresa 29398,202206,Não,Não,2022-06
Empresa 29399,202206,Não,Não,2022-06
Empresa 294,202208,Sim,Sim,2022-08
Empresa 2940,202210,Sim,Sim,2022-10
Empresa 29400,202206,Não,Não,2022-06
Empresa 29401,202206,Não,Não,2022-06
Empresa 29402,202206,Não,Não,2022-06
Empresa 29403,202206,Não,Não,2022-06
Empresa 29404,202206,Não,Não,2022-06
Empresa 29405,202206,Não,Não,2022-06
Empresa 29406,202206,Não,Não,2022-06
Empresa 29407,202206,Não,Não,2022-06
Empresa 29408,202206,Não,Não,2022-06
Empresa 29409,202206,Não,Não,2022-06
Empresa 2941,202303,Sim,Sim,2023-03
Empresa 29410,202206,Não,Não,2022-06
Empresa 29411,202206,Não,Não,2022-06
Empresa 29412,202206,Não,Não,2022-06
Empresa 29413,202206,Não,Não,2022-06
Empresa 29414,202207,Sim,Sim,2022-07
Empresa 29415,202207,Não,Não,2022-07
Empresa 29416,202207,Sim,Sim,2022-07
Empresa 29417,202207,Não,Não,2022-07
Empresa 29418,202208,Não,Não,2022-08
Empresa 29419,202208,Não,Sim,2022-08
Empresa 2942,202209,Sim,Sim,2022-09
Empresa 29420,202208,Não,Não,2022-08
Empresa 29421,202208,Sim,Sim,2022-08
Empresa 29422,202208,Não,Não,2022-08
Empresa 29423,202107,Não,Não,2021-07
Empresa 29424,202209,Sim,Sim,2022-09
Empresa 29425,202209,Sim,Sim,2022-09
Empresa 29426,202210,Não,Sim,2022-10
Empresa 29427,202212,Sim,Sim,2022-12
Empresa 29429,202212,Sim,Sim,2022-12
Empresa 2943,202303,Sim,Sim,2023-03
Empresa 29430,202106,Não,Não,2021-06
Empresa 29431,202212,Sim,Sim,2022-12
Empresa 29436,202301,Não,Sim,2023-01
Empresa 29437,202303,Não,Não,2023-03
Empresa 29438,202303,Não,Não,2023-03
Empresa 29439,202308,Não,Não,2023-08
Empresa 2944,202210,Sim,Sim,2022-10
Empresa 29440,202308,Não,Não,2023-08
Empresa 29441,202308,Não,Não,2023-08
Empresa 29442,202308,Não,Não,2023-08
Empresa 29443,202308,Não,Não,2023-08
Empresa 29444,202308,Não,Não,2023-08
Empresa 29445,202310,Não,Sim,2023-10
Empresa 29446,202310,Não,Não,2023-10
Empresa 29447,202311,Não,Sim,2023-11
Empresa 29448,202009,Não,Não,2020-09
Empresa 29449,202010,Sim,Sim,2020-10
Empresa 2945,202303,Sim,Sim,2023-03
Empresa 29450,202010,Sim,Sim,2020-10
Empresa 29451,202010,Não,Não,2020-10
Empresa 29452,202011,Sim,Sim,2020-11
Empresa 29453,202011,Sim,Sim,2020-11
Empresa 29454,202011,Sim,Sim,2020-11
Empresa 29455,202101,Não,Não,2021-01
Empresa 29456,202101,Não,Não,2021-01
Empresa 29457,202101,Não,Não,2021-01
Empresa 29458,202101,Sim,Sim,2021-01
Empresa 29459,202101,Não,Não,2021-01
Empresa 2946,202212,Sim,Sim,2022-12
Empresa 29460,202102,Não,Não,2021-02
Empresa 29461,202102,Não,Não,2021-02
Empresa 29462,202102,Não,Não,2021-02
Empresa 29463,202102,Não,Não,2021-02
Empresa 29464,202102,Não,Não,2021-02
Empresa 29465,202102,Não,Não,2021-02
Empresa 29466,202102,Não,Não,2021-02
Empresa 29467,202103,Não,Não,2021-03
Empresa 29468,202103,Sim,Sim,2021-03
Empresa 29469,202103,Sim,Sim,2021-03
Empresa 2947,202304,Sim,Sim,2023-04
Empresa 29470,202103,Não,Não,2021-03
Empresa 29471,202103,Não,Não,2021-03
Empresa 29472,202103,Não,Não,2021-03
Empresa 29473,202104,Não,Não,2021-04
Empresa 29474,202105,Sim,Sim,2021-05
Empresa 29475,202105,Não,Não,2021-05
Empresa 29476,202107,Sim,Sim,2021-07
Empresa 29477,202107,Não,Não,2021-07
Empresa 29478,202110,Não,Não,2021-10
Empresa 29479,202110,Sim,Sim,2021-10
Empresa 2948,202209,Sim,Sim,2022-09
Empresa 29480,202110,Sim,Sim,2021-10
Empresa 29481,202110,Não,Não,2021-10
Empresa 29482,202110,Não,Não,2021-10
Empresa 29483,202204,Não,Sim,2022-04
Empresa 29484,202210,Não,Não,2022-10
Empresa 29486,202305,Não,Não,2023-05
Empresa 29487,202307,Não,Não,2023-07
Empresa 29488,202307,Não,Não,2023-07
Empresa 29489,202309,Não,Não,2023-09
Empresa 2949,202304,Sim,Sim,2023-04
Empresa 29490,202309,Não,Não,2023-09
Empresa 29491,202309,Não,Não,2023-09
Empresa 29492,202109,Sim,Sim,2021-09
Empresa 29493,202109,Sim,Sim,2021-09
Empresa 29494,202109,Sim,Sim,2021-09
Empresa 29495,202203,Sim,Sim,2022-03
Empresa 29496,202012,Não,Não,2020-12
Empresa 29497,202012,Não,Não,2020-12
Empresa 29498,202012,Não,Não,2020-12
Empresa 29499,202012,Não,Sim,2020-12
Empresa 295,202109,Sim,Sim,2021-09
Empresa 2950,202304,Sim,Sim,2023-04
Empresa 29500,202101,Sim,Sim,2021-01
Empresa 29501,202102,Não,Não,2021-02
Empresa 29502,202105,Não,Sim,2021-05
Empresa 29503,202106,Não,Sim,2021-06
Empresa 29504,202106,Não,Sim,2021-06
Empresa 29505,202106,Não,Sim,2021-06
Empresa 29506,202106,Sim,Sim,2021-06
Empresa 29507,202106,Não,Sim,2021-06
Empresa 29508,202112,Não,Não,2021-12
Empresa 29509,202112,Não,Não,2021-12
Empresa 2951,202303,Sim,Sim,2023-03
Empresa 29510,202201,Sim,Sim,2022-01
Empresa 29511,202201,Não,Sim,2022-01
Empresa 29512,202201,Não,Sim,2022-01
Empresa 29513,202206,Não,Não,2022-06
Empresa 29515,202301,Não,Não,2023-01
Empresa 29516,202308,Não,Não,2023-08
Empresa 29517,202308,Não,Não,2023-08
Empresa 29518,202308,Não,Não,2023-08
Empresa 29519,202308,Não,Não,2023-08
Empresa 2952,202303,Sim,Sim,2023-03
Empresa 29520,202308,Não,Não,2023-08
Empresa 29521,202308,Não,Sim,2023-08
Empresa 29522,202308,Não,Não,2023-08
Empresa 29523,202308,Não,Não,2023-08
Empresa 29524,202308,Não,Não,2023-08
Empresa 29525,202308,Não,Não,2023-08
Empresa 29526,202308,Não,Não,2023-08
Empresa 29527,202308,Não,Não,2023-08
Empresa 29528,202308,Não,Não,2023-08
Empresa 29529,202308,Não,Não,2023-08
Empresa 2953,202301,Sim,Sim,2023-01
Empresa 29530,202309,Não,Sim,2023-09
Empresa 29531,202301,Não,Não,2023-01
Empresa 29532,202302,Não,Não,2023-02
Empresa 29533,202302,Não,Não,2023-02
Empresa 29534,202302,Não,Não,2023-02
Empresa 29535,202302,Não,Não,2023-02
Empresa 29536,202302,Não,Não,2023-02
Empresa 29537,202303,Não,Não,2023-03
Empresa 29538,202303,Não,Não,2023-03
Empresa 29539,202305,Não,Não,2023-05
Empresa 2954,202304,Sim,Sim,2023-04
Empresa 29540,202307,Não,Não,2023-07
Empresa 29541,202308,Não,Não,2023-08
Empresa 29542,202308,Não,Não,2023-08
Empresa 29543,202309,Não,Não,2023-09
Empresa 29544,202012,Não,Não,2020-12
Empresa 29545,202012,Não,Sim,2020-12
Empresa 29546,202012,Não,Não,2020-12
Empresa 29547,202012,Não,Não,2020-12
Empresa 29548,202101,Sim,Sim,2021-01
Empresa 29549,202101,Sim,Sim,2021-01
Empresa 2955,202209,Sim,Sim,2022-09
Empresa 29550,202101,Não,Sim,2021-01
Empresa 29551,202101,Não,Sim,2021-01
Empresa 29552,202101,Sim,Sim,2021-01
Empresa 29553,202101,Não,Não,2021-01
Empresa 29554,202101,Sim,Sim,2021-01
Empresa 29555,202101,Não,Sim,2021-01
Empresa 29556,202101,Sim,Sim,2021-01
Empresa 29557,202101,Sim,Sim,2021-01
Empresa 29558,202101,Sim,Sim,2021-01
Empresa 29559,202102,Sim,Sim,2021-02
Empresa 2956,202304,Sim,Sim,2023-04
Empresa 29560,202102,Sim,Sim,2021-02
Empresa 29561,202102,Sim,Sim,2021-02
Empresa 29562,202103,Sim,Sim,2021-03
Empresa 29563,202103,Não,Não,2021-03
Empresa 29564,202103,Não,Não,2021-03
Empresa 29565,202103,Não,Sim,2021-03
Empresa 29566,202103,Não,Sim,2021-03
Empresa 29567,202103,Sim,Sim,2021-03
Empresa 29568,202103,Sim,Sim,2021-03
Empresa 29569,202103,Sim,Sim,2021-03
Empresa 2957,202304,Sim,Sim,2023-04
Empresa 29570,202103,Sim,Sim,2021-03
Empresa 29571,202103,Sim,Sim,2021-03
Empresa 29572,202103,Sim,Sim,2021-03
Empresa 29573,202103,Não,Sim,2021-03
Empresa 29574,202103,Sim,Sim,2021-03
Empresa 29575,202103,Sim,Sim,2021-03
Empresa 29576,202103,Sim,Sim,2021-03
Empresa 29577,202103,Não,Sim,2021-03
Empresa 29578,202103,Sim,Sim,2021-03
Empresa 29579,202103,Sim,Sim,2021-03
Empresa 2958,202304,Sim,Sim,2023-04
Empresa 29580,202104,Não,Não,2021-04
Empresa 29581,202104,Sim,Sim,2021-04
Empresa 29582,202104,Não,Não,2021-04
Empresa 29583,202104,Não,Não,2021-04
Empresa 29584,202104,Sim,Sim,2021-04
Empresa 29585,202104,Sim,Sim,2021-04
Empresa 29586,202104,Sim,Sim,2021-04
Empresa 29587,202104,Não,Sim,2021-04
Empresa 29588,202105,Sim,Sim,2021-05
Empresa 29589,202105,Não,Sim,2021-05
Empresa 2959,202303,Sim,Sim,2023-03
Empresa 29590,202105,Não,Não,2021-05
Empresa 29591,202106,Sim,Sim,2021-06
Empresa 29592,202106,Sim,Sim,2021-06
Empresa 29593,202106,Sim,Sim,2021-06
Empresa 29594,202106,Não,Não,2021-06
Empresa 29595,202107,Sim,Sim,2021-07
Empresa 29596,202107,Não,Não,2021-07
Empresa 29597,202107,Não,Sim,2021-07
Empresa 29598,202107,Não,Não,2021-07
Empresa 29599,202107,Não,Sim,2021-07
Empresa 296,202111,Sim,Sim,2021-11
Empresa 2960,202105,Não,Não,2021-05
Empresa 29600,202108,Não,Sim,2021-08
Empresa 29601,202109,Sim,Sim,2021-09
Empresa 29602,202109,Sim,Sim,2021-09
Empresa 29603,202110,Não,Sim,2021-10
Empresa 29604,202110,Não,Não,2021-10
Empresa 29605,202110,Não,Não,2021-10
Empresa 29606,202110,Não,Sim,2021-10
Empresa 29607,202110,Não,Sim,2021-10
Empresa 29608,202110,Não,Não,2021-10
Empresa 29609,202111,Sim,Sim,2021-11
Empresa 2961,202305,Sim,Sim,2023-05
Empresa 29610,202111,Não,Não,2021-11
Empresa 29611,202112,Sim,Sim,2021-12
Empresa 29612,202201,Não,Não,2022-01
Empresa 29613,202201,Não,Não,2022-01
Empresa 29614,202201,Não,Não,2022-01
Empresa 29615,202201,Não,Não,2022-01
Empresa 29616,202201,Não,Não,2022-01
Empresa 29617,202201,Não,Não,2022-01
Empresa 29618,202201,Não,Não,2022-01
Empresa 29619,202202,Não,Sim,2022-02
Empresa 2962,202305,Sim,Sim,2023-05
Empresa 29620,202203,Não,Não,2022-03
Empresa 29621,202203,Não,Não,2022-03
Empresa 29622,202203,Não,Não,2022-03
Empresa 29623,202204,Não,Não,2022-04
Empresa 29624,202204,Sim,Sim,2022-04
Empresa 29625,202205,Sim,Sim,2022-05
Empresa 29626,202205,Não,Não,2022-05
Empresa 29627,202205,Não,Não,2022-05
Empresa 29628,202206,Não,Não,2022-06
Empresa 29629,202206,Não,Não,2022-06
Empresa 2963,202305,Sim,Sim,2023-05
Empresa 29630,202207,Não,Não,2022-07
Empresa 29633,202211,Sim,Sim,2022-11
Empresa 29634,202211,Sim,Sim,2022-11
Empresa 29637,202212,Sim,Sim,2022-12
Empresa 29638,202302,Não,Não,2023-02
Empresa 29639,202303,Não,Sim,2023-03
Empresa 2964,202305,Sim,Sim,2023-05
Empresa 29640,202305,Não,Não,2023-05
Empresa 29641,202306,Não,Não,2023-06
Empresa 29642,202307,Não,Sim,2023-07
Empresa 29643,202307,Não,Não,2023-07
Empresa 29644,202307,Não,Não,2023-07
Empresa 29645,202308,Não,Sim,2023-08
Empresa 29646,202309,Não,Não,2023-09
Empresa 29647,202011,Sim,Sim,2020-11
Empresa 29648,202011,Não,Não,2020-11
Empresa 29649,202011,Sim,Sim,2020-11
Empresa 2965,202305,Sim,Sim,2023-05
Empresa 29650,202012,Não,Não,2020-12
Empresa 29651,202012,Não,Não,2020-12
Empresa 29652,202012,Não,Não,2020-12
Empresa 29653,202012,Não,Não,2020-12
Empresa 29654,202101,Não,Não,2021-01
Empresa 29655,202101,Não,Não,2021-01
Empresa 29656,202101,Não,Não,2021-01
Empresa 29657,202102,Não,Não,2021-02
Empresa 29658,202103,Não,Não,2021-03
Empresa 29659,202103,Não,Não,2021-03
Empresa 2966,202301,Sim,Sim,2023-01
Empresa 29660,202103,Sim,Sim,2021-03
Empresa 29661,202103,Não,Não,2021-03
Empresa 29662,202103,Sim,Sim,2021-03
Empresa 29663,202103,Não,Não,2021-03
Empresa 29664,202103,Não,Não,2021-03
Empresa 29665,202103,Não,Não,2021-03
Empresa 29666,202104,Sim,Sim,2021-04
Empresa 29667,202104,Não,Não,2021-04
Empresa 29668,202105,Não,Não,2021-05
Empresa 29669,202105,Não,Não,2021-05
Empresa 2967,202209,Sim,Sim,2022-09
Empresa 29670,202105,Não,Não,2021-05
Empresa 29671,202105,Não,Não,2021-05
Empresa 29672,202106,Não,Sim,2021-06
Empresa 29673,202106,Sim,Sim,2021-06
Empresa 29674,202108,Não,Não,2021-08
Empresa 29675,202108,Não,Não,2021-08
Empresa 29676,202108,Não,Não,2021-08
Empresa 29677,202108,Não,Não,2021-08
Empresa 29678,202108,Não,Não,2021-08
Empresa 29679,202108,Não,Não,2021-08
Empresa 2968,202304,Sim,Sim,2023-04
Empresa 29680,202108,Não,Não,2021-08
Empresa 29681,202108,Não,Não,2021-08
Empresa 29682,202108,Não,Não,2021-08
Empresa 29683,202108,Não,Não,2021-08
Empresa 29684,202108,Não,Não,2021-08
Empresa 29685,202108,Não,Não,2021-08
Empresa 29686,202108,Não,Não,2021-08
Empresa 29687,202108,Não,Não,2021-08
Empresa 29688,202108,Não,Não,2021-08
Empresa 29689,202109,Não,Não,2021-09
Empresa 2969,202209,Sim,Sim,2022-09
Empresa 29690,202109,Não,Não,2021-09
Empresa 29691,202109,Não,Não,2021-09
Empresa 29692,202109,Não,Não,2021-09
Empresa 29693,202109,Não,Não,2021-09
Empresa 29694,202109,Não,Não,2021-09
Empresa 29695,202110,Não,Não,2021-10
Empresa 29696,202110,Não,Não,2021-10
Empresa 29697,202110,Não,Não,2021-10
Empresa 29698,202110,Não,Não,2021-10
Empresa 29699,202110,Não,Não,2021-10
Empresa 297,202301,Sim,Sim,2023-01
Empresa 2970,202304,Sim,Sim,2023-04
Empresa 29700,202111,Não,Não,2021-11
Empresa 29701,202112,Não,Não,2021-12
Empresa 29702,202112,Não,Não,2021-12
Empresa 29703,202112,Não,Não,2021-12
Empresa 29704,202201,Não,Não,2022-01
Empresa 29705,202203,Não,Não,2022-03
Empresa 29706,202203,Não,Não,2022-03
Empresa 29707,202203,Não,Não,2022-03
Empresa 29708,202204,Não,Não,2022-04
Empresa 29709,202205,Não,Não,2022-05
Empresa 2971,202301,Sim,Sim,2023-01
Empresa 29710,202205,Não,Não,2022-05
Empresa 29711,202208,Não,Não,2022-08
Empresa 29712,202208,Não,Não,2022-08
Empresa 29713,202208,Não,Não,2022-08
Empresa 29717,202302,Não,Não,2023-02
Empresa 29718,202304,Não,Não,2023-04
Empresa 29719,202307,Não,Não,2023-07
Empresa 2972,202209,Sim,Sim,2022-09
Empresa 29720,202307,Não,Não,2023-07
Empresa 29721,202308,Não,Não,2023-08
Empresa 29722,202308,Não,Não,2023-08
Empresa 29723,202309,Não,Não,2023-09
Empresa 29724,202310,Não,Não,2023-10
Empresa 29725,202109,Não,Não,2021-09
Empresa 29726,202109,Não,Não,2021-09
Empresa 29727,202109,Não,Não,2021-09
Empresa 29728,202109,Não,Não,2021-09
Empresa 29729,202109,Não,Não,2021-09
Empresa 2973,202305,Sim,Sim,2023-05
Empresa 29730,202109,Sim,Sim,2021-09
Empresa 29731,202109,Não,Não,2021-09
Empresa 29732,202109,Não,Não,2021-09
Empresa 29733,202110,Não,Não,2021-10
Empresa 29734,202110,Não,Não,2021-10
Empresa 29735,202111,Não,Sim,2021-11
Empresa 29736,202112,Não,Sim,2021-12
Empresa 29737,202112,Não,Não,2021-12
Empresa 29738,202112,Não,Não,2021-12
Empresa 29739,202201,Sim,Sim,2022-01
Empresa 2974,202305,Sim,Sim,2023-05
Empresa 29740,202204,Sim,Sim,2022-04
Empresa 29741,202205,Não,Não,2022-05
Empresa 29742,202205,Não,Não,2022-05
Empresa 29743,202207,Sim,Sim,2022-07
Empresa 29744,202207,Não,Sim,2022-07
Empresa 29745,202208,Não,Não,2022-08
Empresa 29746,202208,Não,Não,2022-08
Empresa 29747,202210,Não,Sim,2022-10
Empresa 29748,202210,Não,Não,2022-10
Empresa 29749,202211,Não,Não,2022-11
Empresa 2975,202305,Sim,Sim,2023-05
Empresa 29750,202211,Não,Não,2022-11
Empresa 29752,202212,Não,Sim,2022-12
Empresa 29753,202301,Não,Não,2023-01
Empresa 29754,202301,Não,Sim,2023-01
Empresa 29755,202303,Não,Não,2023-03
Empresa 29756,202303,Não,Sim,2023-03
Empresa 29757,202303,Não,Não,2023-03
Empresa 29758,202303,Não,Não,2023-03
Empresa 29759,202303,Não,Sim,2023-03
Empresa 2976,202304,Sim,Sim,2023-04
Empresa 29760,202304,Não,Sim,2023-04
Empresa 29761,202304,Não,Sim,2023-04
Empresa 29762,202308,Não,Não,2023-08
Empresa 29763,202308,Não,Não,2023-08
Empresa 29764,202107,Não,Não,2021-07
Empresa 29765,202107,Não,Sim,2021-07
Empresa 29766,202107,Sim,Sim,2021-07
Empresa 29767,202107,Não,Sim,2021-07
Empresa 29768,202107,Não,Sim,2021-07
Empresa 29769,202107,Sim,Sim,2021-07
Empresa 2977,202306,Sim,Sim,2023-06
Empresa 29770,202107,Sim,Sim,2021-07
Empresa 29771,202107,Não,Não,2021-07
Empresa 29772,202107,Sim,Sim,2021-07
Empresa 29773,202107,Não,Sim,2021-07
Empresa 29774,202107,Sim,Sim,2021-07
Empresa 29775,202107,Não,Sim,2021-07
Empresa 29776,202109,Sim,Sim,2021-09
Empresa 29777,202109,Não,Não,2021-09
Empresa 29778,202109,Sim,Sim,2021-09
Empresa 29779,202109,Sim,Sim,2021-09
Empresa 2978,202306,Sim,Sim,2023-06
Empresa 29780,202110,Sim,Sim,2021-10
Empresa 29781,202110,Não,Sim,2021-10
Empresa 29782,202110,Não,Não,2021-10
Empresa 29783,202110,Sim,Sim,2021-10
Empresa 29784,202111,Não,Sim,2021-11
Empresa 29785,202111,Não,Não,2021-11
Empresa 29786,202111,Sim,Sim,2021-11
Empresa 29787,202111,Não,Não,2021-11
Empresa 29788,202112,Sim,Sim,2021-12
Empresa 29789,202112,Sim,Sim,2021-12
Empresa 2979,202306,Sim,Sim,2023-06
Empresa 29790,202112,Não,Sim,2021-12
Empresa 29791,202202,Não,Não,2022-02
Empresa 29792,202203,Sim,Sim,2022-03
Empresa 29793,202203,Não,Sim,2022-03
Empresa 29794,202205,Não,Não,2022-05
Empresa 29795,202205,Sim,Sim,2022-05
Empresa 29796,202206,Não,Sim,2022-06
Empresa 29797,202209,Sim,Sim,2022-09
Empresa 29798,202211,Não,Sim,2022-11
Empresa 29799,202011,Sim,Sim,2020-11
Empresa 298,202111,Sim,Sim,2021-11
Empresa 2980,202209,Sim,Sim,2022-09
Empresa 29800,202011,Sim,Sim,2020-11
Empresa 29801,202011,Sim,Sim,2020-11
Empresa 29802,202011,Sim,Sim,2020-11
Empresa 29803,202011,Sim,Sim,2020-11
Empresa 29804,202011,Sim,Sim,2020-11
Empresa 29805,202011,Sim,Sim,2020-11
Empresa 29806,202011,Sim,Sim,2020-11
Empresa 29807,202011,Sim,Sim,2020-11
Empresa 29808,202011,Sim,Sim,2020-11
Empresa 29809,202011,Sim,Sim,2020-11
Empresa 2981,202306,Sim,Sim,2023-06
Empresa 29810,202102,Não,Não,2021-02
Empresa 29811,202102,Não,Não,2021-02
Empresa 29812,202103,Sim,Sim,2021-03
Empresa 29813,202103,Sim,Sim,2021-03
Empresa 29814,202103,Sim,Sim,2021-03
Empresa 29815,202103,Sim,Sim,2021-03
Empresa 29816,202103,Sim,Sim,2021-03
Empresa 29817,202103,Sim,Sim,2021-03
Empresa 29818,202103,Sim,Sim,2021-03
Empresa 29819,202103,Sim,Sim,2021-03
Empresa 2982,202306,Sim,Sim,2023-06
Empresa 29820,202103,Sim,Sim,2021-03
Empresa 29821,202103,Não,Não,2021-03
Empresa 29822,202103,Não,Não,2021-03
Empresa 29823,202103,Sim,Sim,2021-03
Empresa 29824,202103,Sim,Sim,2021-03
Empresa 29825,202103,Sim,Sim,2021-03
Empresa 29826,202103,Não,Não,2021-03
Empresa 29827,202103,Sim,Sim,2021-03
Empresa 29828,202103,Sim,Sim,2021-03
Empresa 29829,202103,Sim,Sim,2021-03
Empresa 2983,202305,Sim,Sim,2023-05
Empresa 29830,202103,Sim,Sim,2021-03
Empresa 29831,202103,Sim,Sim,2021-03
Empresa 29832,202103,Sim,Sim,2021-03
Empresa 29833,202103,Sim,Sim,2021-03
Empresa 29834,202105,Não,Não,2021-05
Empresa 29835,202105,Sim,Sim,2021-05
Empresa 29836,202105,Sim,Sim,2021-05
Empresa 29837,202105,Sim,Sim,2021-05
Empresa 29838,202105,Sim,Sim,2021-05
Empresa 29839,202105,Sim,Sim,2021-05
Empresa 2984,202209,Sim,Sim,2022-09
Empresa 29840,202105,Sim,Sim,2021-05
Empresa 29841,202105,Não,Não,2021-05
Empresa 29842,202105,Sim,Sim,2021-05
Empresa 29843,202105,Não,Não,2021-05
Empresa 29844,202105,Não,Sim,2021-05
Empresa 29845,202106,Sim,Sim,2021-06
Empresa 29846,202106,Sim,Sim,2021-06
Empresa 29847,202107,Sim,Sim,2021-07
Empresa 29848,202107,Não,Não,2021-07
Empresa 29849,202109,Sim,Sim,2021-09
Empresa 2985,202306,Sim,Sim,2023-06
Empresa 29850,202110,Não,Sim,2021-10
Empresa 29851,202110,Sim,Sim,2021-10
Empresa 29852,202201,Sim,Sim,2022-01
Empresa 29853,202201,Não,Não,2022-01
Empresa 29854,202201,Sim,Sim,2022-01
Empresa 29855,202201,Não,Sim,2022-01
Empresa 29856,202202,Sim,Sim,2022-02
Empresa 29857,202202,Sim,Sim,2022-02
Empresa 29858,202203,Não,Sim,2022-03
Empresa 29859,202203,Não,Sim,2022-03
Empresa 2986,202208,Sim,Sim,2022-08
Empresa 29862,202209,Sim,Sim,2022-09
Empresa 29863,202309,Não,Não,2023-09
Empresa 29864,202203,Sim,Sim,2022-03
Empresa 29865,202203,Não,Não,2022-03
Empresa 29866,202203,Não,Não,2022-03
Empresa 29867,202203,Não,Sim,2022-03
Empresa 29868,202203,Sim,Sim,2022-03
Empresa 29869,202203,Não,Não,2022-03
Empresa 2987,202306,Sim,Sim,2023-06
Empresa 29870,202203,Não,Não,2022-03
Empresa 29871,202204,Não,Não,2022-04
Empresa 29872,202205,Sim,Sim,2022-05
Empresa 29873,202205,Não,Não,2022-05
Empresa 29874,202205,Não,Não,2022-05
Empresa 29875,202205,Não,Não,2022-05
Empresa 29876,202205,Não,Não,2022-05
Empresa 29877,202205,Sim,Sim,2022-05
Empresa 29878,202205,Não,Não,2022-05
Empresa 29879,202205,Sim,Sim,2022-05
Empresa 2988,202306,Sim,Sim,2023-06
Empresa 29880,202206,Sim,Sim,2022-06
Empresa 29881,202206,Sim,Sim,2022-06
Empresa 29882,202206,Não,Não,2022-06
Empresa 29883,202207,Não,Não,2022-07
Empresa 29884,202207,Não,Sim,2022-07
Empresa 29885,202208,Não,Não,2022-08
Empresa 29886,202208,Não,Não,2022-08
Empresa 29887,202208,Sim,Sim,2022-08
Empresa 29888,202208,Sim,Sim,2022-08
Empresa 29889,202209,Sim,Sim,2022-09
Empresa 2989,202306,Sim,Sim,2023-06
Empresa 29891,202209,Sim,Sim,2022-09
Empresa 29892,202210,Não,Não,2022-10
Empresa 29893,202210,Não,Não,2022-10
Empresa 29894,202211,Não,Não,2022-11
Empresa 29895,202211,Não,Não,2022-11
Empresa 29896,202211,Não,Não,2022-11
Empresa 29897,202211,Sim,Sim,2022-11
Empresa 29898,202211,Não,Sim,2022-11
Empresa 29899,202211,Sim,Sim,2022-11
Empresa 299,202109,Sim,Sim,2021-09
Empresa 2990,202306,Sim,Sim,2023-06
Empresa 29900,202211,Não,Não,2022-11
Empresa 29901,202211,Não,Não,2022-11
Empresa 29902,202211,Sim,Sim,2022-11
Empresa 29903,202211,Não,Sim,2022-11
Empresa 29904,202211,Não,Sim,2022-11
Empresa 29905,202211,Sim,Sim,2022-11
Empresa 29906,202211,Não,Sim,2022-11
Empresa 29907,202211,Não,Sim,2022-11
Empresa 2991,202307,Sim,Sim,2023-07
Empresa 29916,202302,Não,Não,2023-02
Empresa 29917,202302,Não,Não,2023-02
Empresa 29918,202306,Não,Não,2023-06
Empresa 29919,202306,Não,Não,2023-06
Empresa 2992,202307,Sim,Sim,2023-07
Empresa 29920,202306,Não,Não,2023-06
Empresa 29921,202306,Não,Não,2023-06
Empresa 29922,202306,Não,Não,2023-06
Empresa 29923,202308,Não,Não,2023-08
Empresa 29924,202308,Não,Não,2023-08
Empresa 29925,202308,Não,Não,2023-08
Empresa 29926,202309,Não,Não,2023-09
Empresa 29927,202309,Não,Não,2023-09
Empresa 29928,202309,Não,Não,2023-09
Empresa 29929,202311,Não,Não,2023-11
Empresa 2993,202307,Sim,Sim,2023-07
Empresa 29930,202104,Não,Não,2021-04
Empresa 29931,202104,Sim,Sim,2021-04
Empresa 29932,202105,Sim,Sim,2021-05
Empresa 29933,202105,Não,Não,2021-05
Empresa 29934,202105,Sim,Sim,2021-05
Empresa 29935,202106,Sim,Sim,2021-06
Empresa 29936,202107,Sim,Sim,2021-07
Empresa 29937,202108,Não,Não,2021-08
Empresa 29938,202108,Sim,Sim,2021-08
Empresa 29939,202108,Não,Não,2021-08
Empresa 2994,202306,Sim,Sim,2023-06
Empresa 29940,202109,Sim,Sim,2021-09
Empresa 29941,202109,Sim,Sim,2021-09
Empresa 29942,202110,Sim,Sim,2021-10
Empresa 29943,202112,Não,Não,2021-12
Empresa 29944,202112,Não,Sim,2021-12
Empresa 29945,202112,Não,Não,2021-12
Empresa 29946,202112,Não,Não,2021-12
Empresa 29947,202201,Não,Sim,2022-01
Empresa 29948,202201,Não,Não,2022-01
Empresa 29949,202201,Sim,Sim,2022-01
Empresa 2995,202307,Sim,Sim,2023-07
Empresa 29950,202201,Não,Não,2022-01
Empresa 29951,202201,Não,Não,2022-01
Empresa 29952,202205,Não,Não,2022-05
Empresa 29953,202206,Não,Não,2022-06
Empresa 29954,202206,Sim,Sim,2022-06
Empresa 29955,202206,Não,Não,2022-06
Empresa 29956,202206,Não,Não,2022-06
Empresa 29957,202207,Não,Não,2022-07
Empresa 29958,202207,Não,Sim,2022-07
Empresa 29959,202207,Não,Sim,2022-07
Empresa 2996,202307,Sim,Sim,2023-07
Empresa 29960,202208,Não,Sim,2022-08
Empresa 29961,202208,Não,Não,2022-08
Empresa 29962,202210,Sim,Sim,2022-10
Empresa 29963,202211,Não,Não,2022-11
Empresa 29964,202305,Não,Não,2023-05
Empresa 29965,202308,Não,Não,2023-08
Empresa 29966,202308,Não,Não,2023-08
Empresa 29967,202308,Não,Não,2023-08
Empresa 29968,202308,Não,Não,2023-08
Empresa 29969,202308,Não,Não,2023-08
Empresa 2997,202307,Sim,Sim,2023-07
Empresa 29970,202308,Não,Não,2023-08
Empresa 29971,202308,Não,Não,2023-08
Empresa 29972,202309,Não,Não,2023-09
Empresa 29973,202311,Não,Sim,2023-11
Empresa 29974,202109,Não,Não,2021-09
Empresa 29975,202109,Não,Não,2021-09
Empresa 29976,202109,Não,Não,2021-09
Empresa 29977,202109,Não,Não,2021-09
Empresa 29978,202112,Não,Não,2021-12
Empresa 29979,202112,Não,Não,2021-12
Empresa 2998,202307,Sim,Sim,2023-07
Empresa 29980,202112,Não,Não,2021-12
Empresa 29981,202201,Sim,Sim,2022-01
Empresa 29984,202210,Não,Sim,2022-10
Empresa 29985,202211,Não,Não,2022-11
Empresa 29986,202302,Não,Não,2023-02
Empresa 29987,202308,Não,Não,2023-08
Empresa 29988,202308,Não,Não,2023-08
Empresa 29989,202205,Não,Não,2022-05
Empresa 2999,202307,Sim,Sim,2023-07
Empresa 29990,202211,Sim,Sim,2022-11
Empresa 29991,202211,Não,Não,2022-11
Empresa 29993,202212,Não,Sim,2022-12
Empresa 3,202301,Sim,Sim,2023-01
Empresa 30,202210,Sim,Sim,2022-10
Empresa 300,202108,Sim,Sim,2021-08
Empresa 3000,202307,Sim,Sim,2023-07
Empresa 30005,202212,Não,Sim,2022-12
Empresa 3001,202307,Sim,Sim,2023-07
Empresa 30017,202301,Não,Sim,2023-01
Empresa 30018,202301,Não,Não,2023-01
Empresa 30019,202301,Não,Não,2023-01
Empresa 3002,202212,Sim,Sim,2022-12
Empresa 30020,202301,Não,Não,2023-01
Empresa 30021,202301,Não,Não,2023-01
Empresa 30022,202301,Não,Não,2023-01
Empresa 30023,202301,Não,Não,2023-01
Empresa 30024,202302,Não,Não,2023-02
Empresa 30025,202302,Não,Não,2023-02
Empresa 30026,202302,Não,Não,2023-02
Empresa 30027,202302,Não,Sim,2023-02
Empresa 30028,202302,Não,Não,2023-02
Empresa 30029,202303,Não,Sim,2023-03
Empresa 3003,202307,Sim,Sim,2023-07
Empresa 30030,202303,Não,Não,2023-03
Empresa 30031,202303,Não,Não,2023-03
Empresa 30032,202303,Não,Não,2023-03
Empresa 30033,202303,Não,Não,2023-03
Empresa 30034,202303,Não,Não,2023-03
Empresa 30035,202303,Não,Não,2023-03
Empresa 30036,202304,Não,Não,2023-04
Empresa 30037,202304,Não,Não,2023-04
Empresa 30038,202304,Não,Não,2023-04
Empresa 30039,202305,Não,Não,2023-05
Empresa 3004,202307,Sim,Sim,2023-07
Empresa 30040,202305,Não,Não,2023-05
Empresa 30041,202305,Não,Não,2023-05
Empresa 30042,202306,Não,Não,2023-06
Empresa 30043,202306,Não,Não,2023-06
Empresa 30044,202306,Não,Não,2023-06
Empresa 30045,202308,Não,Não,2023-08
Empresa 30046,202308,Não,Não,2023-08
Empresa 30047,202308,Não,Não,2023-08
Empresa 30048,202308,Não,Não,2023-08
Empresa 30049,202309,Não,Sim,2023-09
Empresa 3005,202306,Sim,Sim,2023-06
Empresa 30050,202309,Não,Não,2023-09
Empresa 30051,202310,Não,Não,2023-10
Empresa 30052,202310,Não,Não,2023-10
Empresa 30053,202310,Não,Não,2023-10
Empresa 30054,202310,Não,Não,2023-10
Empresa 30055,202311,Não,Não,2023-11
Empresa 30056,201907,Sim,Sim,2019-07
Empresa 30057,201910,Sim,Sim,2019-10
Empresa 30058,201910,Sim,Sim,2019-10
Empresa 30059,201910,Sim,Sim,2019-10
Empresa 3006,202307,Sim,Sim,2023-07
Empresa 30060,201912,Sim,Sim,2019-12
Empresa 30061,201912,Não,Sim,2019-12
Empresa 30062,201912,Não,Sim,2019-12
Empresa 30063,201912,Não,Sim,2019-12
Empresa 30064,201912,Não,Sim,2019-12
Empresa 30065,201912,Sim,Sim,2019-12
Empresa 30066,201912,Não,Não,2019-12
Empresa 30067,201912,Sim,Sim,2019-12
Empresa 30068,201912,Não,Sim,2019-12
Empresa 30069,201912,Não,Não,2019-12
Empresa 3007,202307,Sim,Sim,2023-07
Empresa 30070,201912,Não,Não,2019-12
Empresa 30071,201912,Não,Sim,2019-12
Empresa 30072,201912,Sim,Sim,2019-12
Empresa 30073,201912,Não,Sim,2019-12
Empresa 30074,201912,Sim,Sim,2019-12
Empresa 30075,201912,Não,Sim,2019-12
Empresa 30076,201912,Não,Não,2019-12
Empresa 30077,201912,Sim,Sim,2019-12
Empresa 30078,201912,Não,Sim,2019-12
Empresa 30079,201912,Sim,Sim,2019-12
Empresa 3008,202306,Sim,Sim,2023-06
Empresa 30080,201912,Não,Sim,2019-12
Empresa 30081,201912,Não,Não,2019-12
Empresa 30082,202001,Não,Sim,2020-01
Empresa 30083,202001,Sim,Sim,2020-01
Empresa 30084,202001,Não,Sim,2020-01
Empresa 30085,202001,Não,Sim,2020-01
Empresa 30086,202001,Sim,Sim,2020-01
Empresa 30087,202001,Sim,Sim,2020-01
Empresa 30088,202001,Não,Não,2020-01
Empresa 30089,202001,Não,Sim,2020-01
Empresa 3009,202307,Sim,Sim,2023-07
Empresa 30090,202001,Não,Sim,2020-01
Empresa 30091,202001,Não,Não,2020-01
Empresa 30092,202001,Sim,Sim,2020-01
Empresa 30093,202001,Não,Não,2020-01
Empresa 30094,202002,Sim,Sim,2020-02
Empresa 30095,202002,Não,Não,2020-02
Empresa 30096,202002,Não,Não,2020-02
Empresa 30097,202002,Sim,Sim,2020-02
Empresa 30098,202002,Sim,Sim,2020-02
Empresa 30099,202002,Não,Não,2020-02
Empresa 301,202108,Sim,Sim,2021-08
Empresa 3010,202002,Não,Não,2020-02
Empresa 30100,202002,Não,Não,2020-02
Empresa 30101,202002,Sim,Sim,2020-02
Empresa 30102,202002,Não,Sim,2020-02
Empresa 30103,202002,Não,Sim,2020-02
Empresa 30104,202002,Sim,Sim,2020-02
Empresa 30105,202002,Sim,Sim,2020-02
Empresa 30106,202002,Sim,Sim,2020-02
Empresa 30107,202002,Sim,Sim,2020-02
Empresa 30108,202002,Sim,Sim,2020-02
Empresa 30109,202002,Sim,Sim,2020-02
Empresa 3011,202308,Sim,Sim,2023-08
Empresa 30110,202002,Sim,Sim,2020-02
Empresa 30111,202002,Não,Não,2020-02
Empresa 30112,202002,Não,Sim,2020-02
Empresa 30113,202002,Não,Não,2020-02
Empresa 30114,202002,Sim,Sim,2020-02
Empresa 30115,202002,Não,Sim,2020-02
Empresa 30116,202002,Sim,Sim,2020-02
Empresa 30117,202002,Sim,Sim,2020-02
Empresa 30118,202002,Não,Não,2020-02
Empresa 30119,202002,Não,Não,2020-02
Empresa 3012,202211,Sim,Sim,2022-11
Empresa 30120,202002,Não,Não,2020-02
Empresa 30121,202003,Sim,Sim,2020-03
Empresa 30122,202003,Sim,Sim,2020-03
Empresa 30123,202003,Não,Não,2020-03
Empresa 30124,202003,Sim,Sim,2020-03
Empresa 30125,202003,Sim,Sim,2020-03
Empresa 30126,202003,Não,Sim,2020-03
Empresa 30127,202003,Não,Sim,2020-03
Empresa 30128,202003,Não,Sim,2020-03
Empresa 30129,202003,Não,Não,2020-03
Empresa 3013,202308,Sim,Sim,2023-08
Empresa 30130,202003,Sim,Sim,2020-03
Empresa 30131,202004,Não,Não,2020-04
Empresa 30132,202004,Sim,Sim,2020-04
Empresa 30133,202004,Não,Não,2020-04
Empresa 30134,202004,Sim,Sim,2020-04
Empresa 30135,202004,Não,Sim,2020-04
Empresa 30136,202004,Sim,Sim,2020-04
Empresa 30137,202004,Sim,Sim,2020-04
Empresa 30138,202004,Não,Não,2020-04
Empresa 30139,202004,Não,Sim,2020-04
Empresa 3014,202306,Sim,Sim,2023-06
Empresa 30140,202004,Sim,Sim,2020-04
Empresa 30141,202004,Não,Sim,2020-04
Empresa 30142,202004,Não,Não,2020-04
Empresa 30143,202004,Não,Não,2020-04
Empresa 30144,202004,Sim,Sim,2020-04
Empresa 30145,202004,Sim,Sim,2020-04
Empresa 30146,202004,Não,Não,2020-04
Empresa 30147,202004,Sim,Sim,2020-04
Empresa 30148,202004,Não,Sim,2020-04
Empresa 30149,202004,Não,Não,2020-04
Empresa 3015,202308,Sim,Sim,2023-08
Empresa 30150,202004,Sim,Sim,2020-04
Empresa 30151,202004,Não,Não,2020-04
Empresa 30152,202005,Sim,Sim,2020-05
Empresa 30153,202005,Não,Sim,2020-05
Empresa 30154,202005,Sim,Sim,2020-05
Empresa 30155,202005,Não,Sim,2020-05
Empresa 30156,202005,Não,Não,2020-05
Empresa 30157,202005,Não,Não,2020-05
Empresa 30158,202005,Sim,Sim,2020-05
Empresa 30159,202005,Não,Sim,2020-05
Empresa 3016,202308,Sim,Sim,2023-08
Empresa 30160,202005,Não,Não,2020-05
Empresa 30161,202005,Sim,Sim,2020-05
Empresa 30162,202005,Não,Não,2020-05
Empresa 30163,202005,Não,Não,2020-05
Empresa 30164,202005,Não,Sim,2020-05
Empresa 30165,202006,Não,Não,2020-06
Empresa 30166,202006,Não,Não,2020-06
Empresa 30167,202006,Não,Não,2020-06
Empresa 30168,202006,Não,Não,2020-06
Empresa 30169,202006,Não,Não,2020-06
Empresa 3017,202305,Sim,Sim,2023-05
Empresa 30170,202006,Não,Não,2020-06
Empresa 30171,202006,Não,Sim,2020-06
Empresa 30172,202006,Não,Sim,2020-06
Empresa 30173,202006,Não,Não,2020-06
Empresa 30174,202006,Não,Não,2020-06
Empresa 30175,202006,Não,Não,2020-06
Empresa 30176,202006,Sim,Sim,2020-06
Empresa 30177,202006,Não,Sim,2020-06
Empresa 30178,202006,Não,Não,2020-06
Empresa 30179,202006,Não,Sim,2020-06
Empresa 3018,202307,Sim,Sim,2023-07
Empresa 30180,202006,Não,Não,2020-06
Empresa 30181,202006,Não,Não,2020-06
Empresa 30182,202006,Não,Sim,2020-06
Empresa 30183,202006,Não,Sim,2020-06
Empresa 30184,202006,Sim,Sim,2020-06
Empresa 30185,202006,Sim,Sim,2020-06
Empresa 30186,202007,Não,Sim,2020-07
Empresa 30187,202007,Não,Sim,2020-07
Empresa 30188,202007,Não,Não,2020-07
Empresa 30189,202007,Não,Não,2020-07
Empresa 3019,202308,Sim,Sim,2023-08
Empresa 30190,202007,Não,Sim,2020-07
Empresa 30191,202007,Não,Sim,2020-07
Empresa 30192,202007,Não,Sim,2020-07
Empresa 30193,202007,Não,Não,2020-07
Empresa 30194,202007,Sim,Sim,2020-07
Empresa 30195,202007,Não,Não,2020-07
Empresa 30196,202007,Não,Sim,2020-07
Empresa 30197,202007,Não,Não,2020-07
Empresa 30198,202007,Não,Não,2020-07
Empresa 30199,202007,Não,Não,2020-07
Empresa 302,202108,Sim,Sim,2021-08
Empresa 3020,202308,Sim,Sim,2023-08
Empresa 30200,202007,Não,Não,2020-07
Empresa 30201,202007,Não,Não,2020-07
Empresa 30202,202007,Não,Sim,2020-07
Empresa 30203,202007,Não,Sim,2020-07
Empresa 30204,202007,Não,Sim,2020-07
Empresa 30205,202007,Não,Não,2020-07
Empresa 30206,202007,Não,Sim,2020-07
Empresa 30207,202007,Não,Sim,2020-07
Empresa 30208,202007,Não,Não,2020-07
Empresa 30209,202007,Não,Sim,2020-07
Empresa 3021,202308,Sim,Sim,2023-08
Empresa 30210,202007,Não,Sim,2020-07
Empresa 30211,202007,Não,Não,2020-07
Empresa 30212,202007,Sim,Sim,2020-07
Empresa 30213,202007,Não,Não,2020-07
Empresa 30214,202007,Não,Sim,2020-07
Empresa 30215,202007,Não,Não,2020-07
Empresa 30216,202007,Não,Não,2020-07
Empresa 30217,202007,Não,Não,2020-07
Empresa 30218,202007,Não,Sim,2020-07
Empresa 30219,202007,Sim,Sim,2020-07
Empresa 3022,202306,Sim,Sim,2023-06
Empresa 30220,202007,Não,Não,2020-07
Empresa 30221,202007,Sim,Sim,2020-07
Empresa 30222,202007,Sim,Sim,2020-07
Empresa 30223,202007,Não,Sim,2020-07
Empresa 30224,202007,Não,Sim,2020-07
Empresa 30225,202007,Não,Não,2020-07
Empresa 30226,202007,Não,Sim,2020-07
Empresa 30227,202007,Não,Sim,2020-07
Empresa 30228,202007,Não,Sim,2020-07
Empresa 30229,202007,Não,Sim,2020-07
Empresa 3023,202308,Sim,Sim,2023-08
Empresa 30230,202007,Não,Não,2020-07
Empresa 30231,202007,Não,Sim,2020-07
Empresa 30232,202007,Não,Sim,2020-07
Empresa 30233,202007,Não,Sim,2020-07
Empresa 30234,202007,Sim,Sim,2020-07
Empresa 30235,202007,Não,Sim,2020-07
Empresa 30236,202007,Não,Sim,2020-07
Empresa 30237,202007,Não,Não,2020-07
Empresa 30238,202007,Não,Sim,2020-07
Empresa 30239,202007,Não,Não,2020-07
Empresa 3024,202308,Sim,Sim,2023-08
Empresa 30240,202007,Não,Sim,2020-07
Empresa 30241,202007,Sim,Sim,2020-07
Empresa 30242,202007,Não,Não,2020-07
Empresa 30243,202007,Não,Não,2020-07
Empresa 30244,202007,Sim,Sim,2020-07
Empresa 30245,202007,Não,Sim,2020-07
Empresa 30246,202007,Não,Não,2020-07
Empresa 30247,202007,Não,Não,2020-07
Empresa 30248,202007,Não,Não,2020-07
Empresa 30249,202007,Não,Sim,2020-07
Empresa 3025,202209,Sim,Sim,2022-09
Empresa 30250,202007,Não,Sim,2020-07
Empresa 30251,202007,Não,Sim,2020-07
Empresa 30252,202007,Sim,Sim,2020-07
Empresa 30253,202007,Não,Sim,2020-07
Empresa 30254,202007,Não,Sim,2020-07
Empresa 30255,202007,Não,Não,2020-07
Empresa 30256,202007,Não,Sim,2020-07
Empresa 30257,202007,Não,Sim,2020-07
Empresa 30258,202007,Não,Sim,2020-07
Empresa 30259,202007,Não,Não,2020-07
Empresa 3026,202309,Sim,Sim,2023-09
Empresa 30260,202007,Não,Sim,2020-07
Empresa 30261,202007,Não,Sim,2020-07
Empresa 30262,202007,Não,Sim,2020-07
Empresa 30263,202007,Não,Não,2020-07
Empresa 30264,202007,Não,Sim,2020-07
Empresa 30265,202007,Não,Sim,2020-07
Empresa 30266,202007,Não,Não,2020-07
Empresa 30267,202007,Não,Sim,2020-07
Empresa 30268,202007,Não,Sim,2020-07
Empresa 30269,202008,Não,Não,2020-08
Empresa 3027,202309,Sim,Sim,2023-09
Empresa 30270,202008,Não,Não,2020-08
Empresa 30271,202008,Não,Sim,2020-08
Empresa 30272,202008,Não,Não,2020-08
Empresa 30273,202008,Não,Não,2020-08
Empresa 30274,202008,Não,Não,2020-08
Empresa 30275,202008,Não,Sim,2020-08
Empresa 30276,202008,Não,Não,2020-08
Empresa 30277,202008,Não,Sim,2020-08
Empresa 30278,202008,Não,Não,2020-08
Empresa 30279,202008,Não,Não,2020-08
Empresa 3028,202308,Sim,Sim,2023-08
Empresa 30280,202008,Não,Não,2020-08
Empresa 30281,202008,Não,Sim,2020-08
Empresa 30282,202008,Não,Sim,2020-08
Empresa 30283,202008,Não,Não,2020-08
Empresa 30284,202008,Não,Não,2020-08
Empresa 30285,202008,Não,Sim,2020-08
Empresa 30286,202008,Não,Sim,2020-08
Empresa 30287,202008,Não,Não,2020-08
Empresa 30288,202008,Não,Não,2020-08
Empresa 30289,202008,Não,Não,2020-08
Empresa 3029,202201,Não,Não,2022-01
Empresa 30290,202008,Não,Não,2020-08
Empresa 30291,202008,Não,Não,2020-08
Empresa 30292,202008,Não,Não,2020-08
Empresa 30293,202008,Não,Não,2020-08
Empresa 30294,202008,Não,Não,2020-08
Empresa 30295,202008,Não,Não,2020-08
Empresa 30296,202008,Não,Não,2020-08
Empresa 30297,202008,Não,Sim,2020-08
Empresa 30298,202008,Não,Não,2020-08
Empresa 30299,202008,Não,Não,2020-08
Empresa 303,202110,Sim,Sim,2021-10
Empresa 3030,202308,Sim,Sim,2023-08
Empresa 30300,202008,Não,Sim,2020-08
Empresa 30301,202008,Sim,Sim,2020-08
Empresa 30302,202008,Não,Não,2020-08
Empresa 30303,202008,Não,Não,2020-08
Empresa 30304,202008,Não,Sim,2020-08
Empresa 30305,202008,Não,Não,2020-08
Empresa 30306,202008,Não,Não,2020-08
Empresa 30307,202008,Não,Não,2020-08
Empresa 30308,202008,Sim,Sim,2020-08
Empresa 30309,202008,Não,Não,2020-08
Empresa 3031,202309,Sim,Sim,2023-09
Empresa 30310,202008,Não,Não,2020-08
Empresa 30311,202008,Não,Não,2020-08
Empresa 30312,202008,Não,Não,2020-08
Empresa 30313,202008,Não,Não,2020-08
Empresa 30314,202008,Não,Não,2020-08
Empresa 30315,202008,Não,Não,2020-08
Empresa 30316,202008,Não,Não,2020-08
Empresa 30317,202008,Sim,Sim,2020-08
Empresa 30318,202008,Não,Não,2020-08
Empresa 30319,202008,Não,Sim,2020-08
Empresa 3032,202308,Sim,Sim,2023-08
Empresa 30320,202008,Não,Não,2020-08
Empresa 30321,202008,Não,Não,2020-08
Empresa 30322,202008,Não,Não,2020-08
Empresa 30323,202008,Não,Não,2020-08
Empresa 30324,202008,Não,Não,2020-08
Empresa 30325,202008,Não,Não,2020-08
Empresa 30326,202008,Sim,Sim,2020-08
Empresa 30327,202008,Não,Sim,2020-08
Empresa 30328,202008,Não,Não,2020-08
Empresa 30329,202008,Não,Não,2020-08
Empresa 3033,202212,Sim,Sim,2022-12
Empresa 30330,202008,Não,Não,2020-08
Empresa 30331,202008,Não,Não,2020-08
Empresa 30332,202008,Sim,Sim,2020-08
Empresa 30333,202008,Não,Não,2020-08
Empresa 30334,202008,Sim,Sim,2020-08
Empresa 30335,202008,Não,Não,2020-08
Empresa 30336,202008,Não,Não,2020-08
Empresa 30337,202008,Não,Não,2020-08
Empresa 30338,202008,Não,Não,2020-08
Empresa 30339,202008,Não,Não,2020-08
Empresa 3034,202309,Sim,Sim,2023-09
Empresa 30340,202008,Não,Não,2020-08
Empresa 30341,202008,Não,Não,2020-08
Empresa 30342,202008,Não,Não,2020-08
Empresa 30343,202008,Não,Não,2020-08
Empresa 30344,202008,Não,Não,2020-08
Empresa 30345,202008,Não,Não,2020-08
Empresa 30346,202008,Sim,Sim,2020-08
Empresa 30347,202008,Não,Não,2020-08
Empresa 30348,202008,Não,Não,2020-08
Empresa 30349,202008,Não,Não,2020-08
Empresa 3035,202309,Sim,Sim,2023-09
Empresa 30350,202008,Sim,Sim,2020-08
Empresa 30351,202008,Sim,Sim,2020-08
Empresa 30352,202008,Não,Não,2020-08
Empresa 30353,202008,Não,Não,2020-08
Empresa 30354,202008,Não,Não,2020-08
Empresa 30355,202008,Não,Não,2020-08
Empresa 30356,202008,Sim,Sim,2020-08
Empresa 30357,202008,Não,Sim,2020-08
Empresa 30358,202008,Não,Não,2020-08
Empresa 30359,202008,Não,Não,2020-08
Empresa 3036,202308,Sim,Sim,2023-08
Empresa 30360,202008,Não,Não,2020-08
Empresa 30361,202008,Não,Não,2020-08
Empresa 30362,202008,Não,Não,2020-08
Empresa 30363,202008,Não,Não,2020-08
Empresa 30364,202008,Não,Não,2020-08
Empresa 30365,202008,Sim,Sim,2020-08
Empresa 30366,202008,Não,Não,2020-08
Empresa 30367,202008,Não,Não,2020-08
Empresa 30368,202008,Não,Não,2020-08
Empresa 30369,202008,Não,Sim,2020-08
Empresa 3037,202308,Sim,Sim,2023-08
Empresa 30370,202008,Não,Não,2020-08
Empresa 30371,202008,Não,Não,2020-08
Empresa 30372,202008,Não,Não,2020-08
Empresa 30373,202008,Sim,Sim,2020-08
Empresa 30374,202008,Não,Não,2020-08
Empresa 30375,202008,Não,Não,2020-08
Empresa 30376,202008,Sim,Sim,2020-08
Empresa 30377,202008,Não,Não,2020-08
Empresa 30378,202008,Não,Não,2020-08
Empresa 30379,202008,Não,Não,2020-08
Empresa 3038,202309,Sim,Sim,2023-09
Empresa 30380,202008,Não,Não,2020-08
Empresa 30381,202008,Não,Sim,2020-08
Empresa 30382,202008,Não,Não,2020-08
Empresa 30383,202008,Não,Sim,2020-08
Empresa 30384,202008,Não,Não,2020-08
Empresa 30385,202008,Não,Não,2020-08
Empresa 30386,202008,Sim,Sim,2020-08
Empresa 30387,202008,Não,Não,2020-08
Empresa 30388,202008,Não,Não,2020-08
Empresa 30389,202008,Não,Não,2020-08
Empresa 3039,202310,Sim,Sim,2023-10
Empresa 30390,202008,Não,Não,2020-08
Empresa 30391,202008,Não,Não,2020-08
Empresa 30392,202008,Sim,Sim,2020-08
Empresa 30393,202008,Não,Não,2020-08
Empresa 30394,202008,Não,Não,2020-08
Empresa 30395,202008,Não,Não,2020-08
Empresa 30396,202008,Não,Não,2020-08
Empresa 30397,202008,Não,Sim,2020-08
Empresa 30398,202008,Não,Não,2020-08
Empresa 30399,202008,Sim,Sim,2020-08
Empresa 304,202203,Sim,Sim,2022-03
Empresa 3040,202310,Sim,Sim,2023-10
Empresa 30400,202008,Não,Não,2020-08
Empresa 30401,202008,Não,Não,2020-08
Empresa 30402,202008,Não,Não,2020-08
Empresa 30403,202008,Não,Não,2020-08
Empresa 30404,202008,Não,Não,2020-08
Empresa 30405,202008,Não,Não,2020-08
Empresa 30406,202008,Não,Não,2020-08
Empresa 30407,202008,Não,Não,2020-08
Empresa 30408,202008,Não,Não,2020-08
Empresa 30409,202008,Não,Não,2020-08
Empresa 3041,202310,Sim,Sim,2023-10
Empresa 30410,202008,Não,Não,2020-08
Empresa 30411,202008,Não,Não,2020-08
Empresa 30412,202008,Não,Não,2020-08
Empresa 30413,202008,Não,Não,2020-08
Empresa 30414,202008,Não,Não,2020-08
Empresa 30415,202008,Não,Não,2020-08
Empresa 30416,202008,Não,Não,2020-08
Empresa 30417,202008,Não,Não,2020-08
Empresa 30418,202008,Não,Sim,2020-08
Empresa 30419,202008,Não,Não,2020-08
Empresa 3042,202310,Sim,Sim,2023-10
Empresa 30420,202008,Não,Não,2020-08
Empresa 30421,202008,Sim,Sim,2020-08
Empresa 30422,202008,Não,Não,2020-08
Empresa 30423,202008,Não,Não,2020-08
Empresa 30424,202008,Não,Não,2020-08
Empresa 30425,202008,Não,Não,2020-08
Empresa 30426,202008,Não,Não,2020-08
Empresa 30427,202008,Não,Não,2020-08
Empresa 30428,202008,Não,Sim,2020-08
Empresa 30429,202008,Não,Não,2020-08
Empresa 3043,202310,Sim,Sim,2023-10
Empresa 30430,202008,Não,Não,2020-08
Empresa 30431,202008,Não,Não,2020-08
Empresa 30432,202008,Não,Não,2020-08
Empresa 30433,202008,Não,Não,2020-08
Empresa 30434,202008,Não,Não,2020-08
Empresa 30435,202008,Não,Não,2020-08
Empresa 30436,202008,Não,Não,2020-08
Empresa 30437,202008,Não,Não,2020-08
Empresa 30438,202008,Não,Não,2020-08
Empresa 30439,202008,Não,Não,2020-08
Empresa 30440,202008,Não,Não,2020-08
Empresa 30441,202008,Não,Sim,2020-08
Empresa 30442,202008,Não,Sim,2020-08
Empresa 30443,202008,Não,Sim,2020-08
Empresa 30444,202008,Não,Não,2020-08
Empresa 30445,202008,Sim,Sim,2020-08
Empresa 30446,202008,Não,Não,2020-08
Empresa 30447,202008,Não,Não,2020-08
Empresa 30448,202008,Não,Não,2020-08
Empresa 30449,202008,Não,Não,2020-08
Empresa 3045,202310,Sim,Sim,2023-10
Empresa 30450,202008,Não,Sim,2020-08
Empresa 30451,202008,Não,Não,2020-08
Empresa 30452,202008,Não,Sim,2020-08
Empresa 30453,202008,Não,Não,2020-08
Empresa 30454,202008,Não,Não,2020-08
Empresa 30455,202009,Não,Não,2020-09
Empresa 30456,202009,Não,Não,2020-09
Empresa 30457,202009,Não,Não,2020-09
Empresa 30458,202009,Não,Sim,2020-09
Empresa 30459,202009,Não,Não,2020-09
Empresa 3046,202308,Sim,Sim,2023-08
Empresa 30460,202009,Não,Não,2020-09
Empresa 30461,202009,Não,Não,2020-09
Empresa 30462,202009,Não,Não,2020-09
Empresa 30463,202009,Sim,Sim,2020-09
Empresa 30464,202009,Não,Não,2020-09
Empresa 30465,202009,Não,Não,2020-09
Empresa 30466,202009,Não,Não,2020-09
Empresa 30467,202009,Não,Não,2020-09
Empresa 30468,202009,Não,Não,2020-09
Empresa 30469,202009,Não,Não,2020-09
Empresa 30470,202009,Não,Não,2020-09
Empresa 30471,202009,Não,Não,2020-09
Empresa 30472,202009,Não,Não,2020-09
Empresa 30473,202009,Sim,Sim,2020-09
Empresa 30474,202009,Sim,Sim,2020-09
Empresa 30475,202009,Não,Não,2020-09
Empresa 30476,202009,Não,Não,2020-09
Empresa 30477,202010,Sim,Sim,2020-10
Empresa 30478,202010,Não,Não,2020-10
Empresa 30479,202010,Não,Não,2020-10
Empresa 30480,202010,Sim,Sim,2020-10
Empresa 30481,202010,Não,Não,2020-10
Empresa 30482,202010,Não,Não,2020-10
Empresa 30483,202010,Sim,Sim,2020-10
Empresa 30484,202010,Não,Não,2020-10
Empresa 30485,202010,Não,Não,2020-10
Empresa 30486,202010,Sim,Sim,2020-10
Empresa 30487,202010,Não,Não,2020-10
Empresa 30488,202011,Sim,Sim,2020-11
Empresa 30489,202011,Sim,Sim,2020-11
Empresa 3049,201912,Sim,Sim,2019-12
Empresa 30490,202011,Não,Não,2020-11
Empresa 30491,202011,Não,Sim,2020-11
Empresa 30492,202011,Não,Sim,2020-11
Empresa 30493,202011,Não,Sim,2020-11
Empresa 30494,202011,Sim,Sim,2020-11
Empresa 30495,202011,Não,Não,2020-11
Empresa 30496,202011,Sim,Sim,2020-11
Empresa 30497,202011,Não,Não,2020-11
Empresa 30498,202011,Não,Sim,2020-11
Empresa 30499,202011,Não,Não,2020-11
Empresa 305,202111,Sim,Sim,2021-11
Empresa 3050,202208,Sim,Sim,2022-08
Empresa 30500,202011,Sim,Sim,2020-11
Empresa 30501,202011,Não,Sim,2020-11
Empresa 30502,202011,Não,Sim,2020-11
Empresa 30503,202011,Não,Não,2020-11
Empresa 30504,202011,Não,Não,2020-11
Empresa 30505,202011,Não,Não,2020-11
Empresa 30506,202011,Sim,Sim,2020-11
Empresa 30507,202011,Não,Não,2020-11
Empresa 30508,202011,Não,Sim,2020-11
Empresa 30509,202011,Não,Não,2020-11
Empresa 3051,201912,Sim,Sim,2019-12
Empresa 30510,202011,Não,Não,2020-11
Empresa 30511,202011,Não,Sim,2020-11
Empresa 30512,202011,Não,Sim,2020-11
Empresa 30513,202011,Não,Não,2020-11
Empresa 30514,202011,Não,Não,2020-11
Empresa 30515,202012,Sim,Sim,2020-12
Empresa 30516,202012,Não,Sim,2020-12
Empresa 30517,202012,Sim,Sim,2020-12
Empresa 30518,202012,Sim,Sim,2020-12
Empresa 30519,202012,Não,Não,2020-12
Empresa 3052,202005,Sim,Sim,2020-05
Empresa 30520,202012,Sim,Sim,2020-12
Empresa 30521,202012,Sim,Sim,2020-12
Empresa 30522,202101,Sim,Sim,2021-01
Empresa 30523,202101,Não,Não,2021-01
Empresa 30524,202101,Não,Sim,2021-01
Empresa 30525,202101,Não,Não,2021-01
Empresa 30526,202101,Não,Não,2021-01
Empresa 30527,202101,Não,Não,2021-01
Empresa 30528,202101,Não,Sim,2021-01
Empresa 30529,202101,Não,Não,2021-01
Empresa 3053,201912,Sim,Sim,2019-12
Empresa 30530,202101,Não,Não,2021-01
Empresa 30531,202101,Não,Sim,2021-01
Empresa 30532,202101,Não,Sim,2021-01
Empresa 30533,202101,Não,Sim,2021-01
Empresa 30534,202101,Não,Não,2021-01
Empresa 30535,202101,Não,Sim,2021-01
Empresa 30536,202101,Não,Não,2021-01
Empresa 30537,202101,Sim,Sim,2021-01
Empresa 30538,202101,Não,Não,2021-01
Empresa 30539,202101,Não,Não,2021-01
Empresa 3054,201912,Sim,Sim,2019-12
Empresa 30540,202101,Não,Sim,2021-01
Empresa 30541,202101,Não,Sim,2021-01
Empresa 30542,202101,Não,Não,2021-01
Empresa 30543,202101,Não,Não,2021-01
Empresa 30544,202101,Não,Não,2021-01
Empresa 30545,202101,Não,Não,2021-01
Empresa 30546,202101,Não,Não,2021-01
Empresa 30547,202101,Não,Não,2021-01
Empresa 30548,202101,Não,Não,2021-01
Empresa 30549,202101,Não,Não,2021-01
Empresa 3055,201911,Sim,Sim,2019-11
Empresa 30550,202101,Não,Não,2021-01
Empresa 30551,202101,Não,Não,2021-01
Empresa 30552,202101,Não,Não,2021-01
Empresa 30553,202101,Não,Não,2021-01
Empresa 30554,202101,Não,Não,2021-01
Empresa 30555,202101,Sim,Sim,2021-01
Empresa 30556,202101,Não,Não,2021-01
Empresa 30557,202101,Não,Não,2021-01
Empresa 30558,202101,Não,Não,2021-01
Empresa 30559,202101,Não,Não,2021-01
Empresa 3056,201912,Sim,Sim,2019-12
Empresa 30560,202101,Não,Sim,2021-01
Empresa 30561,202101,Não,Sim,2021-01
Empresa 30562,202101,Não,Não,2021-01
Empresa 30563,202101,Não,Não,2021-01
Empresa 30564,202102,Não,Sim,2021-02
Empresa 30565,202102,Sim,Sim,2021-02
Empresa 30566,202102,Não,Não,2021-02
Empresa 30567,202102,Não,Não,2021-02
Empresa 30568,202102,Não,Não,2021-02
Empresa 30569,202102,Não,Não,2021-02
Empresa 3057,202012,Não,Não,2020-12
Empresa 30570,202102,Não,Sim,2021-02
Empresa 30571,202102,Não,Não,2021-02
Empresa 30572,202102,Não,Não,2021-02
Empresa 30573,202102,Não,Sim,2021-02
Empresa 30574,202102,Não,Não,2021-02
Empresa 30575,202102,Não,Sim,2021-02
Empresa 30576,202102,Não,Não,2021-02
Empresa 30577,202102,Não,Sim,2021-02
Empresa 30578,202102,Sim,Sim,2021-02
Empresa 30579,202102,Não,Não,2021-02
Empresa 3058,202001,Sim,Sim,2020-01
Empresa 30580,202102,Não,Sim,2021-02
Empresa 30581,202102,Não,Sim,2021-02
Empresa 30582,202102,Não,Não,2021-02
Empresa 30583,202102,Não,Não,2021-02
Empresa 30584,202102,Sim,Sim,2021-02
Empresa 30585,202102,Sim,Sim,2021-02
Empresa 30586,202102,Não,Não,2021-02
Empresa 30587,202102,Não,Não,2021-02
Empresa 30588,202102,Não,Não,2021-02
Empresa 30589,202102,Sim,Sim,2021-02
Empresa 3059,202001,Sim,Sim,2020-01
Empresa 30590,202102,Não,Não,2021-02
Empresa 30591,202102,Sim,Sim,2021-02
Empresa 30592,202102,Não,Não,2021-02
Empresa 30593,202102,Não,Não,2021-02
Empresa 30594,202102,Não,Não,2021-02
Empresa 30595,202102,Não,Não,2021-02
Empresa 30596,202102,Não,Sim,2021-02
Empresa 30597,202102,Não,Sim,2021-02
Empresa 30598,202102,Não,Não,2021-02
Empresa 30599,202103,Sim,Sim,2021-03
Empresa 306,202202,Sim,Sim,2022-02
Empresa 3060,201912,Sim,Sim,2019-12
Empresa 30600,202103,Não,Não,2021-03
Empresa 30601,202103,Não,Sim,2021-03
Empresa 30602,202103,Não,Sim,2021-03
Empresa 30603,202103,Não,Não,2021-03
Empresa 30604,202103,Não,Sim,2021-03
Empresa 30605,202103,Não,Sim,2021-03
Empresa 30606,202103,Não,Sim,2021-03
Empresa 30607,202103,Não,Sim,2021-03
Empresa 30608,202103,Não,Não,2021-03
Empresa 30609,202103,Não,Não,2021-03
Empresa 3061,201912,Sim,Sim,2019-12
Empresa 30610,202103,Não,Sim,2021-03
Empresa 30611,202103,Não,Não,2021-03
Empresa 30612,202103,Não,Sim,2021-03
Empresa 30613,202103,Não,Não,2021-03
Empresa 30614,202103,Não,Não,2021-03
Empresa 30615,202103,Não,Sim,2021-03
Empresa 30616,202103,Não,Sim,2021-03
Empresa 30617,202103,Não,Não,2021-03
Empresa 30618,202103,Sim,Sim,2021-03
Empresa 30619,202103,Sim,Sim,2021-03
Empresa 3062,201912,Sim,Sim,2019-12
Empresa 30620,202103,Não,Sim,2021-03
Empresa 30621,202103,Não,Não,2021-03
Empresa 30622,202103,Não,Sim,2021-03
Empresa 30623,202103,Não,Sim,2021-03
Empresa 30624,202103,Não,Não,2021-03
Empresa 30625,202103,Não,Não,2021-03
Empresa 30626,202103,Não,Sim,2021-03
Empresa 30627,202103,Não,Sim,2021-03
Empresa 30628,202103,Sim,Sim,2021-03
Empresa 30629,202103,Não,Não,2021-03
Empresa 3063,201912,Sim,Sim,2019-12
Empresa 30630,202103,Não,Não,2021-03
Empresa 30631,202103,Não,Não,2021-03
Empresa 30632,202103,Não,Sim,2021-03
Empresa 30633,202103,Não,Não,2021-03
Empresa 30634,202103,Não,Não,2021-03
Empresa 30635,202103,Não,Não,2021-03
Empresa 30636,202103,Não,Não,2021-03
Empresa 30637,202103,Não,Sim,2021-03
Empresa 30638,202103,Não,Não,2021-03
Empresa 30639,202103,Sim,Sim,2021-03
Empresa 3064,202012,Sim,Sim,2020-12
Empresa 30640,202103,Não,Não,2021-03
Empresa 30641,202103,Não,Sim,2021-03
Empresa 30642,202103,Não,Sim,2021-03
Empresa 30643,202103,Não,Não,2021-03
Empresa 30644,202103,Não,Não,2021-03
Empresa 30645,202103,Sim,Sim,2021-03
Empresa 30646,202103,Não,Não,2021-03
Empresa 30647,202103,Não,Não,2021-03
Empresa 30648,202103,Não,Sim,2021-03
Empresa 30649,202103,Não,Sim,2021-03
Empresa 3065,202203,Sim,Sim,2022-03
Empresa 30650,202103,Não,Não,2021-03
Empresa 30651,202103,Não,Não,2021-03
Empresa 30652,202103,Não,Não,2021-03
Empresa 30653,202103,Não,Não,2021-03
Empresa 30654,202103,Não,Não,2021-03
Empresa 30655,202103,Não,Sim,2021-03
Empresa 30656,202103,Não,Não,2021-03
Empresa 30657,202103,Não,Sim,2021-03
Empresa 30658,202103,Não,Não,2021-03
Empresa 30659,202103,Não,Não,2021-03
Empresa 3066,202008,Sim,Sim,2020-08
Empresa 30660,202103,Não,Não,2021-03
Empresa 30661,202103,Não,Sim,2021-03
Empresa 30662,202103,Não,Sim,2021-03
Empresa 30663,202103,Não,Não,2021-03
Empresa 30664,202103,Não,Não,2021-03
Empresa 30665,202103,Não,Não,2021-03
Empresa 30666,202103,Sim,Sim,2021-03
Empresa 30667,202103,Não,Não,2021-03
Empresa 30668,202103,Sim,Sim,2021-03
Empresa 30669,202103,Não,Não,2021-03
Empresa 3067,202205,Sim,Sim,2022-05
Empresa 30670,202103,Sim,Sim,2021-03
Empresa 30671,202103,Não,Não,2021-03
Empresa 30672,202103,Não,Não,2021-03
Empresa 30673,202103,Não,Sim,2021-03
Empresa 30674,202103,Não,Sim,2021-03
Empresa 30675,202103,Não,Não,2021-03
Empresa 30676,202103,Sim,Sim,2021-03
Empresa 30677,202103,Não,Sim,2021-03
Empresa 30678,202103,Não,Não,2021-03
Empresa 30679,202103,Não,Não,2021-03
Empresa 3068,202001,Sim,Sim,2020-01
Empresa 30680,202103,Não,Não,2021-03
Empresa 30681,202103,Não,Não,2021-03
Empresa 30682,202103,Não,Sim,2021-03
Empresa 30683,202103,Não,Sim,2021-03
Empresa 30684,202103,Não,Não,2021-03
Empresa 30685,202103,Não,Não,2021-03
Empresa 30686,202103,Não,Não,2021-03
Empresa 30687,202104,Não,Sim,2021-04
Empresa 30688,202104,Não,Sim,2021-04
Empresa 30689,202104,Não,Sim,2021-04
Empresa 3069,201912,Sim,Sim,2019-12
Empresa 30690,202104,Sim,Sim,2021-04
Empresa 30691,202104,Não,Não,2021-04
Empresa 30692,202104,Sim,Sim,2021-04
Empresa 30693,202104,Não,Não,2021-04
Empresa 30694,202104,Sim,Sim,2021-04
Empresa 30695,202104,Não,Não,2021-04
Empresa 30696,202104,Não,Sim,2021-04
Empresa 30697,202104,Não,Não,2021-04
Empresa 30698,202104,Sim,Sim,2021-04
Empresa 30699,202104,Não,Não,2021-04
Empresa 307,202206,Sim,Sim,2022-06
Empresa 3070,202204,Sim,Sim,2022-04
Empresa 30700,202104,Não,Não,2021-04
Empresa 30701,202104,Não,Não,2021-04
Empresa 30702,202104,Sim,Sim,2021-04
Empresa 30703,202104,Sim,Sim,2021-04
Empresa 30704,202104,Não,Sim,2021-04
Empresa 30705,202104,Sim,Sim,2021-04
Empresa 30706,202104,Não,Não,2021-04
Empresa 30707,202104,Não,Não,2021-04
Empresa 30708,202104,Não,Não,2021-04
Empresa 30709,202104,Não,Não,2021-04
Empresa 3071,202009,Sim,Sim,2020-09
Empresa 30710,202104,Sim,Sim,2021-04
Empresa 30711,202104,Não,Sim,2021-04
Empresa 30712,202105,Sim,Sim,2021-05
Empresa 30713,202105,Sim,Sim,2021-05
Empresa 30714,202105,Sim,Sim,2021-05
Empresa 30715,202105,Sim,Sim,2021-05
Empresa 30716,202105,Sim,Sim,2021-05
Empresa 30717,202105,Sim,Sim,2021-05
Empresa 30718,202105,Sim,Sim,2021-05
Empresa 30719,202105,Sim,Sim,2021-05
Empresa 3072,201912,Sim,Sim,2019-12
Empresa 30720,202105,Sim,Sim,2021-05
Empresa 30721,202105,Sim,Sim,2021-05
Empresa 30722,202105,Sim,Sim,2021-05
Empresa 30723,202105,Sim,Sim,2021-05
Empresa 30724,202105,Sim,Sim,2021-05
Empresa 30725,202105,Sim,Sim,2021-05
Empresa 30726,202106,Sim,Sim,2021-06
Empresa 30727,202106,Não,Sim,2021-06
Empresa 30728,202106,Não,Não,2021-06
Empresa 30729,202106,Não,Sim,2021-06
Empresa 3073,202112,Sim,Sim,2021-12
Empresa 30730,202106,Sim,Sim,2021-06
Empresa 30731,202106,Não,Não,2021-06
Empresa 30732,202107,Sim,Sim,2021-07
Empresa 30733,202107,Sim,Sim,2021-07
Empresa 30734,202107,Não,Não,2021-07
Empresa 30735,202107,Não,Sim,2021-07
Empresa 30736,202107,Sim,Sim,2021-07
Empresa 30737,202107,Sim,Sim,2021-07
Empresa 30738,202107,Sim,Sim,2021-07
Empresa 30739,202107,Sim,Sim,2021-07
Empresa 3074,202008,Não,Não,2020-08
Empresa 30740,202107,Não,Não,2021-07
Empresa 30741,202107,Sim,Sim,2021-07
Empresa 30742,202107,Não,Não,2021-07
Empresa 30743,202107,Sim,Sim,2021-07
Empresa 30744,202107,Não,Não,2021-07
Empresa 30745,202107,Não,Não,2021-07
Empresa 30746,202107,Sim,Sim,2021-07
Empresa 30747,202107,Sim,Sim,2021-07
Empresa 30748,202107,Sim,Sim,2021-07
Empresa 30749,202107,Sim,Sim,2021-07
Empresa 3075,202001,Sim,Sim,2020-01
Empresa 30750,202107,Não,Não,2021-07
Empresa 30751,202107,Sim,Sim,2021-07
Empresa 30752,202107,Não,Não,2021-07
Empresa 30753,202108,Sim,Sim,2021-08
Empresa 30754,202108,Não,Não,2021-08
Empresa 30755,202108,Sim,Sim,2021-08
Empresa 30756,202108,Não,Não,2021-08
Empresa 30757,202108,Não,Não,2021-08
Empresa 30758,202108,Sim,Sim,2021-08
Empresa 30759,202108,Sim,Sim,2021-08
Empresa 3076,202112,Sim,Sim,2021-12
Empresa 30760,202108,Não,Não,2021-08
Empresa 30761,202108,Não,Sim,2021-08
Empresa 30762,202108,Sim,Sim,2021-08
Empresa 30763,202108,Não,Sim,2021-08
Empresa 30764,202108,Não,Sim,2021-08
Empresa 30765,202108,Não,Não,2021-08
Empresa 30766,202108,Não,Não,2021-08
Empresa 30767,202108,Não,Não,2021-08
Empresa 30768,202108,Sim,Sim,2021-08
Empresa 30769,202108,Sim,Sim,2021-08
Empresa 3077,201912,Sim,Sim,2019-12
Empresa 30770,202108,Não,Não,2021-08
Empresa 30771,202108,Não,Não,2021-08
Empresa 30772,202109,Sim,Sim,2021-09
Empresa 30773,202109,Não,Não,2021-09
Empresa 30774,202109,Não,Não,2021-09
Empresa 30775,202109,Não,Não,2021-09
Empresa 30776,202109,Sim,Sim,2021-09
Empresa 30777,202109,Não,Não,2021-09
Empresa 30778,202109,Sim,Sim,2021-09
Empresa 30779,202109,Não,Não,2021-09
Empresa 3078,202208,Não,Não,2022-08
Empresa 30780,202109,Sim,Sim,2021-09
Empresa 30781,202110,Não,Não,2021-10
Empresa 30782,202110,Sim,Sim,2021-10
Empresa 30783,202110,Sim,Sim,2021-10
Empresa 30784,202110,Não,Não,2021-10
Empresa 30785,202110,Não,Não,2021-10
Empresa 30786,202111,Sim,Sim,2021-11
Empresa 30787,202111,Sim,Sim,2021-11
Empresa 30788,202111,Não,Não,2021-11
Empresa 30789,202111,Sim,Sim,2021-11
Empresa 3079,202201,Sim,Sim,2022-01
Empresa 30790,202112,Sim,Sim,2021-12
Empresa 30791,202112,Não,Não,2021-12
Empresa 30792,202112,Não,Não,2021-12
Empresa 30793,202112,Sim,Sim,2021-12
Empresa 30794,202201,Não,Não,2022-01
Empresa 30795,202202,Não,Não,2022-02
Empresa 30796,202203,Não,Não,2022-03
Empresa 30797,202203,Não,Sim,2022-03
Empresa 30798,202203,Não,Não,2022-03
Empresa 30799,202203,Sim,Sim,2022-03
Empresa 308,202202,Sim,Sim,2022-02
Empresa 3080,202111,Sim,Sim,2021-11
Empresa 30800,202203,Não,Sim,2022-03
Empresa 30801,202203,Não,Não,2022-03
Empresa 30802,202204,Sim,Sim,2022-04
Empresa 30803,202204,Não,Sim,2022-04
Empresa 30804,202204,Sim,Sim,2022-04
Empresa 30805,202204,Não,Não,2022-04
Empresa 30806,202205,Não,Não,2022-05
Empresa 30807,202205,Não,Não,2022-05
Empresa 30808,202205,Não,Não,2022-05
Empresa 30809,202205,Não,Não,2022-05
Empresa 3081,202001,Sim,Sim,2020-01
Empresa 30810,202205,Não,Sim,2022-05
Empresa 30811,202205,Não,Não,2022-05
Empresa 30812,202205,Não,Sim,2022-05
Empresa 30813,202205,Não,Sim,2022-05
Empresa 30814,202205,Não,Sim,2022-05
Empresa 30815,202205,Não,Não,2022-05
Empresa 30816,202205,Não,Sim,2022-05
Empresa 30817,202205,Não,Não,2022-05
Empresa 30818,202205,Não,Não,2022-05
Empresa 30819,202205,Não,Sim,2022-05
Empresa 3082,202203,Sim,Sim,2022-03
Empresa 30820,202205,Não,Não,2022-05
Empresa 30821,202206,Não,Sim,2022-06
Empresa 30822,202206,Não,Não,2022-06
Empresa 30823,202206,Não,Não,2022-06
Empresa 30824,202206,Sim,Sim,2022-06
Empresa 30825,202206,Sim,Sim,2022-06
Empresa 30826,202206,Não,Sim,2022-06
Empresa 30827,202206,Não,Sim,2022-06
Empresa 30828,202207,Não,Sim,2022-07
Empresa 30829,202207,Sim,Sim,2022-07
Empresa 3083,201912,Sim,Sim,2019-12
Empresa 30830,202207,Não,Não,2022-07
Empresa 30831,202207,Não,Não,2022-07
Empresa 30832,202207,Sim,Sim,2022-07
Empresa 30833,202208,Não,Não,2022-08
Empresa 30834,202208,Não,Sim,2022-08
Empresa 30835,202208,Não,Não,2022-08
Empresa 30836,202208,Não,Não,2022-08
Empresa 3084,201911,Sim,Sim,2019-11
Empresa 30841,202209,Não,Sim,2022-09
Empresa 30847,202210,Sim,Sim,2022-10
Empresa 30848,202210,Não,Sim,2022-10
Empresa 30849,202211,Não,Sim,2022-11
Empresa 3085,201911,Sim,Sim,2019-11
Empresa 30850,202212,Não,Sim,2022-12
Empresa 30851,202301,Não,Não,2023-01
Empresa 30852,202301,Não,Não,2023-01
Empresa 30853,202302,Não,Não,2023-02
Empresa 30854,202303,Não,Não,2023-03
Empresa 30855,202303,Não,Não,2023-03
Empresa 30856,202304,Não,Não,2023-04
Empresa 30857,202304,Não,Não,2023-04
Empresa 30858,202305,Não,Não,2023-05
Empresa 30859,202305,Não,Não,2023-05
Empresa 3086,201912,Sim,Sim,2019-12
Empresa 30860,202305,Não,Não,2023-05
Empresa 30861,202305,Não,Não,2023-05
Empresa 30862,202306,Não,Não,2023-06
Empresa 30863,202306,Não,Não,2023-06
Empresa 30864,202306,Não,Não,2023-06
Empresa 30865,202306,Não,Não,2023-06
Empresa 30866,202306,Não,Não,2023-06
Empresa 30867,202306,Não,Não,2023-06
Empresa 30868,202307,Não,Não,2023-07
Empresa 30869,202307,Não,Não,2023-07
Empresa 3087,201912,Sim,Sim,2019-12
Empresa 30870,202307,Não,Não,2023-07
Empresa 30871,202308,Não,Não,2023-08
Empresa 30872,202308,Não,Não,2023-08
Empresa 30873,202308,Não,Não,2023-08
Empresa 30874,202308,Não,Não,2023-08
Empresa 30875,202309,Não,Não,2023-09
Empresa 30876,202309,Não,Não,2023-09
Empresa 30877,202309,Não,Não,2023-09
Empresa 30878,202310,Não,Sim,2023-10
Empresa 30879,202310,Não,Não,2023-10
Empresa 3088,202008,Não,Não,2020-08
Empresa 30880,202310,Não,Não,2023-10
Empresa 30881,202310,Não,Não,2023-10
Empresa 30882,202310,Não,Não,2023-10
Empresa 30883,202310,Não,Não,2023-10
Empresa 30884,202310,Não,Não,2023-10
Empresa 30885,202310,Não,Não,2023-10
Empresa 30886,202206,Sim,Sim,2022-06
Empresa 30887,202206,Sim,Sim,2022-06
Empresa 30888,202307,Não,Não,2023-07
Empresa 30889,202105,Sim,Sim,2021-05
Empresa 3089,202003,Sim,Sim,2020-03
Empresa 30890,202105,Não,Sim,2021-05
Empresa 30891,202105,Não,Sim,2021-05
Empresa 30892,202105,Não,Não,2021-05
Empresa 30893,202105,Não,Sim,2021-05
Empresa 30894,202105,Sim,Sim,2021-05
Empresa 30895,202105,Sim,Sim,2021-05
Empresa 30896,202105,Não,Não,2021-05
Empresa 30897,202105,Sim,Sim,2021-05
Empresa 30898,202105,Não,Sim,2021-05
Empresa 30899,202105,Sim,Sim,2021-05
Empresa 309,202212,Sim,Sim,2022-12
Empresa 3090,201912,Sim,Sim,2019-12
Empresa 30900,202105,Não,Não,2021-05
Empresa 30901,202105,Sim,Sim,2021-05
Empresa 30902,202105,Não,Não,2021-05
Empresa 30903,202105,Não,Não,2021-05
Empresa 30904,202106,Não,Não,2021-06
Empresa 30905,202106,Não,Não,2021-06
Empresa 30906,202106,Sim,Sim,2021-06
Empresa 30907,202106,Não,Não,2021-06
Empresa 30908,202106,Não,Não,2021-06
Empresa 30909,202106,Não,Não,2021-06
Empresa 3091,202101,Sim,Sim,2021-01
Empresa 30910,202106,Não,Não,2021-06
Empresa 30911,202106,Sim,Sim,2021-06
Empresa 30912,202106,Sim,Sim,2021-06
Empresa 30913,202106,Não,Não,2021-06
Empresa 30914,202106,Sim,Sim,2021-06
Empresa 30915,202106,Não,Não,2021-06
Empresa 30916,202106,Não,Não,2021-06
Empresa 30917,202106,Sim,Sim,2021-06
Empresa 30918,202106,Sim,Sim,2021-06
Empresa 30919,202106,Não,Não,2021-06
Empresa 3092,201912,Sim,Sim,2019-12
Empresa 30920,202106,Não,Não,2021-06
Empresa 30921,202106,Sim,Sim,2021-06
Empresa 30922,202107,Não,Não,2021-07
Empresa 30923,202107,Não,Não,2021-07
Empresa 30924,202107,Não,Não,2021-07
Empresa 30925,202107,Não,Não,2021-07
Empresa 30926,202107,Não,Não,2021-07
Empresa 30927,202107,Não,Não,2021-07
Empresa 30928,202107,Não,Não,2021-07
Empresa 30929,202107,Não,Não,2021-07
Empresa 3093,202205,Não,Não,2022-05
Empresa 30930,202107,Sim,Sim,2021-07
Empresa 30931,202107,Sim,Sim,2021-07
Empresa 30932,202107,Não,Não,2021-07
Empresa 30933,202107,Não,Não,2021-07
Empresa 30934,202107,Sim,Sim,2021-07
Empresa 30935,202107,Sim,Sim,2021-07
Empresa 30936,202107,Não,Não,2021-07
Empresa 30937,202107,Não,Não,2021-07
Empresa 30938,202107,Sim,Sim,2021-07
Empresa 30939,202107,Não,Não,2021-07
Empresa 3094,201911,Sim,Sim,2019-11
Empresa 30940,202107,Sim,Sim,2021-07
Empresa 30941,202107,Não,Não,2021-07
Empresa 30942,202107,Não,Não,2021-07
Empresa 30943,202107,Sim,Sim,2021-07
Empresa 30944,202107,Sim,Sim,2021-07
Empresa 30945,202107,Não,Não,2021-07
Empresa 30946,202107,Não,Não,2021-07
Empresa 30947,202107,Não,Não,2021-07
Empresa 30948,202107,Não,Sim,2021-07
Empresa 30949,202107,Sim,Sim,2021-07
Empresa 3095,202110,Sim,Sim,2021-10
Empresa 30950,202107,Sim,Sim,2021-07
Empresa 30951,202107,Não,Não,2021-07
Empresa 30952,202107,Sim,Sim,2021-07
Empresa 30953,202107,Não,Não,2021-07
Empresa 30954,202107,Sim,Sim,2021-07
Empresa 30955,202107,Sim,Sim,2021-07
Empresa 30956,202107,Sim,Sim,2021-07
Empresa 30957,202107,Não,Não,2021-07
Empresa 30958,202107,Sim,Sim,2021-07
Empresa 30959,202107,Sim,Sim,2021-07
Empresa 3096,201912,Sim,Sim,2019-12
Empresa 30960,202107,Não,Sim,2021-07
Empresa 30961,202107,Sim,Sim,2021-07
Empresa 30962,202107,Não,Não,2021-07
Empresa 30963,202107,Não,Não,2021-07
Empresa 30964,202107,Sim,Sim,2021-07
Empresa 30965,202107,Não,Não,2021-07
Empresa 30966,202107,Não,Não,2021-07
Empresa 30967,202108,Sim,Sim,2021-08
Empresa 30968,202108,Sim,Sim,2021-08
Empresa 30969,202108,Sim,Sim,2021-08
Empresa 3097,201912,Sim,Sim,2019-12
Empresa 30970,202108,Não,Não,2021-08
Empresa 30971,202108,Não,Não,2021-08
Empresa 30972,202108,Sim,Sim,2021-08
Empresa 30973,202108,Não,Sim,2021-08
Empresa 30974,202108,Sim,Sim,2021-08
Empresa 30975,202108,Não,Não,2021-08
Empresa 30976,202108,Não,Não,2021-08
Empresa 30977,202108,Sim,Sim,2021-08
Empresa 30978,202108,Sim,Sim,2021-08
Empresa 30979,202108,Sim,Sim,2021-08
Empresa 3098,201912,Sim,Sim,2019-12
Empresa 30980,202108,Sim,Sim,2021-08
Empresa 30981,202108,Sim,Sim,2021-08
Empresa 30982,202108,Não,Não,2021-08
Empresa 30983,202108,Não,Não,2021-08
Empresa 30984,202108,Sim,Sim,2021-08
Empresa 30985,202108,Sim,Sim,2021-08
Empresa 30986,202108,Não,Não,2021-08
Empresa 30987,202108,Não,Não,2021-08
Empresa 30988,202108,Não,Não,2021-08
Empresa 30989,202108,Não,Não,2021-08
Empresa 3099,201911,Sim,Sim,2019-11
Empresa 30990,202108,Não,Não,2021-08
Empresa 30991,202108,Não,Sim,2021-08
Empresa 30992,202109,Não,Não,2021-09
Empresa 30993,202109,Não,Não,2021-09
Empresa 30994,202109,Não,Sim,2021-09
Empresa 30995,202109,Não,Não,2021-09
Empresa 30996,202109,Não,Não,2021-09
Empresa 30997,202109,Não,Não,2021-09
Empresa 30998,202109,Sim,Sim,2021-09
Empresa 30999,202109,Não,Não,2021-09
Empresa 31,202211,Sim,Sim,2022-11
Empresa 310,202105,Sim,Sim,2021-05
Empresa 3100,202205,Sim,Sim,2022-05
Empresa 31000,202109,Sim,Sim,2021-09
Empresa 31001,202109,Não,Sim,2021-09
Empresa 31002,202109,Sim,Sim,2021-09
Empresa 31003,202109,Não,Sim,2021-09
Empresa 31004,202109,Sim,Sim,2021-09
Empresa 31005,202109,Não,Não,2021-09
Empresa 31006,202109,Não,Não,2021-09
Empresa 31007,202109,Não,Não,2021-09
Empresa 31008,202109,Sim,Sim,2021-09
Empresa 31009,202109,Não,Não,2021-09
Empresa 3101,202301,Sim,Sim,2023-01
Empresa 31010,202109,Sim,Sim,2021-09
Empresa 31011,202109,Não,Sim,2021-09
Empresa 31012,202109,Sim,Sim,2021-09
Empresa 31013,202109,Não,Não,2021-09
Empresa 31014,202109,Não,Não,2021-09
Empresa 31015,202109,Não,Não,2021-09
Empresa 31016,202109,Não,Não,2021-09
Empresa 31017,202109,Não,Não,2021-09
Empresa 31018,202109,Não,Não,2021-09
Empresa 31019,202109,Sim,Sim,2021-09
Empresa 3102,202001,Sim,Sim,2020-01
Empresa 31020,202109,Não,Não,2021-09
Empresa 31021,202109,Não,Não,2021-09
Empresa 31022,202110,Não,Sim,2021-10
Empresa 31023,202110,Não,Não,2021-10
Empresa 31024,202110,Não,Não,2021-10
Empresa 31025,202110,Sim,Sim,2021-10
Empresa 31026,202110,Sim,Sim,2021-10
Empresa 31027,202110,Não,Não,2021-10
Empresa 31028,202110,Não,Não,2021-10
Empresa 31029,202111,Sim,Sim,2021-11
Empresa 3103,202103,Sim,Sim,2021-03
Empresa 31030,202111,Sim,Sim,2021-11
Empresa 31031,202111,Sim,Sim,2021-11
Empresa 31032,202111,Sim,Sim,2021-11
Empresa 31033,202111,Não,Não,2021-11
Empresa 31034,202111,Sim,Sim,2021-11
Empresa 31035,202111,Não,Não,2021-11
Empresa 31036,202111,Não,Não,2021-11
Empresa 31037,202111,Sim,Sim,2021-11
Empresa 31038,202111,Não,Sim,2021-11
Empresa 31039,202111,Não,Não,2021-11
Empresa 3104,201911,Sim,Sim,2019-11
Empresa 31040,202111,Não,Não,2021-11
Empresa 31041,202111,Sim,Sim,2021-11
Empresa 31042,202111,Sim,Sim,2021-11
Empresa 31043,202112,Não,Não,2021-12
Empresa 31044,202112,Sim,Sim,2021-12
Empresa 31045,202112,Não,Não,2021-12
Empresa 31046,202112,Não,Não,2021-12
Empresa 31047,202112,Não,Não,2021-12
Empresa 31048,202112,Não,Não,2021-12
Empresa 31049,202112,Não,Não,2021-12
Empresa 3105,202308,Não,Não,2023-08
Empresa 31050,202112,Sim,Sim,2021-12
Empresa 31051,202112,Sim,Sim,2021-12
Empresa 31052,202112,Sim,Sim,2021-12
Empresa 31053,202112,Não,Não,2021-12
Empresa 31054,202112,Não,Sim,2021-12
Empresa 31055,202112,Não,Não,2021-12
Empresa 31056,202112,Não,Não,2021-12
Empresa 31057,202201,Não,Não,2022-01
Empresa 31058,202201,Não,Não,2022-01
Empresa 31059,202201,Sim,Sim,2022-01
Empresa 3106,202104,Sim,Sim,2021-04
Empresa 31060,202201,Não,Não,2022-01
Empresa 31061,202201,Sim,Sim,2022-01
Empresa 31062,202201,Não,Não,2022-01
Empresa 31063,202201,Não,Não,2022-01
Empresa 31064,202201,Não,Não,2022-01
Empresa 31065,202201,Sim,Sim,2022-01
Empresa 31066,202201,Sim,Sim,2022-01
Empresa 31067,202201,Não,Não,2022-01
Empresa 31068,202202,Não,Não,2022-02
Empresa 31069,202202,Sim,Sim,2022-02
Empresa 3107,202001,Sim,Sim,2020-01
Empresa 31070,202202,Não,Não,2022-02
Empresa 31071,202202,Não,Não,2022-02
Empresa 31072,202202,Não,Não,2022-02
Empresa 31073,202202,Sim,Sim,2022-02
Empresa 31074,202202,Sim,Sim,2022-02
Empresa 31075,202202,Não,Não,2022-02
Empresa 31076,202202,Não,Sim,2022-02
Empresa 31077,202202,Não,Não,2022-02
Empresa 31078,202202,Sim,Sim,2022-02
Empresa 31079,202202,Não,Não,2022-02
Empresa 3108,202006,Sim,Sim,2020-06
Empresa 31080,202203,Não,Não,2022-03
Empresa 31081,202203,Não,Não,2022-03
Empresa 31082,202203,Não,Não,2022-03
Empresa 31083,202203,Sim,Sim,2022-03
Empresa 31084,202203,Não,Não,2022-03
Empresa 31085,202203,Sim,Sim,2022-03
Empresa 31086,202203,Não,Não,2022-03
Empresa 31087,202203,Não,Não,2022-03
Empresa 31088,202203,Não,Não,2022-03
Empresa 31089,202203,Não,Não,2022-03
Empresa 3109,202205,Sim,Sim,2022-05
Empresa 31090,202203,Não,Não,2022-03
Empresa 31091,202203,Não,Não,2022-03
Empresa 31092,202204,Não,Não,2022-04
Empresa 31093,202204,Não,Não,2022-04
Empresa 31094,202204,Não,Não,2022-04
Empresa 31095,202204,Sim,Sim,2022-04
Empresa 31096,202204,Sim,Sim,2022-04
Empresa 31097,202204,Não,Não,2022-04
Empresa 31098,202204,Sim,Sim,2022-04
Empresa 31099,202205,Não,Não,2022-05
Empresa 311,202207,Sim,Sim,2022-07
Empresa 3110,201912,Sim,Sim,2019-12
Empresa 31100,202205,Sim,Sim,2022-05
Empresa 31101,202205,Não,Não,2022-05
Empresa 31102,202205,Não,Não,2022-05
Empresa 31103,202205,Não,Não,2022-05
Empresa 31104,202205,Não,Não,2022-05
Empresa 31105,202206,Não,Não,2022-06
Empresa 31106,202206,Não,Não,2022-06
Empresa 31107,202206,Não,Não,2022-06
Empresa 31108,202206,Não,Não,2022-06
Empresa 31109,202206,Não,Não,2022-06
Empresa 3111,201912,Sim,Sim,2019-12
Empresa 31110,202206,Não,Não,2022-06
Empresa 31111,202206,Não,Não,2022-06
Empresa 31112,202206,Não,Não,2022-06
Empresa 31113,202206,Sim,Sim,2022-06
Empresa 31114,202206,Não,Não,2022-06
Empresa 31115,202206,Não,Não,2022-06
Empresa 31116,202206,Sim,Sim,2022-06
Empresa 31117,202207,Não,Não,2022-07
Empresa 31118,202207,Não,Não,2022-07
Empresa 31119,202207,Não,Não,2022-07
Empresa 3112,202306,Não,Não,2023-06
Empresa 31120,202207,Não,Não,2022-07
Empresa 31121,202207,Não,Não,2022-07
Empresa 31122,202207,Não,Não,2022-07
Empresa 31123,202208,Não,Sim,2022-08
Empresa 31124,202208,Não,Não,2022-08
Empresa 31125,202208,Não,Não,2022-08
Empresa 31126,202208,Sim,Sim,2022-08
Empresa 31127,202208,Sim,Sim,2022-08
Empresa 31128,202208,Sim,Sim,2022-08
Empresa 31129,202208,Sim,Sim,2022-08
Empresa 3113,202101,Sim,Sim,2021-01
Empresa 31130,202208,Não,Sim,2022-08
Empresa 31131,202208,Sim,Sim,2022-08
Empresa 31132,202208,Sim,Sim,2022-08
Empresa 31134,202209,Sim,Sim,2022-09
Empresa 31137,202210,Não,Não,2022-10
Empresa 31138,202210,Não,Não,2022-10
Empresa 31139,202210,Sim,Sim,2022-10
Empresa 3114,202102,Sim,Sim,2021-02
Empresa 31140,202210,Não,Não,2022-10
Empresa 31141,202210,Não,Não,2022-10
Empresa 31142,202210,Não,Não,2022-10
Empresa 31143,202210,Não,Não,2022-10
Empresa 31144,202210,Não,Não,2022-10
Empresa 31145,202210,Não,Não,2022-10
Empresa 31146,202210,Não,Não,2022-10
Empresa 31147,202211,Não,Não,2022-11
Empresa 31148,202211,Não,Não,2022-11
Empresa 31149,202211,Não,Não,2022-11
Empresa 3115,201911,Sim,Sim,2019-11
Empresa 31150,202211,Não,Não,2022-11
Empresa 31151,202211,Não,Não,2022-11
Empresa 31155,202301,Não,Não,2023-01
Empresa 31156,202301,Não,Não,2023-01
Empresa 31157,202301,Não,Não,2023-01
Empresa 31158,202301,Não,Não,2023-01
Empresa 31159,202302,Não,Não,2023-02
Empresa 3116,201912,Sim,Sim,2019-12
Empresa 31160,202303,Não,Não,2023-03
Empresa 31161,202303,Não,Não,2023-03
Empresa 31162,202303,Não,Não,2023-03
Empresa 31163,202303,Não,Não,2023-03
Empresa 31164,202304,Não,Não,2023-04
Empresa 31165,202304,Não,Não,2023-04
Empresa 31166,202304,Não,Não,2023-04
Empresa 31167,202304,Não,Não,2023-04
Empresa 31168,202304,Não,Não,2023-04
Empresa 31169,202304,Não,Não,2023-04
Empresa 3117,201912,Sim,Sim,2019-12
Empresa 31170,202304,Não,Não,2023-04
Empresa 31171,202305,Não,Não,2023-05
Empresa 31172,202305,Não,Não,2023-05
Empresa 31173,202305,Não,Não,2023-05
Empresa 31174,202305,Não,Não,2023-05
Empresa 31175,202305,Não,Não,2023-05
Empresa 31176,202305,Não,Não,2023-05
Empresa 31177,202306,Não,Não,2023-06
Empresa 31178,202306,Não,Sim,2023-06
Empresa 31179,202306,Não,Não,2023-06
Empresa 3118,202208,Sim,Sim,2022-08
Empresa 31180,202306,Não,Não,2023-06
Empresa 31181,202306,Não,Não,2023-06
Empresa 31182,202306,Não,Não,2023-06
Empresa 31183,202306,Não,Não,2023-06
Empresa 31184,202306,Não,Não,2023-06
Empresa 31185,202306,Não,Não,2023-06
Empresa 31186,202306,Não,Não,2023-06
Empresa 31187,202307,Não,Não,2023-07
Empresa 31188,202307,Não,Sim,2023-07
Empresa 31189,202307,Não,Não,2023-07
Empresa 3119,202008,Sim,Sim,2020-08
Empresa 31190,202307,Não,Não,2023-07
Empresa 31191,202307,Não,Não,2023-07
Empresa 31192,202307,Não,Não,2023-07
Empresa 31193,202307,Não,Não,2023-07
Empresa 31194,202307,Não,Não,2023-07
Empresa 31195,202307,Não,Não,2023-07
Empresa 31196,202307,Não,Não,2023-07
Empresa 31197,202307,Não,Não,2023-07
Empresa 31198,202307,Não,Não,2023-07
Empresa 31199,202307,Não,Não,2023-07
Empresa 312,202203,Sim,Sim,2022-03
Empresa 3120,201912,Sim,Sim,2019-12
Empresa 31200,202307,Não,Não,2023-07
Empresa 31201,202307,Não,Não,2023-07
Empresa 31202,202307,Não,Não,2023-07
Empresa 31203,202308,Não,Não,2023-08
Empresa 31204,202308,Não,Não,2023-08
Empresa 31205,202308,Não,Não,2023-08
Empresa 31206,202308,Não,Não,2023-08
Empresa 31207,202308,Não,Não,2023-08
Empresa 31208,202308,Não,Não,2023-08
Empresa 31209,202308,Não,Não,2023-08
Empresa 3121,202001,Sim,Sim,2020-01
Empresa 31210,202308,Não,Não,2023-08
Empresa 31211,202308,Não,Não,2023-08
Empresa 31212,202308,Não,Não,2023-08
Empresa 31213,202308,Não,Não,2023-08
Empresa 31214,202308,Não,Não,2023-08
Empresa 31215,202309,Não,Não,2023-09
Empresa 31216,202309,Não,Não,2023-09
Empresa 31217,202309,Não,Não,2023-09
Empresa 31218,202309,Não,Não,2023-09
Empresa 31219,202309,Não,Não,2023-09
Empresa 3122,201911,Sim,Sim,2019-11
Empresa 31220,202309,Não,Não,2023-09
Empresa 31221,202309,Não,Não,2023-09
Empresa 31222,202309,Não,Não,2023-09
Empresa 31223,202309,Não,Não,2023-09
Empresa 31224,202310,Não,Não,2023-10
Empresa 31225,202310,Não,Não,2023-10
Empresa 31226,202310,Não,Não,2023-10
Empresa 31227,202310,Não,Sim,2023-10
Empresa 31228,202310,Não,Não,2023-10
Empresa 31229,202310,Não,Não,2023-10
Empresa 3123,201911,Sim,Sim,2019-11
Empresa 31230,202310,Não,Não,2023-10
Empresa 31231,202310,Não,Não,2023-10
Empresa 31232,202311,Não,Não,2023-11
Empresa 31233,202308,Não,Não,2023-08
Empresa 31234,202208,Não,Não,2022-08
Empresa 31235,202208,Não,Não,2022-08
Empresa 31236,202208,Não,Não,2022-08
Empresa 31237,202208,Sim,Sim,2022-08
Empresa 31238,202208,Sim,Sim,2022-08
Empresa 31239,202208,Sim,Sim,2022-08
Empresa 3124,202301,Sim,Sim,2023-01
Empresa 31240,202208,Sim,Sim,2022-08
Empresa 31242,202209,Não,Sim,2022-09
Empresa 31246,202209,Não,Sim,2022-09
Empresa 31248,202209,Sim,Sim,2022-09
Empresa 3125,201912,Sim,Sim,2019-12
Empresa 31250,202209,Sim,Sim,2022-09
Empresa 31251,202210,Não,Não,2022-10
Empresa 31252,202210,Sim,Sim,2022-10
Empresa 31253,202211,Não,Não,2022-11
Empresa 31254,202211,Não,Não,2022-11
Empresa 31255,202211,Não,Não,2022-11
Empresa 31256,202211,Não,Não,2022-11
Empresa 31259,202212,Não,Sim,2022-12
Empresa 3126,201912,Sim,Sim,2019-12
Empresa 31261,202212,Não,Sim,2022-12
Empresa 31263,202301,Não,Não,2023-01
Empresa 31264,202301,Não,Sim,2023-01
Empresa 31265,202301,Não,Não,2023-01
Empresa 31266,202301,Não,Sim,2023-01
Empresa 31267,202301,Não,Não,2023-01
Empresa 31268,202301,Não,Não,2023-01
Empresa 31269,202301,Não,Não,2023-01
Empresa 3127,202109,Sim,Sim,2021-09
Empresa 31270,202301,Não,Não,2023-01
Empresa 31271,202301,Não,Não,2023-01
Empresa 31272,202301,Não,Não,2023-01
Empresa 31273,202301,Não,Não,2023-01
Empresa 31274,202301,Não,Não,2023-01
Empresa 31275,202302,Não,Sim,2023-02
Empresa 31276,202302,Não,Não,2023-02
Empresa 31277,202302,Não,Não,2023-02
Empresa 31278,202302,Não,Não,2023-02
Empresa 31279,202302,Não,Sim,2023-02
Empresa 3128,202010,Sim,Sim,2020-10
Empresa 31280,202303,Não,Não,2023-03
Empresa 31281,202303,Não,Não,2023-03
Empresa 31282,202303,Não,Não,2023-03
Empresa 31283,202303,Não,Não,2023-03
Empresa 31284,202303,Não,Não,2023-03
Empresa 31285,202303,Não,Não,2023-03
Empresa 31286,202303,Não,Não,2023-03
Empresa 31287,202303,Não,Não,2023-03
Empresa 31288,202304,Não,Não,2023-04
Empresa 31289,202304,Não,Não,2023-04
Empresa 3129,202002,Sim,Sim,2020-02
Empresa 31290,202304,Não,Não,2023-04
Empresa 31291,202304,Não,Não,2023-04
Empresa 31292,202304,Não,Não,2023-04
Empresa 31293,202304,Não,Não,2023-04
Empresa 31294,202305,Não,Não,2023-05
Empresa 31295,202305,Não,Não,2023-05
Empresa 31296,202305,Não,Não,2023-05
Empresa 31297,202306,Não,Sim,2023-06
Empresa 31298,202306,Não,Não,2023-06
Empresa 31299,202306,Não,Não,2023-06
Empresa 313,202107,Sim,Sim,2021-07
Empresa 3130,202104,Sim,Sim,2021-04
Empresa 31300,202306,Não,Não,2023-06
Empresa 31301,202306,Não,Não,2023-06
Empresa 31302,202306,Não,Não,2023-06
Empresa 31303,202307,Não,Não,2023-07
Empresa 31304,202307,Não,Sim,2023-07
Empresa 31305,202307,Não,Não,2023-07
Empresa 31306,202307,Não,Não,2023-07
Empresa 31307,202307,Não,Não,2023-07
Empresa 31308,202307,Não,Não,2023-07
Empresa 31309,202307,Não,Não,2023-07
Empresa 3131,202201,Sim,Sim,2022-01
Empresa 31310,202307,Não,Sim,2023-07
Empresa 31311,202307,Não,Não,2023-07
Empresa 31312,202307,Não,Não,2023-07
Empresa 31313,202307,Não,Não,2023-07
Empresa 31314,202307,Não,Não,2023-07
Empresa 31315,202307,Não,Não,2023-07
Empresa 31316,202307,Não,Não,2023-07
Empresa 31317,202308,Não,Não,2023-08
Empresa 31318,202308,Não,Não,2023-08
Empresa 31319,202308,Não,Não,2023-08
Empresa 3132,201911,Sim,Sim,2019-11
Empresa 31320,202308,Não,Não,2023-08
Empresa 31321,202308,Não,Não,2023-08
Empresa 31322,202308,Não,Não,2023-08
Empresa 31323,202308,Não,Não,2023-08
Empresa 31324,202308,Não,Não,2023-08
Empresa 31325,202308,Não,Não,2023-08
Empresa 31326,202308,Não,Não,2023-08
Empresa 31327,202309,Não,Não,2023-09
Empresa 31328,202309,Não,Não,2023-09
Empresa 31329,202309,Não,Não,2023-09
Empresa 3133,202001,Sim,Sim,2020-01
Empresa 31330,202309,Não,Não,2023-09
Empresa 31331,202309,Não,Não,2023-09
Empresa 31332,202309,Não,Não,2023-09
Empresa 31333,202310,Não,Sim,2023-10
Empresa 31334,202310,Não,Não,2023-10
Empresa 31335,202310,Não,Não,2023-10
Empresa 31336,202310,Não,Não,2023-10
Empresa 31337,202310,Não,Não,2023-10
Empresa 31338,202310,Não,Não,2023-10
Empresa 31339,202310,Não,Não,2023-10
Empresa 3134,201912,Sim,Sim,2019-12
Empresa 31340,202310,Não,Não,2023-10
Empresa 31341,202311,Não,Não,2023-11
Empresa 31342,202311,Não,Não,2023-11
Empresa 31343,201910,Não,Não,2019-10
Empresa 31344,201911,Sim,Sim,2019-11
Empresa 31345,201911,Sim,Sim,2019-11
Empresa 31346,201911,Sim,Sim,2019-11
Empresa 31347,201911,Sim,Sim,2019-11
Empresa 31348,201911,Não,Não,2019-11
Empresa 31349,201911,Sim,Sim,2019-11
Empresa 3135,202101,Sim,Sim,2021-01
Empresa 31350,201912,Sim,Sim,2019-12
Empresa 31351,201912,Sim,Sim,2019-12
Empresa 31352,201912,Sim,Sim,2019-12
Empresa 31353,201912,Não,Não,2019-12
Empresa 31354,201912,Sim,Sim,2019-12
Empresa 31355,201912,Não,Não,2019-12
Empresa 31356,201912,Sim,Sim,2019-12
Empresa 31357,201912,Sim,Sim,2019-12
Empresa 31358,201912,Não,Não,2019-12
Empresa 31359,201912,Não,Não,2019-12
Empresa 3136,201912,Sim,Sim,2019-12
Empresa 31360,201912,Sim,Sim,2019-12
Empresa 31361,201912,Sim,Sim,2019-12
Empresa 31362,201912,Sim,Sim,2019-12
Empresa 31363,201912,Sim,Sim,2019-12
Empresa 31364,201912,Sim,Sim,2019-12
Empresa 31365,201912,Sim,Sim,2019-12
Empresa 31366,201912,Sim,Sim,2019-12
Empresa 31367,201912,Sim,Sim,2019-12
Empresa 31368,201912,Sim,Sim,2019-12
Empresa 31369,201912,Sim,Sim,2019-12
Empresa 3137,201912,Sim,Sim,2019-12
Empresa 31370,201912,Não,Sim,2019-12
Empresa 31371,201912,Não,Não,2019-12
Empresa 31372,201912,Não,Sim,2019-12
Empresa 31373,201912,Sim,Sim,2019-12
Empresa 31374,201912,Sim,Sim,2019-12
Empresa 31375,201912,Sim,Sim,2019-12
Empresa 31376,201912,Sim,Sim,2019-12
Empresa 31377,201912,Sim,Sim,2019-12
Empresa 31378,201912,Sim,Sim,2019-12
Empresa 31379,201912,Não,Não,2019-12
Empresa 3138,202109,Sim,Sim,2021-09
Empresa 31380,201912,Não,Não,2019-12
Empresa 31381,201912,Sim,Sim,2019-12
Empresa 31382,201912,Sim,Sim,2019-12
Empresa 31383,201912,Sim,Sim,2019-12
Empresa 31384,201912,Sim,Sim,2019-12
Empresa 31385,201912,Sim,Sim,2019-12
Empresa 31386,202001,Não,Não,2020-01
Empresa 31387,202001,Sim,Sim,2020-01
Empresa 31388,202001,Não,Não,2020-01
Empresa 31389,202001,Sim,Sim,2020-01
Empresa 3139,202205,Sim,Sim,2022-05
Empresa 31390,202001,Sim,Sim,2020-01
Empresa 31391,202001,Sim,Sim,2020-01
Empresa 31392,202001,Sim,Sim,2020-01
Empresa 31393,202001,Sim,Sim,2020-01
Empresa 31394,202001,Sim,Sim,2020-01
Empresa 31395,202001,Sim,Sim,2020-01
Empresa 31396,202001,Não,Não,2020-01
Empresa 31397,202001,Sim,Sim,2020-01
Empresa 31398,202001,Sim,Sim,2020-01
Empresa 31399,202001,Sim,Sim,2020-01
Empresa 314,202109,Sim,Sim,2021-09
Empresa 3140,202212,Sim,Sim,2022-12
Empresa 31400,202001,Sim,Sim,2020-01
Empresa 31401,202001,Sim,Sim,2020-01
Empresa 31402,202001,Sim,Sim,2020-01
Empresa 31403,202001,Sim,Sim,2020-01
Empresa 31404,202002,Sim,Sim,2020-02
Empresa 31405,202002,Sim,Sim,2020-02
Empresa 31406,202002,Sim,Sim,2020-02
Empresa 31407,202002,Não,Não,2020-02
Empresa 31408,202003,Não,Sim,2020-03
Empresa 31409,202003,Sim,Sim,2020-03
Empresa 3141,202202,Não,Não,2022-02
Empresa 31410,202003,Sim,Sim,2020-03
Empresa 31411,202004,Não,Não,2020-04
Empresa 31412,202004,Sim,Sim,2020-04
Empresa 31413,202004,Sim,Sim,2020-04
Empresa 31414,202004,Não,Não,2020-04
Empresa 31415,202004,Sim,Sim,2020-04
Empresa 31416,202004,Não,Não,2020-04
Empresa 31417,202004,Não,Sim,2020-04
Empresa 31418,202005,Sim,Sim,2020-05
Empresa 31419,202005,Não,Sim,2020-05
Empresa 3142,201912,Sim,Sim,2019-12
Empresa 31420,202005,Sim,Sim,2020-05
Empresa 31421,202005,Não,Não,2020-05
Empresa 31422,202005,Sim,Sim,2020-05
Empresa 31423,202005,Sim,Sim,2020-05
Empresa 31424,202005,Sim,Sim,2020-05
Empresa 31425,202006,Sim,Sim,2020-06
Empresa 31426,202006,Não,Não,2020-06
Empresa 31427,202006,Sim,Sim,2020-06
Empresa 31428,202006,Não,Sim,2020-06
Empresa 31429,202006,Sim,Sim,2020-06
Empresa 3143,201911,Sim,Sim,2019-11
Empresa 31430,202006,Não,Não,2020-06
Empresa 31431,202007,Sim,Sim,2020-07
Empresa 31432,202007,Não,Não,2020-07
Empresa 31433,202007,Não,Não,2020-07
Empresa 31434,202008,Não,Não,2020-08
Empresa 31435,202008,Sim,Sim,2020-08
Empresa 31436,202008,Não,Não,2020-08
Empresa 31437,202008,Não,Não,2020-08
Empresa 31438,202008,Não,Não,2020-08
Empresa 31439,202009,Não,Não,2020-09
Empresa 3144,202004,Sim,Sim,2020-04
Empresa 31440,202009,Não,Não,2020-09
Empresa 31441,202009,Não,Não,2020-09
Empresa 31442,202009,Não,Não,2020-09
Empresa 31443,202009,Não,Não,2020-09
Empresa 31444,202009,Não,Não,2020-09
Empresa 31445,202009,Sim,Sim,2020-09
Empresa 31446,202009,Sim,Sim,2020-09
Empresa 31447,202009,Não,Sim,2020-09
Empresa 31448,202010,Não,Não,2020-10
Empresa 31449,202010,Sim,Sim,2020-10
Empresa 3145,201912,Sim,Sim,2019-12
Empresa 31450,202010,Sim,Sim,2020-10
Empresa 31451,202010,Sim,Sim,2020-10
Empresa 31452,202010,Sim,Sim,2020-10
Empresa 31453,202010,Sim,Sim,2020-10
Empresa 31454,202010,Não,Não,2020-10
Empresa 31455,202011,Sim,Sim,2020-11
Empresa 31456,202011,Não,Não,2020-11
Empresa 31457,202011,Não,Não,2020-11
Empresa 31458,202011,Não,Sim,2020-11
Empresa 31459,202011,Não,Sim,2020-11
Empresa 3146,202001,Sim,Sim,2020-01
Empresa 31460,202011,Não,Não,2020-11
Empresa 31461,202011,Sim,Sim,2020-11
Empresa 31462,202011,Sim,Sim,2020-11
Empresa 31463,202012,Sim,Sim,2020-12
Empresa 31464,202012,Sim,Sim,2020-12
Empresa 31465,202012,Não,Não,2020-12
Empresa 31466,202012,Sim,Sim,2020-12
Empresa 31467,202012,Não,Não,2020-12
Empresa 31468,202101,Sim,Sim,2021-01
Empresa 31469,202101,Sim,Sim,2021-01
Empresa 3147,201912,Sim,Sim,2019-12
Empresa 31470,202101,Não,Não,2021-01
Empresa 31471,202102,Não,Não,2021-02
Empresa 31472,202102,Não,Sim,2021-02
Empresa 31473,202103,Não,Não,2021-03
Empresa 31474,202103,Não,Não,2021-03
Empresa 31475,202103,Sim,Sim,2021-03
Empresa 31476,202103,Não,Não,2021-03
Empresa 31477,202103,Não,Não,2021-03
Empresa 31478,202104,Não,Não,2021-04
Empresa 31479,202105,Sim,Sim,2021-05
Empresa 3148,201912,Sim,Sim,2019-12
Empresa 31480,202106,Sim,Sim,2021-06
Empresa 31481,202106,Sim,Sim,2021-06
Empresa 31482,202106,Sim,Sim,2021-06
Empresa 31483,202107,Não,Não,2021-07
Empresa 31484,202107,Não,Não,2021-07
Empresa 31485,202108,Sim,Sim,2021-08
Empresa 31486,202108,Não,Não,2021-08
Empresa 31487,202108,Sim,Sim,2021-08
Empresa 31488,202109,Sim,Sim,2021-09
Empresa 31489,202110,Não,Não,2021-10
Empresa 3149,202206,Sim,Sim,2022-06
Empresa 31490,202111,Não,Não,2021-11
Empresa 31491,202112,Sim,Sim,2021-12
Empresa 31492,202112,Sim,Sim,2021-12
Empresa 31493,202112,Não,Não,2021-12
Empresa 31494,202201,Sim,Sim,2022-01
Empresa 31495,202201,Não,Não,2022-01
Empresa 31496,202201,Não,Não,2022-01
Empresa 31497,202202,Não,Não,2022-02
Empresa 31498,202202,Não,Não,2022-02
Empresa 31499,202202,Sim,Sim,2022-02
Empresa 315,202204,Sim,Sim,2022-04
Empresa 3150,202007,Sim,Sim,2020-07
Empresa 31500,202203,Não,Não,2022-03
Empresa 31501,202203,Não,Não,2022-03
Empresa 31502,202204,Não,Não,2022-04
Empresa 31503,202204,Não,Não,2022-04
Empresa 31504,202205,Não,Não,2022-05
Empresa 31505,202205,Não,Não,2022-05
Empresa 31506,202205,Não,Não,2022-05
Empresa 31507,202205,Não,Não,2022-05
Empresa 31508,202208,Não,Não,2022-08
Empresa 31509,202208,Não,Não,2022-08
Empresa 3151,202104,Sim,Sim,2021-04
Empresa 31510,202208,Não,Não,2022-08
Empresa 31511,202208,Não,Não,2022-08
Empresa 31512,202208,Não,Não,2022-08
Empresa 31513,202208,Não,Não,2022-08
Empresa 31514,202210,Não,Não,2022-10
Empresa 31515,202211,Não,Não,2022-11
Empresa 31517,202301,Não,Não,2023-01
Empresa 31518,202303,Não,Não,2023-03
Empresa 31519,202303,Não,Não,2023-03
Empresa 3152,202108,Sim,Sim,2021-08
Empresa 31520,202303,Não,Não,2023-03
Empresa 31521,202303,Não,Não,2023-03
Empresa 31522,202304,Não,Não,2023-04
Empresa 31523,202304,Não,Não,2023-04
Empresa 31524,202304,Não,Não,2023-04
Empresa 31525,202304,Não,Não,2023-04
Empresa 31526,202304,Não,Não,2023-04
Empresa 31527,202305,Não,Não,2023-05
Empresa 31528,202305,Não,Não,2023-05
Empresa 31529,202306,Não,Não,2023-06
Empresa 3153,201912,Sim,Sim,2019-12
Empresa 31530,202306,Não,Não,2023-06
Empresa 31531,202306,Não,Não,2023-06
Empresa 31532,202306,Não,Não,2023-06
Empresa 31533,202306,Não,Não,2023-06
Empresa 31534,202306,Não,Não,2023-06
Empresa 31535,202306,Não,Não,2023-06
Empresa 31536,202306,Não,Não,2023-06
Empresa 31537,202307,Não,Não,2023-07
Empresa 31538,202307,Não,Não,2023-07
Empresa 31539,202307,Não,Não,2023-07
Empresa 3154,202209,Sim,Sim,2022-09
Empresa 31540,202308,Não,Não,2023-08
Empresa 31541,202308,Não,Não,2023-08
Empresa 31542,202308,Não,Não,2023-08
Empresa 31543,202308,Não,Não,2023-08
Empresa 31544,202308,Não,Não,2023-08
Empresa 31545,202308,Não,Não,2023-08
Empresa 31546,202308,Não,Não,2023-08
Empresa 31547,202308,Não,Não,2023-08
Empresa 31548,202310,Não,Não,2023-10
Empresa 31549,202311,Não,Não,2023-11
Empresa 3155,202004,Sim,Sim,2020-04
Empresa 31550,201907,Sim,Sim,2019-07
Empresa 31551,201907,Sim,Sim,2019-07
Empresa 31552,201907,Sim,Sim,2019-07
Empresa 31553,201907,Sim,Sim,2019-07
Empresa 31554,201907,Não,Sim,2019-07
Empresa 31555,201907,Sim,Sim,2019-07
Empresa 31556,201907,Sim,Sim,2019-07
Empresa 31557,201907,Sim,Sim,2019-07
Empresa 31558,201907,Sim,Sim,2019-07
Empresa 31559,201907,Sim,Sim,2019-07
Empresa 3156,202101,Sim,Sim,2021-01
Empresa 31560,201907,Não,Não,2019-07
Empresa 31561,201907,Sim,Sim,2019-07
Empresa 31562,201907,Sim,Sim,2019-07
Empresa 31563,201907,Sim,Sim,2019-07
Empresa 31564,201907,Sim,Sim,2019-07
Empresa 31565,201907,Sim,Sim,2019-07
Empresa 31566,201907,Sim,Sim,2019-07
Empresa 31567,201907,Não,Não,2019-07
Empresa 31568,201907,Sim,Sim,2019-07
Empresa 31569,201907,Sim,Sim,2019-07
Empresa 3157,202002,Sim,Sim,2020-02
Empresa 31570,201907,Não,Sim,2019-07
Empresa 31571,201907,Sim,Sim,2019-07
Empresa 31572,201907,Sim,Sim,2019-07
Empresa 31573,201907,Sim,Sim,2019-07
Empresa 31574,201907,Sim,Sim,2019-07
Empresa 31575,201907,Sim,Sim,2019-07
Empresa 31576,201907,Sim,Sim,2019-07
Empresa 31577,201907,Sim,Sim,2019-07
Empresa 31578,201907,Sim,Sim,2019-07
Empresa 31579,201907,Não,Não,2019-07
Empresa 3158,201912,Sim,Sim,2019-12
Empresa 31580,201907,Sim,Sim,2019-07
Empresa 31581,201907,Sim,Sim,2019-07
Empresa 31582,201907,Sim,Sim,2019-07
Empresa 31583,201907,Sim,Sim,2019-07
Empresa 31584,201907,Sim,Sim,2019-07
Empresa 31585,201907,Sim,Sim,2019-07
Empresa 31586,201907,Sim,Sim,2019-07
Empresa 31587,201907,Não,Não,2019-07
Empresa 31588,201907,Sim,Sim,2019-07
Empresa 31589,201907,Sim,Sim,2019-07
Empresa 3159,201912,Sim,Sim,2019-12
Empresa 31590,201907,Sim,Sim,2019-07
Empresa 31591,201908,Sim,Sim,2019-08
Empresa 31592,201908,Sim,Sim,2019-08
Empresa 31593,201908,Não,Não,2019-08
Empresa 31594,201908,Sim,Sim,2019-08
Empresa 31595,201908,Sim,Sim,2019-08
Empresa 31596,201908,Sim,Sim,2019-08
Empresa 31597,201908,Sim,Sim,2019-08
Empresa 31598,201908,Sim,Sim,2019-08
Empresa 31599,201908,Sim,Sim,2019-08
Empresa 316,202110,Sim,Sim,2021-10
Empresa 3160,202004,Sim,Sim,2020-04
Empresa 31600,201908,Sim,Sim,2019-08
Empresa 31601,201908,Sim,Sim,2019-08
Empresa 31602,201908,Sim,Sim,2019-08
Empresa 31603,201908,Sim,Sim,2019-08
Empresa 31604,201908,Sim,Sim,2019-08
Empresa 31605,201908,Não,Não,2019-08
Empresa 31606,201908,Sim,Sim,2019-08
Empresa 31607,201908,Sim,Sim,2019-08
Empresa 31608,201908,Sim,Sim,2019-08
Empresa 31609,201908,Sim,Sim,2019-08
Empresa 3161,202108,Não,Não,2021-08
Empresa 31610,201908,Sim,Sim,2019-08
Empresa 31611,201909,Sim,Sim,2019-09
Empresa 31612,201909,Sim,Sim,2019-09
Empresa 31613,201909,Não,Sim,2019-09
Empresa 31614,201909,Sim,Sim,2019-09
Empresa 31615,201909,Não,Sim,2019-09
Empresa 31616,201909,Sim,Sim,2019-09
Empresa 31617,201909,Sim,Sim,2019-09
Empresa 31618,201909,Sim,Sim,2019-09
Empresa 31619,201909,Sim,Sim,2019-09
Empresa 3162,201912,Sim,Sim,2019-12
Empresa 31620,201909,Não,Não,2019-09
Empresa 31621,201909,Sim,Sim,2019-09
Empresa 31622,201909,Sim,Sim,2019-09
Empresa 31623,201909,Sim,Sim,2019-09
Empresa 31624,201909,Sim,Sim,2019-09
Empresa 31625,201909,Sim,Sim,2019-09
Empresa 31626,201909,Sim,Sim,2019-09
Empresa 31627,201909,Sim,Sim,2019-09
Empresa 31628,201909,Sim,Sim,2019-09
Empresa 31629,201909,Não,Não,2019-09
Empresa 3163,201912,Sim,Sim,2019-12
Empresa 31630,201910,Não,Não,2019-10
Empresa 31631,201910,Sim,Sim,2019-10
Empresa 31632,201910,Sim,Sim,2019-10
Empresa 31633,201910,Sim,Sim,2019-10
Empresa 31634,201910,Sim,Sim,2019-10
Empresa 31635,201910,Sim,Sim,2019-10
Empresa 31636,201910,Sim,Sim,2019-10
Empresa 31637,201910,Sim,Sim,2019-10
Empresa 31638,201910,Sim,Sim,2019-10
Empresa 31639,201910,Sim,Sim,2019-10
Empresa 3164,202011,Sim,Sim,2020-11
Empresa 31640,201910,Sim,Sim,2019-10
Empresa 31641,201910,Sim,Sim,2019-10
Empresa 31642,201910,Sim,Sim,2019-10
Empresa 31643,201911,Sim,Sim,2019-11
Empresa 31644,201911,Sim,Sim,2019-11
Empresa 31645,201911,Sim,Sim,2019-11
Empresa 31646,201911,Sim,Sim,2019-11
Empresa 31647,201911,Não,Sim,2019-11
Empresa 31648,201912,Sim,Sim,2019-12
Empresa 31649,201912,Sim,Sim,2019-12
Empresa 3165,202007,Sim,Sim,2020-07
Empresa 31650,201912,Não,Não,2019-12
Empresa 31651,201912,Sim,Sim,2019-12
Empresa 31652,201912,Sim,Sim,2019-12
Empresa 31653,201912,Sim,Sim,2019-12
Empresa 31654,201912,Sim,Sim,2019-12
Empresa 31655,201912,Sim,Sim,2019-12
Empresa 31656,201912,Sim,Sim,2019-12
Empresa 31657,201912,Sim,Sim,2019-12
Empresa 31658,202001,Não,Não,2020-01
Empresa 31659,202001,Sim,Sim,2020-01
Empresa 31660,202001,Sim,Sim,2020-01
Empresa 31661,202001,Sim,Sim,2020-01
Empresa 31662,202001,Sim,Sim,2020-01
Empresa 31663,202001,Sim,Sim,2020-01
Empresa 31664,202001,Não,Sim,2020-01
Empresa 31665,202001,Não,Não,2020-01
Empresa 31666,202001,Sim,Sim,2020-01
Empresa 31667,202001,Sim,Sim,2020-01
Empresa 31668,202001,Não,Não,2020-01
Empresa 31669,202001,Sim,Sim,2020-01
Empresa 3167,202012,Sim,Sim,2020-12
Empresa 31670,202002,Sim,Sim,2020-02
Empresa 31671,202002,Sim,Sim,2020-02
Empresa 31672,202002,Sim,Sim,2020-02
Empresa 31673,202002,Sim,Sim,2020-02
Empresa 31674,202002,Sim,Sim,2020-02
Empresa 31675,202002,Sim,Sim,2020-02
Empresa 31676,202003,Sim,Sim,2020-03
Empresa 31677,202003,Sim,Sim,2020-03
Empresa 31678,202003,Sim,Sim,2020-03
Empresa 31679,202003,Sim,Sim,2020-03
Empresa 3168,202008,Sim,Sim,2020-08
Empresa 31680,202003,Sim,Sim,2020-03
Empresa 31681,202003,Sim,Sim,2020-03
Empresa 31682,202003,Não,Não,2020-03
Empresa 31683,202003,Sim,Sim,2020-03
Empresa 31684,202003,Sim,Sim,2020-03
Empresa 31685,202003,Sim,Sim,2020-03
Empresa 31686,202003,Sim,Sim,2020-03
Empresa 31687,202003,Não,Não,2020-03
Empresa 31688,202003,Sim,Sim,2020-03
Empresa 31689,202003,Sim,Sim,2020-03
Empresa 3169,202005,Sim,Sim,2020-05
Empresa 31690,202003,Sim,Sim,2020-03
Empresa 31691,202004,Não,Não,2020-04
Empresa 31692,202004,Não,Não,2020-04
Empresa 31693,202004,Não,Sim,2020-04
Empresa 31694,202004,Sim,Sim,2020-04
Empresa 31695,202004,Sim,Sim,2020-04
Empresa 31696,202004,Não,Não,2020-04
Empresa 31697,202004,Sim,Sim,2020-04
Empresa 31698,202004,Não,Sim,2020-04
Empresa 31699,202004,Não,Não,2020-04
Empresa 317,202105,Sim,Sim,2021-05
Empresa 3170,201912,Sim,Sim,2019-12
Empresa 31700,202004,Sim,Sim,2020-04
Empresa 31701,202004,Sim,Sim,2020-04
Empresa 31702,202004,Sim,Sim,2020-04
Empresa 31703,202005,Não,Sim,2020-05
Empresa 31704,202005,Não,Sim,2020-05
Empresa 31705,202005,Sim,Sim,2020-05
Empresa 31706,202005,Sim,Sim,2020-05
Empresa 31707,202005,Sim,Sim,2020-05
Empresa 31708,202005,Sim,Sim,2020-05
Empresa 31709,202005,Sim,Sim,2020-05
Empresa 3171,201912,Sim,Sim,2019-12
Empresa 31710,202005,Sim,Sim,2020-05
Empresa 31711,202005,Sim,Sim,2020-05
Empresa 31712,202005,Sim,Sim,2020-05
Empresa 31713,202005,Sim,Sim,2020-05
Empresa 31714,202005,Sim,Sim,2020-05
Empresa 31715,202005,Sim,Sim,2020-05
Empresa 31716,202005,Não,Não,2020-05
Empresa 31717,202005,Não,Sim,2020-05
Empresa 31718,202005,Sim,Sim,2020-05
Empresa 31719,202006,Não,Não,2020-06
Empresa 3172,201912,Sim,Sim,2019-12
Empresa 31720,202006,Sim,Sim,2020-06
Empresa 31721,202006,Não,Não,2020-06
Empresa 31722,202006,Sim,Sim,2020-06
Empresa 31723,202006,Sim,Sim,2020-06
Empresa 31724,202006,Não,Não,2020-06
Empresa 31725,202006,Sim,Sim,2020-06
Empresa 31726,202006,Sim,Sim,2020-06
Empresa 31727,202006,Sim,Sim,2020-06
Empresa 31728,202006,Sim,Sim,2020-06
Empresa 31729,202006,Sim,Sim,2020-06
Empresa 3173,201912,Sim,Sim,2019-12
Empresa 31730,202006,Sim,Sim,2020-06
Empresa 31731,202006,Não,Não,2020-06
Empresa 31732,202006,Sim,Sim,2020-06
Empresa 31733,202006,Sim,Sim,2020-06
Empresa 31734,202006,Não,Não,2020-06
Empresa 31735,202006,Não,Não,2020-06
Empresa 31736,202006,Não,Não,2020-06
Empresa 31737,202006,Sim,Sim,2020-06
Empresa 31738,202006,Não,Não,2020-06
Empresa 31739,202007,Sim,Sim,2020-07
Empresa 3174,202207,Sim,Sim,2022-07
Empresa 31740,202007,Sim,Sim,2020-07
Empresa 31741,202007,Sim,Sim,2020-07
Empresa 31742,202007,Sim,Sim,2020-07
Empresa 31743,202007,Não,Não,2020-07
Empresa 31744,202007,Não,Não,2020-07
Empresa 31745,202007,Sim,Sim,2020-07
Empresa 31746,202007,Sim,Sim,2020-07
Empresa 31747,202007,Sim,Sim,2020-07
Empresa 31748,202007,Sim,Sim,2020-07
Empresa 31749,202007,Sim,Sim,2020-07
Empresa 3175,202202,Sim,Sim,2022-02
Empresa 31750,202007,Não,Não,2020-07
Empresa 31751,202008,Sim,Sim,2020-08
Empresa 31752,202008,Sim,Sim,2020-08
Empresa 31753,202008,Não,Sim,2020-08
Empresa 31754,202008,Não,Não,2020-08
Empresa 31755,202008,Sim,Sim,2020-08
Empresa 31756,202008,Sim,Sim,2020-08
Empresa 31757,202008,Não,Não,2020-08
Empresa 31758,202008,Não,Sim,2020-08
Empresa 31759,202008,Sim,Sim,2020-08
Empresa 3176,202008,Sim,Sim,2020-08
Empresa 31760,202008,Sim,Sim,2020-08
Empresa 31761,202008,Não,Não,2020-08
Empresa 31762,202009,Sim,Sim,2020-09
Empresa 31763,202009,Sim,Sim,2020-09
Empresa 31764,202009,Sim,Sim,2020-09
Empresa 31765,202010,Não,Não,2020-10
Empresa 31766,202010,Não,Sim,2020-10
Empresa 31767,202010,Sim,Sim,2020-10
Empresa 31768,202010,Não,Não,2020-10
Empresa 31769,202010,Não,Sim,2020-10
Empresa 3177,202202,Sim,Sim,2022-02
Empresa 31770,202010,Sim,Sim,2020-10
Empresa 31771,202011,Sim,Sim,2020-11
Empresa 31772,202011,Sim,Sim,2020-11
Empresa 31773,202011,Não,Sim,2020-11
Empresa 31774,202012,Não,Não,2020-12
Empresa 31775,202012,Sim,Sim,2020-12
Empresa 31776,202012,Sim,Sim,2020-12
Empresa 31777,202012,Sim,Sim,2020-12
Empresa 31778,202012,Não,Não,2020-12
Empresa 31779,202101,Sim,Sim,2021-01
Empresa 3178,201912,Sim,Sim,2019-12
Empresa 31780,202102,Não,Não,2021-02
Empresa 31781,202102,Não,Não,2021-02
Empresa 31782,202103,Sim,Sim,2021-03
Empresa 31783,202103,Não,Não,2021-03
Empresa 31784,202104,Não,Não,2021-04
Empresa 31785,202105,Não,Não,2021-05
Empresa 31786,202105,Sim,Sim,2021-05
Empresa 31787,202106,Não,Não,2021-06
Empresa 31788,202108,Não,Não,2021-08
Empresa 31789,202109,Não,Sim,2021-09
Empresa 3179,202009,Sim,Sim,2020-09
Empresa 31790,202109,Não,Não,2021-09
Empresa 31791,202109,Não,Não,2021-09
Empresa 31792,202110,Sim,Sim,2021-10
Empresa 31793,202111,Não,Não,2021-11
Empresa 31794,202111,Sim,Sim,2021-11
Empresa 31795,202111,Sim,Sim,2021-11
Empresa 31796,202111,Não,Não,2021-11
Empresa 31797,202112,Sim,Sim,2021-12
Empresa 31798,202112,Sim,Sim,2021-12
Empresa 31799,202112,Sim,Sim,2021-12
Empresa 318,202111,Sim,Sim,2021-11
Empresa 3180,201911,Sim,Sim,2019-11
Empresa 31800,202201,Sim,Sim,2022-01
Empresa 31801,202201,Sim,Sim,2022-01
Empresa 31802,202202,Não,Não,2022-02
Empresa 31803,202202,Não,Não,2022-02
Empresa 31804,202202,Não,Não,2022-02
Empresa 31805,202203,Não,Não,2022-03
Empresa 31806,202203,Não,Não,2022-03
Empresa 31807,202203,Sim,Sim,2022-03
Empresa 31808,202204,Sim,Sim,2022-04
Empresa 31809,202204,Não,Não,2022-04
Empresa 3181,202110,Sim,Sim,2021-10
Empresa 31810,202204,Sim,Sim,2022-04
Empresa 31811,202206,Sim,Sim,2022-06
Empresa 31812,202207,Não,Não,2022-07
Empresa 31813,202208,Sim,Sim,2022-08
Empresa 31814,202208,Não,Não,2022-08
Empresa 31815,202209,Não,Sim,2022-09
Empresa 31818,202302,Não,Não,2023-02
Empresa 31819,202302,Não,Não,2023-02
Empresa 3182,202201,Não,Não,2022-01
Empresa 31820,202302,Não,Não,2023-02
Empresa 31821,202302,Não,Não,2023-02
Empresa 31822,202303,Não,Não,2023-03
Empresa 31823,202303,Não,Não,2023-03
Empresa 31824,202303,Não,Não,2023-03
Empresa 31825,202309,Não,Não,2023-09
Empresa 31826,202310,Não,Não,2023-10
Empresa 31827,202310,Não,Não,2023-10
Empresa 31828,202310,Não,Não,2023-10
Empresa 31829,202203,Sim,Sim,2022-03
Empresa 3183,202008,Sim,Sim,2020-08
Empresa 31830,202203,Sim,Sim,2022-03
Empresa 31831,202204,Sim,Sim,2022-04
Empresa 31832,202204,Não,Não,2022-04
Empresa 31833,202204,Não,Não,2022-04
Empresa 31834,202204,Não,Não,2022-04
Empresa 31835,202204,Sim,Sim,2022-04
Empresa 31836,202204,Não,Não,2022-04
Empresa 31837,202205,Não,Não,2022-05
Empresa 31838,202205,Sim,Sim,2022-05
Empresa 31839,202205,Não,Não,2022-05
Empresa 3184,202111,Sim,Sim,2021-11
Empresa 31840,202206,Sim,Sim,2022-06
Empresa 31841,202209,Sim,Sim,2022-09
Empresa 31842,202301,Não,Não,2023-01
Empresa 31843,202306,Não,Não,2023-06
Empresa 31844,202309,Não,Não,2023-09
Empresa 31845,202310,Não,Não,2023-10
Empresa 31846,202207,Não,Não,2022-07
Empresa 31847,202302,Não,Não,2023-02
Empresa 31848,202308,Não,Não,2023-08
Empresa 31849,202310,Não,Não,2023-10
Empresa 3185,201912,Sim,Sim,2019-12
Empresa 31850,202310,Não,Não,2023-10
Empresa 31851,202310,Não,Não,2023-10
Empresa 31852,202310,Não,Sim,2023-10
Empresa 31853,202310,Não,Não,2023-10
Empresa 31854,202310,Não,Não,2023-10
Empresa 31855,202310,Não,Não,2023-10
Empresa 31856,202310,Não,Não,2023-10
Empresa 31857,202310,Não,Não,2023-10
Empresa 31858,202310,Não,Não,2023-10
Empresa 31859,202310,Não,Não,2023-10
Empresa 3186,202004,Sim,Sim,2020-04
Empresa 31860,202310,Não,Não,2023-10
Empresa 31861,202310,Não,Não,2023-10
Empresa 31862,202310,Não,Não,2023-10
Empresa 31863,202310,Não,Não,2023-10
Empresa 31864,202310,Não,Não,2023-10
Empresa 31865,202310,Não,Não,2023-10
Empresa 31866,202310,Não,Não,2023-10
Empresa 31867,202310,Não,Não,2023-10
Empresa 31868,202310,Não,Não,2023-10
Empresa 31869,202310,Não,Não,2023-10
Empresa 3187,201912,Sim,Sim,2019-12
Empresa 31870,202310,Não,Não,2023-10
Empresa 31871,202310,Não,Sim,2023-10
Empresa 31872,202311,Não,Não,2023-11
Empresa 31873,202311,Não,Sim,2023-11
Empresa 31874,202008,Sim,Sim,2020-08
Empresa 31875,202008,Sim,Sim,2020-08
Empresa 31876,202008,Sim,Sim,2020-08
Empresa 31877,202009,Sim,Sim,2020-09
Empresa 31878,202009,Sim,Sim,2020-09
Empresa 31879,202009,Sim,Sim,2020-09
Empresa 3188,202108,Sim,Sim,2021-08
Empresa 31880,202011,Sim,Sim,2020-11
Empresa 31881,202012,Não,Não,2020-12
Empresa 31882,202103,Não,Não,2021-03
Empresa 31883,202103,Não,Não,2021-03
Empresa 31884,202103,Não,Não,2021-03
Empresa 31885,202103,Não,Não,2021-03
Empresa 31886,202103,Não,Não,2021-03
Empresa 31887,202103,Sim,Sim,2021-03
Empresa 31888,202105,Sim,Sim,2021-05
Empresa 31889,202108,Não,Não,2021-08
Empresa 3189,202102,Sim,Sim,2021-02
Empresa 31890,202108,Não,Não,2021-08
Empresa 31891,202111,Não,Não,2021-11
Empresa 31892,202111,Não,Não,2021-11
Empresa 31893,202111,Não,Não,2021-11
Empresa 31894,202111,Não,Não,2021-11
Empresa 31895,202112,Não,Não,2021-12
Empresa 31896,202201,Não,Não,2022-01
Empresa 31897,202202,Não,Não,2022-02
Empresa 31898,202203,Não,Não,2022-03
Empresa 31899,202204,Não,Não,2022-04
Empresa 319,202207,Sim,Sim,2022-07
Empresa 3190,202005,Sim,Sim,2020-05
Empresa 31900,202204,Não,Não,2022-04
Empresa 31901,202204,Não,Sim,2022-04
Empresa 31902,202205,Não,Não,2022-05
Empresa 31903,202205,Não,Não,2022-05
Empresa 31904,202205,Não,Não,2022-05
Empresa 31905,202205,Não,Não,2022-05
Empresa 31906,202206,Não,Não,2022-06
Empresa 31907,202206,Não,Não,2022-06
Empresa 31908,202207,Não,Não,2022-07
Empresa 31909,202207,Não,Não,2022-07
Empresa 3191,202301,Sim,Sim,2023-01
Empresa 31910,202207,Não,Não,2022-07
Empresa 31911,202207,Não,Não,2022-07
Empresa 31912,202208,Não,Não,2022-08
Empresa 31914,202210,Não,Não,2022-10
Empresa 31915,202211,Não,Não,2022-11
Empresa 31917,202301,Não,Não,2023-01
Empresa 31918,202302,Não,Não,2023-02
Empresa 31919,202304,Não,Não,2023-04
Empresa 3192,202009,Sim,Sim,2020-09
Empresa 31920,202307,Não,Não,2023-07
Empresa 31921,202308,Não,Não,2023-08
Empresa 31922,202008,Sim,Sim,2020-08
Empresa 31923,202008,Sim,Sim,2020-08
Empresa 31924,202008,Sim,Sim,2020-08
Empresa 31925,202008,Sim,Sim,2020-08
Empresa 31926,202008,Sim,Sim,2020-08
Empresa 31927,202008,Sim,Sim,2020-08
Empresa 31928,202008,Não,Não,2020-08
Empresa 31929,202008,Sim,Sim,2020-08
Empresa 3193,202012,Sim,Sim,2020-12
Empresa 31930,202008,Sim,Sim,2020-08
Empresa 31931,202008,Não,Não,2020-08
Empresa 31932,202008,Não,Não,2020-08
Empresa 31933,202008,Não,Não,2020-08
Empresa 31934,202008,Não,Não,2020-08
Empresa 31935,202009,Sim,Sim,2020-09
Empresa 31936,202009,Sim,Sim,2020-09
Empresa 31937,202009,Sim,Sim,2020-09
Empresa 31938,202009,Sim,Sim,2020-09
Empresa 31939,202009,Não,Sim,2020-09
Empresa 3194,202105,Sim,Sim,2021-05
Empresa 31940,202009,Sim,Sim,2020-09
Empresa 31941,202009,Sim,Sim,2020-09
Empresa 31942,202009,Não,Sim,2020-09
Empresa 31943,202009,Não,Não,2020-09
Empresa 31944,202009,Sim,Sim,2020-09
Empresa 31945,202009,Não,Não,2020-09
Empresa 31946,202009,Não,Sim,2020-09
Empresa 31947,202009,Sim,Sim,2020-09
Empresa 31948,202009,Sim,Sim,2020-09
Empresa 31949,202009,Não,Não,2020-09
Empresa 3195,202212,Sim,Sim,2022-12
Empresa 31950,202009,Sim,Sim,2020-09
Empresa 31951,202009,Sim,Sim,2020-09
Empresa 31952,202009,Não,Não,2020-09
Empresa 31953,202009,Sim,Sim,2020-09
Empresa 31954,202009,Sim,Sim,2020-09
Empresa 31955,202009,Sim,Sim,2020-09
Empresa 31956,202009,Sim,Sim,2020-09
Empresa 31957,202009,Sim,Sim,2020-09
Empresa 31958,202009,Sim,Sim,2020-09
Empresa 31959,202009,Sim,Sim,2020-09
Empresa 3196,202308,Não,Não,2023-08
Empresa 31960,202009,Não,Não,2020-09
Empresa 31961,202009,Não,Não,2020-09
Empresa 31962,202009,Não,Não,2020-09
Empresa 31963,202009,Não,Não,2020-09
Empresa 31964,202009,Sim,Sim,2020-09
Empresa 31965,202009,Não,Não,2020-09
Empresa 31966,202009,Não,Não,2020-09
Empresa 31967,202009,Não,Sim,2020-09
Empresa 31968,202009,Sim,Sim,2020-09
Empresa 31969,202009,Sim,Sim,2020-09
Empresa 3197,202001,Sim,Sim,2020-01
Empresa 31970,202009,Sim,Sim,2020-09
Empresa 31971,202009,Sim,Sim,2020-09
Empresa 31972,202009,Sim,Sim,2020-09
Empresa 31973,202009,Sim,Sim,2020-09
Empresa 31974,202009,Sim,Sim,2020-09
Empresa 31975,202009,Sim,Sim,2020-09
Empresa 31976,202009,Sim,Sim,2020-09
Empresa 31977,202009,Não,Não,2020-09
Empresa 31978,202009,Sim,Sim,2020-09
Empresa 31979,202009,Sim,Sim,2020-09
Empresa 3198,202107,Sim,Sim,2021-07
Empresa 31980,202009,Sim,Sim,2020-09
Empresa 31981,202009,Sim,Sim,2020-09
Empresa 31982,202009,Sim,Sim,2020-09
Empresa 31983,202009,Sim,Sim,2020-09
Empresa 31984,202009,Sim,Sim,2020-09
Empresa 31985,202009,Sim,Sim,2020-09
Empresa 31986,202009,Sim,Sim,2020-09
Empresa 31987,202009,Sim,Sim,2020-09
Empresa 31988,202009,Não,Sim,2020-09
Empresa 31989,202009,Não,Sim,2020-09
Empresa 3199,202112,Sim,Sim,2021-12
Empresa 31990,202009,Sim,Sim,2020-09
Empresa 31991,202009,Sim,Sim,2020-09
Empresa 31992,202009,Sim,Sim,2020-09
Empresa 31993,202010,Sim,Sim,2020-10
Empresa 31994,202010,Não,Sim,2020-10
Empresa 31995,202010,Não,Sim,2020-10
Empresa 31996,202010,Não,Sim,2020-10
Empresa 31997,202010,Sim,Sim,2020-10
Empresa 31998,202010,Sim,Sim,2020-10
Empresa 31999,202010,Sim,Sim,2020-10
Empresa 32,202207,Sim,Sim,2022-07
Empresa 320,202111,Sim,Sim,2021-11
Empresa 3200,202201,Sim,Sim,2022-01
Empresa 32000,202010,Sim,Sim,2020-10
Empresa 32001,202010,Sim,Sim,2020-10
Empresa 32002,202010,Não,Sim,2020-10
Empresa 32003,202010,Não,Sim,2020-10
Empresa 32004,202010,Sim,Sim,2020-10
Empresa 32005,202010,Sim,Sim,2020-10
Empresa 32006,202010,Sim,Sim,2020-10
Empresa 32007,202010,Sim,Sim,2020-10
Empresa 32008,202010,Sim,Sim,2020-10
Empresa 32009,202010,Sim,Sim,2020-10
Empresa 3201,202203,Sim,Sim,2022-03
Empresa 32010,202010,Não,Sim,2020-10
Empresa 32011,202011,Sim,Sim,2020-11
Empresa 32012,202011,Sim,Sim,2020-11
Empresa 32013,202011,Sim,Sim,2020-11
Empresa 32014,202011,Sim,Sim,2020-11
Empresa 32015,202011,Sim,Sim,2020-11
Empresa 32016,202011,Não,Sim,2020-11
Empresa 32017,202011,Sim,Sim,2020-11
Empresa 32018,202011,Sim,Sim,2020-11
Empresa 32019,202011,Sim,Sim,2020-11
Empresa 3202,202004,Sim,Sim,2020-04
Empresa 32020,202011,Não,Sim,2020-11
Empresa 32021,202012,Sim,Sim,2020-12
Empresa 32022,202012,Sim,Sim,2020-12
Empresa 32023,202012,Sim,Sim,2020-12
Empresa 32024,202012,Sim,Sim,2020-12
Empresa 32025,202012,Sim,Sim,2020-12
Empresa 32026,202012,Sim,Sim,2020-12
Empresa 32027,202012,Sim,Sim,2020-12
Empresa 32028,202101,Sim,Sim,2021-01
Empresa 32029,202102,Sim,Sim,2021-02
Empresa 3203,202201,Não,Não,2022-01
Empresa 32030,202102,Sim,Sim,2021-02
Empresa 32031,202102,Não,Sim,2021-02
Empresa 32032,202102,Não,Sim,2021-02
Empresa 32033,202103,Não,Sim,2021-03
Empresa 32034,202103,Sim,Sim,2021-03
Empresa 32035,202103,Sim,Sim,2021-03
Empresa 32036,202104,Sim,Sim,2021-04
Empresa 32037,202104,Não,Sim,2021-04
Empresa 32038,202104,Sim,Sim,2021-04
Empresa 32039,202104,Sim,Sim,2021-04
Empresa 3204,202006,Sim,Sim,2020-06
Empresa 32040,202104,Sim,Sim,2021-04
Empresa 32041,202105,Sim,Sim,2021-05
Empresa 32042,202105,Sim,Sim,2021-05
Empresa 32043,202105,Sim,Sim,2021-05
Empresa 32044,202106,Sim,Sim,2021-06
Empresa 32045,202106,Sim,Sim,2021-06
Empresa 32046,202106,Sim,Sim,2021-06
Empresa 32047,202106,Sim,Sim,2021-06
Empresa 32048,202106,Sim,Sim,2021-06
Empresa 32049,202106,Sim,Sim,2021-06
Empresa 3205,201911,Sim,Sim,2019-11
Empresa 32050,202106,Sim,Sim,2021-06
Empresa 32051,202106,Sim,Sim,2021-06
Empresa 32052,202106,Sim,Sim,2021-06
Empresa 32053,202107,Não,Não,2021-07
Empresa 32054,202107,Sim,Sim,2021-07
Empresa 32055,202107,Sim,Sim,2021-07
Empresa 32056,202107,Não,Não,2021-07
Empresa 32057,202107,Não,Não,2021-07
Empresa 32058,202107,Sim,Sim,2021-07
Empresa 32059,202107,Não,Sim,2021-07
Empresa 3206,202009,Sim,Sim,2020-09
Empresa 32060,202107,Sim,Sim,2021-07
Empresa 32061,202107,Não,Não,2021-07
Empresa 32062,202107,Sim,Sim,2021-07
Empresa 32063,202107,Sim,Sim,2021-07
Empresa 32064,202107,Não,Não,2021-07
Empresa 32065,202108,Não,Não,2021-08
Empresa 32066,202108,Sim,Sim,2021-08
Empresa 32067,202108,Sim,Sim,2021-08
Empresa 32068,202108,Não,Não,2021-08
Empresa 32069,202108,Sim,Sim,2021-08
Empresa 3207,202001,Sim,Sim,2020-01
Empresa 32070,202109,Sim,Sim,2021-09
Empresa 32071,202109,Sim,Sim,2021-09
Empresa 32072,202109,Não,Sim,2021-09
Empresa 32073,202109,Sim,Sim,2021-09
Empresa 32074,202109,Sim,Sim,2021-09
Empresa 32075,202109,Não,Não,2021-09
Empresa 32076,202110,Sim,Sim,2021-10
Empresa 32077,202110,Sim,Sim,2021-10
Empresa 32078,202111,Sim,Sim,2021-11
Empresa 32079,202111,Sim,Sim,2021-11
Empresa 3208,202209,Sim,Sim,2022-09
Empresa 32080,202111,Não,Não,2021-11
Empresa 32081,202111,Não,Sim,2021-11
Empresa 32082,202111,Não,Não,2021-11
Empresa 32083,202111,Sim,Sim,2021-11
Empresa 32084,202112,Sim,Sim,2021-12
Empresa 32085,202112,Não,Não,2021-12
Empresa 32086,202112,Sim,Sim,2021-12
Empresa 32087,202112,Sim,Sim,2021-12
Empresa 32088,202112,Sim,Sim,2021-12
Empresa 32089,202112,Sim,Sim,2021-12
Empresa 3209,202005,Sim,Sim,2020-05
Empresa 32090,202112,Sim,Sim,2021-12
Empresa 32091,202112,Sim,Sim,2021-12
Empresa 32092,202112,Não,Sim,2021-12
Empresa 32093,202201,Sim,Sim,2022-01
Empresa 32094,202201,Sim,Sim,2022-01
Empresa 32095,202201,Sim,Sim,2022-01
Empresa 32096,202201,Sim,Sim,2022-01
Empresa 32097,202201,Não,Não,2022-01
Empresa 32098,202201,Sim,Sim,2022-01
Empresa 32099,202202,Não,Sim,2022-02
Empresa 321,202010,Sim,Sim,2020-10
Empresa 3210,201912,Sim,Sim,2019-12
Empresa 32100,202202,Sim,Sim,2022-02
Empresa 32101,202202,Não,Sim,2022-02
Empresa 32102,202202,Sim,Sim,2022-02
Empresa 32103,202202,Não,Não,2022-02
Empresa 32104,202203,Não,Não,2022-03
Empresa 32105,202203,Sim,Sim,2022-03
Empresa 32106,202203,Sim,Sim,2022-03
Empresa 32107,202204,Não,Não,2022-04
Empresa 32108,202204,Sim,Sim,2022-04
Empresa 32109,202204,Não,Não,2022-04
Empresa 3211,202108,Sim,Sim,2021-08
Empresa 32110,202204,Não,Sim,2022-04
Empresa 32111,202204,Sim,Sim,2022-04
Empresa 32112,202205,Sim,Sim,2022-05
Empresa 32113,202205,Não,Não,2022-05
Empresa 32114,202205,Sim,Sim,2022-05
Empresa 32115,202205,Não,Não,2022-05
Empresa 32116,202205,Sim,Sim,2022-05
Empresa 32117,202205,Sim,Sim,2022-05
Empresa 32118,202205,Sim,Sim,2022-05
Empresa 32119,202206,Sim,Sim,2022-06
Empresa 3212,201912,Sim,Sim,2019-12
Empresa 32120,202206,Não,Sim,2022-06
Empresa 32121,202206,Sim,Sim,2022-06
Empresa 32122,202206,Sim,Sim,2022-06
Empresa 32123,202206,Não,Sim,2022-06
Empresa 32124,202206,Sim,Sim,2022-06
Empresa 32125,202206,Não,Sim,2022-06
Empresa 32126,202208,Não,Sim,2022-08
Empresa 32127,202208,Sim,Sim,2022-08
Empresa 32128,202208,Não,Não,2022-08
Empresa 32129,202208,Sim,Sim,2022-08
Empresa 3213,201911,Sim,Sim,2019-11
Empresa 32130,202209,Sim,Sim,2022-09
Empresa 32131,202210,Sim,Sim,2022-10
Empresa 32132,202210,Não,Sim,2022-10
Empresa 32133,202210,Sim,Sim,2022-10
Empresa 32134,202210,Não,Sim,2022-10
Empresa 32135,202210,Sim,Sim,2022-10
Empresa 32136,202210,Não,Sim,2022-10
Empresa 32137,202211,Não,Não,2022-11
Empresa 32138,202211,Não,Não,2022-11
Empresa 32139,202211,Não,Não,2022-11
Empresa 3214,202106,Sim,Sim,2021-06
Empresa 32140,202211,Não,Sim,2022-11
Empresa 32141,202211,Não,Não,2022-11
Empresa 32142,202211,Não,Não,2022-11
Empresa 32144,202212,Sim,Sim,2022-12
Empresa 32145,202212,Sim,Sim,2022-12
Empresa 32146,202212,Sim,Sim,2022-12
Empresa 32149,202212,Não,Sim,2022-12
Empresa 3215,201912,Sim,Sim,2019-12
Empresa 32150,202301,Não,Não,2023-01
Empresa 32151,202301,Não,Sim,2023-01
Empresa 32152,202302,Não,Não,2023-02
Empresa 32153,202302,Não,Não,2023-02
Empresa 32154,202302,Não,Não,2023-02
Empresa 32155,202302,Não,Não,2023-02
Empresa 32156,202302,Não,Não,2023-02
Empresa 32157,202302,Não,Não,2023-02
Empresa 32158,202303,Não,Não,2023-03
Empresa 32159,202303,Não,Não,2023-03
Empresa 3216,201912,Sim,Sim,2019-12
Empresa 32160,202303,Não,Não,2023-03
Empresa 32161,202303,Não,Não,2023-03
Empresa 32162,202303,Não,Não,2023-03
Empresa 32163,202304,Não,Sim,2023-04
Empresa 32164,202304,Não,Não,2023-04
Empresa 32165,202305,Não,Não,2023-05
Empresa 32166,202305,Não,Não,2023-05
Empresa 32167,202306,Não,Não,2023-06
Empresa 32168,202306,Não,Não,2023-06
Empresa 32169,202306,Não,Não,2023-06
Empresa 3217,202105,Não,Não,2021-05
Empresa 32170,202306,Não,Não,2023-06
Empresa 32171,202306,Não,Não,2023-06
Empresa 32172,202308,Não,Não,2023-08
Empresa 32173,202308,Não,Não,2023-08
Empresa 32174,202308,Não,Não,2023-08
Empresa 32175,202308,Não,Não,2023-08
Empresa 32176,202309,Não,Não,2023-09
Empresa 32177,202309,Não,Não,2023-09
Empresa 32178,202309,Não,Não,2023-09
Empresa 32179,202309,Não,Não,2023-09
Empresa 3218,201910,Sim,Sim,2019-10
Empresa 32180,202309,Não,Não,2023-09
Empresa 32181,202309,Não,Não,2023-09
Empresa 32182,202309,Não,Não,2023-09
Empresa 32183,202309,Não,Não,2023-09
Empresa 32184,202310,Não,Não,2023-10
Empresa 32185,202310,Não,Não,2023-10
Empresa 32186,202310,Não,Não,2023-10
Empresa 32187,202310,Não,Não,2023-10
Empresa 32188,202310,Não,Não,2023-10
Empresa 32189,202311,Não,Não,2023-11
Empresa 3219,202001,Sim,Sim,2020-01
Empresa 32190,202206,Sim,Sim,2022-06
Empresa 32191,202301,Não,Não,2023-01
Empresa 32192,202302,Não,Não,2023-02
Empresa 32193,202307,Não,Não,2023-07
Empresa 32194,202311,Não,Não,2023-11
Empresa 32195,201811,Sim,Sim,2018-11
Empresa 32196,201901,Sim,Sim,2019-01
Empresa 32197,201901,Sim,Sim,2019-01
Empresa 32198,201902,Sim,Sim,2019-02
Empresa 32199,201902,Sim,Sim,2019-02
Empresa 322,202010,Sim,Sim,2020-10
Empresa 3220,201911,Sim,Sim,2019-11
Empresa 32200,201904,Não,Não,2019-04
Empresa 32201,201905,Sim,Sim,2019-05
Empresa 32202,201905,Não,Não,2019-05
Empresa 32203,201905,Não,Não,2019-05
Empresa 32204,201905,Não,Sim,2019-05
Empresa 32205,201905,Não,Não,2019-05
Empresa 32206,201905,Não,Não,2019-05
Empresa 32207,201905,Sim,Sim,2019-05
Empresa 32208,201905,Não,Sim,2019-05
Empresa 32209,201905,Não,Não,2019-05
Empresa 3221,202203,Sim,Sim,2022-03
Empresa 32210,201905,Não,Não,2019-05
Empresa 32211,201905,Não,Sim,2019-05
Empresa 32212,201905,Não,Sim,2019-05
Empresa 32213,201905,Não,Não,2019-05
Empresa 32214,201905,Sim,Sim,2019-05
Empresa 32215,201905,Sim,Sim,2019-05
Empresa 32216,201905,Não,Não,2019-05
Empresa 32217,201905,Não,Sim,2019-05
Empresa 32218,201905,Não,Não,2019-05
Empresa 32219,201905,Não,Não,2019-05
Empresa 3222,202005,Não,Não,2020-05
Empresa 32220,201905,Não,Não,2019-05
Empresa 32221,201905,Não,Não,2019-05
Empresa 32222,201905,Sim,Sim,2019-05
Empresa 32223,201905,Não,Não,2019-05
Empresa 32224,201905,Sim,Sim,2019-05
Empresa 32225,201905,Não,Não,2019-05
Empresa 32226,201905,Não,Sim,2019-05
Empresa 32227,201905,Não,Sim,2019-05
Empresa 32228,201905,Não,Não,2019-05
Empresa 32229,201905,Não,Não,2019-05
Empresa 3223,202307,Não,Não,2023-07
Empresa 32230,201905,Não,Não,2019-05
Empresa 32231,201905,Sim,Sim,2019-05
Empresa 32232,201905,Não,Não,2019-05
Empresa 32233,201905,Não,Não,2019-05
Empresa 32234,201905,Não,Não,2019-05
Empresa 32235,201905,Não,Não,2019-05
Empresa 32236,201906,Sim,Sim,2019-06
Empresa 32237,201906,Sim,Sim,2019-06
Empresa 32238,201907,Sim,Sim,2019-07
Empresa 32239,201908,Sim,Sim,2019-08
Empresa 3224,202002,Sim,Sim,2020-02
Empresa 32240,201908,Não,Sim,2019-08
Empresa 32241,201909,Não,Não,2019-09
Empresa 32242,201911,Sim,Sim,2019-11
Empresa 32243,201912,Não,Não,2019-12
Empresa 32244,202001,Sim,Sim,2020-01
Empresa 32245,202001,Sim,Sim,2020-01
Empresa 32246,202002,Sim,Sim,2020-02
Empresa 32247,202002,Sim,Sim,2020-02
Empresa 32248,202003,Não,Sim,2020-03
Empresa 32249,202008,Não,Não,2020-08
Empresa 3225,202003,Sim,Sim,2020-03
Empresa 32250,202011,Sim,Sim,2020-11
Empresa 32251,202104,Sim,Sim,2021-04
Empresa 32252,202107,Sim,Sim,2021-07
Empresa 32253,202111,Sim,Sim,2021-11
Empresa 32254,202205,Sim,Sim,2022-05
Empresa 32255,202205,Não,Sim,2022-05
Empresa 32256,202208,Não,Não,2022-08
Empresa 32257,202211,Não,Não,2022-11
Empresa 32258,202211,Sim,Sim,2022-11
Empresa 32259,202301,Não,Não,2023-01
Empresa 3226,201912,Sim,Sim,2019-12
Empresa 32260,202302,Não,Não,2023-02
Empresa 32261,202309,Não,Não,2023-09
Empresa 32262,202309,Não,Não,2023-09
Empresa 32263,202310,Não,Não,2023-10
Empresa 32264,202004,Sim,Sim,2020-04
Empresa 32265,202005,Não,Não,2020-05
Empresa 32266,202006,Sim,Sim,2020-06
Empresa 32267,202006,Sim,Sim,2020-06
Empresa 32268,202006,Sim,Sim,2020-06
Empresa 32269,202007,Sim,Sim,2020-07
Empresa 3227,201912,Sim,Sim,2019-12
Empresa 32270,202008,Sim,Sim,2020-08
Empresa 32271,202008,Sim,Sim,2020-08
Empresa 32272,202010,Sim,Sim,2020-10
Empresa 32273,202012,Sim,Sim,2020-12
Empresa 32274,202101,Não,Sim,2021-01
Empresa 32275,202101,Não,Não,2021-01
Empresa 32276,202101,Sim,Sim,2021-01
Empresa 32277,202102,Sim,Sim,2021-02
Empresa 32278,202102,Sim,Sim,2021-02
Empresa 32279,202103,Não,Não,2021-03
Empresa 3228,201912,Sim,Sim,2019-12
Empresa 32280,202103,Sim,Sim,2021-03
Empresa 32281,202104,Sim,Sim,2021-04
Empresa 32282,202104,Sim,Sim,2021-04
Empresa 32283,202105,Sim,Sim,2021-05
Empresa 32284,202105,Não,Não,2021-05
Empresa 32285,202105,Sim,Sim,2021-05
Empresa 32286,202105,Não,Não,2021-05
Empresa 32287,202105,Sim,Sim,2021-05
Empresa 32288,202105,Não,Não,2021-05
Empresa 32289,202105,Sim,Sim,2021-05
Empresa 3229,202101,Não,Não,2021-01
Empresa 32290,202106,Não,Não,2021-06
Empresa 32291,202106,Sim,Sim,2021-06
Empresa 32292,202106,Sim,Sim,2021-06
Empresa 32293,202106,Não,Não,2021-06
Empresa 32294,202107,Não,Sim,2021-07
Empresa 32295,202107,Sim,Sim,2021-07
Empresa 32296,202107,Não,Não,2021-07
Empresa 32297,202107,Sim,Sim,2021-07
Empresa 32298,202108,Não,Não,2021-08
Empresa 32299,202108,Sim,Sim,2021-08
Empresa 323,202203,Sim,Sim,2022-03
Empresa 3230,202001,Sim,Sim,2020-01
Empresa 32300,202108,Sim,Sim,2021-08
Empresa 32301,202108,Sim,Sim,2021-08
Empresa 32302,202109,Não,Sim,2021-09
Empresa 32303,202109,Sim,Sim,2021-09
Empresa 32304,202109,Sim,Sim,2021-09
Empresa 32305,202110,Sim,Sim,2021-10
Empresa 32306,202111,Sim,Sim,2021-11
Empresa 32307,202111,Sim,Sim,2021-11
Empresa 32308,202111,Sim,Sim,2021-11
Empresa 32309,202112,Não,Não,2021-12
Empresa 3231,202205,Sim,Sim,2022-05
Empresa 32310,202112,Não,Não,2021-12
Empresa 32311,202112,Não,Não,2021-12
Empresa 32312,202201,Não,Não,2022-01
Empresa 32313,202202,Não,Não,2022-02
Empresa 32314,202204,Sim,Sim,2022-04
Empresa 32315,202205,Não,Não,2022-05
Empresa 32316,202205,Sim,Sim,2022-05
Empresa 32317,202209,Sim,Sim,2022-09
Empresa 32318,202211,Sim,Sim,2022-11
Empresa 32319,202302,Não,Não,2023-02
Empresa 3232,202001,Sim,Sim,2020-01
Empresa 32320,202111,Não,Não,2021-11
Empresa 32321,202111,Sim,Sim,2021-11
Empresa 32322,202111,Sim,Sim,2021-11
Empresa 32323,202111,Sim,Sim,2021-11
Empresa 32324,202111,Não,Sim,2021-11
Empresa 32325,202111,Não,Não,2021-11
Empresa 32326,202111,Não,Não,2021-11
Empresa 32327,202111,Sim,Sim,2021-11
Empresa 32328,202111,Sim,Sim,2021-11
Empresa 32329,202111,Sim,Sim,2021-11
Empresa 3233,202302,Sim,Sim,2023-02
Empresa 32330,202111,Não,Não,2021-11
Empresa 32331,202111,Sim,Sim,2021-11
Empresa 32332,202111,Não,Não,2021-11
Empresa 32333,202111,Não,Não,2021-11
Empresa 32334,202112,Sim,Sim,2021-12
Empresa 32335,202112,Não,Não,2021-12
Empresa 32336,202112,Não,Não,2021-12
Empresa 32337,202112,Sim,Sim,2021-12
Empresa 32338,202112,Sim,Sim,2021-12
Empresa 32339,202112,Sim,Sim,2021-12
Empresa 3234,202007,Sim,Sim,2020-07
Empresa 32340,202112,Não,Não,2021-12
Empresa 32341,202112,Sim,Sim,2021-12
Empresa 32342,202112,Sim,Sim,2021-12
Empresa 32343,202112,Sim,Sim,2021-12
Empresa 32344,202112,Não,Não,2021-12
Empresa 32345,202112,Sim,Sim,2021-12
Empresa 32346,202112,Sim,Sim,2021-12
Empresa 32347,202112,Sim,Sim,2021-12
Empresa 32348,202112,Não,Não,2021-12
Empresa 32349,202112,Não,Não,2021-12
Empresa 3235,201912,Sim,Sim,2019-12
Empresa 32350,202112,Sim,Sim,2021-12
Empresa 32351,202112,Sim,Sim,2021-12
Empresa 32352,202201,Sim,Sim,2022-01
Empresa 32353,202201,Sim,Sim,2022-01
Empresa 32354,202202,Sim,Sim,2022-02
Empresa 32355,202202,Sim,Sim,2022-02
Empresa 32356,202202,Sim,Sim,2022-02
Empresa 32357,202203,Sim,Sim,2022-03
Empresa 32358,202203,Sim,Sim,2022-03
Empresa 32359,202203,Não,Não,2022-03
Empresa 3236,201912,Sim,Sim,2019-12
Empresa 32360,202203,Sim,Sim,2022-03
Empresa 32361,202203,Sim,Sim,2022-03
Empresa 32362,202203,Não,Não,2022-03
Empresa 32363,202204,Sim,Sim,2022-04
Empresa 32364,202204,Sim,Sim,2022-04
Empresa 32365,202204,Não,Sim,2022-04
Empresa 32366,202204,Sim,Sim,2022-04
Empresa 32367,202204,Sim,Sim,2022-04
Empresa 32368,202204,Sim,Sim,2022-04
Empresa 32369,202204,Sim,Sim,2022-04
Empresa 3237,202001,Sim,Sim,2020-01
Empresa 32370,202204,Sim,Sim,2022-04
Empresa 32371,202205,Não,Não,2022-05
Empresa 32372,202205,Sim,Sim,2022-05
Empresa 32373,202205,Não,Não,2022-05
Empresa 32374,202205,Sim,Sim,2022-05
Empresa 32375,202205,Não,Não,2022-05
Empresa 32376,202206,Sim,Sim,2022-06
Empresa 32377,202206,Sim,Sim,2022-06
Empresa 32378,202207,Sim,Sim,2022-07
Empresa 32379,202207,Não,Não,2022-07
Empresa 3238,201912,Sim,Sim,2019-12
Empresa 32380,202207,Sim,Sim,2022-07
Empresa 32381,202207,Sim,Sim,2022-07
Empresa 32382,202207,Sim,Sim,2022-07
Empresa 32383,202207,Não,Não,2022-07
Empresa 32384,202208,Não,Não,2022-08
Empresa 32385,202208,Não,Não,2022-08
Empresa 32386,202209,Não,Sim,2022-09
Empresa 32389,202210,Não,Não,2022-10
Empresa 3239,202002,Sim,Sim,2020-02
Empresa 32390,202211,Não,Não,2022-11
Empresa 32391,202303,Não,Não,2023-03
Empresa 32392,202303,Não,Não,2023-03
Empresa 32393,202306,Não,Não,2023-06
Empresa 32394,202306,Não,Não,2023-06
Empresa 32395,202308,Não,Não,2023-08
Empresa 32396,202308,Não,Não,2023-08
Empresa 32397,202309,Não,Não,2023-09
Empresa 32398,202310,Não,Não,2023-10
Empresa 32399,202310,Não,Não,2023-10
Empresa 324,202109,Sim,Sim,2021-09
Empresa 3240,202107,Sim,Sim,2021-07
Empresa 32400,202104,Sim,Sim,2021-04
Empresa 32401,202105,Não,Sim,2021-05
Empresa 32402,202105,Sim,Sim,2021-05
Empresa 32403,202105,Sim,Sim,2021-05
Empresa 32404,202105,Sim,Sim,2021-05
Empresa 32405,202105,Sim,Sim,2021-05
Empresa 32406,202105,Sim,Sim,2021-05
Empresa 32407,202105,Sim,Sim,2021-05
Empresa 32408,202106,Não,Sim,2021-06
Empresa 32409,202106,Sim,Sim,2021-06
Empresa 3241,202011,Sim,Sim,2020-11
Empresa 32410,202106,Não,Sim,2021-06
Empresa 32411,202106,Sim,Sim,2021-06
Empresa 32412,202106,Sim,Sim,2021-06
Empresa 32413,202106,Não,Não,2021-06
Empresa 32414,202106,Sim,Sim,2021-06
Empresa 32415,202106,Sim,Sim,2021-06
Empresa 32416,202107,Não,Sim,2021-07
Empresa 32417,202107,Sim,Sim,2021-07
Empresa 32418,202108,Não,Sim,2021-08
Empresa 32419,202108,Sim,Sim,2021-08
Empresa 3242,202111,Sim,Sim,2021-11
Empresa 32420,202108,Não,Não,2021-08
Empresa 32421,202108,Não,Sim,2021-08
Empresa 32422,202108,Sim,Sim,2021-08
Empresa 32423,202109,Não,Sim,2021-09
Empresa 32424,202109,Não,Não,2021-09
Empresa 32425,202109,Sim,Sim,2021-09
Empresa 32426,202109,Não,Sim,2021-09
Empresa 32427,202109,Sim,Sim,2021-09
Empresa 32428,202111,Sim,Sim,2021-11
Empresa 32429,202111,Sim,Sim,2021-11
Empresa 3243,202204,Sim,Sim,2022-04
Empresa 32430,202112,Não,Sim,2021-12
Empresa 32431,202112,Sim,Sim,2021-12
Empresa 32432,202112,Sim,Sim,2021-12
Empresa 32433,202201,Não,Sim,2022-01
Empresa 32434,202202,Sim,Sim,2022-02
Empresa 32435,202204,Não,Não,2022-04
Empresa 32436,202205,Sim,Sim,2022-05
Empresa 32437,202207,Sim,Sim,2022-07
Empresa 32438,202208,Sim,Sim,2022-08
Empresa 32439,202209,Sim,Sim,2022-09
Empresa 3244,201911,Sim,Sim,2019-11
Empresa 32440,202209,Sim,Sim,2022-09
Empresa 32441,202209,Não,Sim,2022-09
Empresa 32443,202210,Sim,Sim,2022-10
Empresa 32444,202212,Não,Sim,2022-12
Empresa 32445,202303,Não,Não,2023-03
Empresa 32446,202304,Não,Não,2023-04
Empresa 32447,202305,Não,Não,2023-05
Empresa 32448,202305,Não,Não,2023-05
Empresa 32449,202308,Não,Não,2023-08
Empresa 3245,202004,Sim,Sim,2020-04
Empresa 32450,202310,Não,Não,2023-10
Empresa 32451,202310,Não,Não,2023-10
Empresa 32452,202007,Sim,Sim,2020-07
Empresa 32453,202007,Não,Sim,2020-07
Empresa 32454,202007,Não,Sim,2020-07
Empresa 32455,202007,Não,Não,2020-07
Empresa 32456,202008,Sim,Sim,2020-08
Empresa 32457,202008,Sim,Sim,2020-08
Empresa 32458,202009,Sim,Sim,2020-09
Empresa 32459,202009,Sim,Sim,2020-09
Empresa 3246,201912,Sim,Sim,2019-12
Empresa 32460,202009,Não,Não,2020-09
Empresa 32461,202009,Sim,Sim,2020-09
Empresa 32462,202009,Não,Não,2020-09
Empresa 32463,202009,Não,Não,2020-09
Empresa 32464,202009,Sim,Sim,2020-09
Empresa 32465,202010,Não,Sim,2020-10
Empresa 32466,202012,Sim,Sim,2020-12
Empresa 32467,202012,Não,Sim,2020-12
Empresa 32468,202012,Sim,Sim,2020-12
Empresa 32469,202101,Sim,Sim,2021-01
Empresa 3247,202111,Sim,Sim,2021-11
Empresa 32470,202102,Sim,Sim,2021-02
Empresa 32471,202102,Sim,Sim,2021-02
Empresa 32472,202103,Sim,Sim,2021-03
Empresa 32473,202104,Não,Sim,2021-04
Empresa 32474,202104,Não,Não,2021-04
Empresa 32475,202104,Sim,Sim,2021-04
Empresa 32476,202104,Sim,Sim,2021-04
Empresa 32477,202104,Sim,Sim,2021-04
Empresa 32478,202107,Sim,Sim,2021-07
Empresa 32479,202107,Sim,Sim,2021-07
Empresa 3248,202206,Não,Não,2022-06
Empresa 32480,202109,Sim,Sim,2021-09
Empresa 32481,202110,Sim,Sim,2021-10
Empresa 32482,202110,Sim,Sim,2021-10
Empresa 32483,202111,Sim,Sim,2021-11
Empresa 32484,202111,Sim,Sim,2021-11
Empresa 32485,202112,Não,Não,2021-12
Empresa 32486,202112,Sim,Sim,2021-12
Empresa 32487,202112,Não,Não,2021-12
Empresa 32488,202112,Sim,Sim,2021-12
Empresa 32489,202203,Não,Não,2022-03
Empresa 3249,202107,Sim,Sim,2021-07
Empresa 32490,202203,Sim,Sim,2022-03
Empresa 32491,202204,Não,Sim,2022-04
Empresa 32492,202204,Não,Não,2022-04
Empresa 32494,202212,Sim,Sim,2022-12
Empresa 32495,202212,Sim,Sim,2022-12
Empresa 32496,202212,Sim,Sim,2022-12
Empresa 32499,202302,Não,Não,2023-02
Empresa 325,202109,Sim,Sim,2021-09
Empresa 3250,201912,Sim,Sim,2019-12
Empresa 32500,202305,Não,Não,2023-05
Empresa 32501,202310,Não,Não,2023-10
Empresa 32502,202109,Sim,Sim,2021-09
Empresa 32503,202110,Sim,Sim,2021-10
Empresa 32504,202110,Sim,Sim,2021-10
Empresa 32505,202110,Sim,Sim,2021-10
Empresa 32506,202110,Sim,Sim,2021-10
Empresa 32507,202110,Sim,Sim,2021-10
Empresa 32508,202110,Sim,Sim,2021-10
Empresa 32509,202110,Sim,Sim,2021-10
Empresa 3251,202001,Sim,Sim,2020-01
Empresa 32510,202110,Sim,Sim,2021-10
Empresa 32511,202110,Sim,Sim,2021-10
Empresa 32512,202111,Sim,Sim,2021-11
Empresa 32513,202111,Sim,Sim,2021-11
Empresa 32514,202111,Sim,Sim,2021-11
Empresa 32515,202111,Sim,Sim,2021-11
Empresa 32516,202111,Sim,Sim,2021-11
Empresa 32517,202111,Sim,Sim,2021-11
Empresa 32518,202111,Não,Não,2021-11
Empresa 32519,202111,Sim,Sim,2021-11
Empresa 3252,201911,Sim,Sim,2019-11
Empresa 32520,202111,Sim,Sim,2021-11
Empresa 32521,202112,Não,Não,2021-12
Empresa 32522,202112,Não,Não,2021-12
Empresa 32523,202112,Sim,Sim,2021-12
Empresa 32524,202201,Sim,Sim,2022-01
Empresa 32525,202202,Sim,Sim,2022-02
Empresa 32526,202202,Sim,Sim,2022-02
Empresa 32527,202203,Sim,Sim,2022-03
Empresa 32528,202203,Sim,Sim,2022-03
Empresa 32529,202203,Não,Não,2022-03
Empresa 3253,202211,Sim,Sim,2022-11
Empresa 32530,202203,Não,Não,2022-03
Empresa 32531,202203,Sim,Sim,2022-03
Empresa 32532,202206,Sim,Sim,2022-06
Empresa 32533,202206,Não,Não,2022-06
Empresa 32534,202207,Não,Não,2022-07
Empresa 32535,202207,Não,Não,2022-07
Empresa 32536,202210,Não,Não,2022-10
Empresa 32537,202211,Sim,Sim,2022-11
Empresa 32538,202211,Não,Não,2022-11
Empresa 32539,202211,Sim,Sim,2022-11
Empresa 3254,202203,Sim,Sim,2022-03
Empresa 32540,202211,Sim,Sim,2022-11
Empresa 32541,202212,Sim,Sim,2022-12
Empresa 32543,202301,Não,Não,2023-01
Empresa 32544,202301,Não,Não,2023-01
Empresa 32545,202307,Não,Não,2023-07
Empresa 32546,202308,Não,Não,2023-08
Empresa 32547,202007,Não,Não,2020-07
Empresa 32548,202007,Não,Sim,2020-07
Empresa 32549,202007,Sim,Sim,2020-07
Empresa 3255,202308,Não,Sim,2023-08
Empresa 32550,202007,Não,Não,2020-07
Empresa 32551,202008,Sim,Sim,2020-08
Empresa 32552,202009,Sim,Sim,2020-09
Empresa 32553,202009,Sim,Sim,2020-09
Empresa 32554,202009,Não,Sim,2020-09
Empresa 32555,202009,Não,Sim,2020-09
Empresa 32556,202009,Sim,Sim,2020-09
Empresa 32557,202009,Sim,Sim,2020-09
Empresa 32558,202009,Não,Sim,2020-09
Empresa 32559,202009,Não,Sim,2020-09
Empresa 3256,202203,Sim,Sim,2022-03
Empresa 32560,202009,Não,Sim,2020-09
Empresa 32561,202009,Sim,Sim,2020-09
Empresa 32562,202009,Sim,Sim,2020-09
Empresa 32563,202009,Não,Sim,2020-09
Empresa 32564,202009,Sim,Sim,2020-09
Empresa 32565,202009,Não,Sim,2020-09
Empresa 32566,202009,Não,Sim,2020-09
Empresa 32567,202009,Não,Sim,2020-09
Empresa 32568,202009,Não,Sim,2020-09
Empresa 32569,202009,Sim,Sim,2020-09
Empresa 3257,202203,Sim,Sim,2022-03
Empresa 32570,202009,Sim,Sim,2020-09
Empresa 32571,202009,Não,Sim,2020-09
Empresa 32572,202009,Sim,Sim,2020-09
Empresa 32573,202009,Não,Sim,2020-09
Empresa 32574,202009,Não,Sim,2020-09
Empresa 32575,202009,Não,Sim,2020-09
Empresa 32576,202009,Sim,Sim,2020-09
Empresa 32577,202009,Sim,Sim,2020-09
Empresa 32578,202009,Não,Sim,2020-09
Empresa 32579,202009,Não,Não,2020-09
Empresa 3258,202302,Sim,Sim,2023-02
Empresa 32580,202009,Não,Não,2020-09
Empresa 32581,202009,Não,Sim,2020-09
Empresa 32582,202009,Sim,Sim,2020-09
Empresa 32583,202009,Não,Sim,2020-09
Empresa 32584,202009,Não,Sim,2020-09
Empresa 32585,202009,Não,Sim,2020-09
Empresa 32586,202009,Sim,Sim,2020-09
Empresa 32587,202009,Não,Sim,2020-09
Empresa 32588,202009,Não,Sim,2020-09
Empresa 32589,202009,Não,Sim,2020-09
Empresa 3259,202302,Sim,Sim,2023-02
Empresa 32590,202009,Não,Sim,2020-09
Empresa 32591,202009,Não,Sim,2020-09
Empresa 32592,202009,Sim,Sim,2020-09
Empresa 32593,202009,Não,Não,2020-09
Empresa 32594,202009,Sim,Sim,2020-09
Empresa 32595,202009,Não,Sim,2020-09
Empresa 32596,202009,Sim,Sim,2020-09
Empresa 32597,202009,Sim,Sim,2020-09
Empresa 32598,202009,Sim,Sim,2020-09
Empresa 32599,202009,Sim,Sim,2020-09
Empresa 326,202303,Sim,Sim,2023-03
Empresa 3260,202001,Sim,Sim,2020-01
Empresa 32600,202009,Não,Sim,2020-09
Empresa 32601,202009,Sim,Sim,2020-09
Empresa 32602,202009,Não,Sim,2020-09
Empresa 32603,202009,Sim,Sim,2020-09
Empresa 32604,202009,Não,Sim,2020-09
Empresa 32605,202009,Não,Sim,2020-09
Empresa 32606,202009,Não,Sim,2020-09
Empresa 32607,202009,Sim,Sim,2020-09
Empresa 32608,202009,Não,Sim,2020-09
Empresa 32609,202009,Não,Não,2020-09
Empresa 3261,202005,Sim,Sim,2020-05
Empresa 32610,202009,Não,Sim,2020-09
Empresa 32611,202009,Não,Sim,2020-09
Empresa 32612,202009,Não,Sim,2020-09
Empresa 32613,202009,Não,Sim,2020-09
Empresa 32614,202009,Não,Sim,2020-09
Empresa 32615,202009,Sim,Sim,2020-09
Empresa 32616,202010,Não,Não,2020-10
Empresa 32617,202010,Não,Não,2020-10
Empresa 32618,202010,Não,Sim,2020-10
Empresa 32619,202010,Sim,Sim,2020-10
Empresa 3262,202302,Não,Não,2023-02
Empresa 32620,202010,Não,Não,2020-10
Empresa 32621,202010,Sim,Sim,2020-10
Empresa 32622,202010,Sim,Sim,2020-10
Empresa 32623,202010,Sim,Sim,2020-10
Empresa 32624,202010,Sim,Sim,2020-10
Empresa 32625,202010,Não,Não,2020-10
Empresa 32626,202010,Sim,Sim,2020-10
Empresa 32627,202010,Não,Sim,2020-10
Empresa 32628,202010,Sim,Sim,2020-10
Empresa 32629,202010,Sim,Sim,2020-10
Empresa 3263,202110,Sim,Sim,2021-10
Empresa 32630,202010,Sim,Sim,2020-10
Empresa 32631,202010,Sim,Sim,2020-10
Empresa 32632,202010,Não,Sim,2020-10
Empresa 32633,202010,Não,Sim,2020-10
Empresa 32634,202010,Não,Sim,2020-10
Empresa 32635,202010,Não,Sim,2020-10
Empresa 32636,202010,Não,Sim,2020-10
Empresa 32637,202010,Sim,Sim,2020-10
Empresa 32638,202010,Não,Sim,2020-10
Empresa 32639,202010,Sim,Sim,2020-10
Empresa 3264,201912,Sim,Sim,2019-12
Empresa 32640,202010,Sim,Sim,2020-10
Empresa 32641,202010,Não,Sim,2020-10
Empresa 32642,202010,Sim,Sim,2020-10
Empresa 32643,202010,Não,Sim,2020-10
Empresa 32644,202010,Sim,Sim,2020-10
Empresa 32645,202010,Sim,Sim,2020-10
Empresa 32646,202010,Não,Sim,2020-10
Empresa 32647,202010,Não,Sim,2020-10
Empresa 32648,202010,Não,Sim,2020-10
Empresa 32649,202010,Sim,Sim,2020-10
Empresa 3265,202108,Sim,Sim,2021-08
Empresa 32650,202010,Sim,Sim,2020-10
Empresa 32651,202010,Sim,Sim,2020-10
Empresa 32652,202010,Não,Não,2020-10
Empresa 32653,202010,Não,Não,2020-10
Empresa 32654,202010,Não,Sim,2020-10
Empresa 32655,202010,Sim,Sim,2020-10
Empresa 32656,202010,Não,Sim,2020-10
Empresa 32657,202011,Não,Sim,2020-11
Empresa 32658,202011,Não,Sim,2020-11
Empresa 32659,202011,Não,Não,2020-11
Empresa 3266,202012,Não,Não,2020-12
Empresa 32660,202011,Não,Sim,2020-11
Empresa 32661,202011,Não,Não,2020-11
Empresa 32662,202011,Não,Sim,2020-11
Empresa 32663,202011,Sim,Sim,2020-11
Empresa 32664,202011,Não,Sim,2020-11
Empresa 32665,202011,Sim,Sim,2020-11
Empresa 32666,202011,Sim,Sim,2020-11
Empresa 32667,202011,Sim,Sim,2020-11
Empresa 32668,202011,Sim,Sim,2020-11
Empresa 32669,202011,Sim,Sim,2020-11
Empresa 3267,202001,Sim,Sim,2020-01
Empresa 32670,202011,Não,Sim,2020-11
Empresa 32671,202011,Não,Sim,2020-11
Empresa 32672,202011,Não,Não,2020-11
Empresa 32673,202011,Sim,Sim,2020-11
Empresa 32674,202011,Não,Sim,2020-11
Empresa 32675,202011,Sim,Sim,2020-11
Empresa 32676,202011,Sim,Sim,2020-11
Empresa 32677,202011,Não,Sim,2020-11
Empresa 32678,202012,Sim,Sim,2020-12
Empresa 32679,202012,Sim,Sim,2020-12
Empresa 3268,201907,Sim,Sim,2019-07
Empresa 32680,202012,Sim,Sim,2020-12
Empresa 32681,202012,Não,Não,2020-12
Empresa 32682,202012,Sim,Sim,2020-12
Empresa 32683,202012,Sim,Sim,2020-12
Empresa 32684,202012,Não,Sim,2020-12
Empresa 32685,202012,Não,Sim,2020-12
Empresa 32686,202012,Sim,Sim,2020-12
Empresa 32687,202012,Não,Não,2020-12
Empresa 32688,202012,Sim,Sim,2020-12
Empresa 32689,202012,Sim,Sim,2020-12
Empresa 3269,202004,Sim,Sim,2020-04
Empresa 32690,202012,Sim,Sim,2020-12
Empresa 32691,202012,Sim,Sim,2020-12
Empresa 32692,202012,Não,Sim,2020-12
Empresa 32693,202012,Sim,Sim,2020-12
Empresa 32694,202101,Sim,Sim,2021-01
Empresa 32695,202101,Sim,Sim,2021-01
Empresa 32696,202101,Não,Sim,2021-01
Empresa 32697,202101,Sim,Sim,2021-01
Empresa 32698,202101,Sim,Sim,2021-01
Empresa 32699,202101,Sim,Sim,2021-01
Empresa 327,202111,Sim,Sim,2021-11
Empresa 3270,202211,Não,Sim,2022-11
Empresa 32700,202101,Não,Sim,2021-01
Empresa 32701,202101,Sim,Sim,2021-01
Empresa 32702,202101,Sim,Sim,2021-01
Empresa 32703,202101,Não,Sim,2021-01
Empresa 32704,202101,Sim,Sim,2021-01
Empresa 32705,202102,Sim,Sim,2021-02
Empresa 32706,202102,Não,Sim,2021-02
Empresa 32707,202102,Não,Sim,2021-02
Empresa 32708,202102,Sim,Sim,2021-02
Empresa 32709,202102,Sim,Sim,2021-02
Empresa 3271,202011,Sim,Sim,2020-11
Empresa 32710,202102,Sim,Sim,2021-02
Empresa 32711,202102,Não,Sim,2021-02
Empresa 32712,202102,Não,Sim,2021-02
Empresa 32713,202102,Sim,Sim,2021-02
Empresa 32714,202102,Não,Não,2021-02
Empresa 32715,202102,Sim,Sim,2021-02
Empresa 32716,202102,Sim,Sim,2021-02
Empresa 32717,202102,Sim,Sim,2021-02
Empresa 32718,202102,Sim,Sim,2021-02
Empresa 32719,202102,Sim,Sim,2021-02
Empresa 3272,201910,Sim,Sim,2019-10
Empresa 32720,202102,Sim,Sim,2021-02
Empresa 32721,202102,Sim,Sim,2021-02
Empresa 32722,202102,Sim,Sim,2021-02
Empresa 32723,202103,Não,Sim,2021-03
Empresa 32724,202103,Sim,Sim,2021-03
Empresa 32725,202103,Sim,Sim,2021-03
Empresa 32726,202103,Não,Sim,2021-03
Empresa 32727,202103,Não,Sim,2021-03
Empresa 32728,202103,Sim,Sim,2021-03
Empresa 32729,202103,Sim,Sim,2021-03
Empresa 3273,201912,Sim,Sim,2019-12
Empresa 32730,202103,Sim,Sim,2021-03
Empresa 32731,202103,Sim,Sim,2021-03
Empresa 32732,202103,Sim,Sim,2021-03
Empresa 32733,202103,Não,Sim,2021-03
Empresa 32734,202103,Sim,Sim,2021-03
Empresa 32735,202103,Sim,Sim,2021-03
Empresa 32736,202103,Sim,Sim,2021-03
Empresa 32737,202103,Sim,Sim,2021-03
Empresa 32738,202103,Sim,Sim,2021-03
Empresa 32739,202103,Sim,Sim,2021-03
Empresa 3274,202003,Sim,Sim,2020-03
Empresa 32740,202103,Não,Sim,2021-03
Empresa 32741,202103,Sim,Sim,2021-03
Empresa 32742,202103,Sim,Sim,2021-03
Empresa 32743,202103,Sim,Sim,2021-03
Empresa 32744,202103,Sim,Sim,2021-03
Empresa 32745,202103,Sim,Sim,2021-03
Empresa 32746,202103,Sim,Sim,2021-03
Empresa 32747,202103,Sim,Sim,2021-03
Empresa 32748,202103,Sim,Sim,2021-03
Empresa 32749,202103,Não,Não,2021-03
Empresa 3275,202005,Sim,Sim,2020-05
Empresa 32750,202103,Sim,Sim,2021-03
Empresa 32751,202103,Sim,Sim,2021-03
Empresa 32752,202103,Não,Sim,2021-03
Empresa 32753,202103,Sim,Sim,2021-03
Empresa 32754,202103,Sim,Sim,2021-03
Empresa 32755,202103,Sim,Sim,2021-03
Empresa 32756,202103,Sim,Sim,2021-03
Empresa 32757,202103,Não,Não,2021-03
Empresa 32758,202103,Não,Não,2021-03
Empresa 32759,202104,Sim,Sim,2021-04
Empresa 3276,202305,Sim,Sim,2023-05
Empresa 32760,202104,Sim,Sim,2021-04
Empresa 32761,202104,Não,Sim,2021-04
Empresa 32762,202104,Sim,Sim,2021-04
Empresa 32763,202104,Sim,Sim,2021-04
Empresa 32764,202104,Sim,Sim,2021-04
Empresa 32765,202104,Sim,Sim,2021-04
Empresa 32766,202104,Sim,Sim,2021-04
Empresa 32767,202104,Não,Não,2021-04
Empresa 32768,202104,Sim,Sim,2021-04
Empresa 32769,202104,Não,Não,2021-04
Empresa 3277,202004,Sim,Sim,2020-04
Empresa 32770,202104,Sim,Sim,2021-04
Empresa 32771,202104,Não,Sim,2021-04
Empresa 32772,202104,Não,Não,2021-04
Empresa 32773,202105,Sim,Sim,2021-05
Empresa 32774,202105,Não,Sim,2021-05
Empresa 32775,202105,Não,Sim,2021-05
Empresa 32776,202105,Sim,Sim,2021-05
Empresa 32777,202105,Sim,Sim,2021-05
Empresa 32778,202105,Sim,Sim,2021-05
Empresa 32779,202105,Sim,Sim,2021-05
Empresa 3278,202201,Não,Não,2022-01
Empresa 32780,202105,Sim,Sim,2021-05
Empresa 32781,202105,Sim,Sim,2021-05
Empresa 32782,202105,Sim,Sim,2021-05
Empresa 32783,202105,Não,Não,2021-05
Empresa 32784,202105,Não,Sim,2021-05
Empresa 32785,202105,Sim,Sim,2021-05
Empresa 32786,202105,Sim,Sim,2021-05
Empresa 32787,202105,Sim,Sim,2021-05
Empresa 32788,202105,Sim,Sim,2021-05
Empresa 32789,202105,Sim,Sim,2021-05
Empresa 3279,202201,Não,Não,2022-01
Empresa 32790,202105,Não,Não,2021-05
Empresa 32791,202105,Não,Sim,2021-05
Empresa 32792,202105,Não,Não,2021-05
Empresa 32793,202105,Não,Não,2021-05
Empresa 32794,202106,Não,Sim,2021-06
Empresa 32795,202106,Sim,Sim,2021-06
Empresa 32796,202106,Sim,Sim,2021-06
Empresa 32797,202106,Sim,Sim,2021-06
Empresa 32798,202106,Não,Sim,2021-06
Empresa 32799,202106,Sim,Sim,2021-06
Empresa 328,202304,Sim,Sim,2023-04
Empresa 3280,202304,Sim,Sim,2023-04
Empresa 32800,202106,Não,Não,2021-06
Empresa 32801,202106,Sim,Sim,2021-06
Empresa 32802,202106,Sim,Sim,2021-06
Empresa 32803,202106,Não,Sim,2021-06
Empresa 32804,202106,Sim,Sim,2021-06
Empresa 32805,202106,Sim,Sim,2021-06
Empresa 32806,202106,Não,Não,2021-06
Empresa 32807,202106,Sim,Sim,2021-06
Empresa 32808,202106,Sim,Sim,2021-06
Empresa 32809,202106,Sim,Sim,2021-06
Empresa 3281,202309,Não,Sim,2023-09
Empresa 32810,202106,Não,Sim,2021-06
Empresa 32811,202107,Não,Não,2021-07
Empresa 32812,202107,Não,Sim,2021-07
Empresa 32813,202107,Sim,Sim,2021-07
Empresa 32814,202107,Sim,Sim,2021-07
Empresa 32815,202107,Sim,Sim,2021-07
Empresa 32816,202107,Não,Sim,2021-07
Empresa 32817,202107,Não,Não,2021-07
Empresa 32818,202107,Não,Sim,2021-07
Empresa 32819,202107,Sim,Sim,2021-07
Empresa 3282,202309,Não,Não,2023-09
Empresa 32820,202107,Sim,Sim,2021-07
Empresa 32821,202107,Sim,Sim,2021-07
Empresa 32822,202107,Sim,Sim,2021-07
Empresa 32823,202108,Não,Sim,2021-08
Empresa 32824,202108,Não,Sim,2021-08
Empresa 32825,202108,Não,Não,2021-08
Empresa 32826,202108,Não,Não,2021-08
Empresa 32827,202108,Não,Sim,2021-08
Empresa 32828,202108,Sim,Sim,2021-08
Empresa 32829,202108,Sim,Sim,2021-08
Empresa 3283,201912,Sim,Sim,2019-12
Empresa 32830,202108,Não,Sim,2021-08
Empresa 32831,202108,Sim,Sim,2021-08
Empresa 32832,202108,Não,Sim,2021-08
Empresa 32833,202108,Sim,Sim,2021-08
Empresa 32834,202108,Sim,Sim,2021-08
Empresa 32835,202109,Sim,Sim,2021-09
Empresa 32836,202109,Sim,Sim,2021-09
Empresa 32837,202109,Sim,Sim,2021-09
Empresa 32838,202109,Não,Não,2021-09
Empresa 32839,202109,Não,Não,2021-09
Empresa 3284,202306,Sim,Sim,2023-06
Empresa 32840,202109,Sim,Sim,2021-09
Empresa 32841,202109,Sim,Sim,2021-09
Empresa 32842,202109,Sim,Sim,2021-09
Empresa 32843,202110,Sim,Sim,2021-10
Empresa 32844,202110,Não,Sim,2021-10
Empresa 32845,202110,Não,Sim,2021-10
Empresa 32846,202110,Sim,Sim,2021-10
Empresa 32847,202110,Sim,Sim,2021-10
Empresa 32848,202110,Sim,Sim,2021-10
Empresa 32849,202110,Sim,Sim,2021-10
Empresa 3285,201911,Sim,Sim,2019-11
Empresa 32850,202110,Não,Sim,2021-10
Empresa 32851,202111,Sim,Sim,2021-11
Empresa 32852,202111,Sim,Sim,2021-11
Empresa 32853,202111,Sim,Sim,2021-11
Empresa 32854,202111,Sim,Sim,2021-11
Empresa 32855,202111,Sim,Sim,2021-11
Empresa 32856,202111,Sim,Sim,2021-11
Empresa 32857,202111,Não,Sim,2021-11
Empresa 32858,202111,Não,Sim,2021-11
Empresa 32859,202112,Sim,Sim,2021-12
Empresa 3286,201910,Sim,Sim,2019-10
Empresa 32860,202112,Não,Não,2021-12
Empresa 32861,202112,Não,Sim,2021-12
Empresa 32862,202112,Não,Sim,2021-12
Empresa 32863,202112,Não,Sim,2021-12
Empresa 32864,202112,Sim,Sim,2021-12
Empresa 32865,202112,Não,Não,2021-12
Empresa 32866,202112,Não,Não,2021-12
Empresa 32867,202112,Não,Não,2021-12
Empresa 32868,202112,Não,Não,2021-12
Empresa 32869,202112,Não,Não,2021-12
Empresa 3287,201910,Sim,Sim,2019-10
Empresa 32870,202201,Não,Sim,2022-01
Empresa 32871,202201,Sim,Sim,2022-01
Empresa 32872,202201,Sim,Sim,2022-01
Empresa 32873,202201,Não,Não,2022-01
Empresa 32874,202201,Sim,Sim,2022-01
Empresa 32875,202201,Não,Não,2022-01
Empresa 32876,202201,Sim,Sim,2022-01
Empresa 32877,202201,Não,Não,2022-01
Empresa 32878,202201,Não,Não,2022-01
Empresa 32879,202201,Sim,Sim,2022-01
Empresa 3288,202005,Sim,Sim,2020-05
Empresa 32880,202201,Sim,Sim,2022-01
Empresa 32881,202201,Não,Não,2022-01
Empresa 32882,202202,Sim,Sim,2022-02
Empresa 32883,202202,Não,Sim,2022-02
Empresa 32884,202202,Sim,Sim,2022-02
Empresa 32885,202202,Não,Não,2022-02
Empresa 32886,202202,Não,Não,2022-02
Empresa 32887,202202,Sim,Sim,2022-02
Empresa 32888,202202,Não,Sim,2022-02
Empresa 32889,202203,Sim,Sim,2022-03
Empresa 3289,202305,Sim,Sim,2023-05
Empresa 32890,202203,Sim,Sim,2022-03
Empresa 32891,202203,Sim,Sim,2022-03
Empresa 32892,202203,Sim,Sim,2022-03
Empresa 32893,202203,Não,Não,2022-03
Empresa 32894,202204,Não,Sim,2022-04
Empresa 32895,202204,Não,Sim,2022-04
Empresa 32896,202204,Não,Sim,2022-04
Empresa 32897,202204,Sim,Sim,2022-04
Empresa 32898,202205,Não,Não,2022-05
Empresa 32899,202205,Sim,Sim,2022-05
Empresa 329,202304,Sim,Sim,2023-04
Empresa 3290,202008,Sim,Sim,2020-08
Empresa 32900,202205,Não,Sim,2022-05
Empresa 32901,202205,Sim,Sim,2022-05
Empresa 32902,202205,Não,Não,2022-05
Empresa 32903,202205,Sim,Sim,2022-05
Empresa 32904,202205,Sim,Sim,2022-05
Empresa 32905,202205,Não,Não,2022-05
Empresa 32906,202205,Sim,Sim,2022-05
Empresa 32907,202206,Sim,Sim,2022-06
Empresa 32908,202206,Não,Sim,2022-06
Empresa 32909,202206,Não,Não,2022-06
Empresa 3291,202305,Sim,Sim,2023-05
Empresa 32910,202206,Não,Sim,2022-06
Empresa 32911,202206,Não,Não,2022-06
Empresa 32912,202207,Não,Sim,2022-07
Empresa 32913,202207,Não,Sim,2022-07
Empresa 32914,202207,Não,Sim,2022-07
Empresa 32915,202207,Não,Não,2022-07
Empresa 32916,202207,Não,Não,2022-07
Empresa 32917,202207,Sim,Sim,2022-07
Empresa 32918,202207,Não,Não,2022-07
Empresa 32919,202207,Não,Não,2022-07
Empresa 3292,202001,Sim,Sim,2020-01
Empresa 32920,202207,Não,Não,2022-07
Empresa 32921,202207,Não,Não,2022-07
Empresa 32922,202207,Não,Não,2022-07
Empresa 32923,202207,Não,Sim,2022-07
Empresa 32924,202207,Sim,Sim,2022-07
Empresa 32925,202208,Não,Não,2022-08
Empresa 32926,202208,Sim,Sim,2022-08
Empresa 32927,202208,Sim,Sim,2022-08
Empresa 32928,202208,Não,Não,2022-08
Empresa 32929,202208,Não,Não,2022-08
Empresa 3293,202009,Sim,Sim,2020-09
Empresa 32930,202209,Não,Sim,2022-09
Empresa 32931,202209,Não,Sim,2022-09
Empresa 32932,202209,Sim,Sim,2022-09
Empresa 32934,202209,Sim,Sim,2022-09
Empresa 32935,202209,Sim,Sim,2022-09
Empresa 32936,202210,Não,Sim,2022-10
Empresa 32937,202210,Não,Não,2022-10
Empresa 32938,202210,Não,Não,2022-10
Empresa 32939,202210,Sim,Sim,2022-10
Empresa 3294,202307,Sim,Sim,2023-07
Empresa 32940,202210,Sim,Sim,2022-10
Empresa 32942,202212,Não,Sim,2022-12
Empresa 32943,202212,Não,Sim,2022-12
Empresa 32944,202212,Sim,Sim,2022-12
Empresa 32945,202301,Não,Sim,2023-01
Empresa 32946,202301,Não,Não,2023-01
Empresa 32947,202301,Não,Não,2023-01
Empresa 32948,202301,Não,Sim,2023-01
Empresa 32949,202301,Não,Não,2023-01
Empresa 3295,202105,Sim,Sim,2021-05
Empresa 32950,202301,Não,Sim,2023-01
Empresa 32951,202301,Não,Sim,2023-01
Empresa 32952,202301,Não,Não,2023-01
Empresa 32953,202302,Não,Não,2023-02
Empresa 32954,202302,Não,Não,2023-02
Empresa 32955,202302,Não,Não,2023-02
Empresa 32956,202303,Não,Não,2023-03
Empresa 32957,202303,Não,Sim,2023-03
Empresa 32958,202304,Não,Não,2023-04
Empresa 32959,202304,Não,Sim,2023-04
Empresa 3296,202306,Sim,Sim,2023-06
Empresa 32960,202304,Não,Sim,2023-04
Empresa 32961,202304,Não,Não,2023-04
Empresa 32962,202304,Não,Sim,2023-04
Empresa 32963,202304,Não,Não,2023-04
Empresa 32964,202304,Não,Sim,2023-04
Empresa 32965,202304,Não,Sim,2023-04
Empresa 32966,202304,Não,Sim,2023-04
Empresa 32967,202304,Não,Não,2023-04
Empresa 32968,202304,Não,Não,2023-04
Empresa 32969,202304,Não,Sim,2023-04
Empresa 3297,202011,Sim,Sim,2020-11
Empresa 32970,202304,Não,Sim,2023-04
Empresa 32971,202304,Não,Não,2023-04
Empresa 32972,202304,Não,Não,2023-04
Empresa 32973,202304,Não,Sim,2023-04
Empresa 32974,202304,Não,Não,2023-04
Empresa 32975,202304,Não,Não,2023-04
Empresa 32976,202304,Não,Não,2023-04
Empresa 32977,202304,Não,Não,2023-04
Empresa 32978,202304,Não,Sim,2023-04
Empresa 32979,202305,Não,Não,2023-05
Empresa 3298,201912,Sim,Sim,2019-12
Empresa 32980,202305,Não,Sim,2023-05
Empresa 32981,202305,Não,Não,2023-05
Empresa 32982,202305,Não,Não,2023-05
Empresa 32983,202305,Não,Sim,2023-05
Empresa 32984,202305,Não,Sim,2023-05
Empresa 32985,202305,Não,Sim,2023-05
Empresa 32986,202305,Não,Sim,2023-05
Empresa 32987,202305,Não,Sim,2023-05
Empresa 32988,202305,Não,Não,2023-05
Empresa 32989,202305,Não,Sim,2023-05
Empresa 3299,202005,Sim,Sim,2020-05
Empresa 32990,202305,Não,Sim,2023-05
Empresa 32991,202305,Não,Não,2023-05
Empresa 32992,202305,Não,Sim,2023-05
Empresa 32993,202305,Não,Não,2023-05
Empresa 32994,202305,Não,Sim,2023-05
Empresa 32995,202305,Não,Não,2023-05
Empresa 32996,202305,Não,Sim,2023-05
Empresa 32997,202306,Não,Sim,2023-06
Empresa 32998,202306,Não,Sim,2023-06
Empresa 32999,202306,Não,Sim,2023-06
Empresa 33,202207,Sim,Sim,2022-07
Empresa 330,202111,Sim,Sim,2021-11
Empresa 3300,202308,Não,Não,2023-08
Empresa 33000,202306,Não,Sim,2023-06
Empresa 33001,202306,Não,Não,2023-06
Empresa 33002,202306,Não,Não,2023-06
Empresa 33003,202307,Não,Sim,2023-07
Empresa 33004,202307,Não,Não,2023-07
Empresa 33005,202307,Não,Sim,2023-07
Empresa 33006,202307,Não,Sim,2023-07
Empresa 33007,202307,Não,Não,2023-07
Empresa 33008,202307,Não,Sim,2023-07
Empresa 33009,202307,Não,Sim,2023-07
Empresa 3301,202308,Sim,Sim,2023-08
Empresa 33010,202307,Não,Sim,2023-07
Empresa 33011,202307,Não,Não,2023-07
Empresa 33012,202307,Não,Não,2023-07
Empresa 33013,202307,Não,Não,2023-07
Empresa 33014,202307,Não,Não,2023-07
Empresa 33015,202307,Não,Sim,2023-07
Empresa 33016,202307,Não,Não,2023-07
Empresa 33017,202307,Não,Não,2023-07
Empresa 33018,202307,Não,Não,2023-07
Empresa 33019,202307,Não,Não,2023-07
Empresa 3302,201912,Sim,Sim,2019-12
Empresa 33020,202307,Não,Sim,2023-07
Empresa 33021,202308,Não,Sim,2023-08
Empresa 33022,202308,Não,Sim,2023-08
Empresa 33023,202308,Não,Não,2023-08
Empresa 33024,202308,Não,Sim,2023-08
Empresa 33025,202308,Não,Sim,2023-08
Empresa 33026,202308,Não,Não,2023-08
Empresa 33027,202308,Não,Não,2023-08
Empresa 33028,202308,Não,Não,2023-08
Empresa 33029,202308,Não,Não,2023-08
Empresa 3303,202203,Sim,Sim,2022-03
Empresa 33030,202308,Não,Sim,2023-08
Empresa 33031,202309,Não,Sim,2023-09
Empresa 33032,202309,Não,Não,2023-09
Empresa 33033,202309,Não,Sim,2023-09
Empresa 33034,202309,Não,Não,2023-09
Empresa 33035,202309,Não,Sim,2023-09
Empresa 33036,202309,Não,Não,2023-09
Empresa 33037,202309,Não,Sim,2023-09
Empresa 33038,202309,Não,Não,2023-09
Empresa 33039,202309,Não,Não,2023-09
Empresa 3304,202307,Não,Não,2023-07
Empresa 33040,202309,Não,Não,2023-09
Empresa 33041,202309,Não,Não,2023-09
Empresa 33042,202310,Não,Não,2023-10
Empresa 33043,202310,Não,Não,2023-10
Empresa 33044,202310,Não,Não,2023-10
Empresa 33045,202310,Não,Não,2023-10
Empresa 33046,202310,Não,Não,2023-10
Empresa 33047,202005,Sim,Sim,2020-05
Empresa 33048,202005,Sim,Sim,2020-05
Empresa 33049,202005,Não,Não,2020-05
Empresa 3305,202308,Sim,Sim,2023-08
Empresa 33050,202005,Não,Não,2020-05
Empresa 33051,202005,Sim,Sim,2020-05
Empresa 33052,202005,Sim,Sim,2020-05
Empresa 33053,202005,Sim,Sim,2020-05
Empresa 33054,202005,Sim,Sim,2020-05
Empresa 33055,202005,Sim,Sim,2020-05
Empresa 33056,202005,Sim,Sim,2020-05
Empresa 33057,202005,Sim,Sim,2020-05
Empresa 33058,202005,Não,Não,2020-05
Empresa 33059,202005,Não,Não,2020-05
Empresa 3306,202308,Sim,Sim,2023-08
Empresa 33060,202005,Sim,Sim,2020-05
Empresa 33061,202005,Não,Não,2020-05
Empresa 33062,202005,Sim,Sim,2020-05
Empresa 33063,202005,Sim,Sim,2020-05
Empresa 33064,202005,Não,Não,2020-05
Empresa 33065,202005,Não,Não,2020-05
Empresa 33066,202005,Não,Não,2020-05
Empresa 33067,202005,Sim,Sim,2020-05
Empresa 33068,202005,Sim,Sim,2020-05
Empresa 33069,202005,Não,Não,2020-05
Empresa 3307,201911,Sim,Sim,2019-11
Empresa 33070,202005,Sim,Sim,2020-05
Empresa 33071,202005,Sim,Sim,2020-05
Empresa 33072,202005,Não,Não,2020-05
Empresa 33073,202005,Não,Não,2020-05
Empresa 33074,202005,Sim,Sim,2020-05
Empresa 33075,202005,Sim,Sim,2020-05
Empresa 33076,202005,Não,Não,2020-05
Empresa 33077,202005,Não,Não,2020-05
Empresa 33078,202005,Não,Não,2020-05
Empresa 33079,202005,Sim,Sim,2020-05
Empresa 3308,202101,Sim,Sim,2021-01
Empresa 33080,202005,Sim,Sim,2020-05
Empresa 33081,202005,Sim,Sim,2020-05
Empresa 33082,202005,Sim,Sim,2020-05
Empresa 33083,202005,Sim,Sim,2020-05
Empresa 33084,202005,Sim,Sim,2020-05
Empresa 33085,202006,Sim,Sim,2020-06
Empresa 33086,202006,Sim,Sim,2020-06
Empresa 33087,202007,Sim,Sim,2020-07
Empresa 33088,202007,Sim,Sim,2020-07
Empresa 33089,202007,Sim,Sim,2020-07
Empresa 3309,202306,Sim,Sim,2023-06
Empresa 33090,202007,Sim,Sim,2020-07
Empresa 33091,202007,Sim,Sim,2020-07
Empresa 33092,202007,Sim,Sim,2020-07
Empresa 33093,202007,Não,Não,2020-07
Empresa 33094,202007,Sim,Sim,2020-07
Empresa 33095,202007,Sim,Sim,2020-07
Empresa 33096,202007,Sim,Sim,2020-07
Empresa 33097,202007,Sim,Sim,2020-07
Empresa 33098,202007,Sim,Sim,2020-07
Empresa 33099,202007,Sim,Sim,2020-07
Empresa 331,202105,Sim,Sim,2021-05
Empresa 3310,201912,Sim,Sim,2019-12
Empresa 33100,202007,Sim,Sim,2020-07
Empresa 33101,202007,Sim,Sim,2020-07
Empresa 33102,202007,Sim,Sim,2020-07
Empresa 33103,202007,Sim,Sim,2020-07
Empresa 33104,202007,Sim,Sim,2020-07
Empresa 33105,202007,Sim,Sim,2020-07
Empresa 33106,202007,Sim,Sim,2020-07
Empresa 33107,202007,Sim,Sim,2020-07
Empresa 33108,202007,Sim,Sim,2020-07
Empresa 33109,202007,Sim,Sim,2020-07
Empresa 3311,202308,Sim,Sim,2023-08
Empresa 33110,202007,Sim,Sim,2020-07
Empresa 33111,202007,Sim,Sim,2020-07
Empresa 33112,202007,Sim,Sim,2020-07
Empresa 33113,202007,Sim,Sim,2020-07
Empresa 33114,202007,Sim,Sim,2020-07
Empresa 33115,202007,Sim,Sim,2020-07
Empresa 33116,202007,Sim,Sim,2020-07
Empresa 33117,202007,Não,Sim,2020-07
Empresa 33118,202007,Sim,Sim,2020-07
Empresa 33119,202007,Sim,Sim,2020-07
Empresa 3312,202308,Sim,Sim,2023-08
Empresa 33120,202007,Sim,Sim,2020-07
Empresa 33121,202007,Sim,Sim,2020-07
Empresa 33122,202007,Sim,Sim,2020-07
Empresa 33123,202007,Sim,Sim,2020-07
Empresa 33124,202007,Sim,Sim,2020-07
Empresa 33125,202007,Sim,Sim,2020-07
Empresa 33126,202007,Sim,Sim,2020-07
Empresa 33127,202007,Sim,Sim,2020-07
Empresa 33128,202007,Sim,Sim,2020-07
Empresa 33129,202007,Sim,Sim,2020-07
Empresa 3313,202308,Sim,Sim,2023-08
Empresa 33130,202007,Sim,Sim,2020-07
Empresa 33131,202007,Sim,Sim,2020-07
Empresa 33132,202007,Sim,Sim,2020-07
Empresa 33133,202007,Sim,Sim,2020-07
Empresa 33134,202007,Sim,Sim,2020-07
Empresa 33135,202007,Sim,Sim,2020-07
Empresa 33136,202007,Sim,Sim,2020-07
Empresa 33137,202007,Sim,Sim,2020-07
Empresa 33138,202007,Sim,Sim,2020-07
Empresa 33139,202007,Sim,Sim,2020-07
Empresa 3314,202307,Sim,Sim,2023-07
Empresa 33140,202007,Sim,Sim,2020-07
Empresa 33141,202007,Sim,Sim,2020-07
Empresa 33142,202007,Sim,Sim,2020-07
Empresa 33143,202007,Sim,Sim,2020-07
Empresa 33144,202007,Sim,Sim,2020-07
Empresa 33145,202007,Sim,Sim,2020-07
Empresa 33146,202007,Sim,Sim,2020-07
Empresa 33147,202007,Sim,Sim,2020-07
Empresa 33148,202007,Sim,Sim,2020-07
Empresa 33149,202007,Sim,Sim,2020-07
Empresa 3315,202308,Sim,Sim,2023-08
Empresa 33150,202007,Sim,Sim,2020-07
Empresa 33151,202007,Sim,Sim,2020-07
Empresa 33152,202007,Sim,Sim,2020-07
Empresa 33153,202007,Sim,Sim,2020-07
Empresa 33154,202007,Sim,Sim,2020-07
Empresa 33155,202007,Sim,Sim,2020-07
Empresa 33156,202007,Sim,Sim,2020-07
Empresa 33157,202007,Sim,Sim,2020-07
Empresa 33158,202007,Sim,Sim,2020-07
Empresa 33159,202007,Sim,Sim,2020-07
Empresa 3316,202308,Sim,Sim,2023-08
Empresa 33160,202007,Sim,Sim,2020-07
Empresa 33161,202007,Sim,Sim,2020-07
Empresa 33162,202007,Sim,Sim,2020-07
Empresa 33163,202007,Sim,Sim,2020-07
Empresa 33164,202007,Sim,Sim,2020-07
Empresa 33165,202007,Sim,Sim,2020-07
Empresa 33166,202007,Sim,Sim,2020-07
Empresa 33167,202007,Sim,Sim,2020-07
Empresa 33168,202007,Sim,Sim,2020-07
Empresa 33169,202007,Sim,Sim,2020-07
Empresa 3317,202308,Sim,Sim,2023-08
Empresa 33170,202007,Sim,Sim,2020-07
Empresa 33171,202007,Sim,Sim,2020-07
Empresa 33172,202007,Sim,Sim,2020-07
Empresa 33173,202007,Não,Não,2020-07
Empresa 33174,202007,Sim,Sim,2020-07
Empresa 33175,202007,Sim,Sim,2020-07
Empresa 33176,202007,Não,Sim,2020-07
Empresa 33177,202007,Sim,Sim,2020-07
Empresa 33178,202007,Sim,Sim,2020-07
Empresa 33179,202007,Não,Não,2020-07
Empresa 3318,202002,Sim,Sim,2020-02
Empresa 33180,202007,Sim,Sim,2020-07
Empresa 33181,202007,Sim,Sim,2020-07
Empresa 33182,202007,Sim,Sim,2020-07
Empresa 33183,202007,Sim,Sim,2020-07
Empresa 33184,202007,Sim,Sim,2020-07
Empresa 33185,202007,Sim,Sim,2020-07
Empresa 33186,202007,Sim,Sim,2020-07
Empresa 33187,202007,Sim,Sim,2020-07
Empresa 33188,202007,Sim,Sim,2020-07
Empresa 33189,202007,Sim,Sim,2020-07
Empresa 3319,202308,Sim,Sim,2023-08
Empresa 33190,202007,Sim,Sim,2020-07
Empresa 33191,202007,Sim,Sim,2020-07
Empresa 33192,202007,Sim,Sim,2020-07
Empresa 33193,202007,Sim,Sim,2020-07
Empresa 33194,202007,Sim,Sim,2020-07
Empresa 33195,202007,Sim,Sim,2020-07
Empresa 33196,202007,Sim,Sim,2020-07
Empresa 33197,202007,Sim,Sim,2020-07
Empresa 33198,202007,Sim,Sim,2020-07
Empresa 33199,202007,Sim,Sim,2020-07
Empresa 332,202106,Sim,Sim,2021-06
Empresa 3320,202004,Sim,Sim,2020-04
Empresa 33200,202007,Sim,Sim,2020-07
Empresa 33201,202007,Sim,Sim,2020-07
Empresa 33202,202007,Sim,Sim,2020-07
Empresa 33203,202007,Sim,Sim,2020-07
Empresa 33204,202007,Sim,Sim,2020-07
Empresa 33205,202007,Sim,Sim,2020-07
Empresa 33206,202007,Sim,Sim,2020-07
Empresa 33207,202007,Sim,Sim,2020-07
Empresa 33208,202007,Sim,Sim,2020-07
Empresa 33209,202007,Sim,Sim,2020-07
Empresa 3321,202208,Não,Não,2022-08
Empresa 33210,202007,Sim,Sim,2020-07
Empresa 33211,202007,Sim,Sim,2020-07
Empresa 33212,202007,Sim,Sim,2020-07
Empresa 33213,202007,Sim,Sim,2020-07
Empresa 33214,202007,Sim,Sim,2020-07
Empresa 33215,202007,Sim,Sim,2020-07
Empresa 33216,202007,Sim,Sim,2020-07
Empresa 33217,202007,Sim,Sim,2020-07
Empresa 33218,202007,Sim,Sim,2020-07
Empresa 33219,202007,Sim,Sim,2020-07
Empresa 3322,201912,Sim,Sim,2019-12
Empresa 33220,202007,Não,Sim,2020-07
Empresa 33221,202007,Sim,Sim,2020-07
Empresa 33222,202007,Sim,Sim,2020-07
Empresa 33223,202007,Sim,Sim,2020-07
Empresa 33224,202007,Sim,Sim,2020-07
Empresa 33225,202007,Sim,Sim,2020-07
Empresa 33226,202007,Sim,Sim,2020-07
Empresa 33227,202007,Sim,Sim,2020-07
Empresa 33228,202007,Sim,Sim,2020-07
Empresa 33229,202007,Sim,Sim,2020-07
Empresa 3323,202107,Sim,Sim,2021-07
Empresa 33230,202007,Sim,Sim,2020-07
Empresa 33231,202007,Sim,Sim,2020-07
Empresa 33232,202007,Sim,Sim,2020-07
Empresa 33233,202007,Sim,Sim,2020-07
Empresa 33234,202007,Sim,Sim,2020-07
Empresa 33235,202007,Sim,Sim,2020-07
Empresa 33236,202007,Sim,Sim,2020-07
Empresa 33237,202007,Sim,Sim,2020-07
Empresa 33238,202007,Sim,Sim,2020-07
Empresa 33239,202007,Sim,Sim,2020-07
Empresa 3324,202004,Sim,Sim,2020-04
Empresa 33240,202007,Sim,Sim,2020-07
Empresa 33241,202007,Sim,Sim,2020-07
Empresa 33242,202007,Sim,Sim,2020-07
Empresa 33243,202007,Sim,Sim,2020-07
Empresa 33244,202007,Sim,Sim,2020-07
Empresa 33245,202007,Sim,Sim,2020-07
Empresa 33246,202007,Sim,Sim,2020-07
Empresa 33247,202007,Não,Não,2020-07
Empresa 33248,202007,Sim,Sim,2020-07
Empresa 33249,202007,Sim,Sim,2020-07
Empresa 3325,202309,Sim,Sim,2023-09
Empresa 33250,202007,Sim,Sim,2020-07
Empresa 33251,202007,Sim,Sim,2020-07
Empresa 33252,202007,Sim,Sim,2020-07
Empresa 33253,202007,Sim,Sim,2020-07
Empresa 33254,202007,Sim,Sim,2020-07
Empresa 33255,202007,Sim,Sim,2020-07
Empresa 33256,202007,Sim,Sim,2020-07
Empresa 33257,202007,Sim,Sim,2020-07
Empresa 33258,202007,Sim,Sim,2020-07
Empresa 33259,202007,Sim,Sim,2020-07
Empresa 3326,202201,Não,Não,2022-01
Empresa 33260,202007,Sim,Sim,2020-07
Empresa 33261,202007,Sim,Sim,2020-07
Empresa 33262,202007,Sim,Sim,2020-07
Empresa 33263,202007,Sim,Sim,2020-07
Empresa 33264,202007,Sim,Sim,2020-07
Empresa 33265,202007,Sim,Sim,2020-07
Empresa 33266,202007,Sim,Sim,2020-07
Empresa 33267,202007,Sim,Sim,2020-07
Empresa 33268,202007,Sim,Sim,2020-07
Empresa 33269,202007,Sim,Sim,2020-07
Empresa 3327,202304,Sim,Sim,2023-04
Empresa 33270,202007,Sim,Sim,2020-07
Empresa 33271,202007,Sim,Sim,2020-07
Empresa 33272,202007,Sim,Sim,2020-07
Empresa 33273,202007,Sim,Sim,2020-07
Empresa 33274,202007,Sim,Sim,2020-07
Empresa 33275,202007,Sim,Sim,2020-07
Empresa 33276,202007,Sim,Sim,2020-07
Empresa 33277,202007,Sim,Sim,2020-07
Empresa 33278,202007,Sim,Sim,2020-07
Empresa 33279,202007,Sim,Sim,2020-07
Empresa 3328,202001,Sim,Sim,2020-01
Empresa 33280,202008,Sim,Sim,2020-08
Empresa 33281,202008,Sim,Sim,2020-08
Empresa 33282,202008,Sim,Sim,2020-08
Empresa 33283,202008,Sim,Sim,2020-08
Empresa 33284,202008,Sim,Sim,2020-08
Empresa 33285,202008,Não,Sim,2020-08
Empresa 33286,202008,Sim,Sim,2020-08
Empresa 33287,202008,Sim,Sim,2020-08
Empresa 33288,202008,Sim,Sim,2020-08
Empresa 33289,202008,Não,Não,2020-08
Empresa 3329,202009,Sim,Sim,2020-09
Empresa 33290,202008,Sim,Sim,2020-08
Empresa 33291,202008,Sim,Sim,2020-08
Empresa 33292,202008,Sim,Sim,2020-08
Empresa 33293,202008,Sim,Sim,2020-08
Empresa 33294,202008,Sim,Sim,2020-08
Empresa 33295,202008,Sim,Sim,2020-08
Empresa 33296,202008,Sim,Sim,2020-08
Empresa 33297,202008,Sim,Sim,2020-08
Empresa 33298,202008,Sim,Sim,2020-08
Empresa 33299,202008,Sim,Sim,2020-08
Empresa 333,202203,Sim,Sim,2022-03
Empresa 3330,202001,Sim,Sim,2020-01
Empresa 33300,202008,Sim,Sim,2020-08
Empresa 33301,202008,Sim,Sim,2020-08
Empresa 33302,202008,Sim,Sim,2020-08
Empresa 33303,202008,Sim,Sim,2020-08
Empresa 33304,202008,Sim,Sim,2020-08
Empresa 33305,202008,Sim,Sim,2020-08
Empresa 33306,202008,Sim,Sim,2020-08
Empresa 33307,202008,Sim,Sim,2020-08
Empresa 33308,202008,Sim,Sim,2020-08
Empresa 33309,202008,Não,Não,2020-08
Empresa 3331,202310,Não,Não,2023-10
Empresa 33310,202008,Sim,Sim,2020-08
Empresa 33311,202008,Sim,Sim,2020-08
Empresa 33312,202008,Sim,Sim,2020-08
Empresa 33313,202008,Sim,Sim,2020-08
Empresa 33314,202008,Sim,Sim,2020-08
Empresa 33315,202008,Sim,Sim,2020-08
Empresa 33316,202008,Sim,Sim,2020-08
Empresa 33317,202008,Sim,Sim,2020-08
Empresa 33318,202008,Sim,Sim,2020-08
Empresa 33319,202008,Sim,Sim,2020-08
Empresa 3332,202106,Não,Não,2021-06
Empresa 33320,202009,Sim,Sim,2020-09
Empresa 33321,202009,Sim,Sim,2020-09
Empresa 33322,202009,Sim,Sim,2020-09
Empresa 33323,202009,Sim,Sim,2020-09
Empresa 33324,202009,Sim,Sim,2020-09
Empresa 33325,202009,Sim,Sim,2020-09
Empresa 33326,202009,Sim,Sim,2020-09
Empresa 33327,202009,Sim,Sim,2020-09
Empresa 33328,202009,Sim,Sim,2020-09
Empresa 33329,202009,Sim,Sim,2020-09
Empresa 3333,202004,Sim,Sim,2020-04
Empresa 33330,202009,Sim,Sim,2020-09
Empresa 33331,202009,Sim,Sim,2020-09
Empresa 33332,202009,Não,Não,2020-09
Empresa 33333,202009,Sim,Sim,2020-09
Empresa 33334,202009,Sim,Sim,2020-09
Empresa 33335,202009,Não,Não,2020-09
Empresa 33336,202009,Sim,Sim,2020-09
Empresa 33337,202009,Sim,Sim,2020-09
Empresa 33338,202009,Sim,Sim,2020-09
Empresa 33339,202009,Sim,Sim,2020-09
Empresa 3334,202005,Sim,Sim,2020-05
Empresa 33340,202009,Sim,Sim,2020-09
Empresa 33341,202009,Sim,Sim,2020-09
Empresa 33342,202009,Sim,Sim,2020-09
Empresa 33343,202009,Sim,Sim,2020-09
Empresa 33344,202009,Sim,Sim,2020-09
Empresa 33345,202009,Sim,Sim,2020-09
Empresa 33346,202009,Sim,Sim,2020-09
Empresa 33347,202009,Sim,Sim,2020-09
Empresa 33348,202009,Sim,Sim,2020-09
Empresa 33349,202009,Sim,Sim,2020-09
Empresa 3335,202004,Sim,Sim,2020-04
Empresa 33350,202009,Sim,Sim,2020-09
Empresa 33351,202009,Sim,Sim,2020-09
Empresa 33352,202009,Sim,Sim,2020-09
Empresa 33353,202009,Sim,Sim,2020-09
Empresa 33354,202009,Sim,Sim,2020-09
Empresa 33355,202009,Sim,Sim,2020-09
Empresa 33356,202009,Sim,Sim,2020-09
Empresa 33357,202009,Sim,Sim,2020-09
Empresa 33358,202009,Sim,Sim,2020-09
Empresa 33359,202009,Sim,Sim,2020-09
Empresa 3336,202001,Sim,Sim,2020-01
Empresa 33360,202009,Sim,Sim,2020-09
Empresa 33361,202009,Sim,Sim,2020-09
Empresa 33362,202009,Sim,Sim,2020-09
Empresa 33363,202009,Sim,Sim,2020-09
Empresa 33364,202010,Sim,Sim,2020-10
Empresa 33365,202010,Não,Não,2020-10
Empresa 33366,202010,Sim,Sim,2020-10
Empresa 33367,202010,Sim,Sim,2020-10
Empresa 33368,202010,Sim,Sim,2020-10
Empresa 33369,202010,Sim,Sim,2020-10
Empresa 3337,201908,Sim,Sim,2019-08
Empresa 33370,202010,Sim,Sim,2020-10
Empresa 33371,202010,Sim,Sim,2020-10
Empresa 33372,202010,Sim,Sim,2020-10
Empresa 33373,202010,Não,Não,2020-10
Empresa 33374,202010,Sim,Sim,2020-10
Empresa 33375,202010,Sim,Sim,2020-10
Empresa 33376,202010,Sim,Sim,2020-10
Empresa 33377,202010,Sim,Sim,2020-10
Empresa 33378,202010,Sim,Sim,2020-10
Empresa 33379,202010,Sim,Sim,2020-10
Empresa 3338,201909,Sim,Sim,2019-09
Empresa 33380,202010,Sim,Sim,2020-10
Empresa 33381,202010,Sim,Sim,2020-10
Empresa 33382,202010,Não,Não,2020-10
Empresa 33383,202010,Sim,Sim,2020-10
Empresa 33384,202010,Sim,Sim,2020-10
Empresa 33385,202010,Sim,Sim,2020-10
Empresa 33386,202010,Sim,Sim,2020-10
Empresa 33387,202010,Sim,Sim,2020-10
Empresa 33388,202010,Sim,Sim,2020-10
Empresa 33389,202010,Sim,Sim,2020-10
Empresa 3339,202009,Sim,Sim,2020-09
Empresa 33390,202010,Sim,Sim,2020-10
Empresa 33391,202010,Sim,Sim,2020-10
Empresa 33392,202010,Sim,Sim,2020-10
Empresa 33393,202010,Sim,Sim,2020-10
Empresa 33394,202010,Sim,Sim,2020-10
Empresa 33395,202010,Sim,Sim,2020-10
Empresa 33396,202010,Sim,Sim,2020-10
Empresa 33397,202010,Sim,Sim,2020-10
Empresa 33398,202010,Sim,Sim,2020-10
Empresa 33399,202010,Sim,Sim,2020-10
Empresa 334,202207,Sim,Sim,2022-07
Empresa 3340,202001,Sim,Sim,2020-01
Empresa 33400,202010,Sim,Sim,2020-10
Empresa 33401,202010,Sim,Sim,2020-10
Empresa 33402,202010,Sim,Sim,2020-10
Empresa 33403,202010,Não,Não,2020-10
Empresa 33404,202010,Sim,Sim,2020-10
Empresa 33405,202010,Sim,Sim,2020-10
Empresa 33406,202010,Sim,Sim,2020-10
Empresa 33407,202010,Sim,Sim,2020-10
Empresa 33408,202010,Sim,Sim,2020-10
Empresa 33409,202010,Sim,Sim,2020-10
Empresa 3341,202008,Sim,Sim,2020-08
Empresa 33410,202010,Sim,Sim,2020-10
Empresa 33411,202010,Sim,Sim,2020-10
Empresa 33412,202010,Sim,Sim,2020-10
Empresa 33413,202010,Sim,Sim,2020-10
Empresa 33414,202010,Sim,Sim,2020-10
Empresa 33415,202010,Sim,Sim,2020-10
Empresa 33416,202010,Sim,Sim,2020-10
Empresa 33417,202010,Sim,Sim,2020-10
Empresa 33418,202010,Sim,Sim,2020-10
Empresa 33419,202010,Sim,Sim,2020-10
Empresa 3342,201907,Sim,Sim,2019-07
Empresa 33420,202010,Sim,Sim,2020-10
Empresa 33421,202010,Sim,Sim,2020-10
Empresa 33422,202010,Sim,Sim,2020-10
Empresa 33423,202010,Sim,Sim,2020-10
Empresa 33424,202010,Sim,Sim,2020-10
Empresa 33425,202010,Sim,Sim,2020-10
Empresa 33426,202011,Sim,Sim,2020-11
Empresa 33427,202011,Sim,Sim,2020-11
Empresa 33428,202011,Sim,Sim,2020-11
Empresa 33429,202011,Sim,Sim,2020-11
Empresa 3343,201911,Sim,Sim,2019-11
Empresa 33430,202011,Sim,Sim,2020-11
Empresa 33431,202011,Sim,Sim,2020-11
Empresa 33432,202011,Sim,Sim,2020-11
Empresa 33433,202011,Sim,Sim,2020-11
Empresa 33434,202011,Sim,Sim,2020-11
Empresa 33435,202011,Sim,Sim,2020-11
Empresa 33436,202011,Sim,Sim,2020-11
Empresa 33437,202011,Sim,Sim,2020-11
Empresa 33438,202011,Sim,Sim,2020-11
Empresa 33439,202011,Sim,Sim,2020-11
Empresa 3344,201907,Sim,Sim,2019-07
Empresa 33440,202011,Sim,Sim,2020-11
Empresa 33441,202011,Sim,Sim,2020-11
Empresa 33442,202011,Sim,Sim,2020-11
Empresa 33443,202011,Sim,Sim,2020-11
Empresa 33444,202011,Sim,Sim,2020-11
Empresa 33445,202011,Sim,Sim,2020-11
Empresa 33446,202011,Sim,Sim,2020-11
Empresa 33447,202011,Sim,Sim,2020-11
Empresa 33448,202011,Sim,Sim,2020-11
Empresa 33449,202011,Sim,Sim,2020-11
Empresa 3345,202205,Sim,Sim,2022-05
Empresa 33450,202011,Sim,Sim,2020-11
Empresa 33451,202011,Sim,Sim,2020-11
Empresa 33452,202011,Sim,Sim,2020-11
Empresa 33453,202011,Sim,Sim,2020-11
Empresa 33454,202011,Sim,Sim,2020-11
Empresa 33455,202011,Sim,Sim,2020-11
Empresa 33456,202011,Sim,Sim,2020-11
Empresa 33457,202011,Sim,Sim,2020-11
Empresa 33458,202011,Não,Não,2020-11
Empresa 33459,202011,Sim,Sim,2020-11
Empresa 3346,202309,Não,Não,2023-09
Empresa 33460,202011,Sim,Sim,2020-11
Empresa 33461,202011,Sim,Sim,2020-11
Empresa 33462,202011,Sim,Sim,2020-11
Empresa 33463,202011,Sim,Sim,2020-11
Empresa 33464,202011,Sim,Sim,2020-11
Empresa 33465,202011,Sim,Sim,2020-11
Empresa 33466,202011,Sim,Sim,2020-11
Empresa 33467,202011,Sim,Sim,2020-11
Empresa 33468,202011,Sim,Sim,2020-11
Empresa 33469,202011,Sim,Sim,2020-11
Empresa 3347,201907,Sim,Sim,2019-07
Empresa 33470,202011,Sim,Sim,2020-11
Empresa 33471,202011,Sim,Sim,2020-11
Empresa 33472,202011,Sim,Sim,2020-11
Empresa 33473,202011,Sim,Sim,2020-11
Empresa 33474,202011,Sim,Sim,2020-11
Empresa 33475,202011,Sim,Sim,2020-11
Empresa 33476,202011,Sim,Sim,2020-11
Empresa 33477,202011,Sim,Sim,2020-11
Empresa 33478,202011,Sim,Sim,2020-11
Empresa 33479,202011,Sim,Sim,2020-11
Empresa 3348,202003,Sim,Sim,2020-03
Empresa 33480,202011,Sim,Sim,2020-11
Empresa 33481,202011,Sim,Sim,2020-11
Empresa 33482,202011,Sim,Sim,2020-11
Empresa 33483,202011,Sim,Sim,2020-11
Empresa 33484,202011,Sim,Sim,2020-11
Empresa 33485,202011,Não,Não,2020-11
Empresa 33486,202011,Sim,Sim,2020-11
Empresa 33487,202011,Sim,Sim,2020-11
Empresa 33488,202011,Sim,Sim,2020-11
Empresa 33489,202011,Sim,Sim,2020-11
Empresa 3349,202003,Sim,Sim,2020-03
Empresa 33490,202011,Sim,Sim,2020-11
Empresa 33491,202011,Sim,Sim,2020-11
Empresa 33492,202011,Sim,Sim,2020-11
Empresa 33493,202011,Sim,Sim,2020-11
Empresa 33494,202011,Sim,Sim,2020-11
Empresa 33495,202011,Sim,Sim,2020-11
Empresa 33496,202011,Sim,Sim,2020-11
Empresa 33497,202011,Sim,Sim,2020-11
Empresa 33498,202011,Sim,Sim,2020-11
Empresa 33499,202011,Sim,Sim,2020-11
Empresa 335,202304,Sim,Sim,2023-04
Empresa 3350,201908,Sim,Sim,2019-08
Empresa 33500,202011,Sim,Sim,2020-11
Empresa 33501,202011,Sim,Sim,2020-11
Empresa 33502,202011,Sim,Sim,2020-11
Empresa 33503,202011,Sim,Sim,2020-11
Empresa 33504,202011,Sim,Sim,2020-11
Empresa 33505,202011,Sim,Sim,2020-11
Empresa 33506,202011,Sim,Sim,2020-11
Empresa 33507,202011,Sim,Sim,2020-11
Empresa 33508,202011,Sim,Sim,2020-11
Empresa 33509,202011,Sim,Sim,2020-11
Empresa 3351,202207,Sim,Sim,2022-07
Empresa 33510,202011,Sim,Sim,2020-11
Empresa 33511,202011,Sim,Sim,2020-11
Empresa 33512,202011,Sim,Sim,2020-11
Empresa 33513,202011,Sim,Sim,2020-11
Empresa 33514,202011,Sim,Sim,2020-11
Empresa 33515,202011,Sim,Sim,2020-11
Empresa 33516,202011,Sim,Sim,2020-11
Empresa 33517,202012,Sim,Sim,2020-12
Empresa 33518,202012,Sim,Sim,2020-12
Empresa 33519,202012,Sim,Sim,2020-12
Empresa 3352,202109,Sim,Sim,2021-09
Empresa 33520,202012,Sim,Sim,2020-12
Empresa 33521,202012,Sim,Sim,2020-12
Empresa 33522,202012,Sim,Sim,2020-12
Empresa 33523,202012,Sim,Sim,2020-12
Empresa 33524,202012,Sim,Sim,2020-12
Empresa 33525,202012,Sim,Sim,2020-12
Empresa 33526,202012,Sim,Sim,2020-12
Empresa 33527,202012,Sim,Sim,2020-12
Empresa 33528,202012,Sim,Sim,2020-12
Empresa 33529,202012,Não,Sim,2020-12
Empresa 3353,202107,Não,Sim,2021-07
Empresa 33530,202012,Sim,Sim,2020-12
Empresa 33531,202012,Sim,Sim,2020-12
Empresa 33532,202012,Sim,Sim,2020-12
Empresa 33533,202012,Sim,Sim,2020-12
Empresa 33534,202012,Sim,Sim,2020-12
Empresa 33535,202012,Não,Não,2020-12
Empresa 33536,202012,Sim,Sim,2020-12
Empresa 33537,202012,Sim,Sim,2020-12
Empresa 33538,202012,Sim,Sim,2020-12
Empresa 33539,202012,Sim,Sim,2020-12
Empresa 3354,201910,Sim,Sim,2019-10
Empresa 33540,202012,Sim,Sim,2020-12
Empresa 33541,202012,Sim,Sim,2020-12
Empresa 33542,202101,Sim,Sim,2021-01
Empresa 33543,202101,Sim,Sim,2021-01
Empresa 33544,202101,Sim,Sim,2021-01
Empresa 33545,202101,Sim,Sim,2021-01
Empresa 33546,202101,Sim,Sim,2021-01
Empresa 33547,202101,Sim,Sim,2021-01
Empresa 33548,202101,Sim,Sim,2021-01
Empresa 33549,202101,Sim,Sim,2021-01
Empresa 3355,202003,Sim,Sim,2020-03
Empresa 33550,202101,Sim,Sim,2021-01
Empresa 33551,202101,Sim,Sim,2021-01
Empresa 33552,202101,Sim,Sim,2021-01
Empresa 33553,202101,Sim,Sim,2021-01
Empresa 33554,202101,Sim,Sim,2021-01
Empresa 33555,202101,Sim,Sim,2021-01
Empresa 33556,202101,Sim,Sim,2021-01
Empresa 33557,202101,Sim,Sim,2021-01
Empresa 33558,202101,Sim,Sim,2021-01
Empresa 33559,202101,Sim,Sim,2021-01
Empresa 3356,202003,Sim,Sim,2020-03
Empresa 33560,202101,Sim,Sim,2021-01
Empresa 33561,202101,Sim,Sim,2021-01
Empresa 33562,202101,Sim,Sim,2021-01
Empresa 33563,202101,Sim,Sim,2021-01
Empresa 33564,202101,Sim,Sim,2021-01
Empresa 33565,202101,Sim,Sim,2021-01
Empresa 33566,202101,Sim,Sim,2021-01
Empresa 33567,202101,Sim,Sim,2021-01
Empresa 33568,202101,Sim,Sim,2021-01
Empresa 33569,202101,Sim,Sim,2021-01
Empresa 3357,202006,Sim,Sim,2020-06
Empresa 33570,202101,Sim,Sim,2021-01
Empresa 33571,202101,Sim,Sim,2021-01
Empresa 33572,202101,Sim,Sim,2021-01
Empresa 33573,202101,Sim,Sim,2021-01
Empresa 33574,202101,Sim,Sim,2021-01
Empresa 33575,202101,Sim,Sim,2021-01
Empresa 33576,202101,Sim,Sim,2021-01
Empresa 33577,202101,Sim,Sim,2021-01
Empresa 33578,202101,Sim,Sim,2021-01
Empresa 33579,202101,Sim,Sim,2021-01
Empresa 3358,201908,Sim,Sim,2019-08
Empresa 33580,202101,Sim,Sim,2021-01
Empresa 33581,202101,Sim,Sim,2021-01
Empresa 33582,202101,Sim,Sim,2021-01
Empresa 33583,202101,Sim,Sim,2021-01
Empresa 33584,202101,Não,Não,2021-01
Empresa 33585,202101,Sim,Sim,2021-01
Empresa 33586,202101,Sim,Sim,2021-01
Empresa 33587,202101,Sim,Sim,2021-01
Empresa 33588,202101,Não,Não,2021-01
Empresa 33589,202101,Sim,Sim,2021-01
Empresa 3359,202002,Sim,Sim,2020-02
Empresa 33590,202101,Sim,Sim,2021-01
Empresa 33591,202101,Sim,Sim,2021-01
Empresa 33592,202101,Sim,Sim,2021-01
Empresa 33593,202101,Sim,Sim,2021-01
Empresa 33594,202101,Sim,Sim,2021-01
Empresa 33595,202101,Sim,Sim,2021-01
Empresa 33596,202101,Sim,Sim,2021-01
Empresa 33597,202101,Sim,Sim,2021-01
Empresa 33598,202101,Sim,Sim,2021-01
Empresa 33599,202101,Sim,Sim,2021-01
Empresa 336,202305,Sim,Sim,2023-05
Empresa 3360,202001,Sim,Sim,2020-01
Empresa 33600,202101,Sim,Sim,2021-01
Empresa 33601,202101,Sim,Sim,2021-01
Empresa 33602,202101,Sim,Sim,2021-01
Empresa 33603,202101,Sim,Sim,2021-01
Empresa 33604,202101,Sim,Sim,2021-01
Empresa 33605,202101,Sim,Sim,2021-01
Empresa 33606,202101,Sim,Sim,2021-01
Empresa 33607,202101,Sim,Sim,2021-01
Empresa 33608,202101,Sim,Sim,2021-01
Empresa 33609,202101,Sim,Sim,2021-01
Empresa 3361,201907,Sim,Sim,2019-07
Empresa 33610,202101,Sim,Sim,2021-01
Empresa 33611,202101,Sim,Sim,2021-01
Empresa 33612,202101,Sim,Sim,2021-01
Empresa 33613,202101,Sim,Sim,2021-01
Empresa 33614,202101,Sim,Sim,2021-01
Empresa 33615,202101,Sim,Sim,2021-01
Empresa 33616,202101,Sim,Sim,2021-01
Empresa 33617,202101,Sim,Sim,2021-01
Empresa 33618,202101,Sim,Sim,2021-01
Empresa 33619,202101,Sim,Sim,2021-01
Empresa 3362,202006,Sim,Sim,2020-06
Empresa 33620,202101,Sim,Sim,2021-01
Empresa 33621,202101,Sim,Sim,2021-01
Empresa 33622,202101,Sim,Sim,2021-01
Empresa 33623,202101,Sim,Sim,2021-01
Empresa 33624,202101,Sim,Sim,2021-01
Empresa 33625,202101,Sim,Sim,2021-01
Empresa 33626,202101,Sim,Sim,2021-01
Empresa 33627,202101,Sim,Sim,2021-01
Empresa 33628,202101,Sim,Sim,2021-01
Empresa 33629,202101,Sim,Sim,2021-01
Empresa 3363,202006,Sim,Sim,2020-06
Empresa 33630,202101,Sim,Sim,2021-01
Empresa 33631,202101,Sim,Sim,2021-01
Empresa 33632,202101,Sim,Sim,2021-01
Empresa 33633,202101,Sim,Sim,2021-01
Empresa 33634,202101,Sim,Sim,2021-01
Empresa 33635,202101,Sim,Sim,2021-01
Empresa 33636,202101,Sim,Sim,2021-01
Empresa 33637,202101,Sim,Sim,2021-01
Empresa 33638,202101,Sim,Sim,2021-01
Empresa 33639,202101,Sim,Sim,2021-01
Empresa 3364,202205,Sim,Sim,2022-05
Empresa 33640,202101,Sim,Sim,2021-01
Empresa 33641,202101,Sim,Sim,2021-01
Empresa 33642,202101,Sim,Sim,2021-01
Empresa 33643,202101,Sim,Sim,2021-01
Empresa 33644,202101,Sim,Sim,2021-01
Empresa 33645,202101,Sim,Sim,2021-01
Empresa 33646,202101,Sim,Sim,2021-01
Empresa 33647,202101,Sim,Sim,2021-01
Empresa 33648,202101,Sim,Sim,2021-01
Empresa 33649,202101,Sim,Sim,2021-01
Empresa 3365,201912,Sim,Sim,2019-12
Empresa 33650,202101,Sim,Sim,2021-01
Empresa 33651,202101,Sim,Sim,2021-01
Empresa 33652,202101,Sim,Sim,2021-01
Empresa 33653,202101,Sim,Sim,2021-01
Empresa 33654,202101,Sim,Sim,2021-01
Empresa 33655,202101,Sim,Sim,2021-01
Empresa 33656,202101,Sim,Sim,2021-01
Empresa 33657,202101,Sim,Sim,2021-01
Empresa 33658,202102,Sim,Sim,2021-02
Empresa 33659,202102,Sim,Sim,2021-02
Empresa 3366,202104,Sim,Sim,2021-04
Empresa 33660,202102,Sim,Sim,2021-02
Empresa 33661,202102,Sim,Sim,2021-02
Empresa 33662,202102,Sim,Sim,2021-02
Empresa 33663,202102,Sim,Sim,2021-02
Empresa 33664,202102,Sim,Sim,2021-02
Empresa 33665,202102,Sim,Sim,2021-02
Empresa 33666,202102,Sim,Sim,2021-02
Empresa 33667,202102,Sim,Sim,2021-02
Empresa 33668,202102,Sim,Sim,2021-02
Empresa 33669,202102,Sim,Sim,2021-02
Empresa 3367,202005,Sim,Sim,2020-05
Empresa 33670,202102,Sim,Sim,2021-02
Empresa 33671,202102,Sim,Sim,2021-02
Empresa 33672,202102,Sim,Sim,2021-02
Empresa 33673,202102,Sim,Sim,2021-02
Empresa 33674,202102,Sim,Sim,2021-02
Empresa 33675,202102,Sim,Sim,2021-02
Empresa 33676,202102,Sim,Sim,2021-02
Empresa 33677,202102,Sim,Sim,2021-02
Empresa 33678,202102,Sim,Sim,2021-02
Empresa 33679,202102,Sim,Sim,2021-02
Empresa 3368,201908,Sim,Sim,2019-08
Empresa 33680,202102,Sim,Sim,2021-02
Empresa 33681,202102,Sim,Sim,2021-02
Empresa 33682,202102,Sim,Sim,2021-02
Empresa 33683,202102,Sim,Sim,2021-02
Empresa 33684,202102,Sim,Sim,2021-02
Empresa 33685,202102,Não,Não,2021-02
Empresa 33686,202102,Sim,Sim,2021-02
Empresa 33687,202102,Sim,Sim,2021-02
Empresa 33688,202102,Sim,Sim,2021-02
Empresa 33689,202102,Sim,Sim,2021-02
Empresa 3369,201908,Sim,Sim,2019-08
Empresa 33690,202102,Sim,Sim,2021-02
Empresa 33691,202102,Sim,Sim,2021-02
Empresa 33692,202102,Sim,Sim,2021-02
Empresa 33693,202102,Sim,Sim,2021-02
Empresa 33694,202102,Sim,Sim,2021-02
Empresa 33695,202102,Não,Não,2021-02
Empresa 33696,202102,Sim,Sim,2021-02
Empresa 33697,202102,Sim,Sim,2021-02
Empresa 33698,202102,Sim,Sim,2021-02
Empresa 33699,202102,Sim,Sim,2021-02
Empresa 337,202308,Sim,Sim,2023-08
Empresa 3370,201908,Sim,Sim,2019-08
Empresa 33700,202102,Sim,Sim,2021-02
Empresa 33701,202102,Não,Não,2021-02
Empresa 33702,202102,Sim,Sim,2021-02
Empresa 33703,202102,Sim,Sim,2021-02
Empresa 33704,202102,Sim,Sim,2021-02
Empresa 33705,202102,Não,Não,2021-02
Empresa 33706,202102,Sim,Sim,2021-02
Empresa 33707,202102,Sim,Sim,2021-02
Empresa 33708,202102,Sim,Sim,2021-02
Empresa 33709,202102,Sim,Sim,2021-02
Empresa 3371,202102,Sim,Sim,2021-02
Empresa 33710,202102,Sim,Sim,2021-02
Empresa 33711,202102,Sim,Sim,2021-02
Empresa 33712,202102,Sim,Sim,2021-02
Empresa 33713,202102,Sim,Sim,2021-02
Empresa 33714,202102,Sim,Sim,2021-02
Empresa 33715,202102,Sim,Sim,2021-02
Empresa 33716,202102,Sim,Sim,2021-02
Empresa 33717,202102,Sim,Sim,2021-02
Empresa 33718,202102,Sim,Sim,2021-02
Empresa 33719,202102,Sim,Sim,2021-02
Empresa 3372,201908,Sim,Sim,2019-08
Empresa 33720,202102,Sim,Sim,2021-02
Empresa 33721,202102,Sim,Sim,2021-02
Empresa 33722,202102,Sim,Sim,2021-02
Empresa 33723,202102,Sim,Sim,2021-02
Empresa 33724,202102,Sim,Sim,2021-02
Empresa 33725,202102,Sim,Sim,2021-02
Empresa 33726,202102,Sim,Sim,2021-02
Empresa 33727,202102,Sim,Sim,2021-02
Empresa 33728,202102,Sim,Sim,2021-02
Empresa 33729,202102,Sim,Sim,2021-02
Empresa 3373,201909,Sim,Sim,2019-09
Empresa 33730,202102,Sim,Sim,2021-02
Empresa 33731,202102,Sim,Sim,2021-02
Empresa 33732,202102,Sim,Sim,2021-02
Empresa 33733,202102,Sim,Sim,2021-02
Empresa 33734,202102,Sim,Sim,2021-02
Empresa 33735,202102,Sim,Sim,2021-02
Empresa 33736,202102,Sim,Sim,2021-02
Empresa 33737,202102,Sim,Sim,2021-02
Empresa 33738,202102,Sim,Sim,2021-02
Empresa 33739,202102,Sim,Sim,2021-02
Empresa 3374,201910,Sim,Sim,2019-10
Empresa 33740,202102,Sim,Sim,2021-02
Empresa 33741,202102,Sim,Sim,2021-02
Empresa 33742,202102,Sim,Sim,2021-02
Empresa 33743,202102,Sim,Sim,2021-02
Empresa 33744,202102,Sim,Sim,2021-02
Empresa 33745,202102,Sim,Sim,2021-02
Empresa 33746,202102,Não,Não,2021-02
Empresa 33747,202102,Sim,Sim,2021-02
Empresa 33748,202102,Sim,Sim,2021-02
Empresa 33749,202102,Sim,Sim,2021-02
Empresa 3375,202107,Sim,Sim,2021-07
Empresa 33750,202102,Sim,Sim,2021-02
Empresa 33751,202102,Sim,Sim,2021-02
Empresa 33752,202102,Sim,Sim,2021-02
Empresa 33753,202102,Sim,Sim,2021-02
Empresa 33754,202102,Sim,Sim,2021-02
Empresa 33755,202102,Sim,Sim,2021-02
Empresa 33756,202102,Sim,Sim,2021-02
Empresa 33757,202102,Sim,Sim,2021-02
Empresa 33758,202102,Sim,Sim,2021-02
Empresa 33759,202102,Sim,Sim,2021-02
Empresa 3376,202003,Sim,Sim,2020-03
Empresa 33760,202102,Sim,Sim,2021-02
Empresa 33761,202102,Sim,Sim,2021-02
Empresa 33762,202102,Sim,Sim,2021-02
Empresa 33763,202102,Sim,Sim,2021-02
Empresa 33764,202102,Sim,Sim,2021-02
Empresa 33765,202102,Sim,Sim,2021-02
Empresa 33766,202102,Sim,Sim,2021-02
Empresa 33767,202102,Sim,Sim,2021-02
Empresa 33768,202102,Sim,Sim,2021-02
Empresa 33769,202102,Sim,Sim,2021-02
Empresa 3377,202206,Sim,Sim,2022-06
Empresa 33770,202102,Sim,Sim,2021-02
Empresa 33771,202102,Sim,Sim,2021-02
Empresa 33772,202102,Sim,Sim,2021-02
Empresa 33773,202102,Sim,Sim,2021-02
Empresa 33774,202102,Sim,Sim,2021-02
Empresa 33775,202103,Sim,Sim,2021-03
Empresa 33776,202103,Sim,Sim,2021-03
Empresa 33777,202103,Sim,Sim,2021-03
Empresa 33778,202103,Sim,Sim,2021-03
Empresa 33779,202103,Sim,Sim,2021-03
Empresa 3378,202212,Sim,Sim,2022-12
Empresa 33780,202103,Sim,Sim,2021-03
Empresa 33781,202103,Sim,Sim,2021-03
Empresa 33782,202103,Sim,Sim,2021-03
Empresa 33783,202103,Sim,Sim,2021-03
Empresa 33784,202103,Não,Sim,2021-03
Empresa 33785,202103,Sim,Sim,2021-03
Empresa 33786,202103,Sim,Sim,2021-03
Empresa 33787,202103,Sim,Sim,2021-03
Empresa 33788,202103,Sim,Sim,2021-03
Empresa 33789,202103,Sim,Sim,2021-03
Empresa 3379,202003,Sim,Sim,2020-03
Empresa 33790,202103,Sim,Sim,2021-03
Empresa 33791,202103,Sim,Sim,2021-03
Empresa 33792,202103,Sim,Sim,2021-03
Empresa 33793,202103,Sim,Sim,2021-03
Empresa 33794,202103,Sim,Sim,2021-03
Empresa 33795,202103,Sim,Sim,2021-03
Empresa 33796,202103,Sim,Sim,2021-03
Empresa 33797,202103,Sim,Sim,2021-03
Empresa 33798,202103,Sim,Sim,2021-03
Empresa 33799,202103,Sim,Sim,2021-03
Empresa 338,202310,Não,Não,2023-10
Empresa 3380,201907,Sim,Sim,2019-07
Empresa 33800,202103,Sim,Sim,2021-03
Empresa 33801,202103,Sim,Sim,2021-03
Empresa 33802,202103,Sim,Sim,2021-03
Empresa 33803,202103,Sim,Sim,2021-03
Empresa 33804,202103,Sim,Sim,2021-03
Empresa 33805,202103,Não,Sim,2021-03
Empresa 33806,202103,Não,Sim,2021-03
Empresa 33807,202103,Sim,Sim,2021-03
Empresa 33808,202103,Sim,Sim,2021-03
Empresa 33809,202103,Sim,Sim,2021-03
Empresa 3381,201908,Sim,Sim,2019-08
Empresa 33810,202103,Sim,Sim,2021-03
Empresa 33811,202103,Sim,Sim,2021-03
Empresa 33812,202103,Sim,Sim,2021-03
Empresa 33813,202103,Sim,Sim,2021-03
Empresa 33814,202103,Sim,Sim,2021-03
Empresa 33815,202103,Sim,Sim,2021-03
Empresa 33816,202103,Sim,Sim,2021-03
Empresa 33817,202103,Não,Sim,2021-03
Empresa 33818,202103,Sim,Sim,2021-03
Empresa 33819,202103,Não,Sim,2021-03
Empresa 3382,201907,Sim,Sim,2019-07
Empresa 33820,202103,Sim,Sim,2021-03
Empresa 33821,202103,Sim,Sim,2021-03
Empresa 33822,202103,Sim,Sim,2021-03
Empresa 33823,202103,Sim,Sim,2021-03
Empresa 33824,202103,Sim,Sim,2021-03
Empresa 33825,202103,Sim,Sim,2021-03
Empresa 33826,202103,Sim,Sim,2021-03
Empresa 33827,202103,Sim,Sim,2021-03
Empresa 33828,202103,Sim,Sim,2021-03
Empresa 33829,202103,Sim,Sim,2021-03
Empresa 3383,202103,Sim,Sim,2021-03
Empresa 33830,202103,Sim,Sim,2021-03
Empresa 33831,202103,Sim,Sim,2021-03
Empresa 33832,202103,Sim,Sim,2021-03
Empresa 33833,202103,Sim,Sim,2021-03
Empresa 33834,202103,Sim,Sim,2021-03
Empresa 33835,202103,Sim,Sim,2021-03
Empresa 33836,202103,Sim,Sim,2021-03
Empresa 33837,202103,Sim,Sim,2021-03
Empresa 33838,202103,Sim,Sim,2021-03
Empresa 33839,202103,Não,Não,2021-03
Empresa 3384,202101,Sim,Sim,2021-01
Empresa 33840,202103,Sim,Sim,2021-03
Empresa 33841,202103,Sim,Sim,2021-03
Empresa 33842,202103,Sim,Sim,2021-03
Empresa 33843,202103,Sim,Sim,2021-03
Empresa 33844,202103,Sim,Sim,2021-03
Empresa 33845,202103,Sim,Sim,2021-03
Empresa 33846,202103,Sim,Sim,2021-03
Empresa 33847,202103,Não,Sim,2021-03
Empresa 33848,202103,Sim,Sim,2021-03
Empresa 33849,202103,Não,Não,2021-03
Empresa 3385,202108,Sim,Sim,2021-08
Empresa 33850,202103,Não,Sim,2021-03
Empresa 33851,202103,Sim,Sim,2021-03
Empresa 33852,202103,Não,Sim,2021-03
Empresa 33853,202103,Sim,Sim,2021-03
Empresa 33854,202103,Sim,Sim,2021-03
Empresa 33855,202103,Sim,Sim,2021-03
Empresa 33856,202103,Sim,Sim,2021-03
Empresa 33857,202103,Sim,Sim,2021-03
Empresa 33858,202103,Sim,Sim,2021-03
Empresa 33859,202103,Sim,Sim,2021-03
Empresa 3386,201909,Sim,Sim,2019-09
Empresa 33860,202103,Sim,Sim,2021-03
Empresa 33861,202103,Sim,Sim,2021-03
Empresa 33862,202103,Sim,Sim,2021-03
Empresa 33863,202103,Sim,Sim,2021-03
Empresa 33864,202103,Sim,Sim,2021-03
Empresa 33865,202103,Sim,Sim,2021-03
Empresa 33866,202103,Sim,Sim,2021-03
Empresa 33867,202103,Sim,Sim,2021-03
Empresa 33868,202103,Sim,Sim,2021-03
Empresa 33869,202103,Sim,Sim,2021-03
Empresa 3387,201912,Sim,Sim,2019-12
Empresa 33870,202103,Sim,Sim,2021-03
Empresa 33871,202103,Sim,Sim,2021-03
Empresa 33872,202103,Sim,Sim,2021-03
Empresa 33873,202103,Sim,Sim,2021-03
Empresa 33874,202103,Sim,Sim,2021-03
Empresa 33875,202103,Sim,Sim,2021-03
Empresa 33876,202103,Sim,Sim,2021-03
Empresa 33877,202103,Sim,Sim,2021-03
Empresa 33878,202103,Sim,Sim,2021-03
Empresa 33879,202103,Sim,Sim,2021-03
Empresa 3388,202004,Sim,Sim,2020-04
Empresa 33880,202103,Sim,Sim,2021-03
Empresa 33881,202103,Sim,Sim,2021-03
Empresa 33882,202103,Sim,Sim,2021-03
Empresa 33883,202103,Sim,Sim,2021-03
Empresa 33884,202103,Sim,Sim,2021-03
Empresa 33885,202103,Sim,Sim,2021-03
Empresa 33886,202103,Sim,Sim,2021-03
Empresa 33887,202103,Sim,Sim,2021-03
Empresa 33888,202103,Sim,Sim,2021-03
Empresa 33889,202103,Sim,Sim,2021-03
Empresa 3389,202003,Sim,Sim,2020-03
Empresa 33890,202103,Sim,Sim,2021-03
Empresa 33891,202103,Sim,Sim,2021-03
Empresa 33892,202103,Sim,Sim,2021-03
Empresa 33893,202103,Sim,Sim,2021-03
Empresa 33894,202103,Sim,Sim,2021-03
Empresa 33895,202103,Sim,Sim,2021-03
Empresa 33896,202103,Sim,Sim,2021-03
Empresa 33897,202103,Sim,Sim,2021-03
Empresa 33898,202103,Não,Sim,2021-03
Empresa 33899,202103,Sim,Sim,2021-03
Empresa 339,202305,Não,Sim,2023-05
Empresa 3390,201908,Sim,Sim,2019-08
Empresa 33900,202103,Sim,Sim,2021-03
Empresa 33901,202103,Sim,Sim,2021-03
Empresa 33902,202103,Sim,Sim,2021-03
Empresa 33903,202103,Sim,Sim,2021-03
Empresa 33904,202103,Sim,Sim,2021-03
Empresa 33905,202103,Sim,Sim,2021-03
Empresa 33906,202103,Sim,Sim,2021-03
Empresa 33907,202103,Sim,Sim,2021-03
Empresa 33908,202103,Não,Sim,2021-03
Empresa 33909,202103,Sim,Sim,2021-03
Empresa 3391,202008,Sim,Sim,2020-08
Empresa 33910,202103,Sim,Sim,2021-03
Empresa 33911,202103,Sim,Sim,2021-03
Empresa 33912,202103,Sim,Sim,2021-03
Empresa 33913,202103,Sim,Sim,2021-03
Empresa 33914,202103,Sim,Sim,2021-03
Empresa 33915,202103,Sim,Sim,2021-03
Empresa 33916,202103,Sim,Sim,2021-03
Empresa 33917,202103,Sim,Sim,2021-03
Empresa 33918,202103,Sim,Sim,2021-03
Empresa 33919,202103,Sim,Sim,2021-03
Empresa 3392,201911,Sim,Sim,2019-11
Empresa 33920,202103,Sim,Sim,2021-03
Empresa 33921,202103,Sim,Sim,2021-03
Empresa 33922,202103,Sim,Sim,2021-03
Empresa 33923,202103,Sim,Sim,2021-03
Empresa 33924,202103,Sim,Sim,2021-03
Empresa 33925,202103,Sim,Sim,2021-03
Empresa 33926,202103,Sim,Sim,2021-03
Empresa 33927,202103,Sim,Sim,2021-03
Empresa 33928,202103,Sim,Sim,2021-03
Empresa 33929,202103,Não,Sim,2021-03
Empresa 3393,202007,Sim,Sim,2020-07
Empresa 33930,202109,Sim,Sim,2021-09
Empresa 33931,202109,Sim,Sim,2021-09
Empresa 33932,202109,Sim,Sim,2021-09
Empresa 33933,202109,Sim,Sim,2021-09
Empresa 33934,202109,Não,Não,2021-09
Empresa 33935,202109,Sim,Sim,2021-09
Empresa 33936,202109,Sim,Sim,2021-09
Empresa 33937,202109,Sim,Sim,2021-09
Empresa 33938,202109,Sim,Sim,2021-09
Empresa 33939,202109,Sim,Sim,2021-09
Empresa 3394,202212,Não,Sim,2022-12
Empresa 33940,202109,Sim,Sim,2021-09
Empresa 33941,202109,Sim,Sim,2021-09
Empresa 33942,202109,Não,Não,2021-09
Empresa 33943,202109,Sim,Sim,2021-09
Empresa 33944,202109,Sim,Sim,2021-09
Empresa 33945,202109,Não,Não,2021-09
Empresa 33946,202109,Sim,Sim,2021-09
Empresa 33947,202109,Sim,Sim,2021-09
Empresa 33948,202109,Não,Não,2021-09
Empresa 33949,202109,Sim,Sim,2021-09
Empresa 3395,202006,Sim,Sim,2020-06
Empresa 33950,202109,Sim,Sim,2021-09
Empresa 33951,202109,Não,Não,2021-09
Empresa 33952,202109,Sim,Sim,2021-09
Empresa 33953,202109,Sim,Sim,2021-09
Empresa 33954,202109,Sim,Sim,2021-09
Empresa 33955,202109,Sim,Sim,2021-09
Empresa 33956,202109,Sim,Sim,2021-09
Empresa 33957,202109,Sim,Sim,2021-09
Empresa 33958,202109,Sim,Sim,2021-09
Empresa 33959,202109,Sim,Sim,2021-09
Empresa 3396,201908,Sim,Sim,2019-08
Empresa 33960,202109,Sim,Sim,2021-09
Empresa 33961,202109,Sim,Sim,2021-09
Empresa 33962,202109,Sim,Sim,2021-09
Empresa 33963,202109,Sim,Sim,2021-09
Empresa 33964,202109,Sim,Sim,2021-09
Empresa 33965,202109,Sim,Sim,2021-09
Empresa 33966,202109,Sim,Sim,2021-09
Empresa 33967,202109,Sim,Sim,2021-09
Empresa 33968,202109,Sim,Sim,2021-09
Empresa 33969,202109,Sim,Sim,2021-09
Empresa 3397,202201,Não,Não,2022-01
Empresa 33970,202109,Sim,Sim,2021-09
Empresa 33971,202109,Sim,Sim,2021-09
Empresa 33972,202109,Sim,Sim,2021-09
Empresa 33973,202109,Sim,Sim,2021-09
Empresa 33974,202109,Sim,Sim,2021-09
Empresa 33975,202109,Sim,Sim,2021-09
Empresa 33976,202109,Sim,Sim,2021-09
Empresa 33977,202109,Sim,Sim,2021-09
Empresa 33978,202109,Sim,Sim,2021-09
Empresa 33979,202109,Sim,Sim,2021-09
Empresa 3398,202011,Sim,Sim,2020-11
Empresa 33980,202109,Sim,Sim,2021-09
Empresa 33981,202109,Sim,Sim,2021-09
Empresa 33982,202109,Sim,Sim,2021-09
Empresa 33983,202109,Sim,Sim,2021-09
Empresa 33984,202109,Sim,Sim,2021-09
Empresa 33985,202109,Sim,Sim,2021-09
Empresa 33986,202109,Não,Não,2021-09
Empresa 33987,202109,Sim,Sim,2021-09
Empresa 33988,202109,Sim,Sim,2021-09
Empresa 33989,202109,Sim,Sim,2021-09
Empresa 3399,202209,Sim,Sim,2022-09
Empresa 33990,202109,Sim,Sim,2021-09
Empresa 33991,202109,Não,Não,2021-09
Empresa 33992,202109,Sim,Sim,2021-09
Empresa 33993,202109,Sim,Sim,2021-09
Empresa 33994,202109,Sim,Sim,2021-09
Empresa 33995,202109,Sim,Sim,2021-09
Empresa 33996,202109,Sim,Sim,2021-09
Empresa 33997,202109,Sim,Sim,2021-09
Empresa 33998,202109,Sim,Sim,2021-09
Empresa 33999,202109,Sim,Sim,2021-09
Empresa 34,202211,Sim,Sim,2022-11
Empresa 340,202210,Sim,Sim,2022-10
Empresa 3400,202204,Sim,Sim,2022-04
Empresa 34000,202109,Sim,Sim,2021-09
Empresa 34001,202109,Sim,Sim,2021-09
Empresa 34002,202109,Sim,Sim,2021-09
Empresa 34003,202109,Sim,Sim,2021-09
Empresa 34004,202109,Sim,Sim,2021-09
Empresa 34005,202109,Sim,Sim,2021-09
Empresa 34006,202109,Sim,Sim,2021-09
Empresa 34007,202109,Sim,Sim,2021-09
Empresa 34008,202109,Sim,Sim,2021-09
Empresa 34009,202109,Sim,Sim,2021-09
Empresa 3401,201907,Sim,Sim,2019-07
Empresa 34010,202109,Sim,Sim,2021-09
Empresa 34011,202109,Sim,Sim,2021-09
Empresa 34012,202110,Sim,Sim,2021-10
Empresa 34013,202110,Sim,Sim,2021-10
Empresa 34014,202110,Sim,Sim,2021-10
Empresa 34015,202110,Sim,Sim,2021-10
Empresa 34016,202110,Sim,Sim,2021-10
Empresa 34017,202110,Sim,Sim,2021-10
Empresa 34018,202110,Sim,Sim,2021-10
Empresa 34019,202110,Sim,Sim,2021-10
Empresa 3402,201907,Sim,Sim,2019-07
Empresa 34020,202110,Sim,Sim,2021-10
Empresa 34021,202110,Sim,Sim,2021-10
Empresa 34022,202110,Sim,Sim,2021-10
Empresa 34023,202110,Sim,Sim,2021-10
Empresa 34024,202110,Sim,Sim,2021-10
Empresa 34025,202110,Sim,Sim,2021-10
Empresa 34026,202110,Sim,Sim,2021-10
Empresa 34027,202110,Não,Não,2021-10
Empresa 34028,202110,Sim,Sim,2021-10
Empresa 34029,202110,Sim,Sim,2021-10
Empresa 3403,201907,Sim,Sim,2019-07
Empresa 34030,202110,Sim,Sim,2021-10
Empresa 34031,202110,Sim,Sim,2021-10
Empresa 34032,202110,Sim,Sim,2021-10
Empresa 34033,202110,Sim,Sim,2021-10
Empresa 34034,202110,Sim,Sim,2021-10
Empresa 34035,202110,Sim,Sim,2021-10
Empresa 34036,202110,Sim,Sim,2021-10
Empresa 34037,202110,Sim,Sim,2021-10
Empresa 34038,202203,Sim,Sim,2022-03
Empresa 34039,202203,Sim,Sim,2022-03
Empresa 3404,201907,Sim,Sim,2019-07
Empresa 34040,202203,Sim,Sim,2022-03
Empresa 34041,202203,Sim,Sim,2022-03
Empresa 34042,202203,Sim,Sim,2022-03
Empresa 34043,202203,Sim,Sim,2022-03
Empresa 34044,202203,Sim,Sim,2022-03
Empresa 34045,202203,Sim,Sim,2022-03
Empresa 34046,202203,Sim,Sim,2022-03
Empresa 34047,202203,Sim,Sim,2022-03
Empresa 34048,202203,Sim,Sim,2022-03
Empresa 34049,202203,Sim,Sim,2022-03
Empresa 3405,202304,Não,Sim,2023-04
Empresa 34050,202203,Sim,Sim,2022-03
Empresa 34051,202203,Não,Sim,2022-03
Empresa 34052,202203,Sim,Sim,2022-03
Empresa 34053,202203,Sim,Sim,2022-03
Empresa 34054,202203,Sim,Sim,2022-03
Empresa 34055,202203,Sim,Sim,2022-03
Empresa 34056,202203,Sim,Sim,2022-03
Empresa 34057,202203,Sim,Sim,2022-03
Empresa 34058,202203,Sim,Sim,2022-03
Empresa 34059,202203,Sim,Sim,2022-03
Empresa 3406,202207,Sim,Sim,2022-07
Empresa 34060,202203,Sim,Sim,2022-03
Empresa 34061,202203,Sim,Sim,2022-03
Empresa 34062,202203,Sim,Sim,2022-03
Empresa 34063,202203,Sim,Sim,2022-03
Empresa 34064,202203,Sim,Sim,2022-03
Empresa 34065,202203,Sim,Sim,2022-03
Empresa 34066,202203,Sim,Sim,2022-03
Empresa 34067,202203,Sim,Sim,2022-03
Empresa 34068,202203,Sim,Sim,2022-03
Empresa 34069,202204,Não,Não,2022-04
Empresa 3407,202007,Sim,Sim,2020-07
Empresa 34070,202205,Sim,Sim,2022-05
Empresa 34071,202205,Sim,Sim,2022-05
Empresa 34072,202205,Sim,Sim,2022-05
Empresa 34073,202205,Sim,Sim,2022-05
Empresa 34074,202205,Sim,Sim,2022-05
Empresa 34075,202205,Sim,Sim,2022-05
Empresa 34076,202205,Sim,Sim,2022-05
Empresa 34077,202205,Sim,Sim,2022-05
Empresa 34078,202205,Sim,Sim,2022-05
Empresa 34079,202205,Sim,Sim,2022-05
Empresa 3408,202104,Sim,Sim,2021-04
Empresa 34080,202205,Sim,Sim,2022-05
Empresa 34081,202205,Sim,Sim,2022-05
Empresa 34082,202205,Sim,Sim,2022-05
Empresa 34083,202205,Sim,Sim,2022-05
Empresa 34084,202205,Sim,Sim,2022-05
Empresa 34085,202205,Sim,Sim,2022-05
Empresa 34086,202205,Sim,Sim,2022-05
Empresa 34087,202205,Sim,Sim,2022-05
Empresa 34088,202205,Sim,Sim,2022-05
Empresa 34089,202205,Sim,Sim,2022-05
Empresa 3409,202005,Sim,Sim,2020-05
Empresa 34090,202205,Sim,Sim,2022-05
Empresa 34091,202205,Sim,Sim,2022-05
Empresa 34092,202205,Sim,Sim,2022-05
Empresa 34093,202205,Sim,Sim,2022-05
Empresa 34094,202205,Sim,Sim,2022-05
Empresa 34095,202205,Sim,Sim,2022-05
Empresa 34096,202205,Sim,Sim,2022-05
Empresa 34097,202205,Sim,Sim,2022-05
Empresa 34098,202205,Sim,Sim,2022-05
Empresa 34099,202205,Sim,Sim,2022-05
Empresa 341,202101,Sim,Sim,2021-01
Empresa 3410,201908,Sim,Sim,2019-08
Empresa 34100,202205,Sim,Sim,2022-05
Empresa 34101,202205,Sim,Sim,2022-05
Empresa 34102,202205,Sim,Sim,2022-05
Empresa 34103,202205,Sim,Sim,2022-05
Empresa 34104,202205,Sim,Sim,2022-05
Empresa 34105,202205,Sim,Sim,2022-05
Empresa 34106,202205,Sim,Sim,2022-05
Empresa 34107,202205,Sim,Sim,2022-05
Empresa 34108,202205,Sim,Sim,2022-05
Empresa 34109,202205,Sim,Sim,2022-05
Empresa 3411,201907,Sim,Sim,2019-07
Empresa 34110,202205,Sim,Sim,2022-05
Empresa 34111,202205,Sim,Sim,2022-05
Empresa 34112,202205,Sim,Sim,2022-05
Empresa 34113,202205,Sim,Sim,2022-05
Empresa 34114,202205,Sim,Sim,2022-05
Empresa 34115,202205,Sim,Sim,2022-05
Empresa 34116,202205,Sim,Sim,2022-05
Empresa 34117,202205,Sim,Sim,2022-05
Empresa 34118,202205,Sim,Sim,2022-05
Empresa 34119,202205,Sim,Sim,2022-05
Empresa 3412,202105,Sim,Sim,2021-05
Empresa 34120,202205,Sim,Sim,2022-05
Empresa 34121,202205,Sim,Sim,2022-05
Empresa 34122,202205,Sim,Sim,2022-05
Empresa 34123,202205,Sim,Sim,2022-05
Empresa 34124,202205,Sim,Sim,2022-05
Empresa 34125,202205,Sim,Sim,2022-05
Empresa 34126,202205,Sim,Sim,2022-05
Empresa 34127,202205,Sim,Sim,2022-05
Empresa 34128,202205,Sim,Sim,2022-05
Empresa 34129,202205,Sim,Sim,2022-05
Empresa 3413,201907,Sim,Sim,2019-07
Empresa 34130,202205,Sim,Sim,2022-05
Empresa 34131,202205,Sim,Sim,2022-05
Empresa 34132,202205,Sim,Sim,2022-05
Empresa 34133,202205,Sim,Sim,2022-05
Empresa 34134,202205,Sim,Sim,2022-05
Empresa 34135,202205,Sim,Sim,2022-05
Empresa 34136,202205,Sim,Sim,2022-05
Empresa 34137,202205,Sim,Sim,2022-05
Empresa 34138,202205,Sim,Sim,2022-05
Empresa 34139,202205,Sim,Sim,2022-05
Empresa 3414,201907,Sim,Sim,2019-07
Empresa 34140,202205,Sim,Sim,2022-05
Empresa 34141,202205,Sim,Sim,2022-05
Empresa 34142,202205,Sim,Sim,2022-05
Empresa 34143,202205,Sim,Sim,2022-05
Empresa 34144,202205,Sim,Sim,2022-05
Empresa 34145,202205,Sim,Sim,2022-05
Empresa 34146,202205,Sim,Sim,2022-05
Empresa 34147,202205,Sim,Sim,2022-05
Empresa 34148,202205,Não,Não,2022-05
Empresa 34149,202205,Sim,Sim,2022-05
Empresa 3415,201907,Sim,Sim,2019-07
Empresa 34150,202205,Sim,Sim,2022-05
Empresa 34151,202205,Sim,Sim,2022-05
Empresa 34152,202205,Sim,Sim,2022-05
Empresa 34153,202205,Sim,Sim,2022-05
Empresa 34154,202205,Sim,Sim,2022-05
Empresa 34155,202205,Sim,Sim,2022-05
Empresa 34156,202205,Sim,Sim,2022-05
Empresa 34157,202205,Sim,Sim,2022-05
Empresa 34158,202205,Sim,Sim,2022-05
Empresa 34159,202205,Sim,Sim,2022-05
Empresa 3416,201909,Sim,Sim,2019-09
Empresa 34160,202205,Sim,Sim,2022-05
Empresa 34161,202205,Sim,Sim,2022-05
Empresa 34162,202205,Sim,Sim,2022-05
Empresa 34163,202205,Sim,Sim,2022-05
Empresa 34164,202205,Sim,Sim,2022-05
Empresa 34165,202205,Sim,Sim,2022-05
Empresa 34166,202205,Sim,Sim,2022-05
Empresa 34167,202205,Sim,Sim,2022-05
Empresa 34168,202205,Não,Não,2022-05
Empresa 34169,202205,Sim,Sim,2022-05
Empresa 3417,202006,Sim,Sim,2020-06
Empresa 34170,202205,Sim,Sim,2022-05
Empresa 34171,202205,Sim,Sim,2022-05
Empresa 34172,202205,Sim,Sim,2022-05
Empresa 34173,202205,Sim,Sim,2022-05
Empresa 34174,202205,Sim,Sim,2022-05
Empresa 34175,202205,Sim,Sim,2022-05
Empresa 34176,202205,Sim,Sim,2022-05
Empresa 34177,202205,Sim,Sim,2022-05
Empresa 34178,202205,Sim,Sim,2022-05
Empresa 34179,202205,Sim,Sim,2022-05
Empresa 3418,202108,Não,Não,2021-08
Empresa 34180,202205,Sim,Sim,2022-05
Empresa 34181,202205,Sim,Sim,2022-05
Empresa 34182,202205,Sim,Sim,2022-05
Empresa 34183,202205,Sim,Sim,2022-05
Empresa 34184,202205,Sim,Sim,2022-05
Empresa 34185,202205,Sim,Sim,2022-05
Empresa 34186,202205,Sim,Sim,2022-05
Empresa 34187,202205,Sim,Sim,2022-05
Empresa 34188,202205,Sim,Sim,2022-05
Empresa 34189,202205,Sim,Sim,2022-05
Empresa 3419,202108,Não,Não,2021-08
Empresa 34190,202205,Sim,Sim,2022-05
Empresa 34191,202205,Sim,Sim,2022-05
Empresa 34192,202205,Sim,Sim,2022-05
Empresa 34193,202205,Sim,Sim,2022-05
Empresa 34194,202205,Sim,Sim,2022-05
Empresa 34195,202205,Sim,Sim,2022-05
Empresa 34196,202205,Sim,Sim,2022-05
Empresa 34197,202205,Sim,Sim,2022-05
Empresa 34198,202205,Sim,Sim,2022-05
Empresa 34199,202205,Sim,Sim,2022-05
Empresa 342,202101,Sim,Sim,2021-01
Empresa 3420,202001,Sim,Sim,2020-01
Empresa 34200,202205,Sim,Sim,2022-05
Empresa 34201,202205,Sim,Sim,2022-05
Empresa 34202,202205,Sim,Sim,2022-05
Empresa 34203,202205,Sim,Sim,2022-05
Empresa 34204,202205,Sim,Sim,2022-05
Empresa 34205,202205,Sim,Sim,2022-05
Empresa 34206,202205,Sim,Sim,2022-05
Empresa 34207,202205,Sim,Sim,2022-05
Empresa 34208,202205,Sim,Sim,2022-05
Empresa 34209,202205,Sim,Sim,2022-05
Empresa 3421,202003,Sim,Sim,2020-03
Empresa 34210,202205,Sim,Sim,2022-05
Empresa 34211,202205,Sim,Sim,2022-05
Empresa 34212,202205,Sim,Sim,2022-05
Empresa 34213,202205,Sim,Sim,2022-05
Empresa 34214,202205,Sim,Sim,2022-05
Empresa 34215,202205,Sim,Sim,2022-05
Empresa 34216,202205,Sim,Sim,2022-05
Empresa 34217,202205,Sim,Sim,2022-05
Empresa 34218,202205,Sim,Sim,2022-05
Empresa 34219,202205,Sim,Sim,2022-05
Empresa 3422,201907,Sim,Sim,2019-07
Empresa 34220,202205,Sim,Sim,2022-05
Empresa 34221,202205,Sim,Sim,2022-05
Empresa 34222,202205,Sim,Sim,2022-05
Empresa 34223,202205,Sim,Sim,2022-05
Empresa 34224,202205,Sim,Sim,2022-05
Empresa 34225,202205,Sim,Sim,2022-05
Empresa 34226,202205,Sim,Sim,2022-05
Empresa 34227,202205,Sim,Sim,2022-05
Empresa 34228,202205,Sim,Sim,2022-05
Empresa 34229,202205,Sim,Sim,2022-05
Empresa 3423,201908,Sim,Sim,2019-08
Empresa 34230,202205,Sim,Sim,2022-05
Empresa 34231,202205,Sim,Sim,2022-05
Empresa 34232,202205,Sim,Sim,2022-05
Empresa 34233,202205,Sim,Sim,2022-05
Empresa 34234,202205,Sim,Sim,2022-05
Empresa 34235,202205,Sim,Sim,2022-05
Empresa 34236,202205,Sim,Sim,2022-05
Empresa 34237,202205,Sim,Sim,2022-05
Empresa 34238,202205,Sim,Sim,2022-05
Empresa 34239,202205,Não,Não,2022-05
Empresa 3424,202109,Sim,Sim,2021-09
Empresa 34240,202205,Sim,Sim,2022-05
Empresa 34241,202205,Sim,Sim,2022-05
Empresa 34242,202205,Sim,Sim,2022-05
Empresa 34243,202205,Sim,Sim,2022-05
Empresa 34244,202205,Sim,Sim,2022-05
Empresa 34245,202205,Sim,Sim,2022-05
Empresa 34246,202205,Sim,Sim,2022-05
Empresa 34247,202205,Sim,Sim,2022-05
Empresa 34248,202205,Sim,Sim,2022-05
Empresa 34249,202205,Sim,Sim,2022-05
Empresa 3425,201908,Sim,Sim,2019-08
Empresa 34250,202205,Sim,Sim,2022-05
Empresa 34251,202205,Não,Não,2022-05
Empresa 34252,202205,Sim,Sim,2022-05
Empresa 34253,202205,Sim,Sim,2022-05
Empresa 34254,202205,Sim,Sim,2022-05
Empresa 34255,202205,Sim,Sim,2022-05
Empresa 34256,202205,Sim,Sim,2022-05
Empresa 34257,202205,Sim,Sim,2022-05
Empresa 34258,202205,Sim,Sim,2022-05
Empresa 34259,202205,Sim,Sim,2022-05
Empresa 3426,201908,Sim,Sim,2019-08
Empresa 34260,202205,Sim,Sim,2022-05
Empresa 34261,202205,Sim,Sim,2022-05
Empresa 34262,202205,Sim,Sim,2022-05
Empresa 34263,202205,Sim,Sim,2022-05
Empresa 34264,202205,Sim,Sim,2022-05
Empresa 34265,202205,Sim,Sim,2022-05
Empresa 34266,202205,Sim,Sim,2022-05
Empresa 34267,202205,Sim,Sim,2022-05
Empresa 34268,202205,Sim,Sim,2022-05
Empresa 34269,202205,Sim,Sim,2022-05
Empresa 3427,201908,Sim,Sim,2019-08
Empresa 34270,202205,Sim,Sim,2022-05
Empresa 34271,202205,Sim,Sim,2022-05
Empresa 34272,202205,Sim,Sim,2022-05
Empresa 34273,202205,Sim,Sim,2022-05
Empresa 34274,202205,Sim,Sim,2022-05
Empresa 34275,202205,Sim,Sim,2022-05
Empresa 34276,202205,Sim,Sim,2022-05
Empresa 34277,202205,Sim,Sim,2022-05
Empresa 34278,202205,Sim,Sim,2022-05
Empresa 34279,202205,Sim,Sim,2022-05
Empresa 3428,201907,Sim,Sim,2019-07
Empresa 34280,202205,Sim,Sim,2022-05
Empresa 34281,202205,Sim,Sim,2022-05
Empresa 34282,202205,Sim,Sim,2022-05
Empresa 34283,202205,Sim,Sim,2022-05
Empresa 34284,202205,Sim,Sim,2022-05
Empresa 34285,202205,Sim,Sim,2022-05
Empresa 34286,202205,Sim,Sim,2022-05
Empresa 34287,202205,Sim,Sim,2022-05
Empresa 34288,202205,Sim,Sim,2022-05
Empresa 34289,202205,Sim,Sim,2022-05
Empresa 3429,202103,Sim,Sim,2021-03
Empresa 34290,202205,Sim,Sim,2022-05
Empresa 34291,202205,Sim,Sim,2022-05
Empresa 34292,202205,Sim,Sim,2022-05
Empresa 34293,202205,Sim,Sim,2022-05
Empresa 34294,202205,Sim,Sim,2022-05
Empresa 34295,202205,Sim,Sim,2022-05
Empresa 34296,202205,Sim,Sim,2022-05
Empresa 34297,202205,Sim,Sim,2022-05
Empresa 34298,202205,Sim,Sim,2022-05
Empresa 34299,202205,Sim,Sim,2022-05
Empresa 343,202102,Sim,Sim,2021-02
Empresa 3430,201910,Sim,Sim,2019-10
Empresa 34300,202205,Sim,Sim,2022-05
Empresa 34301,202205,Sim,Sim,2022-05
Empresa 34302,202205,Sim,Sim,2022-05
Empresa 34303,202205,Sim,Sim,2022-05
Empresa 34304,202205,Sim,Sim,2022-05
Empresa 34305,202205,Sim,Sim,2022-05
Empresa 34306,202205,Sim,Sim,2022-05
Empresa 34307,202205,Sim,Sim,2022-05
Empresa 34308,202205,Sim,Sim,2022-05
Empresa 34309,202205,Sim,Sim,2022-05
Empresa 3431,201908,Sim,Sim,2019-08
Empresa 34310,202205,Sim,Sim,2022-05
Empresa 34311,202205,Sim,Sim,2022-05
Empresa 34312,202205,Sim,Sim,2022-05
Empresa 34313,202205,Sim,Sim,2022-05
Empresa 34314,202205,Sim,Sim,2022-05
Empresa 34315,202205,Sim,Sim,2022-05
Empresa 34316,202205,Sim,Sim,2022-05
Empresa 34317,202205,Sim,Sim,2022-05
Empresa 34318,202205,Sim,Sim,2022-05
Empresa 34319,202205,Sim,Sim,2022-05
Empresa 3432,201907,Sim,Sim,2019-07
Empresa 34320,202205,Sim,Sim,2022-05
Empresa 34321,202205,Sim,Sim,2022-05
Empresa 34322,202205,Sim,Sim,2022-05
Empresa 34323,202205,Sim,Sim,2022-05
Empresa 34324,202205,Sim,Sim,2022-05
Empresa 34325,202205,Sim,Sim,2022-05
Empresa 34326,202205,Sim,Sim,2022-05
Empresa 34327,202205,Sim,Sim,2022-05
Empresa 34328,202205,Sim,Sim,2022-05
Empresa 34329,202205,Sim,Sim,2022-05
Empresa 3433,202005,Sim,Sim,2020-05
Empresa 34330,202205,Sim,Sim,2022-05
Empresa 34331,202205,Sim,Sim,2022-05
Empresa 34332,202205,Sim,Sim,2022-05
Empresa 34333,202205,Sim,Sim,2022-05
Empresa 34334,202205,Sim,Sim,2022-05
Empresa 34335,202205,Sim,Sim,2022-05
Empresa 34336,202205,Sim,Sim,2022-05
Empresa 34337,202205,Sim,Sim,2022-05
Empresa 34338,202205,Sim,Sim,2022-05
Empresa 34339,202205,Sim,Sim,2022-05
Empresa 3434,202210,Sim,Sim,2022-10
Empresa 34340,202205,Sim,Sim,2022-05
Empresa 34341,202205,Sim,Sim,2022-05
Empresa 34342,202205,Sim,Sim,2022-05
Empresa 34343,202205,Sim,Sim,2022-05
Empresa 34344,202205,Sim,Sim,2022-05
Empresa 34345,202205,Sim,Sim,2022-05
Empresa 34346,202205,Sim,Sim,2022-05
Empresa 34347,202205,Sim,Sim,2022-05
Empresa 34348,202205,Sim,Sim,2022-05
Empresa 34349,202205,Sim,Sim,2022-05
Empresa 3435,201911,Sim,Sim,2019-11
Empresa 34350,202205,Sim,Sim,2022-05
Empresa 34351,202205,Sim,Sim,2022-05
Empresa 34352,202205,Sim,Sim,2022-05
Empresa 34353,202205,Sim,Sim,2022-05
Empresa 34354,202205,Sim,Sim,2022-05
Empresa 34355,202205,Sim,Sim,2022-05
Empresa 34356,202205,Sim,Sim,2022-05
Empresa 34357,202205,Sim,Sim,2022-05
Empresa 34358,202205,Sim,Sim,2022-05
Empresa 34359,202205,Sim,Sim,2022-05
Empresa 3436,202201,Não,Não,2022-01
Empresa 34360,202205,Sim,Sim,2022-05
Empresa 34361,202205,Sim,Sim,2022-05
Empresa 34362,202205,Sim,Sim,2022-05
Empresa 34363,202206,Não,Sim,2022-06
Empresa 34364,202205,Sim,Sim,2022-05
Empresa 34365,202305,Não,Sim,2023-05
Empresa 34366,202203,Sim,Sim,2022-03
Empresa 34367,202203,Não,Não,2022-03
Empresa 34368,202205,Sim,Sim,2022-05
Empresa 34369,202205,Sim,Sim,2022-05
Empresa 3437,201908,Sim,Sim,2019-08
Empresa 34370,202208,Não,Não,2022-08
Empresa 34371,202211,Não,Não,2022-11
Empresa 34372,202211,Sim,Sim,2022-11
Empresa 34373,202211,Sim,Sim,2022-11
Empresa 34374,202212,Sim,Sim,2022-12
Empresa 34375,202212,Sim,Sim,2022-12
Empresa 34376,202308,Não,Não,2023-08
Empresa 34377,202203,Sim,Sim,2022-03
Empresa 34378,202204,Não,Sim,2022-04
Empresa 34379,202204,Não,Não,2022-04
Empresa 3438,201912,Sim,Sim,2019-12
Empresa 34380,202204,Não,Não,2022-04
Empresa 34381,202205,Não,Não,2022-05
Empresa 34382,202205,Sim,Sim,2022-05
Empresa 34383,202207,Sim,Sim,2022-07
Empresa 34384,202208,Sim,Sim,2022-08
Empresa 34385,202209,Sim,Sim,2022-09
Empresa 34386,202210,Sim,Sim,2022-10
Empresa 34387,202211,Não,Não,2022-11
Empresa 34388,202211,Não,Não,2022-11
Empresa 3439,201907,Sim,Sim,2019-07
Empresa 34390,202012,Sim,Sim,2020-12
Empresa 34391,202012,Sim,Sim,2020-12
Empresa 34392,202012,Não,Não,2020-12
Empresa 34393,202101,Não,Sim,2021-01
Empresa 34394,202102,Sim,Sim,2021-02
Empresa 34395,202105,Sim,Sim,2021-05
Empresa 34396,202107,Não,Não,2021-07
Empresa 34397,202202,Não,Não,2022-02
Empresa 34398,202204,Não,Não,2022-04
Empresa 34399,202208,Não,Não,2022-08
Empresa 344,202102,Sim,Sim,2021-02
Empresa 3440,202207,Sim,Sim,2022-07
Empresa 34400,202308,Não,Não,2023-08
Empresa 34401,202208,Não,Não,2022-08
Empresa 34402,202208,Sim,Sim,2022-08
Empresa 34403,202208,Sim,Sim,2022-08
Empresa 34404,202208,Não,Não,2022-08
Empresa 34405,202208,Sim,Sim,2022-08
Empresa 34406,202209,Sim,Sim,2022-09
Empresa 34408,202210,Não,Não,2022-10
Empresa 34409,202211,Não,Não,2022-11
Empresa 3441,201907,Sim,Sim,2019-07
Empresa 34410,202301,Não,Sim,2023-01
Empresa 34411,202301,Não,Sim,2023-01
Empresa 34412,202306,Não,Não,2023-06
Empresa 34413,202011,Não,Sim,2020-11
Empresa 34414,202011,Não,Sim,2020-11
Empresa 34415,202011,Sim,Sim,2020-11
Empresa 34416,202011,Não,Não,2020-11
Empresa 34417,202011,Sim,Sim,2020-11
Empresa 34418,202011,Sim,Sim,2020-11
Empresa 34419,202011,Não,Não,2020-11
Empresa 3442,202004,Sim,Sim,2020-04
Empresa 34420,202011,Sim,Sim,2020-11
Empresa 34421,202011,Não,Sim,2020-11
Empresa 34422,202011,Não,Não,2020-11
Empresa 34423,202011,Sim,Sim,2020-11
Empresa 34424,202011,Sim,Sim,2020-11
Empresa 34425,202011,Não,Não,2020-11
Empresa 34426,202011,Sim,Sim,2020-11
Empresa 34427,202011,Não,Não,2020-11
Empresa 34428,202011,Não,Sim,2020-11
Empresa 34429,202011,Não,Não,2020-11
Empresa 3443,201908,Sim,Sim,2019-08
Empresa 34430,202011,Sim,Sim,2020-11
Empresa 34431,202011,Não,Sim,2020-11
Empresa 34432,202011,Sim,Sim,2020-11
Empresa 34433,202011,Não,Sim,2020-11
Empresa 34434,202011,Não,Sim,2020-11
Empresa 34435,202011,Não,Sim,2020-11
Empresa 34436,202011,Sim,Sim,2020-11
Empresa 34437,202011,Sim,Sim,2020-11
Empresa 34438,202011,Sim,Sim,2020-11
Empresa 34439,202011,Sim,Sim,2020-11
Empresa 3444,202004,Sim,Sim,2020-04
Empresa 34440,202011,Sim,Sim,2020-11
Empresa 34441,202011,Não,Sim,2020-11
Empresa 34442,202011,Sim,Sim,2020-11
Empresa 34443,202011,Não,Não,2020-11
Empresa 34444,202011,Sim,Sim,2020-11
Empresa 34445,202011,Sim,Sim,2020-11
Empresa 34446,202011,Não,Não,2020-11
Empresa 34447,202011,Sim,Sim,2020-11
Empresa 34448,202011,Sim,Sim,2020-11
Empresa 34449,202011,Sim,Sim,2020-11
Empresa 3445,202102,Sim,Sim,2021-02
Empresa 34450,202011,Sim,Sim,2020-11
Empresa 34451,202011,Não,Sim,2020-11
Empresa 34452,202011,Não,Sim,2020-11
Empresa 34453,202011,Não,Não,2020-11
Empresa 34454,202011,Não,Sim,2020-11
Empresa 34455,202011,Não,Sim,2020-11
Empresa 34456,202011,Não,Sim,2020-11
Empresa 34457,202011,Não,Sim,2020-11
Empresa 34458,202011,Sim,Sim,2020-11
Empresa 34459,202012,Não,Sim,2020-12
Empresa 3446,201911,Sim,Sim,2019-11
Empresa 34460,202012,Sim,Sim,2020-12
Empresa 34461,202012,Não,Sim,2020-12
Empresa 34462,202012,Não,Não,2020-12
Empresa 34463,202012,Não,Não,2020-12
Empresa 34464,202012,Sim,Sim,2020-12
Empresa 34465,202012,Não,Sim,2020-12
Empresa 34466,202012,Não,Não,2020-12
Empresa 34467,202012,Não,Não,2020-12
Empresa 34468,202012,Não,Não,2020-12
Empresa 34469,202012,Não,Não,2020-12
Empresa 3447,201907,Sim,Sim,2019-07
Empresa 34470,202012,Não,Sim,2020-12
Empresa 34471,202012,Não,Sim,2020-12
Empresa 34472,202012,Não,Sim,2020-12
Empresa 34473,202012,Não,Não,2020-12
Empresa 34474,202012,Não,Não,2020-12
Empresa 34475,202012,Não,Não,2020-12
Empresa 34476,202012,Sim,Sim,2020-12
Empresa 34477,202012,Não,Não,2020-12
Empresa 34478,202012,Sim,Sim,2020-12
Empresa 34479,202012,Sim,Sim,2020-12
Empresa 3448,202007,Sim,Sim,2020-07
Empresa 34480,202012,Não,Não,2020-12
Empresa 34481,202012,Sim,Sim,2020-12
Empresa 34482,202012,Sim,Sim,2020-12
Empresa 34483,202012,Não,Sim,2020-12
Empresa 34484,202012,Não,Sim,2020-12
Empresa 34485,202012,Não,Não,2020-12
Empresa 34486,202012,Não,Não,2020-12
Empresa 34487,202012,Não,Sim,2020-12
Empresa 34488,202012,Sim,Sim,2020-12
Empresa 34489,202012,Não,Sim,2020-12
Empresa 3449,202002,Sim,Sim,2020-02
Empresa 34490,202012,Sim,Sim,2020-12
Empresa 34491,202012,Não,Não,2020-12
Empresa 34492,202012,Sim,Sim,2020-12
Empresa 34493,202012,Não,Sim,2020-12
Empresa 34494,202012,Sim,Sim,2020-12
Empresa 34495,202012,Sim,Sim,2020-12
Empresa 34496,202012,Sim,Sim,2020-12
Empresa 34497,202012,Sim,Sim,2020-12
Empresa 34498,202012,Sim,Sim,2020-12
Empresa 34499,202012,Não,Não,2020-12
Empresa 345,202101,Sim,Sim,2021-01
Empresa 3450,201907,Sim,Sim,2019-07
Empresa 34500,202012,Não,Sim,2020-12
Empresa 34501,202012,Não,Não,2020-12
Empresa 34502,202012,Não,Sim,2020-12
Empresa 34503,202012,Não,Sim,2020-12
Empresa 34504,202012,Sim,Sim,2020-12
Empresa 34505,202012,Não,Sim,2020-12
Empresa 34506,202012,Sim,Sim,2020-12
Empresa 34507,202012,Não,Sim,2020-12
Empresa 34508,202012,Não,Sim,2020-12
Empresa 34509,202012,Não,Sim,2020-12
Empresa 3451,201907,Sim,Sim,2019-07
Empresa 34510,202012,Não,Sim,2020-12
Empresa 34511,202012,Não,Não,2020-12
Empresa 34512,202012,Não,Não,2020-12
Empresa 34513,202012,Não,Sim,2020-12
Empresa 34514,202012,Não,Sim,2020-12
Empresa 34515,202012,Não,Sim,2020-12
Empresa 34516,202012,Não,Sim,2020-12
Empresa 34517,202012,Não,Não,2020-12
Empresa 34518,202012,Não,Não,2020-12
Empresa 34519,202012,Não,Sim,2020-12
Empresa 3452,202006,Sim,Sim,2020-06
Empresa 34520,202012,Sim,Sim,2020-12
Empresa 34521,202012,Não,Sim,2020-12
Empresa 34522,202012,Não,Não,2020-12
Empresa 34523,202012,Não,Sim,2020-12
Empresa 34524,202012,Sim,Sim,2020-12
Empresa 34525,202012,Não,Não,2020-12
Empresa 34526,202012,Não,Não,2020-12
Empresa 34527,202012,Não,Sim,2020-12
Empresa 34528,202012,Não,Não,2020-12
Empresa 34529,202012,Não,Não,2020-12
Empresa 3453,202007,Sim,Sim,2020-07
Empresa 34530,202012,Sim,Sim,2020-12
Empresa 34531,202012,Sim,Sim,2020-12
Empresa 34532,202012,Não,Não,2020-12
Empresa 34533,202012,Não,Sim,2020-12
Empresa 34534,202012,Não,Não,2020-12
Empresa 34535,202012,Não,Sim,2020-12
Empresa 34536,202012,Sim,Sim,2020-12
Empresa 34537,202012,Não,Não,2020-12
Empresa 34538,202012,Não,Não,2020-12
Empresa 34539,202012,Não,Sim,2020-12
Empresa 3454,202003,Sim,Sim,2020-03
Empresa 34540,202012,Não,Não,2020-12
Empresa 34541,202012,Não,Sim,2020-12
Empresa 34542,202012,Sim,Sim,2020-12
Empresa 34543,202012,Sim,Sim,2020-12
Empresa 34544,202012,Não,Sim,2020-12
Empresa 34545,202012,Não,Não,2020-12
Empresa 34546,202012,Não,Não,2020-12
Empresa 34547,202012,Sim,Sim,2020-12
Empresa 34548,202012,Não,Não,2020-12
Empresa 34549,202012,Sim,Sim,2020-12
Empresa 3455,202206,Sim,Sim,2022-06
Empresa 34550,202012,Não,Não,2020-12
Empresa 34551,202012,Não,Sim,2020-12
Empresa 34552,202012,Sim,Sim,2020-12
Empresa 34553,202012,Não,Não,2020-12
Empresa 34554,202012,Não,Não,2020-12
Empresa 34555,202012,Não,Não,2020-12
Empresa 34556,202012,Sim,Sim,2020-12
Empresa 34557,202012,Sim,Sim,2020-12
Empresa 34558,202012,Não,Não,2020-12
Empresa 34559,202012,Não,Sim,2020-12
Empresa 3456,201908,Sim,Sim,2019-08
Empresa 34560,202012,Não,Não,2020-12
Empresa 34561,202012,Não,Sim,2020-12
Empresa 34562,202012,Sim,Sim,2020-12
Empresa 34563,202012,Não,Não,2020-12
Empresa 34564,202012,Sim,Sim,2020-12
Empresa 34565,202012,Não,Não,2020-12
Empresa 34566,202012,Não,Não,2020-12
Empresa 34567,202012,Sim,Sim,2020-12
Empresa 34568,202012,Não,Não,2020-12
Empresa 34569,202012,Não,Sim,2020-12
Empresa 3457,202002,Sim,Sim,2020-02
Empresa 34570,202012,Não,Sim,2020-12
Empresa 34571,202012,Não,Não,2020-12
Empresa 34572,202012,Sim,Sim,2020-12
Empresa 34573,202012,Não,Sim,2020-12
Empresa 34574,202012,Não,Sim,2020-12
Empresa 34575,202012,Não,Não,2020-12
Empresa 34576,202012,Sim,Sim,2020-12
Empresa 34577,202012,Não,Não,2020-12
Empresa 34578,202012,Sim,Sim,2020-12
Empresa 34579,202012,Sim,Sim,2020-12
Empresa 3458,201908,Sim,Sim,2019-08
Empresa 34580,202012,Não,Não,2020-12
Empresa 34581,202012,Sim,Sim,2020-12
Empresa 34582,202012,Não,Sim,2020-12
Empresa 34583,202012,Sim,Sim,2020-12
Empresa 34584,202012,Sim,Sim,2020-12
Empresa 34585,202012,Não,Sim,2020-12
Empresa 34586,202012,Sim,Sim,2020-12
Empresa 34587,202012,Sim,Sim,2020-12
Empresa 34588,202012,Não,Sim,2020-12
Empresa 34589,202012,Não,Não,2020-12
Empresa 3459,202208,Sim,Sim,2022-08
Empresa 34590,202012,Sim,Sim,2020-12
Empresa 34591,202012,Não,Não,2020-12
Empresa 34592,202012,Sim,Sim,2020-12
Empresa 34593,202012,Sim,Sim,2020-12
Empresa 34594,202012,Não,Sim,2020-12
Empresa 34595,202012,Não,Não,2020-12
Empresa 34596,202012,Não,Sim,2020-12
Empresa 34597,202012,Não,Não,2020-12
Empresa 34598,202012,Sim,Sim,2020-12
Empresa 34599,202012,Não,Não,2020-12
Empresa 346,202012,Sim,Sim,2020-12
Empresa 3460,201907,Sim,Sim,2019-07
Empresa 34600,202012,Sim,Sim,2020-12
Empresa 34601,202012,Não,Não,2020-12
Empresa 34602,202012,Sim,Sim,2020-12
Empresa 34603,202012,Não,Sim,2020-12
Empresa 34604,202012,Sim,Sim,2020-12
Empresa 34605,202012,Sim,Sim,2020-12
Empresa 34606,202012,Sim,Sim,2020-12
Empresa 34607,202012,Sim,Sim,2020-12
Empresa 34608,202012,Sim,Sim,2020-12
Empresa 34609,202012,Não,Não,2020-12
Empresa 3461,202102,Sim,Sim,2021-02
Empresa 34610,202012,Não,Não,2020-12
Empresa 34611,202012,Não,Não,2020-12
Empresa 34612,202012,Não,Não,2020-12
Empresa 34613,202012,Não,Sim,2020-12
Empresa 34614,202012,Não,Não,2020-12
Empresa 34615,202012,Sim,Sim,2020-12
Empresa 34616,202012,Não,Não,2020-12
Empresa 34617,202012,Sim,Sim,2020-12
Empresa 34618,202012,Sim,Sim,2020-12
Empresa 34619,202012,Não,Não,2020-12
Empresa 3462,201909,Sim,Sim,2019-09
Empresa 34620,202012,Não,Não,2020-12
Empresa 34621,202012,Não,Não,2020-12
Empresa 34622,202012,Não,Sim,2020-12
Empresa 34623,202012,Não,Sim,2020-12
Empresa 34624,202012,Não,Não,2020-12
Empresa 34625,202012,Sim,Sim,2020-12
Empresa 34626,202012,Sim,Sim,2020-12
Empresa 34627,202012,Sim,Sim,2020-12
Empresa 34628,202012,Sim,Sim,2020-12
Empresa 34629,202012,Não,Sim,2020-12
Empresa 3463,201908,Sim,Sim,2019-08
Empresa 34630,202012,Sim,Sim,2020-12
Empresa 34631,202012,Não,Sim,2020-12
Empresa 34632,202012,Sim,Sim,2020-12
Empresa 34633,202012,Sim,Sim,2020-12
Empresa 34634,202012,Não,Sim,2020-12
Empresa 34635,202012,Sim,Sim,2020-12
Empresa 34636,202012,Sim,Sim,2020-12
Empresa 34637,202012,Não,Não,2020-12
Empresa 34638,202012,Não,Sim,2020-12
Empresa 34639,202012,Não,Não,2020-12
Empresa 3464,201907,Sim,Sim,2019-07
Empresa 34640,202012,Não,Sim,2020-12
Empresa 34641,202012,Não,Sim,2020-12
Empresa 34642,202012,Sim,Sim,2020-12
Empresa 34643,202012,Sim,Sim,2020-12
Empresa 34644,202012,Sim,Sim,2020-12
Empresa 34645,202012,Não,Não,2020-12
Empresa 34646,202012,Não,Não,2020-12
Empresa 34647,202012,Sim,Sim,2020-12
Empresa 34648,202012,Não,Sim,2020-12
Empresa 34649,202012,Não,Não,2020-12
Empresa 3465,202005,Sim,Sim,2020-05
Empresa 34650,202012,Não,Sim,2020-12
Empresa 34651,202012,Não,Sim,2020-12
Empresa 34652,202012,Não,Não,2020-12
Empresa 34653,202012,Sim,Sim,2020-12
Empresa 34654,202012,Não,Não,2020-12
Empresa 34655,202012,Não,Não,2020-12
Empresa 34656,202012,Sim,Sim,2020-12
Empresa 34657,202012,Não,Não,2020-12
Empresa 34658,202012,Não,Sim,2020-12
Empresa 34659,202012,Não,Não,2020-12
Empresa 3466,202002,Sim,Sim,2020-02
Empresa 34660,202012,Não,Não,2020-12
Empresa 34661,202012,Sim,Sim,2020-12
Empresa 34662,202012,Não,Sim,2020-12
Empresa 34663,202012,Não,Não,2020-12
Empresa 34664,202012,Sim,Sim,2020-12
Empresa 34665,202012,Sim,Sim,2020-12
Empresa 34666,202012,Não,Sim,2020-12
Empresa 34667,202012,Não,Não,2020-12
Empresa 34668,202012,Não,Não,2020-12
Empresa 34669,202012,Sim,Sim,2020-12
Empresa 3467,201907,Sim,Sim,2019-07
Empresa 34670,202012,Não,Não,2020-12
Empresa 34671,202012,Não,Sim,2020-12
Empresa 34672,202012,Não,Sim,2020-12
Empresa 34673,202012,Não,Não,2020-12
Empresa 34674,202012,Não,Não,2020-12
Empresa 34675,202012,Não,Não,2020-12
Empresa 34676,202012,Não,Não,2020-12
Empresa 34677,202012,Sim,Sim,2020-12
Empresa 34678,202012,Não,Sim,2020-12
Empresa 34679,202012,Não,Não,2020-12
Empresa 3468,202001,Sim,Sim,2020-01
Empresa 34680,202012,Não,Não,2020-12
Empresa 34681,202012,Sim,Sim,2020-12
Empresa 34682,202012,Não,Sim,2020-12
Empresa 34683,202012,Sim,Sim,2020-12
Empresa 34684,202012,Sim,Sim,2020-12
Empresa 34685,202012,Não,Não,2020-12
Empresa 34686,202012,Sim,Sim,2020-12
Empresa 34687,202012,Não,Sim,2020-12
Empresa 34688,202012,Sim,Sim,2020-12
Empresa 34689,202012,Não,Não,2020-12
Empresa 3469,202003,Sim,Sim,2020-03
Empresa 34690,202012,Sim,Sim,2020-12
Empresa 34691,202012,Não,Sim,2020-12
Empresa 34692,202012,Não,Não,2020-12
Empresa 34693,202012,Sim,Sim,2020-12
Empresa 34694,202012,Não,Sim,2020-12
Empresa 34695,202012,Não,Não,2020-12
Empresa 34696,202012,Sim,Sim,2020-12
Empresa 34697,202012,Sim,Sim,2020-12
Empresa 34698,202012,Não,Sim,2020-12
Empresa 34699,202012,Sim,Sim,2020-12
Empresa 347,202011,Sim,Sim,2020-11
Empresa 3470,202011,Sim,Sim,2020-11
Empresa 34700,202012,Sim,Sim,2020-12
Empresa 34701,202012,Não,Não,2020-12
Empresa 34702,202012,Sim,Sim,2020-12
Empresa 34703,202012,Sim,Sim,2020-12
Empresa 34704,202012,Não,Não,2020-12
Empresa 34705,202012,Não,Não,2020-12
Empresa 34706,202012,Sim,Sim,2020-12
Empresa 34707,202012,Sim,Sim,2020-12
Empresa 34708,202012,Não,Não,2020-12
Empresa 34709,202012,Não,Não,2020-12
Empresa 3471,201908,Sim,Sim,2019-08
Empresa 34710,202012,Não,Não,2020-12
Empresa 34711,202012,Não,Não,2020-12
Empresa 34712,202012,Sim,Sim,2020-12
Empresa 34713,202012,Sim,Sim,2020-12
Empresa 34714,202012,Sim,Sim,2020-12
Empresa 34715,202012,Sim,Sim,2020-12
Empresa 34716,202012,Não,Não,2020-12
Empresa 34717,202012,Não,Não,2020-12
Empresa 34718,202012,Não,Não,2020-12
Empresa 34719,202012,Sim,Sim,2020-12
Empresa 3472,202005,Sim,Sim,2020-05
Empresa 34720,202012,Sim,Sim,2020-12
Empresa 34721,202012,Sim,Sim,2020-12
Empresa 34722,202012,Sim,Sim,2020-12
Empresa 34723,202012,Não,Não,2020-12
Empresa 34724,202012,Sim,Sim,2020-12
Empresa 34725,202012,Não,Não,2020-12
Empresa 34726,202012,Não,Sim,2020-12
Empresa 34727,202012,Sim,Sim,2020-12
Empresa 34728,202012,Não,Não,2020-12
Empresa 34729,202012,Sim,Sim,2020-12
Empresa 3473,202106,Sim,Sim,2021-06
Empresa 34730,202012,Não,Não,2020-12
Empresa 34731,202012,Não,Sim,2020-12
Empresa 34732,202012,Sim,Sim,2020-12
Empresa 34733,202012,Não,Não,2020-12
Empresa 34734,202012,Sim,Sim,2020-12
Empresa 34735,202012,Sim,Sim,2020-12
Empresa 34736,202012,Sim,Sim,2020-12
Empresa 34737,202012,Sim,Sim,2020-12
Empresa 34738,202012,Sim,Sim,2020-12
Empresa 34739,202012,Não,Não,2020-12
Empresa 3474,202103,Sim,Sim,2021-03
Empresa 34740,202012,Sim,Sim,2020-12
Empresa 34741,202012,Sim,Sim,2020-12
Empresa 34742,202012,Não,Não,2020-12
Empresa 34743,202012,Não,Não,2020-12
Empresa 34744,202012,Não,Não,2020-12
Empresa 34745,202012,Sim,Sim,2020-12
Empresa 34746,202012,Não,Não,2020-12
Empresa 34747,202012,Sim,Sim,2020-12
Empresa 34748,202012,Sim,Sim,2020-12
Empresa 34749,202012,Não,Sim,2020-12
Empresa 3475,202005,Sim,Sim,2020-05
Empresa 34750,202012,Não,Sim,2020-12
Empresa 34751,202012,Não,Não,2020-12
Empresa 34752,202012,Sim,Sim,2020-12
Empresa 34753,202012,Sim,Sim,2020-12
Empresa 34754,202012,Sim,Sim,2020-12
Empresa 34755,202012,Sim,Sim,2020-12
Empresa 34756,202012,Sim,Sim,2020-12
Empresa 34757,202012,Sim,Sim,2020-12
Empresa 34758,202012,Não,Não,2020-12
Empresa 34759,202012,Sim,Sim,2020-12
Empresa 3476,201909,Sim,Sim,2019-09
Empresa 34760,202012,Sim,Sim,2020-12
Empresa 34761,202012,Sim,Sim,2020-12
Empresa 34762,202012,Sim,Sim,2020-12
Empresa 34763,202012,Não,Não,2020-12
Empresa 34764,202012,Não,Sim,2020-12
Empresa 34765,202012,Não,Sim,2020-12
Empresa 34766,202012,Não,Sim,2020-12
Empresa 34767,202012,Não,Sim,2020-12
Empresa 34768,202012,Sim,Sim,2020-12
Empresa 34769,202012,Não,Não,2020-12
Empresa 3477,201908,Sim,Sim,2019-08
Empresa 34770,202012,Sim,Sim,2020-12
Empresa 34771,202012,Sim,Sim,2020-12
Empresa 34772,202012,Sim,Sim,2020-12
Empresa 34773,202012,Sim,Sim,2020-12
Empresa 34774,202012,Sim,Sim,2020-12
Empresa 34775,202012,Não,Sim,2020-12
Empresa 34776,202012,Sim,Sim,2020-12
Empresa 34777,202012,Não,Sim,2020-12
Empresa 34778,202012,Não,Não,2020-12
Empresa 34779,202012,Sim,Sim,2020-12
Empresa 3478,201907,Sim,Sim,2019-07
Empresa 34780,202012,Não,Não,2020-12
Empresa 34781,202012,Não,Sim,2020-12
Empresa 34782,202012,Não,Não,2020-12
Empresa 34783,202012,Não,Sim,2020-12
Empresa 34784,202012,Não,Sim,2020-12
Empresa 34785,202012,Sim,Sim,2020-12
Empresa 34786,202012,Sim,Sim,2020-12
Empresa 34787,202012,Sim,Sim,2020-12
Empresa 34788,202012,Não,Sim,2020-12
Empresa 34789,202012,Não,Não,2020-12
Empresa 3479,202108,Sim,Sim,2021-08
Empresa 34790,202012,Não,Não,2020-12
Empresa 34791,202012,Não,Não,2020-12
Empresa 34792,202012,Não,Sim,2020-12
Empresa 34793,202012,Não,Sim,2020-12
Empresa 34794,202012,Sim,Sim,2020-12
Empresa 34795,202012,Sim,Sim,2020-12
Empresa 34796,202012,Não,Sim,2020-12
Empresa 34797,202012,Não,Não,2020-12
Empresa 34798,202012,Sim,Sim,2020-12
Empresa 34799,202012,Não,Sim,2020-12
Empresa 348,202012,Sim,Sim,2020-12
Empresa 3480,201907,Sim,Sim,2019-07
Empresa 34800,202012,Sim,Sim,2020-12
Empresa 34801,202012,Não,Sim,2020-12
Empresa 34802,202012,Sim,Sim,2020-12
Empresa 34803,202012,Sim,Sim,2020-12
Empresa 34804,202012,Sim,Sim,2020-12
Empresa 34805,202012,Sim,Sim,2020-12
Empresa 34806,202012,Sim,Sim,2020-12
Empresa 34807,202012,Não,Não,2020-12
Empresa 34808,202012,Sim,Sim,2020-12
Empresa 34809,202012,Sim,Sim,2020-12
Empresa 3481,202212,Sim,Sim,2022-12
Empresa 34810,202012,Não,Sim,2020-12
Empresa 34811,202101,Não,Sim,2021-01
Empresa 34812,202101,Sim,Sim,2021-01
Empresa 34813,202101,Não,Não,2021-01
Empresa 34814,202101,Sim,Sim,2021-01
Empresa 34815,202101,Sim,Sim,2021-01
Empresa 34816,202101,Sim,Sim,2021-01
Empresa 34817,202101,Sim,Sim,2021-01
Empresa 34818,202101,Sim,Sim,2021-01
Empresa 34819,202101,Sim,Sim,2021-01
Empresa 3482,201907,Sim,Sim,2019-07
Empresa 34820,202101,Não,Não,2021-01
Empresa 34821,202101,Não,Não,2021-01
Empresa 34822,202101,Não,Não,2021-01
Empresa 34823,202101,Não,Não,2021-01
Empresa 34824,202101,Não,Não,2021-01
Empresa 34825,202101,Não,Não,2021-01
Empresa 34826,202101,Sim,Sim,2021-01
Empresa 34827,202101,Sim,Sim,2021-01
Empresa 34828,202101,Sim,Sim,2021-01
Empresa 34829,202101,Não,Não,2021-01
Empresa 3483,202101,Sim,Sim,2021-01
Empresa 34830,202101,Sim,Sim,2021-01
Empresa 34831,202101,Não,Não,2021-01
Empresa 34832,202101,Sim,Sim,2021-01
Empresa 34833,202101,Sim,Sim,2021-01
Empresa 34834,202101,Sim,Sim,2021-01
Empresa 34835,202101,Sim,Sim,2021-01
Empresa 34836,202101,Não,Não,2021-01
Empresa 34837,202101,Não,Sim,2021-01
Empresa 34838,202101,Não,Sim,2021-01
Empresa 34839,202101,Não,Sim,2021-01
Empresa 3484,202006,Sim,Sim,2020-06
Empresa 34840,202101,Sim,Sim,2021-01
Empresa 34841,202101,Sim,Sim,2021-01
Empresa 34842,202101,Sim,Sim,2021-01
Empresa 34843,202101,Sim,Sim,2021-01
Empresa 34844,202101,Sim,Sim,2021-01
Empresa 34845,202101,Sim,Sim,2021-01
Empresa 34846,202101,Não,Sim,2021-01
Empresa 34847,202101,Não,Não,2021-01
Empresa 34848,202101,Não,Sim,2021-01
Empresa 34849,202101,Não,Não,2021-01
Empresa 3485,202109,Sim,Sim,2021-09
Empresa 34850,202101,Não,Não,2021-01
Empresa 34851,202101,Sim,Sim,2021-01
Empresa 34852,202101,Não,Não,2021-01
Empresa 34853,202101,Não,Não,2021-01
Empresa 34854,202101,Não,Não,2021-01
Empresa 34855,202101,Sim,Sim,2021-01
Empresa 34856,202101,Sim,Sim,2021-01
Empresa 34857,202101,Não,Sim,2021-01
Empresa 34858,202101,Sim,Sim,2021-01
Empresa 34859,202101,Sim,Sim,2021-01
Empresa 3486,202211,Sim,Sim,2022-11
Empresa 34860,202101,Não,Não,2021-01
Empresa 34861,202101,Sim,Sim,2021-01
Empresa 34862,202101,Não,Não,2021-01
Empresa 34863,202101,Não,Não,2021-01
Empresa 34864,202101,Não,Não,2021-01
Empresa 34865,202101,Sim,Sim,2021-01
Empresa 34866,202101,Não,Sim,2021-01
Empresa 34867,202101,Sim,Sim,2021-01
Empresa 34868,202101,Não,Não,2021-01
Empresa 34869,202101,Sim,Sim,2021-01
Empresa 3487,202009,Sim,Sim,2020-09
Empresa 34870,202101,Sim,Sim,2021-01
Empresa 34871,202101,Sim,Sim,2021-01
Empresa 34872,202101,Não,Não,2021-01
Empresa 34873,202101,Sim,Sim,2021-01
Empresa 34874,202101,Não,Não,2021-01
Empresa 34875,202101,Sim,Sim,2021-01
Empresa 34876,202101,Sim,Sim,2021-01
Empresa 34877,202101,Sim,Sim,2021-01
Empresa 34878,202101,Sim,Sim,2021-01
Empresa 34879,202101,Sim,Sim,2021-01
Empresa 3488,201909,Sim,Sim,2019-09
Empresa 34880,202101,Sim,Sim,2021-01
Empresa 34881,202101,Não,Não,2021-01
Empresa 34882,202101,Sim,Sim,2021-01
Empresa 34883,202101,Sim,Sim,2021-01
Empresa 34884,202101,Não,Não,2021-01
Empresa 34885,202101,Não,Não,2021-01
Empresa 34886,202101,Sim,Sim,2021-01
Empresa 34887,202101,Sim,Sim,2021-01
Empresa 34888,202101,Sim,Sim,2021-01
Empresa 34889,202101,Sim,Sim,2021-01
Empresa 3489,201909,Sim,Sim,2019-09
Empresa 34890,202101,Sim,Sim,2021-01
Empresa 34891,202101,Sim,Sim,2021-01
Empresa 34892,202101,Não,Não,2021-01
Empresa 34893,202101,Sim,Sim,2021-01
Empresa 34894,202101,Não,Sim,2021-01
Empresa 34895,202101,Sim,Sim,2021-01
Empresa 34896,202101,Não,Sim,2021-01
Empresa 34897,202101,Não,Sim,2021-01
Empresa 34898,202101,Sim,Sim,2021-01
Empresa 34899,202101,Não,Não,2021-01
Empresa 349,202212,Sim,Sim,2022-12
Empresa 3490,202211,Sim,Sim,2022-11
Empresa 34900,202101,Sim,Sim,2021-01
Empresa 34901,202101,Não,Não,2021-01
Empresa 34902,202101,Não,Sim,2021-01
Empresa 34903,202101,Sim,Sim,2021-01
Empresa 34904,202101,Sim,Sim,2021-01
Empresa 34905,202101,Sim,Sim,2021-01
Empresa 34906,202101,Sim,Sim,2021-01
Empresa 34907,202101,Sim,Sim,2021-01
Empresa 34908,202102,Não,Não,2021-02
Empresa 34909,202102,Sim,Sim,2021-02
Empresa 3491,201908,Sim,Sim,2019-08
Empresa 34910,202102,Não,Não,2021-02
Empresa 34911,202102,Não,Sim,2021-02
Empresa 34912,202102,Sim,Sim,2021-02
Empresa 34913,202102,Sim,Sim,2021-02
Empresa 34914,202102,Não,Sim,2021-02
Empresa 34915,202102,Não,Não,2021-02
Empresa 34916,202102,Sim,Sim,2021-02
Empresa 34917,202102,Não,Sim,2021-02
Empresa 34918,202102,Não,Sim,2021-02
Empresa 34919,202102,Não,Não,2021-02
Empresa 3492,202204,Sim,Sim,2022-04
Empresa 34920,202102,Não,Sim,2021-02
Empresa 34921,202102,Sim,Sim,2021-02
Empresa 34922,202102,Sim,Sim,2021-02
Empresa 34923,202102,Não,Não,2021-02
Empresa 34924,202102,Não,Sim,2021-02
Empresa 34925,202102,Não,Não,2021-02
Empresa 34926,202102,Sim,Sim,2021-02
Empresa 34927,202102,Sim,Sim,2021-02
Empresa 34928,202102,Sim,Sim,2021-02
Empresa 34929,202102,Sim,Sim,2021-02
Empresa 3493,202005,Sim,Sim,2020-05
Empresa 34930,202102,Sim,Sim,2021-02
Empresa 34931,202102,Não,Sim,2021-02
Empresa 34932,202102,Sim,Sim,2021-02
Empresa 34933,202102,Não,Não,2021-02
Empresa 34934,202102,Sim,Sim,2021-02
Empresa 34935,202102,Sim,Sim,2021-02
Empresa 34936,202102,Sim,Sim,2021-02
Empresa 34937,202102,Não,Sim,2021-02
Empresa 34938,202102,Sim,Sim,2021-02
Empresa 34939,202102,Sim,Sim,2021-02
Empresa 3494,202209,Sim,Sim,2022-09
Empresa 34940,202102,Não,Sim,2021-02
Empresa 34941,202103,Não,Não,2021-03
Empresa 34942,202103,Não,Não,2021-03
Empresa 34943,202103,Não,Não,2021-03
Empresa 34944,202103,Sim,Sim,2021-03
Empresa 34945,202103,Não,Sim,2021-03
Empresa 34946,202103,Sim,Sim,2021-03
Empresa 34947,202103,Sim,Sim,2021-03
Empresa 34948,202103,Sim,Sim,2021-03
Empresa 34949,202103,Não,Não,2021-03
Empresa 3495,201907,Sim,Sim,2019-07
Empresa 34950,202103,Sim,Sim,2021-03
Empresa 34951,202103,Sim,Sim,2021-03
Empresa 34952,202103,Sim,Sim,2021-03
Empresa 34953,202103,Não,Não,2021-03
Empresa 34954,202103,Sim,Sim,2021-03
Empresa 34955,202103,Sim,Sim,2021-03
Empresa 34956,202103,Não,Sim,2021-03
Empresa 34957,202103,Sim,Sim,2021-03
Empresa 34958,202103,Não,Não,2021-03
Empresa 34959,202103,Sim,Sim,2021-03
Empresa 3496,202202,Sim,Sim,2022-02
Empresa 34960,202103,Não,Sim,2021-03
Empresa 34961,202103,Sim,Sim,2021-03
Empresa 34962,202103,Sim,Sim,2021-03
Empresa 34963,202103,Não,Não,2021-03
Empresa 34964,202103,Sim,Sim,2021-03
Empresa 34965,202103,Sim,Sim,2021-03
Empresa 34966,202103,Não,Não,2021-03
Empresa 34967,202103,Sim,Sim,2021-03
Empresa 34968,202103,Sim,Sim,2021-03
Empresa 34969,202104,Sim,Sim,2021-04
Empresa 3497,202005,Sim,Sim,2020-05
Empresa 34970,202104,Não,Não,2021-04
Empresa 34971,202104,Não,Não,2021-04
Empresa 34972,202104,Não,Não,2021-04
Empresa 34973,202104,Sim,Sim,2021-04
Empresa 34974,202104,Não,Sim,2021-04
Empresa 34975,202104,Não,Não,2021-04
Empresa 34976,202104,Não,Não,2021-04
Empresa 34977,202104,Não,Não,2021-04
Empresa 34978,202104,Não,Sim,2021-04
Empresa 34979,202104,Sim,Sim,2021-04
Empresa 3498,202001,Sim,Sim,2020-01
Empresa 34980,202104,Sim,Sim,2021-04
Empresa 34981,202104,Sim,Sim,2021-04
Empresa 34982,202104,Não,Sim,2021-04
Empresa 34983,202104,Não,Sim,2021-04
Empresa 34984,202105,Não,Não,2021-05
Empresa 34985,202105,Sim,Sim,2021-05
Empresa 34986,202105,Não,Não,2021-05
Empresa 34987,202105,Não,Não,2021-05
Empresa 34988,202105,Não,Sim,2021-05
Empresa 34989,202105,Não,Sim,2021-05
Empresa 3499,202003,Sim,Sim,2020-03
Empresa 34990,202105,Não,Não,2021-05
Empresa 34991,202105,Sim,Sim,2021-05
Empresa 34992,202105,Sim,Sim,2021-05
Empresa 34993,202105,Não,Não,2021-05
Empresa 34994,202105,Sim,Sim,2021-05
Empresa 34995,202105,Não,Não,2021-05
Empresa 34996,202105,Não,Não,2021-05
Empresa 34997,202105,Sim,Sim,2021-05
Empresa 34998,202105,Sim,Sim,2021-05
Empresa 34999,202105,Sim,Sim,2021-05
Empresa 35,202210,Sim,Sim,2022-10
Empresa 350,202102,Sim,Sim,2021-02
Empresa 3500,201907,Sim,Sim,2019-07
Empresa 35000,202105,Não,Não,2021-05
Empresa 35001,202105,Não,Não,2021-05
Empresa 35002,202105,Não,Não,2021-05
Empresa 35003,202105,Não,Não,2021-05
Empresa 35004,202105,Não,Não,2021-05
Empresa 35005,202105,Não,Sim,2021-05
Empresa 35006,202105,Não,Não,2021-05
Empresa 35007,202105,Não,Não,2021-05
Empresa 35008,202105,Não,Sim,2021-05
Empresa 35009,202105,Não,Sim,2021-05
Empresa 3501,202005,Sim,Sim,2020-05
Empresa 35010,202105,Sim,Sim,2021-05
Empresa 35011,202105,Não,Não,2021-05
Empresa 35012,202105,Não,Não,2021-05
Empresa 35013,202105,Não,Não,2021-05
Empresa 35014,202105,Não,Não,2021-05
Empresa 35015,202105,Não,Sim,2021-05
Empresa 35016,202105,Não,Não,2021-05
Empresa 35017,202105,Não,Não,2021-05
Empresa 35018,202105,Sim,Sim,2021-05
Empresa 35019,202105,Sim,Sim,2021-05
Empresa 3502,202111,Sim,Sim,2021-11
Empresa 35020,202105,Não,Não,2021-05
Empresa 35021,202105,Sim,Sim,2021-05
Empresa 35022,202105,Sim,Sim,2021-05
Empresa 35023,202105,Sim,Sim,2021-05
Empresa 35024,202105,Não,Não,2021-05
Empresa 35025,202105,Não,Não,2021-05
Empresa 35026,202105,Sim,Sim,2021-05
Empresa 35027,202105,Não,Não,2021-05
Empresa 35028,202106,Não,Não,2021-06
Empresa 35029,202106,Não,Não,2021-06
Empresa 3503,202007,Sim,Sim,2020-07
Empresa 35030,202106,Sim,Sim,2021-06
Empresa 35031,202106,Sim,Sim,2021-06
Empresa 35032,202106,Sim,Sim,2021-06
Empresa 35033,202106,Não,Não,2021-06
Empresa 35034,202106,Não,Não,2021-06
Empresa 35035,202106,Não,Não,2021-06
Empresa 35036,202106,Não,Não,2021-06
Empresa 35037,202106,Não,Sim,2021-06
Empresa 35038,202106,Não,Não,2021-06
Empresa 35039,202106,Não,Não,2021-06
Empresa 3504,201909,Sim,Sim,2019-09
Empresa 35040,202106,Não,Não,2021-06
Empresa 35041,202106,Não,Não,2021-06
Empresa 35042,202106,Não,Não,2021-06
Empresa 35043,202106,Não,Não,2021-06
Empresa 35044,202106,Não,Não,2021-06
Empresa 35045,202106,Não,Não,2021-06
Empresa 35046,202106,Sim,Sim,2021-06
Empresa 35047,202106,Sim,Sim,2021-06
Empresa 35048,202106,Não,Não,2021-06
Empresa 35049,202106,Não,Não,2021-06
Empresa 3505,202007,Sim,Sim,2020-07
Empresa 35050,202106,Sim,Sim,2021-06
Empresa 35051,202106,Não,Sim,2021-06
Empresa 35052,202106,Não,Não,2021-06
Empresa 35053,202106,Sim,Sim,2021-06
Empresa 35054,202106,Não,Não,2021-06
Empresa 35055,202106,Sim,Sim,2021-06
Empresa 35056,202106,Não,Não,2021-06
Empresa 35057,202106,Não,Não,2021-06
Empresa 35058,202106,Não,Não,2021-06
Empresa 35059,202106,Não,Não,2021-06
Empresa 3506,202212,Sim,Sim,2022-12
Empresa 35060,202106,Não,Não,2021-06
Empresa 35061,202106,Sim,Sim,2021-06
Empresa 35062,202106,Não,Não,2021-06
Empresa 35063,202107,Não,Não,2021-07
Empresa 35064,202107,Sim,Sim,2021-07
Empresa 35065,202107,Não,Não,2021-07
Empresa 35066,202107,Sim,Sim,2021-07
Empresa 35067,202107,Sim,Sim,2021-07
Empresa 35068,202107,Sim,Sim,2021-07
Empresa 35069,202107,Não,Não,2021-07
Empresa 3507,201907,Sim,Sim,2019-07
Empresa 35070,202107,Sim,Sim,2021-07
Empresa 35071,202107,Não,Não,2021-07
Empresa 35072,202107,Não,Não,2021-07
Empresa 35073,202107,Sim,Sim,2021-07
Empresa 35074,202107,Sim,Sim,2021-07
Empresa 35075,202107,Não,Não,2021-07
Empresa 35076,202107,Não,Não,2021-07
Empresa 35077,202107,Sim,Sim,2021-07
Empresa 35078,202107,Não,Não,2021-07
Empresa 35079,202108,Não,Não,2021-08
Empresa 3508,201907,Sim,Sim,2019-07
Empresa 35080,202108,Não,Sim,2021-08
Empresa 35081,202108,Não,Sim,2021-08
Empresa 35082,202108,Não,Não,2021-08
Empresa 35083,202108,Não,Não,2021-08
Empresa 35084,202108,Não,Não,2021-08
Empresa 35085,202108,Não,Sim,2021-08
Empresa 35086,202108,Não,Não,2021-08
Empresa 35087,202108,Sim,Sim,2021-08
Empresa 35088,202108,Sim,Sim,2021-08
Empresa 35089,202108,Não,Sim,2021-08
Empresa 3509,202208,Sim,Sim,2022-08
Empresa 35090,202108,Não,Sim,2021-08
Empresa 35091,202108,Não,Não,2021-08
Empresa 35092,202108,Não,Não,2021-08
Empresa 35093,202108,Não,Não,2021-08
Empresa 35094,202108,Sim,Sim,2021-08
Empresa 35095,202108,Não,Não,2021-08
Empresa 35096,202108,Não,Não,2021-08
Empresa 35097,202108,Não,Não,2021-08
Empresa 35098,202108,Sim,Sim,2021-08
Empresa 35099,202108,Sim,Sim,2021-08
Empresa 351,202102,Sim,Sim,2021-02
Empresa 3510,201908,Sim,Sim,2019-08
Empresa 35100,202109,Não,Não,2021-09
Empresa 35101,202109,Não,Não,2021-09
Empresa 35102,202109,Não,Não,2021-09
Empresa 35103,202109,Não,Não,2021-09
Empresa 35104,202109,Sim,Sim,2021-09
Empresa 35105,202109,Sim,Sim,2021-09
Empresa 35106,202109,Não,Sim,2021-09
Empresa 35107,202109,Não,Não,2021-09
Empresa 35108,202109,Não,Não,2021-09
Empresa 35109,202109,Não,Não,2021-09
Empresa 3511,202012,Sim,Sim,2020-12
Empresa 35110,202109,Sim,Sim,2021-09
Empresa 35111,202110,Sim,Sim,2021-10
Empresa 35112,202110,Não,Não,2021-10
Empresa 35113,202110,Não,Não,2021-10
Empresa 35114,202110,Não,Não,2021-10
Empresa 35115,202110,Sim,Sim,2021-10
Empresa 35116,202110,Sim,Sim,2021-10
Empresa 35117,202110,Sim,Sim,2021-10
Empresa 35118,202110,Sim,Sim,2021-10
Empresa 35119,202110,Sim,Sim,2021-10
Empresa 3512,201910,Sim,Sim,2019-10
Empresa 35120,202111,Não,Não,2021-11
Empresa 35121,202111,Não,Não,2021-11
Empresa 35122,202111,Não,Sim,2021-11
Empresa 35123,202111,Não,Não,2021-11
Empresa 35124,202111,Sim,Sim,2021-11
Empresa 35125,202111,Sim,Sim,2021-11
Empresa 35126,202111,Sim,Sim,2021-11
Empresa 35127,202111,Sim,Sim,2021-11
Empresa 35128,202111,Não,Não,2021-11
Empresa 35129,202111,Não,Não,2021-11
Empresa 3513,201907,Sim,Sim,2019-07
Empresa 35130,202111,Sim,Sim,2021-11
Empresa 35131,202111,Não,Não,2021-11
Empresa 35132,202111,Não,Não,2021-11
Empresa 35133,202111,Não,Sim,2021-11
Empresa 35134,202111,Sim,Sim,2021-11
Empresa 35135,202111,Sim,Sim,2021-11
Empresa 35136,202111,Não,Não,2021-11
Empresa 35137,202111,Sim,Sim,2021-11
Empresa 35138,202111,Sim,Sim,2021-11
Empresa 35139,202111,Não,Não,2021-11
Empresa 3514,201908,Sim,Sim,2019-08
Empresa 35140,202111,Não,Não,2021-11
Empresa 35141,202111,Não,Não,2021-11
Empresa 35142,202111,Não,Sim,2021-11
Empresa 35143,202111,Sim,Sim,2021-11
Empresa 35144,202111,Não,Sim,2021-11
Empresa 35145,202111,Sim,Sim,2021-11
Empresa 35146,202111,Não,Não,2021-11
Empresa 35147,202111,Não,Não,2021-11
Empresa 35148,202111,Não,Não,2021-11
Empresa 35149,202111,Sim,Sim,2021-11
Empresa 3515,202102,Sim,Sim,2021-02
Empresa 35150,202111,Não,Não,2021-11
Empresa 35151,202111,Não,Não,2021-11
Empresa 35152,202111,Não,Sim,2021-11
Empresa 35153,202111,Não,Não,2021-11
Empresa 35154,202111,Sim,Sim,2021-11
Empresa 35155,202112,Não,Não,2021-12
Empresa 35156,202112,Não,Não,2021-12
Empresa 35157,202112,Não,Sim,2021-12
Empresa 35158,202112,Sim,Sim,2021-12
Empresa 35159,202112,Não,Não,2021-12
Empresa 3516,201907,Sim,Sim,2019-07
Empresa 35160,202112,Não,Não,2021-12
Empresa 35161,202112,Sim,Sim,2021-12
Empresa 35162,202112,Não,Não,2021-12
Empresa 35163,202112,Não,Não,2021-12
Empresa 35164,202112,Sim,Sim,2021-12
Empresa 35165,202112,Sim,Sim,2021-12
Empresa 35166,202112,Não,Não,2021-12
Empresa 35167,202112,Não,Não,2021-12
Empresa 35168,202112,Sim,Sim,2021-12
Empresa 35169,202112,Sim,Sim,2021-12
Empresa 3517,201912,Sim,Sim,2019-12
Empresa 35170,202112,Não,Não,2021-12
Empresa 35171,202112,Não,Sim,2021-12
Empresa 35172,202112,Não,Não,2021-12
Empresa 35173,202112,Não,Sim,2021-12
Empresa 35174,202112,Não,Não,2021-12
Empresa 35175,202112,Não,Não,2021-12
Empresa 35176,202112,Não,Não,2021-12
Empresa 35177,202112,Não,Não,2021-12
Empresa 35178,202112,Não,Não,2021-12
Empresa 35179,202112,Não,Não,2021-12
Empresa 3518,202007,Sim,Sim,2020-07
Empresa 35180,202112,Sim,Sim,2021-12
Empresa 35181,202112,Sim,Sim,2021-12
Empresa 35182,202112,Sim,Sim,2021-12
Empresa 35183,202112,Sim,Sim,2021-12
Empresa 35184,202112,Sim,Sim,2021-12
Empresa 35185,202112,Não,Não,2021-12
Empresa 35186,202112,Não,Sim,2021-12
Empresa 35187,202112,Sim,Sim,2021-12
Empresa 35188,202201,Sim,Sim,2022-01
Empresa 35189,202201,Não,Não,2022-01
Empresa 3519,202206,Sim,Sim,2022-06
Empresa 35190,202201,Não,Não,2022-01
Empresa 35191,202201,Sim,Sim,2022-01
Empresa 35192,202201,Sim,Sim,2022-01
Empresa 35193,202201,Não,Não,2022-01
Empresa 35194,202201,Não,Não,2022-01
Empresa 35195,202201,Sim,Sim,2022-01
Empresa 35196,202201,Não,Sim,2022-01
Empresa 35197,202201,Sim,Sim,2022-01
Empresa 35198,202201,Não,Sim,2022-01
Empresa 35199,202201,Sim,Sim,2022-01
Empresa 352,202105,Sim,Sim,2021-05
Empresa 3520,202209,Sim,Sim,2022-09
Empresa 35200,202201,Sim,Sim,2022-01
Empresa 35201,202201,Sim,Sim,2022-01
Empresa 35202,202201,Não,Não,2022-01
Empresa 35203,202201,Não,Não,2022-01
Empresa 35204,202201,Não,Sim,2022-01
Empresa 35205,202201,Sim,Sim,2022-01
Empresa 35206,202202,Não,Sim,2022-02
Empresa 35207,202202,Não,Não,2022-02
Empresa 35208,202202,Sim,Sim,2022-02
Empresa 35209,202202,Não,Não,2022-02
Empresa 3521,201910,Sim,Sim,2019-10
Empresa 35210,202202,Não,Não,2022-02
Empresa 35211,202202,Não,Não,2022-02
Empresa 35212,202202,Não,Sim,2022-02
Empresa 35213,202202,Sim,Sim,2022-02
Empresa 35214,202202,Não,Não,2022-02
Empresa 35215,202202,Não,Não,2022-02
Empresa 35216,202202,Não,Não,2022-02
Empresa 35217,202202,Sim,Sim,2022-02
Empresa 35218,202202,Sim,Sim,2022-02
Empresa 35219,202202,Não,Não,2022-02
Empresa 3522,202106,Sim,Sim,2021-06
Empresa 35220,202202,Sim,Sim,2022-02
Empresa 35221,202202,Não,Não,2022-02
Empresa 35222,202202,Não,Não,2022-02
Empresa 35223,202202,Sim,Sim,2022-02
Empresa 35224,202202,Não,Não,2022-02
Empresa 35225,202203,Não,Não,2022-03
Empresa 35226,202203,Não,Não,2022-03
Empresa 35227,202203,Sim,Sim,2022-03
Empresa 35228,202203,Sim,Sim,2022-03
Empresa 35229,202203,Não,Não,2022-03
Empresa 3523,201910,Sim,Sim,2019-10
Empresa 35230,202203,Não,Não,2022-03
Empresa 35231,202203,Sim,Sim,2022-03
Empresa 35232,202203,Não,Não,2022-03
Empresa 35233,202203,Não,Não,2022-03
Empresa 35234,202203,Não,Não,2022-03
Empresa 35235,202203,Sim,Sim,2022-03
Empresa 35236,202203,Não,Não,2022-03
Empresa 35237,202203,Não,Não,2022-03
Empresa 35238,202203,Não,Não,2022-03
Empresa 35239,202203,Sim,Sim,2022-03
Empresa 3524,202111,Sim,Sim,2021-11
Empresa 35240,202203,Sim,Sim,2022-03
Empresa 35241,202203,Sim,Sim,2022-03
Empresa 35242,202203,Sim,Sim,2022-03
Empresa 35243,202203,Não,Não,2022-03
Empresa 35244,202203,Não,Sim,2022-03
Empresa 35245,202203,Não,Sim,2022-03
Empresa 35246,202204,Não,Não,2022-04
Empresa 35247,202204,Não,Não,2022-04
Empresa 35248,202204,Sim,Sim,2022-04
Empresa 35249,202204,Não,Não,2022-04
Empresa 3525,202207,Sim,Sim,2022-07
Empresa 35250,202204,Não,Não,2022-04
Empresa 35251,202204,Não,Não,2022-04
Empresa 35252,202204,Não,Não,2022-04
Empresa 35253,202204,Sim,Sim,2022-04
Empresa 35254,202204,Sim,Sim,2022-04
Empresa 35255,202204,Não,Não,2022-04
Empresa 35256,202205,Não,Não,2022-05
Empresa 35257,202205,Não,Não,2022-05
Empresa 35258,202205,Sim,Sim,2022-05
Empresa 35259,202205,Sim,Sim,2022-05
Empresa 3526,202005,Sim,Sim,2020-05
Empresa 35260,202205,Sim,Sim,2022-05
Empresa 35261,202205,Não,Não,2022-05
Empresa 35262,202205,Não,Não,2022-05
Empresa 35263,202205,Não,Não,2022-05
Empresa 35264,202205,Sim,Sim,2022-05
Empresa 35265,202205,Não,Não,2022-05
Empresa 35266,202205,Sim,Sim,2022-05
Empresa 35267,202205,Não,Não,2022-05
Empresa 35268,202205,Não,Não,2022-05
Empresa 35269,202205,Não,Sim,2022-05
Empresa 3527,202111,Sim,Sim,2021-11
Empresa 35270,202205,Não,Não,2022-05
Empresa 35271,202205,Não,Sim,2022-05
Empresa 35272,202205,Sim,Sim,2022-05
Empresa 35273,202205,Sim,Sim,2022-05
Empresa 35274,202205,Sim,Sim,2022-05
Empresa 35275,202205,Sim,Sim,2022-05
Empresa 35276,202205,Sim,Sim,2022-05
Empresa 35277,202205,Sim,Sim,2022-05
Empresa 35278,202205,Sim,Sim,2022-05
Empresa 35279,202205,Não,Não,2022-05
Empresa 3528,202209,Sim,Sim,2022-09
Empresa 35280,202205,Sim,Sim,2022-05
Empresa 35281,202205,Sim,Sim,2022-05
Empresa 35282,202206,Não,Não,2022-06
Empresa 35283,202206,Não,Não,2022-06
Empresa 35284,202206,Não,Sim,2022-06
Empresa 35285,202206,Não,Não,2022-06
Empresa 35286,202206,Não,Não,2022-06
Empresa 35287,202206,Não,Sim,2022-06
Empresa 35288,202206,Não,Não,2022-06
Empresa 35289,202206,Não,Sim,2022-06
Empresa 3529,202106,Sim,Sim,2021-06
Empresa 35290,202206,Não,Não,2022-06
Empresa 35291,202206,Não,Não,2022-06
Empresa 35292,202206,Não,Não,2022-06
Empresa 35293,202206,Não,Não,2022-06
Empresa 35294,202206,Não,Não,2022-06
Empresa 35295,202206,Sim,Sim,2022-06
Empresa 35296,202206,Sim,Sim,2022-06
Empresa 35297,202206,Sim,Sim,2022-06
Empresa 35298,202206,Não,Não,2022-06
Empresa 35299,202206,Não,Sim,2022-06
Empresa 353,202101,Sim,Sim,2021-01
Empresa 3530,202007,Sim,Sim,2020-07
Empresa 35300,202207,Não,Não,2022-07
Empresa 35301,202207,Não,Não,2022-07
Empresa 35302,202207,Não,Não,2022-07
Empresa 35303,202207,Não,Não,2022-07
Empresa 35304,202207,Não,Não,2022-07
Empresa 35305,202207,Sim,Sim,2022-07
Empresa 35306,202207,Sim,Sim,2022-07
Empresa 35307,202207,Sim,Sim,2022-07
Empresa 35308,202207,Sim,Sim,2022-07
Empresa 35309,202208,Não,Não,2022-08
Empresa 3531,202209,Sim,Sim,2022-09
Empresa 35310,202208,Não,Não,2022-08
Empresa 35311,202208,Não,Não,2022-08
Empresa 35312,202208,Não,Não,2022-08
Empresa 35313,202208,Não,Não,2022-08
Empresa 35314,202208,Não,Não,2022-08
Empresa 35315,202208,Não,Não,2022-08
Empresa 35316,202208,Não,Não,2022-08
Empresa 35317,202208,Não,Não,2022-08
Empresa 35318,202208,Não,Não,2022-08
Empresa 35319,202208,Não,Não,2022-08
Empresa 3532,202104,Sim,Sim,2021-04
Empresa 35320,202208,Não,Não,2022-08
Empresa 35321,202208,Não,Não,2022-08
Empresa 35322,202208,Não,Sim,2022-08
Empresa 35323,202208,Sim,Sim,2022-08
Empresa 35325,202209,Não,Sim,2022-09
Empresa 35326,202209,Sim,Sim,2022-09
Empresa 35328,202210,Não,Não,2022-10
Empresa 35329,202210,Não,Sim,2022-10
Empresa 3533,201907,Sim,Sim,2019-07
Empresa 35330,202210,Não,Não,2022-10
Empresa 35331,202210,Não,Não,2022-10
Empresa 35332,202210,Não,Não,2022-10
Empresa 35333,202210,Não,Não,2022-10
Empresa 35334,202210,Não,Não,2022-10
Empresa 35335,202210,Não,Não,2022-10
Empresa 35336,202210,Não,Não,2022-10
Empresa 35337,202211,Não,Sim,2022-11
Empresa 35338,202211,Não,Não,2022-11
Empresa 35339,202211,Sim,Sim,2022-11
Empresa 3534,202209,Sim,Sim,2022-09
Empresa 35340,202211,Não,Não,2022-11
Empresa 35341,202211,Não,Não,2022-11
Empresa 35342,202211,Não,Não,2022-11
Empresa 35343,202211,Não,Não,2022-11
Empresa 35344,202211,Não,Não,2022-11
Empresa 35345,202211,Não,Sim,2022-11
Empresa 35346,202211,Não,Não,2022-11
Empresa 35347,202211,Não,Não,2022-11
Empresa 35348,202211,Não,Não,2022-11
Empresa 35349,202211,Sim,Sim,2022-11
Empresa 3535,202212,Sim,Sim,2022-12
Empresa 35350,202211,Não,Sim,2022-11
Empresa 35351,202211,Não,Não,2022-11
Empresa 35352,202211,Não,Não,2022-11
Empresa 35353,202211,Não,Não,2022-11
Empresa 35354,202211,Não,Não,2022-11
Empresa 35355,202211,Não,Não,2022-11
Empresa 3536,202208,Sim,Sim,2022-08
Empresa 35363,202301,Não,Não,2023-01
Empresa 35364,202301,Não,Não,2023-01
Empresa 35365,202301,Não,Não,2023-01
Empresa 35366,202301,Não,Não,2023-01
Empresa 35367,202301,Não,Não,2023-01
Empresa 35368,202302,Não,Não,2023-02
Empresa 35369,202302,Não,Não,2023-02
Empresa 3537,201909,Sim,Sim,2019-09
Empresa 35370,202302,Não,Não,2023-02
Empresa 35371,202302,Não,Não,2023-02
Empresa 35372,202302,Não,Não,2023-02
Empresa 35373,202302,Não,Não,2023-02
Empresa 35374,202302,Não,Não,2023-02
Empresa 35375,202302,Não,Não,2023-02
Empresa 35376,202302,Não,Não,2023-02
Empresa 35377,202302,Não,Não,2023-02
Empresa 35378,202302,Não,Não,2023-02
Empresa 35379,202303,Não,Não,2023-03
Empresa 3538,202004,Sim,Sim,2020-04
Empresa 35380,202303,Não,Não,2023-03
Empresa 35381,202303,Não,Não,2023-03
Empresa 35382,202303,Não,Não,2023-03
Empresa 35383,202303,Não,Não,2023-03
Empresa 35384,202303,Não,Sim,2023-03
Empresa 35385,202304,Não,Não,2023-04
Empresa 35386,202304,Não,Não,2023-04
Empresa 35387,202304,Não,Não,2023-04
Empresa 35388,202304,Não,Não,2023-04
Empresa 35389,202304,Não,Não,2023-04
Empresa 3539,202205,Sim,Sim,2022-05
Empresa 35390,202304,Não,Não,2023-04
Empresa 35391,202304,Não,Não,2023-04
Empresa 35392,202304,Não,Não,2023-04
Empresa 35393,202305,Não,Não,2023-05
Empresa 35394,202305,Não,Não,2023-05
Empresa 35395,202305,Não,Não,2023-05
Empresa 35396,202305,Não,Não,2023-05
Empresa 35397,202305,Não,Não,2023-05
Empresa 35398,202305,Não,Não,2023-05
Empresa 35399,202305,Não,Não,2023-05
Empresa 354,202101,Sim,Sim,2021-01
Empresa 3540,202004,Sim,Sim,2020-04
Empresa 35400,202306,Não,Não,2023-06
Empresa 35401,202306,Não,Não,2023-06
Empresa 35402,202306,Não,Não,2023-06
Empresa 35403,202306,Não,Não,2023-06
Empresa 35404,202307,Não,Não,2023-07
Empresa 35405,202307,Não,Não,2023-07
Empresa 35406,202307,Não,Não,2023-07
Empresa 35407,202307,Não,Não,2023-07
Empresa 35408,202307,Não,Não,2023-07
Empresa 35409,202308,Não,Não,2023-08
Empresa 3541,202209,Sim,Sim,2022-09
Empresa 35410,202308,Não,Não,2023-08
Empresa 35411,202308,Não,Não,2023-08
Empresa 35412,202308,Não,Não,2023-08
Empresa 35413,202308,Não,Não,2023-08
Empresa 35414,202308,Não,Não,2023-08
Empresa 35415,202308,Não,Não,2023-08
Empresa 35416,202308,Não,Não,2023-08
Empresa 35417,202309,Não,Não,2023-09
Empresa 35418,202309,Não,Não,2023-09
Empresa 35419,202309,Não,Não,2023-09
Empresa 3542,202207,Sim,Sim,2022-07
Empresa 35420,202309,Não,Não,2023-09
Empresa 35421,202309,Não,Não,2023-09
Empresa 35422,202309,Não,Não,2023-09
Empresa 35423,202309,Não,Não,2023-09
Empresa 35424,202309,Não,Sim,2023-09
Empresa 35425,202309,Não,Não,2023-09
Empresa 35426,202309,Não,Não,2023-09
Empresa 35427,202310,Não,Não,2023-10
Empresa 35428,202310,Não,Sim,2023-10
Empresa 35429,202310,Não,Não,2023-10
Empresa 3543,202005,Sim,Sim,2020-05
Empresa 35430,202310,Não,Não,2023-10
Empresa 35431,202310,Não,Não,2023-10
Empresa 35432,202310,Não,Não,2023-10
Empresa 35433,202310,Não,Não,2023-10
Empresa 35434,202310,Não,Não,2023-10
Empresa 35435,202310,Não,Não,2023-10
Empresa 35436,202310,Não,Não,2023-10
Empresa 35437,202310,Não,Não,2023-10
Empresa 35438,202310,Não,Não,2023-10
Empresa 35439,202310,Não,Não,2023-10
Empresa 3544,202301,Sim,Sim,2023-01
Empresa 35440,202310,Não,Não,2023-10
Empresa 35441,202310,Não,Não,2023-10
Empresa 35442,202310,Não,Não,2023-10
Empresa 35443,202310,Não,Não,2023-10
Empresa 35444,202310,Não,Não,2023-10
Empresa 35445,202311,Não,Não,2023-11
Empresa 35446,202311,Não,Não,2023-11
Empresa 35447,202311,Não,Não,2023-11
Empresa 35448,202311,Não,Sim,2023-11
Empresa 35449,202311,Não,Não,2023-11
Empresa 3545,201907,Sim,Sim,2019-07
Empresa 35450,202311,Não,Não,2023-11
Empresa 35451,202008,Sim,Sim,2020-08
Empresa 35452,202008,Não,Não,2020-08
Empresa 35453,202008,Não,Não,2020-08
Empresa 35454,202008,Sim,Sim,2020-08
Empresa 35455,202008,Sim,Sim,2020-08
Empresa 35456,202008,Sim,Sim,2020-08
Empresa 35457,202009,Sim,Sim,2020-09
Empresa 35458,202009,Não,Não,2020-09
Empresa 35459,202009,Sim,Sim,2020-09
Empresa 3546,202211,Sim,Sim,2022-11
Empresa 35460,202009,Sim,Sim,2020-09
Empresa 35461,202009,Sim,Sim,2020-09
Empresa 35462,202009,Sim,Sim,2020-09
Empresa 35463,202009,Sim,Sim,2020-09
Empresa 35464,202010,Sim,Sim,2020-10
Empresa 35465,202012,Não,Sim,2020-12
Empresa 35466,202012,Sim,Sim,2020-12
Empresa 35467,202101,Sim,Sim,2021-01
Empresa 35468,202102,Não,Não,2021-02
Empresa 35469,202102,Não,Não,2021-02
Empresa 3547,202004,Sim,Sim,2020-04
Empresa 35470,202104,Não,Sim,2021-04
Empresa 35471,202104,Sim,Sim,2021-04
Empresa 35472,202108,Não,Não,2021-08
Empresa 35473,202108,Sim,Sim,2021-08
Empresa 35474,202110,Não,Não,2021-10
Empresa 35475,202111,Não,Não,2021-11
Empresa 35476,202111,Não,Não,2021-11
Empresa 35477,202112,Não,Não,2021-12
Empresa 35478,202112,Não,Sim,2021-12
Empresa 35479,202201,Sim,Sim,2022-01
Empresa 3548,201907,Sim,Sim,2019-07
Empresa 35480,202201,Sim,Sim,2022-01
Empresa 35481,202203,Não,Não,2022-03
Empresa 35482,202204,Não,Não,2022-04
Empresa 35483,202205,Sim,Sim,2022-05
Empresa 35484,202206,Não,Não,2022-06
Empresa 35485,202207,Sim,Sim,2022-07
Empresa 35486,202208,Não,Não,2022-08
Empresa 35487,202210,Não,Não,2022-10
Empresa 35489,202212,Sim,Sim,2022-12
Empresa 3549,201908,Sim,Sim,2019-08
Empresa 35490,202302,Não,Não,2023-02
Empresa 35491,202307,Não,Não,2023-07
Empresa 35492,202309,Não,Não,2023-09
Empresa 35493,202310,Não,Não,2023-10
Empresa 35494,202311,Não,Não,2023-11
Empresa 35495,202311,Não,Não,2023-11
Empresa 35496,202311,Não,Não,2023-11
Empresa 35497,202311,Não,Não,2023-11
Empresa 35498,202311,Não,Não,2023-11
Empresa 35499,202311,Não,Não,2023-11
Empresa 355,202102,Sim,Sim,2021-02
Empresa 3550,202008,Sim,Sim,2020-08
Empresa 35500,202311,Não,Não,2023-11
Empresa 35501,202311,Não,Não,2023-11
Empresa 35502,202311,Não,Não,2023-11
Empresa 35503,202311,Não,Não,2023-11
Empresa 35504,202311,Não,Não,2023-11
Empresa 35505,202311,Não,Não,2023-11
Empresa 35506,202311,Não,Não,2023-11
Empresa 35507,202105,Sim,Sim,2021-05
Empresa 35508,202105,Sim,Sim,2021-05
Empresa 35509,202105,Sim,Sim,2021-05
Empresa 3551,202005,Sim,Sim,2020-05
Empresa 35510,202105,Sim,Sim,2021-05
Empresa 35511,202105,Não,Não,2021-05
Empresa 35512,202105,Sim,Sim,2021-05
Empresa 35513,202105,Sim,Sim,2021-05
Empresa 35514,202106,Sim,Sim,2021-06
Empresa 35515,202106,Não,Não,2021-06
Empresa 35516,202106,Não,Sim,2021-06
Empresa 35517,202106,Sim,Sim,2021-06
Empresa 35518,202106,Sim,Sim,2021-06
Empresa 35519,202107,Sim,Sim,2021-07
Empresa 3552,202205,Sim,Sim,2022-05
Empresa 35520,202107,Sim,Sim,2021-07
Empresa 35521,202108,Sim,Sim,2021-08
Empresa 35522,202108,Não,Não,2021-08
Empresa 35523,202108,Sim,Sim,2021-08
Empresa 35524,202202,Não,Não,2022-02
Empresa 35525,202205,Sim,Sim,2022-05
Empresa 35526,202206,Não,Não,2022-06
Empresa 35527,202210,Não,Não,2022-10
Empresa 35528,202212,Sim,Sim,2022-12
Empresa 35529,202303,Não,Não,2023-03
Empresa 3553,201909,Sim,Sim,2019-09
Empresa 35530,202310,Não,Não,2023-10
Empresa 35531,202212,Não,Sim,2022-12
Empresa 35532,201807,Sim,Sim,2018-07
Empresa 35533,201807,Sim,Sim,2018-07
Empresa 35534,201909,Sim,Sim,2019-09
Empresa 35535,201909,Sim,Sim,2019-09
Empresa 35536,201909,Sim,Sim,2019-09
Empresa 35537,201909,Sim,Sim,2019-09
Empresa 35538,201909,Não,Sim,2019-09
Empresa 35539,201909,Não,Não,2019-09
Empresa 3554,202105,Sim,Sim,2021-05
Empresa 35540,201909,Sim,Sim,2019-09
Empresa 35541,201909,Sim,Sim,2019-09
Empresa 35542,201909,Sim,Sim,2019-09
Empresa 35543,201909,Sim,Sim,2019-09
Empresa 35544,201909,Não,Sim,2019-09
Empresa 35545,201909,Sim,Sim,2019-09
Empresa 35546,201909,Não,Não,2019-09
Empresa 35547,201910,Sim,Sim,2019-10
Empresa 35548,201910,Não,Não,2019-10
Empresa 35549,201910,Não,Não,2019-10
Empresa 3555,201908,Sim,Sim,2019-08
Empresa 35550,201910,Sim,Sim,2019-10
Empresa 35551,201910,Sim,Sim,2019-10
Empresa 35552,201910,Sim,Sim,2019-10
Empresa 35553,201910,Sim,Sim,2019-10
Empresa 35554,201910,Não,Não,2019-10
Empresa 35555,201910,Sim,Sim,2019-10
Empresa 35556,201910,Sim,Sim,2019-10
Empresa 35557,201910,Não,Não,2019-10
Empresa 35558,201910,Não,Não,2019-10
Empresa 35559,201910,Não,Não,2019-10
Empresa 3556,201909,Sim,Sim,2019-09
Empresa 35560,201910,Não,Não,2019-10
Empresa 35561,201910,Sim,Sim,2019-10
Empresa 35562,201910,Sim,Sim,2019-10
Empresa 35563,201910,Não,Não,2019-10
Empresa 35564,201910,Sim,Sim,2019-10
Empresa 35565,201910,Não,Não,2019-10
Empresa 35566,201910,Sim,Sim,2019-10
Empresa 35567,201910,Sim,Sim,2019-10
Empresa 35568,201910,Sim,Sim,2019-10
Empresa 35569,201910,Sim,Sim,2019-10
Empresa 3557,202003,Sim,Sim,2020-03
Empresa 35570,201910,Sim,Sim,2019-10
Empresa 35571,201910,Sim,Sim,2019-10
Empresa 35572,201910,Sim,Sim,2019-10
Empresa 35573,201910,Sim,Sim,2019-10
Empresa 35574,201910,Sim,Sim,2019-10
Empresa 35575,201910,Sim,Sim,2019-10
Empresa 35576,201910,Não,Não,2019-10
Empresa 35577,201910,Não,Não,2019-10
Empresa 35578,201910,Sim,Sim,2019-10
Empresa 35579,201910,Sim,Sim,2019-10
Empresa 3558,201907,Sim,Sim,2019-07
Empresa 35580,201910,Não,Não,2019-10
Empresa 35581,201910,Sim,Sim,2019-10
Empresa 35582,201910,Sim,Sim,2019-10
Empresa 35583,201910,Não,Sim,2019-10
Empresa 35584,201910,Sim,Sim,2019-10
Empresa 35585,201910,Não,Não,2019-10
Empresa 35586,201910,Sim,Sim,2019-10
Empresa 35587,201910,Sim,Sim,2019-10
Empresa 35588,201910,Sim,Sim,2019-10
Empresa 35589,201910,Não,Não,2019-10
Empresa 3559,202203,Sim,Sim,2022-03
Empresa 35590,201910,Sim,Sim,2019-10
Empresa 35591,201911,Não,Não,2019-11
Empresa 35592,201911,Não,Não,2019-11
Empresa 35593,201911,Sim,Sim,2019-11
Empresa 35594,201911,Não,Sim,2019-11
Empresa 35595,201911,Sim,Sim,2019-11
Empresa 35596,201911,Sim,Sim,2019-11
Empresa 35597,201911,Sim,Sim,2019-11
Empresa 35598,201911,Sim,Sim,2019-11
Empresa 35599,201911,Sim,Sim,2019-11
Empresa 356,202207,Sim,Sim,2022-07
Empresa 3560,202104,Sim,Sim,2021-04
Empresa 35600,201911,Sim,Sim,2019-11
Empresa 35601,201911,Sim,Sim,2019-11
Empresa 35602,201911,Sim,Sim,2019-11
Empresa 35603,201911,Sim,Sim,2019-11
Empresa 35604,201911,Sim,Sim,2019-11
Empresa 35605,201911,Sim,Sim,2019-11
Empresa 35606,201912,Sim,Sim,2019-12
Empresa 35607,201912,Sim,Sim,2019-12
Empresa 35608,201912,Sim,Sim,2019-12
Empresa 35609,201912,Sim,Sim,2019-12
Empresa 3561,201907,Sim,Sim,2019-07
Empresa 35610,201912,Sim,Sim,2019-12
Empresa 35611,201912,Não,Não,2019-12
Empresa 35612,201912,Sim,Sim,2019-12
Empresa 35613,201912,Sim,Sim,2019-12
Empresa 35614,201912,Sim,Sim,2019-12
Empresa 35615,201912,Sim,Sim,2019-12
Empresa 35616,201912,Sim,Sim,2019-12
Empresa 35617,201912,Não,Não,2019-12
Empresa 35618,201912,Sim,Sim,2019-12
Empresa 35619,201912,Sim,Sim,2019-12
Empresa 3562,201909,Sim,Sim,2019-09
Empresa 35620,202001,Não,Não,2020-01
Empresa 35621,202001,Sim,Sim,2020-01
Empresa 35622,202001,Sim,Sim,2020-01
Empresa 35623,202001,Não,Não,2020-01
Empresa 35624,202001,Sim,Sim,2020-01
Empresa 35625,202001,Sim,Sim,2020-01
Empresa 35626,202001,Sim,Sim,2020-01
Empresa 35627,202001,Sim,Sim,2020-01
Empresa 35628,202001,Sim,Sim,2020-01
Empresa 35629,202001,Sim,Sim,2020-01
Empresa 3563,201911,Sim,Sim,2019-11
Empresa 35630,202001,Sim,Sim,2020-01
Empresa 35631,202001,Sim,Sim,2020-01
Empresa 35632,202001,Não,Não,2020-01
Empresa 35633,202001,Não,Não,2020-01
Empresa 35634,202002,Sim,Sim,2020-02
Empresa 35635,202002,Sim,Sim,2020-02
Empresa 35636,202002,Sim,Sim,2020-02
Empresa 35637,202002,Não,Não,2020-02
Empresa 35638,202002,Não,Não,2020-02
Empresa 35639,202002,Sim,Sim,2020-02
Empresa 3564,202004,Sim,Sim,2020-04
Empresa 35640,202002,Sim,Sim,2020-02
Empresa 35641,202002,Sim,Sim,2020-02
Empresa 35642,202002,Sim,Sim,2020-02
Empresa 35643,202002,Não,Não,2020-02
Empresa 35644,202002,Sim,Sim,2020-02
Empresa 35645,202002,Sim,Sim,2020-02
Empresa 35646,202002,Sim,Sim,2020-02
Empresa 35647,202002,Não,Sim,2020-02
Empresa 35648,202002,Não,Não,2020-02
Empresa 35649,202002,Sim,Sim,2020-02
Empresa 3565,202310,Não,Não,2023-10
Empresa 35650,202002,Sim,Sim,2020-02
Empresa 35651,202002,Não,Não,2020-02
Empresa 35652,202002,Sim,Sim,2020-02
Empresa 35653,202002,Sim,Sim,2020-02
Empresa 35654,202002,Sim,Sim,2020-02
Empresa 35655,202002,Sim,Sim,2020-02
Empresa 35656,202002,Sim,Sim,2020-02
Empresa 35657,202002,Não,Não,2020-02
Empresa 35658,202002,Sim,Sim,2020-02
Empresa 35659,202002,Sim,Sim,2020-02
Empresa 3566,201912,Sim,Sim,2019-12
Empresa 35660,202002,Sim,Sim,2020-02
Empresa 35661,202002,Sim,Sim,2020-02
Empresa 35662,202002,Não,Não,2020-02
Empresa 35663,202002,Sim,Sim,2020-02
Empresa 35664,202002,Sim,Sim,2020-02
Empresa 35665,202002,Sim,Sim,2020-02
Empresa 35666,202002,Sim,Sim,2020-02
Empresa 35667,202002,Não,Não,2020-02
Empresa 35668,202002,Sim,Sim,2020-02
Empresa 35669,202002,Sim,Sim,2020-02
Empresa 3567,202003,Sim,Sim,2020-03
Empresa 35670,202002,Sim,Sim,2020-02
Empresa 35671,202002,Sim,Sim,2020-02
Empresa 35672,202003,Não,Não,2020-03
Empresa 35673,202003,Não,Não,2020-03
Empresa 35674,202003,Sim,Sim,2020-03
Empresa 35675,202003,Não,Não,2020-03
Empresa 35676,202003,Não,Não,2020-03
Empresa 35677,202003,Não,Não,2020-03
Empresa 35678,202003,Não,Não,2020-03
Empresa 35679,202003,Não,Não,2020-03
Empresa 3568,201908,Sim,Sim,2019-08
Empresa 35680,202003,Não,Não,2020-03
Empresa 35681,202003,Não,Não,2020-03
Empresa 35682,202003,Sim,Sim,2020-03
Empresa 35683,202003,Sim,Sim,2020-03
Empresa 35684,202003,Sim,Sim,2020-03
Empresa 35685,202003,Sim,Sim,2020-03
Empresa 35686,202003,Sim,Sim,2020-03
Empresa 35687,202003,Não,Não,2020-03
Empresa 35688,202003,Sim,Sim,2020-03
Empresa 35689,202003,Sim,Sim,2020-03
Empresa 3569,202111,Sim,Sim,2021-11
Empresa 35690,202003,Sim,Sim,2020-03
Empresa 35691,202003,Sim,Sim,2020-03
Empresa 35692,202003,Sim,Sim,2020-03
Empresa 35693,202003,Sim,Sim,2020-03
Empresa 35694,202003,Não,Não,2020-03
Empresa 35695,202003,Sim,Sim,2020-03
Empresa 35696,202003,Sim,Sim,2020-03
Empresa 35697,202003,Não,Não,2020-03
Empresa 35698,202003,Sim,Sim,2020-03
Empresa 35699,202003,Sim,Sim,2020-03
Empresa 357,202103,Sim,Sim,2021-03
Empresa 3570,201908,Sim,Sim,2019-08
Empresa 35700,202003,Sim,Sim,2020-03
Empresa 35701,202003,Não,Sim,2020-03
Empresa 35702,202003,Sim,Sim,2020-03
Empresa 35703,202003,Sim,Sim,2020-03
Empresa 35704,202003,Não,Não,2020-03
Empresa 35705,202003,Sim,Sim,2020-03
Empresa 35706,202003,Sim,Sim,2020-03
Empresa 35707,202003,Sim,Sim,2020-03
Empresa 35708,202003,Não,Não,2020-03
Empresa 35709,202003,Sim,Sim,2020-03
Empresa 3571,202007,Sim,Sim,2020-07
Empresa 35710,202003,Sim,Sim,2020-03
Empresa 35711,202003,Não,Não,2020-03
Empresa 35712,202003,Sim,Sim,2020-03
Empresa 35713,202003,Sim,Sim,2020-03
Empresa 35714,202003,Sim,Sim,2020-03
Empresa 35715,202003,Sim,Sim,2020-03
Empresa 35716,202003,Sim,Sim,2020-03
Empresa 35717,202004,Sim,Sim,2020-04
Empresa 35718,202004,Sim,Sim,2020-04
Empresa 35719,202004,Sim,Sim,2020-04
Empresa 3572,201911,Sim,Sim,2019-11
Empresa 35720,202004,Sim,Sim,2020-04
Empresa 35721,202004,Não,Sim,2020-04
Empresa 35722,202004,Sim,Sim,2020-04
Empresa 35723,202004,Não,Sim,2020-04
Empresa 35724,202004,Não,Sim,2020-04
Empresa 35725,202004,Sim,Sim,2020-04
Empresa 35726,202004,Sim,Sim,2020-04
Empresa 35727,202004,Sim,Sim,2020-04
Empresa 35728,202004,Sim,Sim,2020-04
Empresa 35729,202004,Não,Sim,2020-04
Empresa 3573,201912,Sim,Sim,2019-12
Empresa 35730,202004,Sim,Sim,2020-04
Empresa 35731,202004,Sim,Sim,2020-04
Empresa 35732,202004,Sim,Sim,2020-04
Empresa 35733,202004,Sim,Sim,2020-04
Empresa 35734,202004,Não,Sim,2020-04
Empresa 35735,202004,Não,Não,2020-04
Empresa 35736,202004,Sim,Sim,2020-04
Empresa 35737,202004,Sim,Sim,2020-04
Empresa 35738,202004,Sim,Sim,2020-04
Empresa 35739,202004,Sim,Sim,2020-04
Empresa 3574,202004,Sim,Sim,2020-04
Empresa 35740,202004,Não,Sim,2020-04
Empresa 35741,202004,Sim,Sim,2020-04
Empresa 35742,202004,Sim,Sim,2020-04
Empresa 35743,202004,Sim,Sim,2020-04
Empresa 35744,202004,Não,Não,2020-04
Empresa 35745,202004,Sim,Sim,2020-04
Empresa 35746,202004,Sim,Sim,2020-04
Empresa 35747,202004,Não,Não,2020-04
Empresa 35748,202004,Sim,Sim,2020-04
Empresa 35749,202004,Sim,Sim,2020-04
Empresa 3575,201910,Sim,Sim,2019-10
Empresa 35750,202004,Sim,Sim,2020-04
Empresa 35751,202004,Sim,Sim,2020-04
Empresa 35752,202004,Sim,Sim,2020-04
Empresa 35753,202004,Não,Não,2020-04
Empresa 35754,202004,Não,Sim,2020-04
Empresa 35755,202004,Não,Não,2020-04
Empresa 35756,202004,Não,Não,2020-04
Empresa 35757,202004,Sim,Sim,2020-04
Empresa 35758,202004,Sim,Sim,2020-04
Empresa 35759,202004,Não,Não,2020-04
Empresa 3576,202004,Sim,Sim,2020-04
Empresa 35760,202004,Não,Não,2020-04
Empresa 35761,202004,Sim,Sim,2020-04
Empresa 35762,202004,Sim,Sim,2020-04
Empresa 35763,202004,Sim,Sim,2020-04
Empresa 35764,202005,Sim,Sim,2020-05
Empresa 35765,202005,Sim,Sim,2020-05
Empresa 35766,202005,Não,Não,2020-05
Empresa 35767,202005,Sim,Sim,2020-05
Empresa 35768,202005,Sim,Sim,2020-05
Empresa 35769,202005,Sim,Sim,2020-05
Empresa 3577,201910,Sim,Sim,2019-10
Empresa 35770,202005,Sim,Sim,2020-05
Empresa 35771,202005,Sim,Sim,2020-05
Empresa 35772,202005,Não,Não,2020-05
Empresa 35773,202005,Sim,Sim,2020-05
Empresa 35774,202005,Não,Sim,2020-05
Empresa 35775,202005,Sim,Sim,2020-05
Empresa 35776,202005,Não,Sim,2020-05
Empresa 35777,202005,Sim,Sim,2020-05
Empresa 35778,202005,Não,Não,2020-05
Empresa 35779,202005,Não,Não,2020-05
Empresa 3578,202001,Sim,Sim,2020-01
Empresa 35780,202005,Não,Não,2020-05
Empresa 35781,202005,Sim,Sim,2020-05
Empresa 35782,202005,Não,Sim,2020-05
Empresa 35783,202005,Sim,Sim,2020-05
Empresa 35784,202005,Não,Sim,2020-05
Empresa 35785,202005,Não,Não,2020-05
Empresa 35786,202005,Sim,Sim,2020-05
Empresa 35787,202006,Não,Não,2020-06
Empresa 35788,202006,Não,Não,2020-06
Empresa 35789,202006,Não,Sim,2020-06
Empresa 3579,201908,Sim,Sim,2019-08
Empresa 35790,202006,Não,Não,2020-06
Empresa 35791,202006,Não,Não,2020-06
Empresa 35792,202006,Sim,Sim,2020-06
Empresa 35793,202006,Não,Não,2020-06
Empresa 35794,202006,Sim,Sim,2020-06
Empresa 35795,202006,Sim,Sim,2020-06
Empresa 35796,202006,Sim,Sim,2020-06
Empresa 35797,202006,Sim,Sim,2020-06
Empresa 35798,202006,Sim,Sim,2020-06
Empresa 35799,202006,Sim,Sim,2020-06
Empresa 358,202210,Sim,Sim,2022-10
Empresa 3580,202112,Sim,Sim,2021-12
Empresa 35800,202007,Sim,Sim,2020-07
Empresa 35801,202007,Sim,Sim,2020-07
Empresa 35802,202007,Sim,Sim,2020-07
Empresa 35803,202007,Não,Não,2020-07
Empresa 35804,202007,Sim,Sim,2020-07
Empresa 35805,202007,Sim,Sim,2020-07
Empresa 35806,202007,Sim,Sim,2020-07
Empresa 35807,202007,Sim,Sim,2020-07
Empresa 35808,202007,Sim,Sim,2020-07
Empresa 35809,202007,Sim,Sim,2020-07
Empresa 3581,202005,Sim,Sim,2020-05
Empresa 35810,202007,Sim,Sim,2020-07
Empresa 35811,202007,Sim,Sim,2020-07
Empresa 35812,202007,Sim,Sim,2020-07
Empresa 35813,202007,Sim,Sim,2020-07
Empresa 35814,202007,Não,Não,2020-07
Empresa 35815,202007,Não,Não,2020-07
Empresa 35816,202007,Não,Não,2020-07
Empresa 35817,202007,Sim,Sim,2020-07
Empresa 35818,202008,Sim,Sim,2020-08
Empresa 35819,202008,Sim,Sim,2020-08
Empresa 3582,202003,Sim,Sim,2020-03
Empresa 35820,202008,Sim,Sim,2020-08
Empresa 35821,202008,Sim,Sim,2020-08
Empresa 35822,202008,Sim,Sim,2020-08
Empresa 35823,202008,Sim,Sim,2020-08
Empresa 35824,202008,Sim,Sim,2020-08
Empresa 35825,202008,Não,Não,2020-08
Empresa 35826,202008,Sim,Sim,2020-08
Empresa 35827,202008,Não,Não,2020-08
Empresa 35828,202008,Não,Não,2020-08
Empresa 35829,202008,Sim,Sim,2020-08
Empresa 3583,202004,Sim,Sim,2020-04
Empresa 35830,202008,Sim,Sim,2020-08
Empresa 35831,202008,Sim,Sim,2020-08
Empresa 35832,202009,Sim,Sim,2020-09
Empresa 35833,202009,Sim,Sim,2020-09
Empresa 35834,202009,Sim,Sim,2020-09
Empresa 35835,202010,Não,Não,2020-10
Empresa 35836,202010,Sim,Sim,2020-10
Empresa 35837,202010,Não,Não,2020-10
Empresa 35838,202010,Não,Não,2020-10
Empresa 35839,202010,Não,Não,2020-10
Empresa 3584,202105,Sim,Sim,2021-05
Empresa 35840,202010,Sim,Sim,2020-10
Empresa 35841,202010,Não,Não,2020-10
Empresa 35842,202010,Não,Não,2020-10
Empresa 35843,202010,Sim,Sim,2020-10
Empresa 35844,202010,Não,Não,2020-10
Empresa 35845,202010,Sim,Sim,2020-10
Empresa 35846,202010,Sim,Sim,2020-10
Empresa 35847,202010,Sim,Sim,2020-10
Empresa 35848,202011,Sim,Sim,2020-11
Empresa 35849,202011,Sim,Sim,2020-11
Empresa 3585,201910,Sim,Sim,2019-10
Empresa 35850,202011,Não,Não,2020-11
Empresa 35851,202011,Não,Não,2020-11
Empresa 35852,202011,Sim,Sim,2020-11
Empresa 35853,202012,Sim,Sim,2020-12
Empresa 35854,202012,Sim,Sim,2020-12
Empresa 35855,202012,Sim,Sim,2020-12
Empresa 35856,202012,Não,Não,2020-12
Empresa 35857,202012,Sim,Sim,2020-12
Empresa 35858,202012,Sim,Sim,2020-12
Empresa 35859,202012,Sim,Sim,2020-12
Empresa 3586,202109,Sim,Sim,2021-09
Empresa 35860,202012,Sim,Sim,2020-12
Empresa 35861,202012,Sim,Sim,2020-12
Empresa 35862,202012,Sim,Sim,2020-12
Empresa 35863,202012,Não,Não,2020-12
Empresa 35864,202012,Sim,Sim,2020-12
Empresa 35865,202012,Sim,Sim,2020-12
Empresa 35866,202101,Sim,Sim,2021-01
Empresa 35867,202101,Sim,Sim,2021-01
Empresa 35868,202101,Não,Não,2021-01
Empresa 35869,202101,Sim,Sim,2021-01
Empresa 3587,201907,Sim,Sim,2019-07
Empresa 35870,202101,Sim,Sim,2021-01
Empresa 35871,202101,Não,Não,2021-01
Empresa 35872,202101,Sim,Sim,2021-01
Empresa 35873,202101,Não,Não,2021-01
Empresa 35874,202101,Não,Sim,2021-01
Empresa 35875,202101,Sim,Sim,2021-01
Empresa 35876,202101,Sim,Sim,2021-01
Empresa 35877,202102,Sim,Sim,2021-02
Empresa 35878,202102,Sim,Sim,2021-02
Empresa 35879,202102,Sim,Sim,2021-02
Empresa 3588,202302,Sim,Sim,2023-02
Empresa 35880,202102,Sim,Sim,2021-02
Empresa 35881,202102,Sim,Sim,2021-02
Empresa 35882,202102,Sim,Sim,2021-02
Empresa 35883,202102,Sim,Sim,2021-02
Empresa 35884,202103,Sim,Sim,2021-03
Empresa 35885,202103,Sim,Sim,2021-03
Empresa 35886,202103,Sim,Sim,2021-03
Empresa 35887,202103,Sim,Sim,2021-03
Empresa 35888,202103,Não,Não,2021-03
Empresa 35889,202103,Sim,Sim,2021-03
Empresa 3589,202011,Sim,Sim,2020-11
Empresa 35890,202103,Sim,Sim,2021-03
Empresa 35891,202103,Não,Sim,2021-03
Empresa 35892,202104,Sim,Sim,2021-04
Empresa 35893,202104,Não,Não,2021-04
Empresa 35894,202104,Sim,Sim,2021-04
Empresa 35895,202104,Sim,Sim,2021-04
Empresa 35896,202104,Sim,Sim,2021-04
Empresa 35897,202105,Sim,Sim,2021-05
Empresa 35898,202105,Sim,Sim,2021-05
Empresa 35899,202106,Sim,Sim,2021-06
Empresa 359,202104,Sim,Sim,2021-04
Empresa 3590,202001,Sim,Sim,2020-01
Empresa 35900,202106,Sim,Sim,2021-06
Empresa 35901,202106,Sim,Sim,2021-06
Empresa 35902,202106,Sim,Sim,2021-06
Empresa 35903,202106,Sim,Sim,2021-06
Empresa 35904,202106,Não,Não,2021-06
Empresa 35905,202107,Sim,Sim,2021-07
Empresa 35906,202107,Sim,Sim,2021-07
Empresa 35907,202107,Sim,Sim,2021-07
Empresa 35908,202107,Sim,Sim,2021-07
Empresa 35909,202107,Sim,Sim,2021-07
Empresa 3591,202301,Sim,Sim,2023-01
Empresa 35910,202108,Não,Não,2021-08
Empresa 35911,202108,Sim,Sim,2021-08
Empresa 35912,202108,Sim,Sim,2021-08
Empresa 35913,202108,Sim,Sim,2021-08
Empresa 35914,202108,Não,Não,2021-08
Empresa 35915,202108,Não,Não,2021-08
Empresa 35916,202108,Sim,Sim,2021-08
Empresa 35917,202108,Sim,Sim,2021-08
Empresa 35918,202108,Sim,Sim,2021-08
Empresa 35919,202108,Sim,Sim,2021-08
Empresa 3592,202106,Sim,Sim,2021-06
Empresa 35920,202108,Não,Não,2021-08
Empresa 35921,202108,Sim,Sim,2021-08
Empresa 35922,202108,Não,Não,2021-08
Empresa 35923,202108,Sim,Sim,2021-08
Empresa 35924,202108,Sim,Sim,2021-08
Empresa 35925,202108,Não,Não,2021-08
Empresa 35926,202108,Sim,Sim,2021-08
Empresa 35927,202108,Sim,Sim,2021-08
Empresa 35928,202108,Não,Não,2021-08
Empresa 35929,202108,Sim,Sim,2021-08
Empresa 3593,202206,Sim,Sim,2022-06
Empresa 35930,202108,Sim,Sim,2021-08
Empresa 35931,202108,Não,Não,2021-08
Empresa 35932,202108,Não,Não,2021-08
Empresa 35933,202109,Sim,Sim,2021-09
Empresa 35934,202109,Sim,Sim,2021-09
Empresa 35935,202109,Sim,Sim,2021-09
Empresa 35936,202109,Não,Não,2021-09
Empresa 35937,202109,Não,Não,2021-09
Empresa 35938,202109,Não,Não,2021-09
Empresa 35939,202109,Sim,Sim,2021-09
Empresa 3594,202001,Sim,Sim,2020-01
Empresa 35940,202109,Sim,Sim,2021-09
Empresa 35941,202109,Não,Não,2021-09
Empresa 35942,202109,Sim,Sim,2021-09
Empresa 35943,202109,Sim,Sim,2021-09
Empresa 35944,202109,Não,Não,2021-09
Empresa 35945,202109,Não,Não,2021-09
Empresa 35946,202109,Sim,Sim,2021-09
Empresa 35947,202109,Sim,Sim,2021-09
Empresa 35948,202109,Sim,Sim,2021-09
Empresa 35949,202109,Não,Não,2021-09
Empresa 3595,202301,Sim,Sim,2023-01
Empresa 35950,202109,Não,Não,2021-09
Empresa 35951,202109,Sim,Sim,2021-09
Empresa 35952,202110,Sim,Sim,2021-10
Empresa 35953,202110,Sim,Sim,2021-10
Empresa 35954,202110,Não,Não,2021-10
Empresa 35955,202110,Não,Não,2021-10
Empresa 35956,202110,Sim,Sim,2021-10
Empresa 35957,202110,Não,Não,2021-10
Empresa 35958,202110,Sim,Sim,2021-10
Empresa 35959,202110,Não,Não,2021-10
Empresa 3596,202006,Sim,Sim,2020-06
Empresa 35960,202110,Sim,Sim,2021-10
Empresa 35961,202110,Sim,Sim,2021-10
Empresa 35962,202110,Não,Não,2021-10
Empresa 35963,202110,Sim,Sim,2021-10
Empresa 35964,202110,Sim,Sim,2021-10
Empresa 35965,202110,Não,Não,2021-10
Empresa 35966,202110,Sim,Sim,2021-10
Empresa 35967,202110,Sim,Sim,2021-10
Empresa 35968,202110,Sim,Sim,2021-10
Empresa 35969,202110,Sim,Sim,2021-10
Empresa 3597,201909,Sim,Sim,2019-09
Empresa 35970,202110,Sim,Sim,2021-10
Empresa 35971,202110,Sim,Sim,2021-10
Empresa 35972,202110,Sim,Sim,2021-10
Empresa 35973,202110,Sim,Sim,2021-10
Empresa 35974,202110,Sim,Sim,2021-10
Empresa 35975,202110,Sim,Sim,2021-10
Empresa 35976,202111,Sim,Sim,2021-11
Empresa 35977,202111,Sim,Sim,2021-11
Empresa 35978,202111,Sim,Sim,2021-11
Empresa 35979,202111,Sim,Sim,2021-11
Empresa 3598,202303,Sim,Sim,2023-03
Empresa 35980,202111,Sim,Sim,2021-11
Empresa 35981,202111,Sim,Sim,2021-11
Empresa 35982,202111,Não,Sim,2021-11
Empresa 35983,202111,Não,Não,2021-11
Empresa 35984,202111,Não,Não,2021-11
Empresa 35985,202111,Sim,Sim,2021-11
Empresa 35986,202111,Sim,Sim,2021-11
Empresa 35987,202111,Sim,Sim,2021-11
Empresa 35988,202111,Sim,Sim,2021-11
Empresa 35989,202111,Sim,Sim,2021-11
Empresa 3599,202002,Sim,Sim,2020-02
Empresa 35990,202111,Sim,Sim,2021-11
Empresa 35991,202112,Sim,Sim,2021-12
Empresa 35992,202112,Sim,Sim,2021-12
Empresa 35993,202112,Sim,Sim,2021-12
Empresa 35994,202112,Sim,Sim,2021-12
Empresa 35995,202112,Sim,Sim,2021-12
Empresa 35996,202112,Sim,Sim,2021-12
Empresa 35997,202112,Sim,Sim,2021-12
Empresa 35998,202112,Não,Não,2021-12
Empresa 35999,202112,Não,Não,2021-12
Empresa 36,202208,Sim,Sim,2022-08
Empresa 360,202101,Sim,Sim,2021-01
Empresa 3600,202112,Sim,Sim,2021-12
Empresa 36000,202112,Não,Não,2021-12
Empresa 36001,202112,Não,Não,2021-12
Empresa 36002,202112,Não,Não,2021-12
Empresa 36003,202112,Não,Não,2021-12
Empresa 36004,202112,Sim,Sim,2021-12
Empresa 36005,202201,Não,Não,2022-01
Empresa 36006,202201,Não,Não,2022-01
Empresa 36007,202201,Sim,Sim,2022-01
Empresa 36008,202201,Não,Não,2022-01
Empresa 36009,202201,Sim,Sim,2022-01
Empresa 3601,202303,Sim,Sim,2023-03
Empresa 36010,202201,Sim,Sim,2022-01
Empresa 36011,202201,Não,Não,2022-01
Empresa 36012,202201,Sim,Sim,2022-01
Empresa 36013,202201,Não,Não,2022-01
Empresa 36014,202202,Não,Não,2022-02
Empresa 36015,202202,Sim,Sim,2022-02
Empresa 36016,202202,Sim,Sim,2022-02
Empresa 36017,202202,Sim,Sim,2022-02
Empresa 36018,202202,Não,Não,2022-02
Empresa 36019,202202,Sim,Sim,2022-02
Empresa 3602,201907,Sim,Sim,2019-07
Empresa 36020,202202,Não,Não,2022-02
Empresa 36021,202203,Sim,Sim,2022-03
Empresa 36022,202203,Sim,Sim,2022-03
Empresa 36023,202203,Sim,Sim,2022-03
Empresa 36024,202203,Sim,Sim,2022-03
Empresa 36025,202203,Sim,Sim,2022-03
Empresa 36026,202203,Sim,Sim,2022-03
Empresa 36027,202203,Sim,Sim,2022-03
Empresa 36028,202203,Sim,Sim,2022-03
Empresa 36029,202203,Sim,Sim,2022-03
Empresa 3603,202001,Sim,Sim,2020-01
Empresa 36030,202204,Sim,Sim,2022-04
Empresa 36031,202204,Sim,Sim,2022-04
Empresa 36032,202204,Não,Não,2022-04
Empresa 36033,202204,Não,Não,2022-04
Empresa 36034,202204,Sim,Sim,2022-04
Empresa 36035,202204,Sim,Sim,2022-04
Empresa 36036,202204,Sim,Sim,2022-04
Empresa 36037,202204,Sim,Sim,2022-04
Empresa 36038,202204,Sim,Sim,2022-04
Empresa 36039,202205,Sim,Sim,2022-05
Empresa 3604,202101,Sim,Sim,2021-01
Empresa 36040,202205,Sim,Sim,2022-05
Empresa 36041,202205,Sim,Sim,2022-05
Empresa 36042,202205,Sim,Sim,2022-05
Empresa 36043,202205,Sim,Sim,2022-05
Empresa 36044,202205,Sim,Sim,2022-05
Empresa 36045,202205,Não,Não,2022-05
Empresa 36046,202205,Não,Não,2022-05
Empresa 36047,202205,Sim,Sim,2022-05
Empresa 36048,202205,Não,Não,2022-05
Empresa 36049,202205,Sim,Sim,2022-05
Empresa 3605,202101,Sim,Sim,2021-01
Empresa 36050,202205,Não,Não,2022-05
Empresa 36051,202205,Sim,Sim,2022-05
Empresa 36052,202206,Sim,Sim,2022-06
Empresa 36053,202206,Sim,Sim,2022-06
Empresa 36054,202206,Sim,Sim,2022-06
Empresa 36055,202206,Não,Não,2022-06
Empresa 36056,202206,Sim,Sim,2022-06
Empresa 36057,202206,Não,Não,2022-06
Empresa 36058,202206,Sim,Sim,2022-06
Empresa 36059,202206,Sim,Sim,2022-06
Empresa 3606,202003,Sim,Sim,2020-03
Empresa 36060,202206,Sim,Sim,2022-06
Empresa 36061,202206,Sim,Sim,2022-06
Empresa 36062,202206,Não,Não,2022-06
Empresa 36063,202206,Sim,Sim,2022-06
Empresa 36064,202206,Sim,Sim,2022-06
Empresa 36065,202206,Sim,Sim,2022-06
Empresa 36066,202207,Sim,Sim,2022-07
Empresa 36067,202207,Sim,Sim,2022-07
Empresa 36068,202207,Não,Não,2022-07
Empresa 36069,202207,Sim,Sim,2022-07
Empresa 3607,202003,Sim,Sim,2020-03
Empresa 36070,202207,Não,Não,2022-07
Empresa 36071,202208,Sim,Sim,2022-08
Empresa 36072,202208,Não,Sim,2022-08
Empresa 36073,202208,Não,Não,2022-08
Empresa 36074,202208,Não,Não,2022-08
Empresa 36077,202209,Sim,Sim,2022-09
Empresa 36079,202209,Sim,Sim,2022-09
Empresa 3608,202002,Sim,Sim,2020-02
Empresa 36081,202209,Sim,Sim,2022-09
Empresa 36083,202210,Sim,Sim,2022-10
Empresa 36084,202210,Não,Não,2022-10
Empresa 36085,202210,Sim,Sim,2022-10
Empresa 36086,202210,Não,Não,2022-10
Empresa 36087,202210,Não,Não,2022-10
Empresa 36088,202210,Sim,Sim,2022-10
Empresa 36089,202210,Sim,Sim,2022-10
Empresa 3609,201907,Sim,Sim,2019-07
Empresa 36090,202211,Sim,Sim,2022-11
Empresa 36091,202211,Não,Não,2022-11
Empresa 36092,202211,Não,Não,2022-11
Empresa 36093,202211,Sim,Sim,2022-11
Empresa 36094,202211,Sim,Sim,2022-11
Empresa 36095,202211,Não,Não,2022-11
Empresa 36096,202211,Não,Não,2022-11
Empresa 36097,202211,Sim,Sim,2022-11
Empresa 36098,202211,Sim,Sim,2022-11
Empresa 361,202102,Sim,Sim,2021-02
Empresa 3610,201907,Sim,Sim,2019-07
Empresa 36101,202212,Sim,Sim,2022-12
Empresa 36109,202301,Não,Não,2023-01
Empresa 3611,201907,Sim,Sim,2019-07
Empresa 36110,202301,Não,Não,2023-01
Empresa 36111,202301,Não,Não,2023-01
Empresa 36112,202302,Não,Não,2023-02
Empresa 36113,202302,Não,Não,2023-02
Empresa 36114,202303,Não,Não,2023-03
Empresa 36115,202303,Não,Não,2023-03
Empresa 36116,202304,Não,Não,2023-04
Empresa 36117,202304,Não,Não,2023-04
Empresa 36118,202304,Não,Não,2023-04
Empresa 36119,202305,Não,Não,2023-05
Empresa 3612,202302,Sim,Sim,2023-02
Empresa 36120,202305,Não,Não,2023-05
Empresa 36121,202306,Não,Não,2023-06
Empresa 36122,202306,Não,Não,2023-06
Empresa 36123,202307,Não,Não,2023-07
Empresa 36124,202307,Não,Não,2023-07
Empresa 36125,202307,Não,Não,2023-07
Empresa 36126,202307,Não,Não,2023-07
Empresa 36127,202307,Não,Não,2023-07
Empresa 36128,202308,Não,Não,2023-08
Empresa 36129,202308,Não,Não,2023-08
Empresa 3613,202303,Sim,Sim,2023-03
Empresa 36130,202309,Não,Não,2023-09
Empresa 36131,202309,Não,Não,2023-09
Empresa 36132,202309,Não,Não,2023-09
Empresa 36133,202309,Não,Não,2023-09
Empresa 36134,202309,Não,Não,2023-09
Empresa 36135,202310,Não,Não,2023-10
Empresa 36136,202310,Não,Não,2023-10
Empresa 36137,202310,Não,Não,2023-10
Empresa 36138,202311,Não,Não,2023-11
Empresa 36139,202311,Não,Não,2023-11
Empresa 3614,202303,Sim,Sim,2023-03
Empresa 36140,202104,Não,Sim,2021-04
Empresa 36141,202104,Sim,Sim,2021-04
Empresa 36142,202104,Não,Não,2021-04
Empresa 36143,202104,Sim,Sim,2021-04
Empresa 36144,202104,Sim,Sim,2021-04
Empresa 36145,202104,Não,Sim,2021-04
Empresa 36146,202104,Não,Sim,2021-04
Empresa 36147,202104,Não,Sim,2021-04
Empresa 36148,202104,Sim,Sim,2021-04
Empresa 36149,202104,Sim,Sim,2021-04
Empresa 3615,202303,Sim,Sim,2023-03
Empresa 36150,202104,Sim,Sim,2021-04
Empresa 36151,202104,Não,Não,2021-04
Empresa 36152,202104,Sim,Sim,2021-04
Empresa 36153,202104,Sim,Sim,2021-04
Empresa 36154,202104,Sim,Sim,2021-04
Empresa 36155,202104,Sim,Sim,2021-04
Empresa 36156,202104,Sim,Sim,2021-04
Empresa 36157,202105,Sim,Sim,2021-05
Empresa 36158,202105,Sim,Sim,2021-05
Empresa 36159,202105,Sim,Sim,2021-05
Empresa 3616,202309,Não,Sim,2023-09
Empresa 36160,202105,Não,Não,2021-05
Empresa 36161,202105,Sim,Sim,2021-05
Empresa 36162,202105,Sim,Sim,2021-05
Empresa 36163,202105,Não,Não,2021-05
Empresa 36164,202106,Sim,Sim,2021-06
Empresa 36165,202106,Sim,Sim,2021-06
Empresa 36166,202106,Não,Sim,2021-06
Empresa 36167,202106,Não,Sim,2021-06
Empresa 36168,202106,Não,Não,2021-06
Empresa 36169,202106,Sim,Sim,2021-06
Empresa 3617,202006,Sim,Sim,2020-06
Empresa 36170,202106,Sim,Sim,2021-06
Empresa 36171,202106,Sim,Sim,2021-06
Empresa 36172,202106,Sim,Sim,2021-06
Empresa 36173,202106,Não,Sim,2021-06
Empresa 36174,202106,Não,Sim,2021-06
Empresa 36175,202106,Não,Não,2021-06
Empresa 36176,202106,Sim,Sim,2021-06
Empresa 36177,202106,Sim,Sim,2021-06
Empresa 36178,202106,Sim,Sim,2021-06
Empresa 36179,202106,Sim,Sim,2021-06
Empresa 3618,201907,Sim,Sim,2019-07
Empresa 36180,202107,Não,Sim,2021-07
Empresa 36181,202108,Não,Não,2021-08
Empresa 36182,202108,Não,Sim,2021-08
Empresa 36183,202109,Sim,Sim,2021-09
Empresa 36184,202109,Não,Não,2021-09
Empresa 36185,202109,Sim,Sim,2021-09
Empresa 36186,202109,Sim,Sim,2021-09
Empresa 36187,202109,Sim,Sim,2021-09
Empresa 36188,202109,Sim,Sim,2021-09
Empresa 36189,202109,Não,Não,2021-09
Empresa 3619,202303,Sim,Sim,2023-03
Empresa 36190,202109,Sim,Sim,2021-09
Empresa 36191,202109,Não,Não,2021-09
Empresa 36192,202110,Sim,Sim,2021-10
Empresa 36193,202110,Sim,Sim,2021-10
Empresa 36194,202110,Sim,Sim,2021-10
Empresa 36195,202110,Sim,Sim,2021-10
Empresa 36196,202110,Não,Não,2021-10
Empresa 36197,202201,Não,Não,2022-01
Empresa 36198,202202,Não,Não,2022-02
Empresa 36199,202205,Não,Não,2022-05
Empresa 362,202011,Sim,Sim,2020-11
Empresa 3620,202004,Sim,Sim,2020-04
Empresa 36200,202206,Não,Não,2022-06
Empresa 36201,202206,Não,Não,2022-06
Empresa 36202,202206,Não,Sim,2022-06
Empresa 36206,202210,Sim,Sim,2022-10
Empresa 36207,202210,Sim,Sim,2022-10
Empresa 36208,202210,Sim,Sim,2022-10
Empresa 36209,202210,Não,Sim,2022-10
Empresa 3621,202206,Sim,Sim,2022-06
Empresa 36210,202211,Não,Não,2022-11
Empresa 36211,202211,Não,Não,2022-11
Empresa 36212,202212,Sim,Sim,2022-12
Empresa 36213,202305,Não,Não,2023-05
Empresa 36214,202306,Não,Não,2023-06
Empresa 36215,202306,Não,Não,2023-06
Empresa 36216,202308,Não,Não,2023-08
Empresa 36217,202310,Não,Não,2023-10
Empresa 36218,202311,Não,Não,2023-11
Empresa 36219,202311,Não,Sim,2023-11
Empresa 3622,201907,Sim,Sim,2019-07
Empresa 36220,202109,Não,Sim,2021-09
Empresa 36221,202211,Não,Não,2022-11
Empresa 36222,202301,Não,Não,2023-01
Empresa 36223,202304,Não,Não,2023-04
Empresa 36224,202306,Não,Não,2023-06
Empresa 36225,202306,Não,Não,2023-06
Empresa 36226,202306,Não,Não,2023-06
Empresa 36227,202306,Não,Não,2023-06
Empresa 36228,202306,Não,Não,2023-06
Empresa 36229,202307,Não,Não,2023-07
Empresa 3623,201908,Sim,Sim,2019-08
Empresa 36230,202307,Não,Não,2023-07
Empresa 36231,202307,Não,Não,2023-07
Empresa 36232,202307,Não,Não,2023-07
Empresa 36233,202307,Não,Não,2023-07
Empresa 36234,202307,Não,Não,2023-07
Empresa 36235,202307,Não,Não,2023-07
Empresa 36236,202307,Não,Não,2023-07
Empresa 36237,202308,Não,Não,2023-08
Empresa 36238,202308,Não,Não,2023-08
Empresa 36239,202308,Não,Não,2023-08
Empresa 3624,201908,Sim,Sim,2019-08
Empresa 36240,202308,Não,Não,2023-08
Empresa 36241,202308,Não,Não,2023-08
Empresa 36242,202308,Não,Não,2023-08
Empresa 36243,202308,Não,Não,2023-08
Empresa 36244,202308,Não,Não,2023-08
Empresa 36245,202308,Não,Não,2023-08
Empresa 36246,202308,Não,Não,2023-08
Empresa 36247,202308,Não,Não,2023-08
Empresa 36248,202309,Não,Não,2023-09
Empresa 36249,202309,Não,Não,2023-09
Empresa 3625,201909,Sim,Sim,2019-09
Empresa 36250,202309,Não,Não,2023-09
Empresa 36251,202309,Não,Não,2023-09
Empresa 36252,202309,Não,Não,2023-09
Empresa 36253,202309,Não,Não,2023-09
Empresa 36254,202309,Não,Não,2023-09
Empresa 36255,202309,Não,Não,2023-09
Empresa 36256,202309,Não,Não,2023-09
Empresa 36257,202309,Não,Não,2023-09
Empresa 36258,202309,Não,Não,2023-09
Empresa 36259,202310,Não,Não,2023-10
Empresa 3626,202004,Sim,Sim,2020-04
Empresa 36260,202310,Não,Não,2023-10
Empresa 36261,202310,Não,Não,2023-10
Empresa 36262,202310,Não,Não,2023-10
Empresa 36263,202310,Não,Não,2023-10
Empresa 36264,202310,Não,Não,2023-10
Empresa 36265,202310,Não,Não,2023-10
Empresa 36266,202310,Não,Não,2023-10
Empresa 36267,202310,Não,Não,2023-10
Empresa 36268,202310,Não,Não,2023-10
Empresa 36269,202310,Não,Não,2023-10
Empresa 3627,202304,Sim,Sim,2023-04
Empresa 36270,202311,Não,Não,2023-11
Empresa 36273,202206,Não,Não,2022-06
Empresa 36274,202310,Não,Não,2023-10
Empresa 36275,202211,Não,Não,2022-11
Empresa 36276,202303,Não,Não,2023-03
Empresa 36277,202204,Não,Não,2022-04
Empresa 36278,202204,Sim,Sim,2022-04
Empresa 36279,202205,Sim,Sim,2022-05
Empresa 3628,202305,Sim,Sim,2023-05
Empresa 36280,202206,Sim,Sim,2022-06
Empresa 36281,202206,Sim,Sim,2022-06
Empresa 36282,202206,Sim,Sim,2022-06
Empresa 36283,202206,Sim,Sim,2022-06
Empresa 36284,202206,Sim,Sim,2022-06
Empresa 36285,202206,Sim,Sim,2022-06
Empresa 36286,202206,Sim,Sim,2022-06
Empresa 36287,202206,Sim,Sim,2022-06
Empresa 36288,202206,Não,Sim,2022-06
Empresa 36289,202206,Sim,Sim,2022-06
Empresa 3629,202305,Sim,Sim,2023-05
Empresa 36290,202206,Não,Sim,2022-06
Empresa 36291,202206,Não,Sim,2022-06
Empresa 36292,202206,Sim,Sim,2022-06
Empresa 36293,202206,Sim,Sim,2022-06
Empresa 36294,202206,Sim,Sim,2022-06
Empresa 36295,202206,Sim,Sim,2022-06
Empresa 36296,202206,Sim,Sim,2022-06
Empresa 36297,202206,Sim,Sim,2022-06
Empresa 36298,202206,Sim,Sim,2022-06
Empresa 36299,202206,Sim,Sim,2022-06
Empresa 363,202102,Sim,Sim,2021-02
Empresa 3630,202305,Sim,Sim,2023-05
Empresa 36300,202206,Sim,Sim,2022-06
Empresa 36301,202206,Sim,Sim,2022-06
Empresa 36302,202206,Sim,Sim,2022-06
Empresa 36303,202206,Sim,Sim,2022-06
Empresa 36304,202206,Sim,Sim,2022-06
Empresa 36305,202206,Sim,Sim,2022-06
Empresa 36306,202206,Sim,Sim,2022-06
Empresa 36307,202206,Sim,Sim,2022-06
Empresa 36308,202206,Sim,Sim,2022-06
Empresa 36309,202206,Não,Não,2022-06
Empresa 3631,202304,Sim,Sim,2023-04
Empresa 36310,202206,Não,Não,2022-06
Empresa 36311,202206,Não,Sim,2022-06
Empresa 36312,202207,Sim,Sim,2022-07
Empresa 36313,202207,Não,Sim,2022-07
Empresa 36314,202207,Sim,Sim,2022-07
Empresa 36315,202207,Sim,Sim,2022-07
Empresa 36316,202207,Sim,Sim,2022-07
Empresa 36317,202207,Sim,Sim,2022-07
Empresa 36318,202207,Sim,Sim,2022-07
Empresa 36319,202207,Sim,Sim,2022-07
Empresa 3632,202307,Não,Não,2023-07
Empresa 36320,202207,Sim,Sim,2022-07
Empresa 36321,202207,Sim,Sim,2022-07
Empresa 36322,202207,Sim,Sim,2022-07
Empresa 36323,202208,Não,Não,2022-08
Empresa 36324,202208,Não,Não,2022-08
Empresa 36325,202208,Não,Sim,2022-08
Empresa 36326,202208,Sim,Sim,2022-08
Empresa 36327,202208,Não,Sim,2022-08
Empresa 36328,202208,Sim,Sim,2022-08
Empresa 36329,202208,Não,Sim,2022-08
Empresa 3633,201909,Sim,Sim,2019-09
Empresa 36330,202208,Não,Não,2022-08
Empresa 36331,202208,Sim,Sim,2022-08
Empresa 36332,202208,Não,Não,2022-08
Empresa 36333,202208,Não,Sim,2022-08
Empresa 36334,202208,Sim,Sim,2022-08
Empresa 36335,202208,Sim,Sim,2022-08
Empresa 36336,202208,Não,Sim,2022-08
Empresa 36337,202208,Não,Sim,2022-08
Empresa 36338,202208,Não,Sim,2022-08
Empresa 36339,202208,Sim,Sim,2022-08
Empresa 3634,202306,Sim,Sim,2023-06
Empresa 36340,202208,Não,Não,2022-08
Empresa 36341,202208,Sim,Sim,2022-08
Empresa 36342,202208,Sim,Sim,2022-08
Empresa 36343,202208,Não,Não,2022-08
Empresa 36344,202208,Não,Não,2022-08
Empresa 36345,202208,Não,Não,2022-08
Empresa 36346,202208,Não,Não,2022-08
Empresa 36347,202208,Sim,Sim,2022-08
Empresa 36348,202208,Não,Não,2022-08
Empresa 36349,202209,Sim,Sim,2022-09
Empresa 3635,202005,Sim,Sim,2020-05
Empresa 36352,202209,Sim,Sim,2022-09
Empresa 36353,202209,Sim,Sim,2022-09
Empresa 36355,202301,Não,Não,2023-01
Empresa 36356,202302,Não,Não,2023-02
Empresa 36357,202302,Não,Não,2023-02
Empresa 36358,202303,Não,Não,2023-03
Empresa 36359,202303,Não,Não,2023-03
Empresa 3636,201910,Sim,Sim,2019-10
Empresa 36360,202304,Não,Não,2023-04
Empresa 36361,202308,Não,Não,2023-08
Empresa 36362,202308,Não,Não,2023-08
Empresa 36363,202308,Não,Não,2023-08
Empresa 36364,202011,Sim,Sim,2020-11
Empresa 36365,202106,Sim,Sim,2021-06
Empresa 36366,202109,Sim,Sim,2021-09
Empresa 36367,202201,Não,Não,2022-01
Empresa 36368,202202,Sim,Sim,2022-02
Empresa 36369,202309,Não,Não,2023-09
Empresa 3637,201910,Sim,Sim,2019-10
Empresa 36370,202310,Não,Não,2023-10
Empresa 36371,202310,Não,Não,2023-10
Empresa 36374,202211,Sim,Sim,2022-11
Empresa 36375,202301,Não,Não,2023-01
Empresa 36376,202301,Não,Não,2023-01
Empresa 36377,202301,Não,Não,2023-01
Empresa 36378,202301,Não,Não,2023-01
Empresa 36379,202301,Não,Não,2023-01
Empresa 3638,202005,Sim,Sim,2020-05
Empresa 36380,202301,Não,Não,2023-01
Empresa 36381,202301,Não,Não,2023-01
Empresa 36382,202301,Não,Não,2023-01
Empresa 36383,202301,Não,Não,2023-01
Empresa 36384,202301,Não,Não,2023-01
Empresa 36385,202301,Não,Não,2023-01
Empresa 36386,202301,Não,Não,2023-01
Empresa 36387,202301,Não,Não,2023-01
Empresa 36388,202301,Não,Sim,2023-01
Empresa 36389,202302,Não,Não,2023-02
Empresa 3639,202305,Sim,Sim,2023-05
Empresa 36390,202302,Não,Não,2023-02
Empresa 36391,202302,Não,Não,2023-02
Empresa 36392,202303,Não,Sim,2023-03
Empresa 36393,202303,Não,Não,2023-03
Empresa 36394,202305,Não,Não,2023-05
Empresa 36395,202305,Não,Não,2023-05
Empresa 36396,202306,Não,Não,2023-06
Empresa 36397,202308,Não,Não,2023-08
Empresa 36398,202006,Não,Sim,2020-06
Empresa 36399,202006,Não,Não,2020-06
Empresa 364,202012,Sim,Sim,2020-12
Empresa 3640,202306,Sim,Sim,2023-06
Empresa 36400,202006,Não,Não,2020-06
Empresa 36401,202006,Sim,Sim,2020-06
Empresa 36402,202006,Não,Sim,2020-06
Empresa 36403,202006,Não,Não,2020-06
Empresa 36404,202006,Sim,Sim,2020-06
Empresa 36405,202006,Não,Não,2020-06
Empresa 36406,202006,Sim,Sim,2020-06
Empresa 36407,202006,Não,Não,2020-06
Empresa 36408,202006,Não,Não,2020-06
Empresa 36409,202006,Não,Não,2020-06
Empresa 3641,202208,Sim,Sim,2022-08
Empresa 36410,202007,Sim,Sim,2020-07
Empresa 36411,202008,Não,Não,2020-08
Empresa 36412,202008,Sim,Sim,2020-08
Empresa 36413,202008,Não,Não,2020-08
Empresa 36414,202008,Não,Não,2020-08
Empresa 36415,202009,Não,Não,2020-09
Empresa 36416,202009,Sim,Sim,2020-09
Empresa 36417,202010,Não,Não,2020-10
Empresa 36418,202010,Não,Não,2020-10
Empresa 36419,202010,Não,Não,2020-10
Empresa 3642,202305,Sim,Sim,2023-05
Empresa 36420,202010,Não,Não,2020-10
Empresa 36421,202011,Sim,Sim,2020-11
Empresa 36422,202101,Sim,Sim,2021-01
Empresa 36423,202103,Não,Não,2021-03
Empresa 36424,202104,Não,Sim,2021-04
Empresa 36425,202104,Sim,Sim,2021-04
Empresa 36426,202105,Não,Não,2021-05
Empresa 36427,202105,Sim,Sim,2021-05
Empresa 36428,202108,Sim,Sim,2021-08
Empresa 36429,202109,Não,Não,2021-09
Empresa 3643,202306,Sim,Sim,2023-06
Empresa 36430,202109,Não,Não,2021-09
Empresa 36431,202110,Não,Não,2021-10
Empresa 36432,202111,Sim,Sim,2021-11
Empresa 36433,202111,Sim,Sim,2021-11
Empresa 36434,202201,Não,Não,2022-01
Empresa 36435,202205,Não,Não,2022-05
Empresa 36436,202206,Sim,Sim,2022-06
Empresa 36437,202208,Sim,Sim,2022-08
Empresa 36438,202306,Não,Não,2023-06
Empresa 36439,202310,Não,Não,2023-10
Empresa 3644,202306,Sim,Sim,2023-06
Empresa 36440,202002,Não,Não,2020-02
Empresa 36441,202003,Sim,Sim,2020-03
Empresa 36442,202003,Não,Não,2020-03
Empresa 36443,202005,Não,Não,2020-05
Empresa 36444,202005,Não,Sim,2020-05
Empresa 36445,202005,Não,Não,2020-05
Empresa 36446,202005,Sim,Sim,2020-05
Empresa 36447,202005,Sim,Sim,2020-05
Empresa 36448,202005,Não,Não,2020-05
Empresa 36449,202005,Não,Não,2020-05
Empresa 3645,202307,Sim,Sim,2023-07
Empresa 36450,202005,Sim,Sim,2020-05
Empresa 36451,202005,Sim,Sim,2020-05
Empresa 36452,202005,Sim,Sim,2020-05
Empresa 36453,202005,Sim,Sim,2020-05
Empresa 36454,202005,Não,Não,2020-05
Empresa 36455,202007,Sim,Sim,2020-07
Empresa 36456,202007,Não,Não,2020-07
Empresa 36457,202007,Não,Sim,2020-07
Empresa 36458,202007,Não,Sim,2020-07
Empresa 36459,202007,Não,Não,2020-07
Empresa 3646,201907,Sim,Sim,2019-07
Empresa 36460,202008,Não,Não,2020-08
Empresa 36461,202008,Sim,Sim,2020-08
Empresa 36462,202009,Sim,Sim,2020-09
Empresa 36463,202010,Sim,Sim,2020-10
Empresa 36464,202011,Não,Não,2020-11
Empresa 36465,202012,Sim,Sim,2020-12
Empresa 36466,202012,Não,Não,2020-12
Empresa 36467,202012,Não,Não,2020-12
Empresa 36468,202101,Sim,Sim,2021-01
Empresa 36469,202102,Não,Não,2021-02
Empresa 3647,202307,Sim,Sim,2023-07
Empresa 36470,202102,Sim,Sim,2021-02
Empresa 36471,202102,Sim,Sim,2021-02
Empresa 36472,202103,Não,Não,2021-03
Empresa 36473,202104,Sim,Sim,2021-04
Empresa 36474,202104,Sim,Sim,2021-04
Empresa 36475,202104,Não,Não,2021-04
Empresa 36476,202105,Sim,Sim,2021-05
Empresa 36477,202107,Não,Não,2021-07
Empresa 36478,202107,Não,Não,2021-07
Empresa 36479,202108,Não,Não,2021-08
Empresa 3648,202308,Sim,Sim,2023-08
Empresa 36480,202109,Sim,Sim,2021-09
Empresa 36481,202112,Não,Não,2021-12
Empresa 36482,202112,Não,Não,2021-12
Empresa 36483,202203,Sim,Sim,2022-03
Empresa 36484,202205,Não,Sim,2022-05
Empresa 36485,202207,Sim,Sim,2022-07
Empresa 36487,202306,Não,Não,2023-06
Empresa 36488,202309,Não,Não,2023-09
Empresa 36489,202309,Não,Não,2023-09
Empresa 3649,202308,Sim,Sim,2023-08
Empresa 36490,202311,Não,Não,2023-11
Empresa 36491,202310,Não,Não,2023-10
Empresa 36492,202310,Não,Não,2023-10
Empresa 36493,202310,Não,Não,2023-10
Empresa 36494,202310,Não,Não,2023-10
Empresa 36495,202310,Não,Não,2023-10
Empresa 36496,202310,Não,Não,2023-10
Empresa 36497,202310,Não,Não,2023-10
Empresa 36498,202310,Não,Não,2023-10
Empresa 36499,202310,Não,Não,2023-10
Empresa 365,202103,Sim,Sim,2021-03
Empresa 3650,202308,Sim,Sim,2023-08
Empresa 36500,202310,Não,Não,2023-10
Empresa 36501,202310,Não,Não,2023-10
Empresa 36502,202310,Não,Não,2023-10
Empresa 36503,202310,Não,Não,2023-10
Empresa 36504,202310,Não,Não,2023-10
Empresa 36505,202310,Não,Não,2023-10
Empresa 36506,202310,Não,Não,2023-10
Empresa 36507,202310,Não,Não,2023-10
Empresa 36508,202310,Não,Não,2023-10
Empresa 36509,202310,Não,Não,2023-10
Empresa 3651,202308,Sim,Sim,2023-08
Empresa 36510,202310,Não,Não,2023-10
Empresa 36511,202310,Não,Não,2023-10
Empresa 36512,202310,Não,Não,2023-10
Empresa 36513,202310,Não,Não,2023-10
Empresa 36514,202310,Não,Não,2023-10
Empresa 36515,202310,Não,Não,2023-10
Empresa 36516,202310,Não,Não,2023-10
Empresa 36517,202310,Não,Não,2023-10
Empresa 36518,202310,Não,Não,2023-10
Empresa 36519,202310,Não,Não,2023-10
Empresa 3652,202308,Sim,Sim,2023-08
Empresa 36520,202310,Não,Não,2023-10
Empresa 36521,202310,Não,Não,2023-10
Empresa 36522,202310,Não,Não,2023-10
Empresa 36523,202310,Não,Não,2023-10
Empresa 36524,202310,Não,Não,2023-10
Empresa 36525,202310,Não,Não,2023-10
Empresa 36526,202310,Não,Não,2023-10
Empresa 36527,202310,Não,Não,2023-10
Empresa 36528,202310,Não,Não,2023-10
Empresa 36529,202310,Não,Não,2023-10
Empresa 3653,202304,Não,Não,2023-04
Empresa 36530,202310,Não,Não,2023-10
Empresa 36531,202310,Não,Não,2023-10
Empresa 36532,202310,Não,Não,2023-10
Empresa 36533,202310,Não,Não,2023-10
Empresa 36534,202310,Não,Não,2023-10
Empresa 36535,202310,Não,Não,2023-10
Empresa 36536,202310,Não,Não,2023-10
Empresa 36537,202310,Não,Não,2023-10
Empresa 36538,202310,Não,Não,2023-10
Empresa 36539,202310,Não,Não,2023-10
Empresa 3654,202309,Sim,Sim,2023-09
Empresa 36540,202310,Não,Não,2023-10
Empresa 36541,202310,Não,Não,2023-10
Empresa 36542,202310,Não,Não,2023-10
Empresa 36543,202310,Não,Não,2023-10
Empresa 36544,202310,Não,Não,2023-10
Empresa 36545,202310,Não,Não,2023-10
Empresa 36546,202310,Não,Não,2023-10
Empresa 36547,202310,Não,Não,2023-10
Empresa 36548,202310,Não,Não,2023-10
Empresa 36549,202310,Não,Não,2023-10
Empresa 3655,202309,Sim,Sim,2023-09
Empresa 36550,202310,Não,Não,2023-10
Empresa 36551,202311,Não,Não,2023-11
Empresa 36552,202012,Sim,Sim,2020-12
Empresa 36553,202102,Sim,Sim,2021-02
Empresa 36554,202105,Sim,Sim,2021-05
Empresa 36555,202105,Sim,Sim,2021-05
Empresa 36556,202105,Sim,Sim,2021-05
Empresa 36557,202105,Sim,Sim,2021-05
Empresa 36558,202105,Sim,Sim,2021-05
Empresa 36559,202105,Não,Não,2021-05
Empresa 3656,202309,Sim,Sim,2023-09
Empresa 36560,202106,Sim,Sim,2021-06
Empresa 36561,202109,Sim,Sim,2021-09
Empresa 36562,202109,Sim,Sim,2021-09
Empresa 36563,202112,Sim,Sim,2021-12
Empresa 36564,202112,Sim,Sim,2021-12
Empresa 36565,202201,Sim,Sim,2022-01
Empresa 36566,202201,Sim,Sim,2022-01
Empresa 36567,202201,Sim,Sim,2022-01
Empresa 36568,202201,Sim,Sim,2022-01
Empresa 36569,202201,Não,Sim,2022-01
Empresa 3657,202309,Sim,Sim,2023-09
Empresa 36570,202202,Sim,Sim,2022-02
Empresa 36571,202203,Sim,Sim,2022-03
Empresa 36572,202203,Sim,Sim,2022-03
Empresa 36573,202205,Sim,Sim,2022-05
Empresa 36574,202206,Sim,Sim,2022-06
Empresa 36575,202206,Sim,Sim,2022-06
Empresa 36576,202208,Não,Não,2022-08
Empresa 36577,202111,Sim,Sim,2021-11
Empresa 36578,202111,Sim,Sim,2021-11
Empresa 36579,202111,Não,Não,2021-11
Empresa 3658,202310,Sim,Sim,2023-10
Empresa 36580,202111,Sim,Sim,2021-11
Empresa 36581,202111,Sim,Sim,2021-11
Empresa 36582,202111,Sim,Sim,2021-11
Empresa 36583,202112,Sim,Sim,2021-12
Empresa 36584,202201,Sim,Sim,2022-01
Empresa 36585,202203,Sim,Sim,2022-03
Empresa 36586,202204,Sim,Sim,2022-04
Empresa 36587,202204,Sim,Sim,2022-04
Empresa 36588,202205,Sim,Sim,2022-05
Empresa 36589,202206,Não,Não,2022-06
Empresa 3659,202310,Sim,Sim,2023-10
Empresa 36592,202211,Não,Não,2022-11
Empresa 36593,202211,Não,Não,2022-11
Empresa 36594,202301,Não,Não,2023-01
Empresa 36595,202307,Não,Não,2023-07
Empresa 36596,202307,Não,Não,2023-07
Empresa 36597,202307,Não,Não,2023-07
Empresa 36598,202307,Não,Não,2023-07
Empresa 36599,202307,Não,Não,2023-07
Empresa 366,202102,Sim,Sim,2021-02
Empresa 3660,202310,Sim,Sim,2023-10
Empresa 36600,202307,Não,Não,2023-07
Empresa 36601,202307,Não,Não,2023-07
Empresa 36602,202307,Não,Não,2023-07
Empresa 36603,202307,Não,Não,2023-07
Empresa 36604,202307,Não,Não,2023-07
Empresa 36605,202307,Não,Não,2023-07
Empresa 36606,202307,Não,Não,2023-07
Empresa 36607,202308,Não,Não,2023-08
Empresa 36608,202310,Não,Não,2023-10
Empresa 3661,202306,Sim,Sim,2023-06
Empresa 3662,201912,Sim,Sim,2019-12
Empresa 3664,202311,Não,Sim,2023-11
Empresa 3665,202204,Sim,Sim,2022-04
Empresa 3666,202211,Sim,Sim,2022-11
Empresa 3667,202206,Sim,Sim,2022-06
Empresa 3668,202205,Sim,Sim,2022-05
Empresa 3669,202301,Sim,Sim,2023-01
Empresa 367,202103,Sim,Sim,2021-03
Empresa 3670,202205,Sim,Sim,2022-05
Empresa 3671,202209,Sim,Sim,2022-09
Empresa 3672,202207,Sim,Sim,2022-07
Empresa 3673,202208,Sim,Sim,2022-08
Empresa 3674,202205,Sim,Sim,2022-05
Empresa 3675,202208,Sim,Sim,2022-08
Empresa 3676,202303,Sim,Sim,2023-03
Empresa 3677,202211,Não,Sim,2022-11
Empresa 3678,202205,Sim,Sim,2022-05
Empresa 3679,202204,Sim,Sim,2022-04
Empresa 368,202201,Sim,Sim,2022-01
Empresa 3680,202305,Sim,Sim,2023-05
Empresa 3681,202306,Sim,Sim,2023-06
Empresa 3682,202307,Sim,Sim,2023-07
Empresa 3683,202204,Sim,Sim,2022-04
Empresa 3684,202205,Sim,Sim,2022-05
Empresa 3685,202212,Sim,Sim,2022-12
Empresa 3686,202306,Sim,Sim,2023-06
Empresa 3687,202305,Sim,Sim,2023-05
Empresa 3688,202308,Sim,Sim,2023-08
Empresa 3689,202310,Não,Sim,2023-10
Empresa 369,202301,Sim,Sim,2023-01
Empresa 3690,202311,Não,Não,2023-11
Empresa 3691,202310,Não,Sim,2023-10
Empresa 3692,202101,Sim,Sim,2021-01
Empresa 3693,202008,Sim,Sim,2020-08
Empresa 3694,202009,Sim,Sim,2020-09
Empresa 3695,202111,Sim,Sim,2021-11
Empresa 3696,202201,Sim,Sim,2022-01
Empresa 3697,202104,Sim,Sim,2021-04
Empresa 3698,202009,Sim,Sim,2020-09
Empresa 3699,202009,Sim,Sim,2020-09
Empresa 37,202210,Sim,Sim,2022-10
Empresa 370,202101,Sim,Sim,2021-01
Empresa 3700,202207,Sim,Sim,2022-07
Empresa 3701,202009,Não,Não,2020-09
Empresa 3702,202306,Não,Sim,2023-06
Empresa 3703,202008,Sim,Sim,2020-08
Empresa 3704,202009,Sim,Sim,2020-09
Empresa 3705,202009,Sim,Sim,2020-09
Empresa 3706,202009,Sim,Sim,2020-09
Empresa 3707,202201,Não,Não,2022-01
Empresa 3708,202011,Sim,Sim,2020-11
Empresa 3709,202010,Sim,Sim,2020-10
Empresa 371,202104,Sim,Sim,2021-04
Empresa 3710,202010,Sim,Sim,2020-10
Empresa 3711,202009,Sim,Sim,2020-09
Empresa 3712,202205,Não,Não,2022-05
Empresa 3713,202009,Sim,Sim,2020-09
Empresa 3714,202009,Sim,Sim,2020-09
Empresa 3715,202211,Sim,Sim,2022-11
Empresa 3716,202008,Sim,Sim,2020-08
Empresa 3717,202009,Sim,Sim,2020-09
Empresa 3718,202009,Sim,Sim,2020-09
Empresa 3719,202109,Sim,Sim,2021-09
Empresa 372,202012,Sim,Sim,2020-12
Empresa 3720,202202,Sim,Sim,2022-02
Empresa 3721,202205,Sim,Sim,2022-05
Empresa 3722,202111,Sim,Sim,2021-11
Empresa 3723,202103,Sim,Sim,2021-03
Empresa 3724,202210,Sim,Sim,2022-10
Empresa 3725,202012,Sim,Sim,2020-12
Empresa 3726,202212,Sim,Sim,2022-12
Empresa 3727,202105,Sim,Sim,2021-05
Empresa 3728,202008,Sim,Sim,2020-08
Empresa 3729,202202,Sim,Sim,2022-02
Empresa 373,202012,Sim,Sim,2020-12
Empresa 3730,202008,Sim,Sim,2020-08
Empresa 3731,202105,Sim,Sim,2021-05
Empresa 3732,202009,Sim,Sim,2020-09
Empresa 3733,202104,Sim,Sim,2021-04
Empresa 3734,202101,Não,Sim,2021-01
Empresa 3735,202102,Sim,Sim,2021-02
Empresa 3736,202108,Sim,Sim,2021-08
Empresa 3737,202201,Sim,Sim,2022-01
Empresa 3738,202009,Sim,Sim,2020-09
Empresa 3739,202009,Sim,Sim,2020-09
Empresa 374,202011,Sim,Sim,2020-11
Empresa 3740,202009,Sim,Sim,2020-09
Empresa 3741,202009,Sim,Sim,2020-09
Empresa 3742,202301,Sim,Sim,2023-01
Empresa 3743,202201,Sim,Sim,2022-01
Empresa 3744,202009,Sim,Sim,2020-09
Empresa 3745,202201,Sim,Sim,2022-01
Empresa 3746,202009,Sim,Sim,2020-09
Empresa 3747,202301,Sim,Sim,2023-01
Empresa 3748,202011,Sim,Sim,2020-11
Empresa 3749,202012,Sim,Sim,2020-12
Empresa 375,202101,Sim,Sim,2021-01
Empresa 3750,202010,Sim,Sim,2020-10
Empresa 3751,202107,Sim,Sim,2021-07
Empresa 3752,202010,Sim,Sim,2020-10
Empresa 3753,202010,Sim,Sim,2020-10
Empresa 3754,202107,Sim,Sim,2021-07
Empresa 3755,202011,Sim,Sim,2020-11
Empresa 3756,202210,Sim,Sim,2022-10
Empresa 3757,202012,Sim,Sim,2020-12
Empresa 3758,202212,Sim,Sim,2022-12
Empresa 3759,202009,Sim,Sim,2020-09
Empresa 376,202012,Sim,Sim,2020-12
Empresa 3760,202011,Sim,Sim,2020-11
Empresa 3761,202108,Sim,Sim,2021-08
Empresa 3762,202008,Sim,Sim,2020-08
Empresa 3763,202201,Não,Não,2022-01
Empresa 3764,202009,Sim,Sim,2020-09
Empresa 3765,202009,Sim,Sim,2020-09
Empresa 3766,202308,Não,Não,2023-08
Empresa 3767,202308,Não,Não,2023-08
Empresa 3768,202308,Não,Não,2023-08
Empresa 3769,202308,Não,Não,2023-08
Empresa 377,202101,Sim,Sim,2021-01
Empresa 3770,202308,Não,Não,2023-08
Empresa 3771,202308,Não,Não,2023-08
Empresa 3772,202203,Sim,Sim,2022-03
Empresa 3773,202009,Sim,Sim,2020-09
Empresa 3774,202212,Sim,Sim,2022-12
Empresa 3775,202107,Sim,Sim,2021-07
Empresa 3776,202009,Sim,Sim,2020-09
Empresa 3777,202011,Sim,Sim,2020-11
Empresa 3778,202011,Sim,Sim,2020-11
Empresa 3779,202010,Sim,Sim,2020-10
Empresa 378,202105,Sim,Sim,2021-05
Empresa 3780,202106,Sim,Sim,2021-06
Empresa 3781,202009,Sim,Sim,2020-09
Empresa 3782,202107,Sim,Sim,2021-07
Empresa 3783,202109,Sim,Sim,2021-09
Empresa 3784,202009,Sim,Sim,2020-09
Empresa 3785,202106,Sim,Sim,2021-06
Empresa 3786,202009,Sim,Sim,2020-09
Empresa 3787,202102,Sim,Sim,2021-02
Empresa 3788,202305,Não,Sim,2023-05
Empresa 3789,202009,Sim,Sim,2020-09
Empresa 379,202101,Sim,Sim,2021-01
Empresa 3790,202206,Sim,Sim,2022-06
Empresa 3791,202010,Sim,Sim,2020-10
Empresa 3792,202012,Sim,Sim,2020-12
Empresa 3793,202106,Sim,Sim,2021-06
Empresa 3794,202009,Sim,Sim,2020-09
Empresa 3795,202010,Sim,Sim,2020-10
Empresa 3796,202008,Sim,Sim,2020-08
Empresa 3797,202009,Sim,Sim,2020-09
Empresa 3798,202009,Sim,Sim,2020-09
Empresa 3799,202009,Sim,Sim,2020-09
Empresa 38,202207,Sim,Sim,2022-07
Empresa 380,202103,Sim,Sim,2021-03
Empresa 3800,202009,Sim,Sim,2020-09
Empresa 3801,202009,Sim,Sim,2020-09
Empresa 3802,202009,Sim,Sim,2020-09
Empresa 3803,202208,Sim,Sim,2022-08
Empresa 3804,202008,Sim,Sim,2020-08
Empresa 3805,202111,Sim,Sim,2021-11
Empresa 3806,202008,Sim,Sim,2020-08
Empresa 3807,202008,Sim,Sim,2020-08
Empresa 3808,202106,Sim,Sim,2021-06
Empresa 3809,202009,Sim,Sim,2020-09
Empresa 381,202102,Sim,Sim,2021-02
Empresa 3810,202010,Sim,Sim,2020-10
Empresa 3811,202008,Sim,Sim,2020-08
Empresa 3812,202111,Sim,Sim,2021-11
Empresa 3813,202112,Sim,Sim,2021-12
Empresa 3814,202201,Não,Não,2022-01
Empresa 3815,202011,Sim,Sim,2020-11
Empresa 3816,202009,Sim,Sim,2020-09
Empresa 3817,202009,Sim,Sim,2020-09
Empresa 3818,202010,Sim,Sim,2020-10
Empresa 3819,202207,Sim,Sim,2022-07
Empresa 382,202101,Sim,Sim,2021-01
Empresa 3820,202009,Sim,Sim,2020-09
Empresa 3821,202204,Não,Não,2022-04
Empresa 3822,202010,Sim,Sim,2020-10
Empresa 3823,202104,Sim,Sim,2021-04
Empresa 3824,202102,Sim,Sim,2021-02
Empresa 3825,202009,Sim,Sim,2020-09
Empresa 3826,202212,Sim,Sim,2022-12
Empresa 3827,202010,Sim,Sim,2020-10
Empresa 3828,202008,Sim,Sim,2020-08
Empresa 3829,202206,Sim,Sim,2022-06
Empresa 383,202203,Sim,Sim,2022-03
Empresa 3830,202104,Sim,Sim,2021-04
Empresa 3831,202009,Sim,Sim,2020-09
Empresa 3832,202009,Sim,Sim,2020-09
Empresa 3833,202009,Sim,Sim,2020-09
Empresa 3834,202102,Sim,Sim,2021-02
Empresa 3835,202009,Sim,Sim,2020-09
Empresa 3836,202008,Sim,Sim,2020-08
Empresa 3837,202009,Sim,Sim,2020-09
Empresa 3838,202009,Sim,Sim,2020-09
Empresa 3839,202008,Sim,Sim,2020-08
Empresa 384,202101,Sim,Sim,2021-01
Empresa 3840,202202,Sim,Sim,2022-02
Empresa 3841,202202,Sim,Sim,2022-02
Empresa 3842,202009,Sim,Sim,2020-09
Empresa 3843,202010,Sim,Sim,2020-10
Empresa 3844,202010,Sim,Sim,2020-10
Empresa 3845,202009,Sim,Sim,2020-09
Empresa 3846,202009,Sim,Sim,2020-09
Empresa 3847,202212,Sim,Sim,2022-12
Empresa 3848,202008,Sim,Sim,2020-08
Empresa 3849,202010,Sim,Sim,2020-10
Empresa 385,202012,Sim,Sim,2020-12
Empresa 3850,202204,Sim,Sim,2022-04
Empresa 3851,202103,Sim,Sim,2021-03
Empresa 3852,202009,Sim,Sim,2020-09
Empresa 3853,202111,Sim,Sim,2021-11
Empresa 3854,202110,Sim,Sim,2021-10
Empresa 3855,202009,Sim,Sim,2020-09
Empresa 3856,202211,Sim,Sim,2022-11
Empresa 3857,202009,Sim,Sim,2020-09
Empresa 3858,202108,Sim,Sim,2021-08
Empresa 3859,202203,Sim,Sim,2022-03
Empresa 386,202110,Sim,Sim,2021-10
Empresa 3860,202010,Sim,Sim,2020-10
Empresa 3861,202009,Sim,Sim,2020-09
Empresa 3862,202107,Sim,Sim,2021-07
Empresa 3863,202009,Sim,Sim,2020-09
Empresa 3864,202205,Sim,Sim,2022-05
Empresa 3865,202011,Sim,Sim,2020-11
Empresa 3866,202009,Sim,Sim,2020-09
Empresa 3867,202307,Não,Não,2023-07
Empresa 3868,202306,Não,Sim,2023-06
Empresa 3869,202203,Sim,Sim,2022-03
Empresa 387,202012,Sim,Sim,2020-12
Empresa 3870,202211,Sim,Sim,2022-11
Empresa 3871,202104,Sim,Sim,2021-04
Empresa 3872,202108,Sim,Sim,2021-08
Empresa 3873,202206,Sim,Sim,2022-06
Empresa 3874,202103,Sim,Sim,2021-03
Empresa 3875,202109,Sim,Sim,2021-09
Empresa 3876,202208,Sim,Sim,2022-08
Empresa 3877,202205,Sim,Sim,2022-05
Empresa 3878,202011,Sim,Sim,2020-11
Empresa 3879,202108,Sim,Sim,2021-08
Empresa 388,202112,Sim,Sim,2021-12
Empresa 3880,202202,Sim,Sim,2022-02
Empresa 3881,202009,Sim,Sim,2020-09
Empresa 3882,202203,Sim,Sim,2022-03
Empresa 3883,202111,Sim,Sim,2021-11
Empresa 3884,202111,Sim,Sim,2021-11
Empresa 3885,202106,Sim,Sim,2021-06
Empresa 3886,202112,Sim,Sim,2021-12
Empresa 3887,202109,Sim,Sim,2021-09
Empresa 3888,202202,Sim,Sim,2022-02
Empresa 3889,202009,Sim,Sim,2020-09
Empresa 389,202203,Sim,Sim,2022-03
Empresa 3890,202212,Sim,Sim,2022-12
Empresa 3891,202009,Sim,Sim,2020-09
Empresa 3892,202009,Sim,Sim,2020-09
Empresa 3893,202106,Sim,Sim,2021-06
Empresa 3894,202011,Sim,Sim,2020-11
Empresa 3895,202110,Sim,Sim,2021-10
Empresa 3896,202011,Sim,Sim,2020-11
Empresa 3897,202009,Sim,Sim,2020-09
Empresa 3898,202106,Sim,Sim,2021-06
Empresa 3899,202107,Sim,Sim,2021-07
Empresa 39,202208,Sim,Sim,2022-08
Empresa 390,202012,Sim,Sim,2020-12
Empresa 3900,202009,Sim,Sim,2020-09
Empresa 3901,202207,Sim,Sim,2022-07
Empresa 3902,202204,Não,Não,2022-04
Empresa 3903,202009,Sim,Sim,2020-09
Empresa 3904,202105,Sim,Sim,2021-05
Empresa 3905,202107,Sim,Sim,2021-07
Empresa 3906,202201,Não,Não,2022-01
Empresa 3907,202210,Sim,Sim,2022-10
Empresa 3908,202104,Sim,Sim,2021-04
Empresa 3909,202009,Sim,Sim,2020-09
Empresa 391,202011,Sim,Sim,2020-11
Empresa 3910,202011,Sim,Sim,2020-11
Empresa 3911,202011,Sim,Sim,2020-11
Empresa 3912,202202,Sim,Sim,2022-02
Empresa 3913,202207,Sim,Sim,2022-07
Empresa 3914,202111,Sim,Sim,2021-11
Empresa 3915,202010,Sim,Sim,2020-10
Empresa 3916,202102,Sim,Sim,2021-02
Empresa 3917,202206,Sim,Sim,2022-06
Empresa 3918,202008,Sim,Sim,2020-08
Empresa 3919,202011,Sim,Sim,2020-11
Empresa 392,202011,Sim,Sim,2020-11
Empresa 3920,202012,Sim,Sim,2020-12
Empresa 3921,202208,Sim,Sim,2022-08
Empresa 3922,202112,Sim,Sim,2021-12
Empresa 3923,202103,Sim,Sim,2021-03
Empresa 3924,202011,Sim,Sim,2020-11
Empresa 3925,202104,Sim,Sim,2021-04
Empresa 3926,202203,Sim,Sim,2022-03
Empresa 3927,202106,Sim,Sim,2021-06
Empresa 3928,202201,Não,Não,2022-01
Empresa 3929,202103,Sim,Sim,2021-03
Empresa 393,202012,Sim,Sim,2020-12
Empresa 3930,202107,Sim,Sim,2021-07
Empresa 3931,202209,Sim,Sim,2022-09
Empresa 3932,202111,Sim,Sim,2021-11
Empresa 3933,202205,Sim,Sim,2022-05
Empresa 3934,202203,Sim,Sim,2022-03
Empresa 3935,202108,Sim,Sim,2021-08
Empresa 3936,202210,Sim,Sim,2022-10
Empresa 3937,202204,Sim,Sim,2022-04
Empresa 3938,202208,Sim,Sim,2022-08
Empresa 3939,202202,Sim,Sim,2022-02
Empresa 394,202104,Sim,Sim,2021-04
Empresa 3940,202111,Sim,Sim,2021-11
Empresa 3941,202210,Sim,Sim,2022-10
Empresa 3942,202203,Sim,Sim,2022-03
Empresa 3943,202202,Sim,Sim,2022-02
Empresa 3944,202206,Sim,Sim,2022-06
Empresa 3945,202205,Sim,Sim,2022-05
Empresa 3946,202009,Sim,Sim,2020-09
Empresa 3947,202209,Sim,Sim,2022-09
Empresa 3948,202211,Sim,Sim,2022-11
Empresa 3949,202211,Sim,Sim,2022-11
Empresa 395,202102,Sim,Sim,2021-02
Empresa 3950,202203,Sim,Sim,2022-03
Empresa 3951,202211,Sim,Sim,2022-11
Empresa 3952,202211,Sim,Sim,2022-11
Empresa 3953,202209,Sim,Sim,2022-09
Empresa 3954,202010,Sim,Sim,2020-10
Empresa 3955,202010,Sim,Sim,2020-10
Empresa 3956,202009,Sim,Sim,2020-09
Empresa 3957,202009,Sim,Sim,2020-09
Empresa 3958,202009,Sim,Sim,2020-09
Empresa 3959,202212,Sim,Sim,2022-12
Empresa 396,202101,Sim,Sim,2021-01
Empresa 3960,202310,Não,Sim,2023-10
Empresa 3961,202009,Sim,Sim,2020-09
Empresa 3962,202206,Sim,Sim,2022-06
Empresa 3963,202008,Sim,Sim,2020-08
Empresa 3964,202010,Sim,Sim,2020-10
Empresa 3965,202008,Sim,Sim,2020-08
Empresa 3966,202204,Sim,Sim,2022-04
Empresa 3967,202008,Sim,Sim,2020-08
Empresa 3968,202009,Sim,Sim,2020-09
Empresa 3969,202207,Sim,Sim,2022-07
Empresa 397,202012,Sim,Sim,2020-12
Empresa 3970,202207,Sim,Sim,2022-07
Empresa 3971,202011,Sim,Sim,2020-11
Empresa 3972,202009,Sim,Sim,2020-09
Empresa 3973,202210,Sim,Sim,2022-10
Empresa 3974,202206,Não,Não,2022-06
Empresa 3975,202202,Sim,Sim,2022-02
Empresa 3976,202211,Sim,Sim,2022-11
Empresa 3977,202308,Não,Não,2023-08
Empresa 3978,202107,Sim,Sim,2021-07
Empresa 3979,202012,Sim,Sim,2020-12
Empresa 398,202204,Sim,Sim,2022-04
Empresa 3980,202012,Sim,Sim,2020-12
Empresa 3981,202009,Sim,Sim,2020-09
Empresa 3982,202008,Sim,Sim,2020-08
Empresa 3983,201912,Sim,Sim,2019-12
Empresa 3984,202009,Sim,Sim,2020-09
Empresa 3985,202010,Sim,Sim,2020-10
Empresa 3986,202011,Sim,Sim,2020-11
Empresa 3987,202111,Sim,Sim,2021-11
Empresa 3988,202012,Sim,Sim,2020-12
Empresa 3989,202205,Sim,Sim,2022-05
Empresa 399,202103,Sim,Sim,2021-03
Empresa 3990,202011,Sim,Sim,2020-11
Empresa 3991,202009,Sim,Sim,2020-09
Empresa 3992,202008,Sim,Sim,2020-08
Empresa 3993,202008,Sim,Sim,2020-08
Empresa 3994,202301,Sim,Sim,2023-01
Empresa 3995,202112,Sim,Sim,2021-12
Empresa 3996,202010,Sim,Sim,2020-10
Empresa 3997,202206,Não,Não,2022-06
Empresa 3998,202202,Sim,Sim,2022-02
Empresa 3999,202209,Sim,Sim,2022-09
Empresa 4,202210,Sim,Sim,2022-10
Empresa 40,202210,Sim,Sim,2022-10
Empresa 400,202112,Sim,Sim,2021-12
Empresa 4000,202201,Sim,Sim,2022-01
Empresa 4001,202106,Sim,Sim,2021-06
Empresa 4002,202012,Sim,Sim,2020-12
Empresa 4003,202010,Sim,Sim,2020-10
Empresa 4004,202009,Sim,Sim,2020-09
Empresa 4005,202206,Sim,Sim,2022-06
Empresa 4006,202008,Sim,Sim,2020-08
Empresa 4007,202208,Sim,Sim,2022-08
Empresa 4008,202012,Sim,Sim,2020-12
Empresa 4009,202012,Sim,Sim,2020-12
Empresa 401,202207,Sim,Sim,2022-07
Empresa 4010,202302,Sim,Sim,2023-02
Empresa 4011,202012,Sim,Sim,2020-12
Empresa 4012,202110,Sim,Sim,2021-10
Empresa 4013,202010,Sim,Sim,2020-10
Empresa 4014,202009,Sim,Sim,2020-09
Empresa 4015,202208,Sim,Sim,2022-08
Empresa 4016,202108,Sim,Sim,2021-08
Empresa 4017,202301,Sim,Sim,2023-01
Empresa 4018,202210,Sim,Sim,2022-10
Empresa 4019,202302,Sim,Sim,2023-02
Empresa 402,202012,Sim,Sim,2020-12
Empresa 4020,202112,Sim,Sim,2021-12
Empresa 4021,202201,Sim,Sim,2022-01
Empresa 4022,202210,Sim,Sim,2022-10
Empresa 4023,202205,Não,Não,2022-05
Empresa 4024,202009,Sim,Sim,2020-09
Empresa 4025,202201,Não,Não,2022-01
Empresa 4026,202111,Sim,Sim,2021-11
Empresa 4027,202009,Sim,Sim,2020-09
Empresa 4028,202210,Sim,Sim,2022-10
Empresa 4029,202201,Sim,Sim,2022-01
Empresa 403,202103,Sim,Sim,2021-03
Empresa 4030,202101,Sim,Sim,2021-01
Empresa 4031,202110,Sim,Sim,2021-10
Empresa 4032,202107,Sim,Sim,2021-07
Empresa 4033,202203,Sim,Sim,2022-03
Empresa 4034,202303,Sim,Sim,2023-03
Empresa 4035,202009,Sim,Sim,2020-09
Empresa 4036,202111,Sim,Sim,2021-11
Empresa 4037,202008,Sim,Sim,2020-08
Empresa 4038,202008,Sim,Sim,2020-08
Empresa 4039,202009,Sim,Sim,2020-09
Empresa 404,202012,Sim,Sim,2020-12
Empresa 4040,202104,Sim,Sim,2021-04
Empresa 4041,202111,Sim,Sim,2021-11
Empresa 4042,202008,Sim,Sim,2020-08
Empresa 4043,202208,Sim,Sim,2022-08
Empresa 4044,202009,Sim,Sim,2020-09
Empresa 4045,202102,Sim,Sim,2021-02
Empresa 4046,202211,Sim,Sim,2022-11
Empresa 4047,202010,Sim,Sim,2020-10
Empresa 4048,202009,Sim,Sim,2020-09
Empresa 4049,202108,Sim,Sim,2021-08
Empresa 405,202011,Sim,Sim,2020-11
Empresa 4050,202301,Sim,Sim,2023-01
Empresa 4051,202209,Sim,Sim,2022-09
Empresa 4052,202303,Sim,Sim,2023-03
Empresa 4053,202212,Sim,Sim,2022-12
Empresa 4054,202212,Sim,Sim,2022-12
Empresa 4055,202303,Sim,Sim,2023-03
Empresa 4056,202308,Não,Sim,2023-08
Empresa 4057,202303,Sim,Sim,2023-03
Empresa 4058,202304,Sim,Sim,2023-04
Empresa 4059,202203,Sim,Sim,2022-03
Empresa 406,202012,Sim,Sim,2020-12
Empresa 4060,202104,Sim,Sim,2021-04
Empresa 4061,202112,Sim,Sim,2021-12
Empresa 4062,202009,Sim,Sim,2020-09
Empresa 4063,202208,Sim,Sim,2022-08
Empresa 4064,202303,Sim,Sim,2023-03
Empresa 4065,202211,Sim,Sim,2022-11
Empresa 4066,202303,Sim,Sim,2023-03
Empresa 4067,202304,Sim,Sim,2023-04
Empresa 4068,202105,Sim,Sim,2021-05
Empresa 4069,202009,Sim,Sim,2020-09
Empresa 407,202106,Sim,Sim,2021-06
Empresa 4070,202109,Sim,Sim,2021-09
Empresa 4071,202108,Sim,Sim,2021-08
Empresa 4072,202012,Sim,Sim,2020-12
Empresa 4073,202308,Não,Não,2023-08
Empresa 4074,202305,Sim,Sim,2023-05
Empresa 4075,202204,Sim,Sim,2022-04
Empresa 4076,202305,Sim,Sim,2023-05
Empresa 4077,202306,Sim,Sim,2023-06
Empresa 4078,202103,Sim,Sim,2021-03
Empresa 4079,202306,Sim,Sim,2023-06
Empresa 408,202101,Sim,Sim,2021-01
Empresa 4080,202306,Não,Não,2023-06
Empresa 4081,202303,Sim,Sim,2023-03
Empresa 4082,202212,Sim,Sim,2022-12
Empresa 4083,202211,Sim,Sim,2022-11
Empresa 4084,202305,Não,Não,2023-05
Empresa 4085,202009,Sim,Sim,2020-09
Empresa 4086,202304,Sim,Sim,2023-04
Empresa 4087,202307,Sim,Sim,2023-07
Empresa 4088,202306,Sim,Sim,2023-06
Empresa 4089,202109,Sim,Sim,2021-09
Empresa 409,202101,Sim,Sim,2021-01
Empresa 4090,202009,Sim,Sim,2020-09
Empresa 4091,202208,Sim,Sim,2022-08
Empresa 4092,202305,Sim,Sim,2023-05
Empresa 4093,202306,Sim,Sim,2023-06
Empresa 4094,202303,Sim,Sim,2023-03
Empresa 4095,202010,Sim,Sim,2020-10
Empresa 4096,202307,Sim,Sim,2023-07
Empresa 4097,202105,Sim,Sim,2021-05
Empresa 4098,202106,Sim,Sim,2021-06
Empresa 4099,202308,Sim,Sim,2023-08
Empresa 41,202211,Sim,Sim,2022-11
Empresa 410,202011,Sim,Sim,2020-11
Empresa 4100,202010,Sim,Sim,2020-10
Empresa 4101,202206,Sim,Sim,2022-06
Empresa 4102,202305,Sim,Sim,2023-05
Empresa 4103,202306,Sim,Sim,2023-06
Empresa 4104,202308,Sim,Sim,2023-08
Empresa 4105,202304,Sim,Sim,2023-04
Empresa 4106,201911,Sim,Sim,2019-11
Empresa 4107,202009,Sim,Sim,2020-09
Empresa 4108,202308,Sim,Sim,2023-08
Empresa 4109,202009,Sim,Sim,2020-09
Empresa 411,202108,Sim,Sim,2021-08
Empresa 4110,202010,Sim,Sim,2020-10
Empresa 4111,202008,Sim,Sim,2020-08
Empresa 4112,202309,Sim,Sim,2023-09
Empresa 4113,202309,Sim,Sim,2023-09
Empresa 4114,202309,Sim,Sim,2023-09
Empresa 4115,202309,Sim,Sim,2023-09
Empresa 4116,202104,Sim,Sim,2021-04
Empresa 4117,202103,Não,Não,2021-03
Empresa 4118,202206,Não,Não,2022-06
Empresa 4119,202206,Não,Não,2022-06
Empresa 412,202104,Sim,Sim,2021-04
Empresa 4120,202105,Sim,Sim,2021-05
Empresa 4121,202206,Não,Não,2022-06
Empresa 4122,202301,Não,Sim,2023-01
Empresa 4123,202304,Sim,Sim,2023-04
Empresa 4124,202206,Não,Não,2022-06
Empresa 4125,201905,Sim,Sim,2019-05
Empresa 4126,201902,Sim,Sim,2019-02
Empresa 4127,202210,Sim,Sim,2022-10
Empresa 4128,201908,Sim,Sim,2019-08
Empresa 4129,202003,Sim,Sim,2020-03
Empresa 413,202011,Sim,Sim,2020-11
Empresa 4130,201901,Sim,Sim,2019-01
Empresa 4131,201910,Sim,Sim,2019-10
Empresa 4132,201907,Sim,Sim,2019-07
Empresa 4133,201907,Sim,Sim,2019-07
Empresa 4134,201906,Sim,Sim,2019-06
Empresa 4135,202002,Sim,Sim,2020-02
Empresa 4136,201906,Sim,Sim,2019-06
Empresa 4137,201902,Sim,Sim,2019-02
Empresa 4138,201905,Sim,Sim,2019-05
Empresa 4139,201901,Sim,Sim,2019-01
Empresa 414,202012,Sim,Sim,2020-12
Empresa 4140,201911,Sim,Sim,2019-11
Empresa 4141,202104,Sim,Sim,2021-04
Empresa 4142,202002,Sim,Sim,2020-02
Empresa 4143,202008,Sim,Sim,2020-08
Empresa 4144,202010,Sim,Sim,2020-10
Empresa 4145,202108,Sim,Sim,2021-08
Empresa 4146,202211,Sim,Sim,2022-11
Empresa 4147,202110,Sim,Sim,2021-10
Empresa 4148,201912,Sim,Sim,2019-12
Empresa 4149,202302,Sim,Sim,2023-02
Empresa 415,202101,Sim,Sim,2021-01
Empresa 4150,202102,Sim,Sim,2021-02
Empresa 4151,201911,Sim,Sim,2019-11
Empresa 4152,202302,Sim,Sim,2023-02
Empresa 4153,202205,Sim,Sim,2022-05
Empresa 4154,202109,Sim,Sim,2021-09
Empresa 4155,202207,Sim,Sim,2022-07
Empresa 4156,201906,Sim,Sim,2019-06
Empresa 4157,202303,Sim,Sim,2023-03
Empresa 4158,202303,Sim,Sim,2023-03
Empresa 4159,202208,Sim,Sim,2022-08
Empresa 416,202102,Sim,Sim,2021-02
Empresa 4160,202303,Sim,Sim,2023-03
Empresa 4161,201907,Sim,Sim,2019-07
Empresa 4162,202303,Sim,Sim,2023-03
Empresa 4163,202011,Sim,Sim,2020-11
Empresa 4164,202308,Sim,Sim,2023-08
Empresa 4165,202309,Sim,Sim,2023-09
Empresa 4166,201901,Sim,Sim,2019-01
Empresa 4167,202308,Sim,Sim,2023-08
Empresa 4169,202001,Sim,Sim,2020-01
Empresa 417,202012,Sim,Sim,2020-12
Empresa 4170,202010,Sim,Sim,2020-10
Empresa 4171,202003,Sim,Sim,2020-03
Empresa 4172,202002,Sim,Sim,2020-02
Empresa 4173,202204,Sim,Sim,2022-04
Empresa 4174,202006,Sim,Sim,2020-06
Empresa 4175,202204,Sim,Sim,2022-04
Empresa 4176,202008,Sim,Sim,2020-08
Empresa 4177,202103,Sim,Sim,2021-03
Empresa 4178,202101,Sim,Sim,2021-01
Empresa 4179,202303,Sim,Sim,2023-03
Empresa 418,202104,Sim,Sim,2021-04
Empresa 4180,202202,Sim,Sim,2022-02
Empresa 4181,202105,Sim,Sim,2021-05
Empresa 4182,202203,Sim,Sim,2022-03
Empresa 4183,202203,Sim,Sim,2022-03
Empresa 4184,202111,Sim,Sim,2021-11
Empresa 4185,202112,Sim,Sim,2021-12
Empresa 4186,202201,Não,Não,2022-01
Empresa 4187,202212,Sim,Sim,2022-12
Empresa 4188,202308,Não,Não,2023-08
Empresa 4189,202202,Sim,Sim,2022-02
Empresa 419,202012,Sim,Sim,2020-12
Empresa 4190,202202,Não,Não,2022-02
Empresa 4191,202112,Sim,Sim,2021-12
Empresa 4192,202112,Sim,Sim,2021-12
Empresa 4193,202111,Sim,Sim,2021-11
Empresa 4194,202112,Sim,Sim,2021-12
Empresa 4195,202111,Sim,Sim,2021-11
Empresa 4196,202111,Sim,Sim,2021-11
Empresa 4197,202202,Sim,Sim,2022-02
Empresa 4198,202112,Sim,Sim,2021-12
Empresa 4199,202111,Sim,Sim,2021-11
Empresa 42,202207,Sim,Sim,2022-07
Empresa 420,202102,Sim,Sim,2021-02
Empresa 4200,202112,Sim,Sim,2021-12
Empresa 4201,202201,Não,Não,2022-01
Empresa 4202,202201,Sim,Sim,2022-01
Empresa 4203,202201,Sim,Sim,2022-01
Empresa 4204,202111,Sim,Sim,2021-11
Empresa 4205,202206,Sim,Sim,2022-06
Empresa 4206,202111,Sim,Sim,2021-11
Empresa 4207,202111,Sim,Sim,2021-11
Empresa 4208,202009,Não,Não,2020-09
Empresa 4209,202111,Sim,Sim,2021-11
Empresa 421,202203,Sim,Sim,2022-03
Empresa 4210,202111,Sim,Sim,2021-11
Empresa 4211,202202,Não,Não,2022-02
Empresa 4212,202201,Não,Não,2022-01
Empresa 4213,202203,Sim,Sim,2022-03
Empresa 4214,202008,Sim,Sim,2020-08
Empresa 4215,202201,Não,Não,2022-01
Empresa 4216,202111,Sim,Sim,2021-11
Empresa 4217,202202,Sim,Sim,2022-02
Empresa 4218,202111,Sim,Sim,2021-11
Empresa 4219,202210,Sim,Sim,2022-10
Empresa 422,202101,Sim,Sim,2021-01
Empresa 4220,202201,Não,Não,2022-01
Empresa 4221,202201,Não,Não,2022-01
Empresa 4222,202202,Não,Não,2022-02
Empresa 4223,202112,Sim,Sim,2021-12
Empresa 4224,202112,Sim,Sim,2021-12
Empresa 4225,202112,Sim,Sim,2021-12
Empresa 4226,202111,Sim,Sim,2021-11
Empresa 4227,202111,Sim,Sim,2021-11
Empresa 4228,202111,Sim,Sim,2021-11
Empresa 4229,202201,Não,Não,2022-01
Empresa 423,202012,Sim,Sim,2020-12
Empresa 4230,202108,Não,Sim,2021-08
Empresa 4231,202112,Sim,Sim,2021-12
Empresa 4232,202111,Sim,Sim,2021-11
Empresa 4233,202202,Sim,Sim,2022-02
Empresa 4234,202202,Sim,Sim,2022-02
Empresa 4235,202111,Sim,Sim,2021-11
Empresa 4236,202111,Sim,Sim,2021-11
Empresa 4237,202112,Sim,Sim,2021-12
Empresa 4238,202111,Sim,Sim,2021-11
Empresa 4239,202111,Sim,Sim,2021-11
Empresa 424,202209,Sim,Sim,2022-09
Empresa 4240,202111,Sim,Sim,2021-11
Empresa 4241,202111,Sim,Sim,2021-11
Empresa 4242,202112,Sim,Sim,2021-12
Empresa 4243,202112,Sim,Sim,2021-12
Empresa 4244,202112,Sim,Sim,2021-12
Empresa 4245,202112,Sim,Sim,2021-12
Empresa 4246,202112,Sim,Sim,2021-12
Empresa 4247,202306,Não,Não,2023-06
Empresa 4248,202112,Sim,Sim,2021-12
Empresa 4249,202112,Sim,Sim,2021-12
Empresa 425,202205,Sim,Sim,2022-05
Empresa 4250,202211,Sim,Sim,2022-11
Empresa 4251,202206,Sim,Sim,2022-06
Empresa 4252,202204,Sim,Sim,2022-04
Empresa 4253,202111,Sim,Sim,2021-11
Empresa 4254,202112,Sim,Sim,2021-12
Empresa 4255,202112,Sim,Sim,2021-12
Empresa 4256,202311,Não,Não,2023-11
Empresa 4257,202205,Sim,Sim,2022-05
Empresa 4258,202202,Sim,Sim,2022-02
Empresa 4259,202202,Sim,Sim,2022-02
Empresa 426,202204,Sim,Sim,2022-04
Empresa 4260,202202,Não,Não,2022-02
Empresa 4261,202201,Sim,Sim,2022-01
Empresa 4262,202201,Sim,Sim,2022-01
Empresa 4263,202211,Não,Sim,2022-11
Empresa 4264,202207,Sim,Sim,2022-07
Empresa 4265,202111,Sim,Sim,2021-11
Empresa 4266,202112,Sim,Sim,2021-12
Empresa 4267,202203,Sim,Sim,2022-03
Empresa 4268,202201,Não,Não,2022-01
Empresa 4269,202111,Sim,Sim,2021-11
Empresa 427,202201,Sim,Sim,2022-01
Empresa 4270,202112,Sim,Sim,2021-12
Empresa 4271,202111,Sim,Sim,2021-11
Empresa 4272,202112,Sim,Sim,2021-12
Empresa 4273,202008,Não,Sim,2020-08
Empresa 4274,202008,Não,Não,2020-08
Empresa 4275,202202,Sim,Sim,2022-02
Empresa 4276,202112,Sim,Sim,2021-12
Empresa 4277,202112,Sim,Sim,2021-12
Empresa 4278,202202,Sim,Sim,2022-02
Empresa 4279,202305,Não,Sim,2023-05
Empresa 428,202011,Sim,Sim,2020-11
Empresa 4280,202203,Sim,Sim,2022-03
Empresa 4281,202112,Sim,Sim,2021-12
Empresa 4282,202112,Sim,Sim,2021-12
Empresa 4283,202207,Sim,Sim,2022-07
Empresa 4284,202202,Sim,Sim,2022-02
Empresa 4285,202112,Sim,Sim,2021-12
Empresa 4286,202112,Sim,Sim,2021-12
Empresa 4287,202112,Sim,Sim,2021-12
Empresa 4288,202112,Sim,Sim,2021-12
Empresa 4289,202202,Sim,Sim,2022-02
Empresa 429,202011,Sim,Sim,2020-11
Empresa 4290,202112,Sim,Sim,2021-12
Empresa 4291,202111,Sim,Sim,2021-11
Empresa 4292,202111,Sim,Sim,2021-11
Empresa 4293,202201,Sim,Sim,2022-01
Empresa 4294,202201,Sim,Sim,2022-01
Empresa 4295,202011,Sim,Sim,2020-11
Empresa 4296,202111,Sim,Sim,2021-11
Empresa 4297,202111,Sim,Sim,2021-11
Empresa 4298,202112,Sim,Sim,2021-12
Empresa 4299,202111,Sim,Sim,2021-11
Empresa 43,202207,Sim,Sim,2022-07
Empresa 430,202012,Sim,Sim,2020-12
Empresa 4300,202111,Sim,Sim,2021-11
Empresa 4301,202111,Sim,Sim,2021-11
Empresa 4302,202203,Não,Não,2022-03
Empresa 4303,202111,Sim,Sim,2021-11
Empresa 4304,202208,Sim,Sim,2022-08
Empresa 4305,202112,Sim,Sim,2021-12
Empresa 4306,202111,Sim,Sim,2021-11
Empresa 4307,202210,Sim,Sim,2022-10
Empresa 4308,202208,Sim,Sim,2022-08
Empresa 4309,202210,Sim,Sim,2022-10
Empresa 431,202102,Sim,Sim,2021-02
Empresa 4310,202208,Sim,Sim,2022-08
Empresa 4311,202112,Sim,Sim,2021-12
Empresa 4312,202112,Sim,Sim,2021-12
Empresa 4313,202309,Não,Sim,2023-09
Empresa 4314,202112,Sim,Sim,2021-12
Empresa 4315,202112,Sim,Sim,2021-12
Empresa 4316,202111,Sim,Sim,2021-11
Empresa 4317,202112,Sim,Sim,2021-12
Empresa 4318,202112,Sim,Sim,2021-12
Empresa 4319,202302,Sim,Sim,2023-02
Empresa 432,202201,Sim,Sim,2022-01
Empresa 4320,202111,Sim,Sim,2021-11
Empresa 4321,202201,Sim,Sim,2022-01
Empresa 4322,202112,Sim,Sim,2021-12
Empresa 4323,202301,Sim,Sim,2023-01
Empresa 4324,202111,Sim,Sim,2021-11
Empresa 4325,202111,Sim,Sim,2021-11
Empresa 4326,202203,Sim,Sim,2022-03
Empresa 4327,202202,Sim,Sim,2022-02
Empresa 4328,202203,Sim,Sim,2022-03
Empresa 4329,202112,Sim,Sim,2021-12
Empresa 433,202011,Sim,Sim,2020-11
Empresa 4330,202201,Sim,Sim,2022-01
Empresa 4331,202112,Sim,Sim,2021-12
Empresa 4332,202111,Sim,Sim,2021-11
Empresa 4333,202207,Sim,Sim,2022-07
Empresa 4334,202201,Sim,Sim,2022-01
Empresa 4335,202201,Sim,Sim,2022-01
Empresa 4336,202011,Não,Não,2020-11
Empresa 4337,202111,Sim,Sim,2021-11
Empresa 4338,202201,Não,Não,2022-01
Empresa 4339,202201,Sim,Sim,2022-01
Empresa 434,202011,Sim,Sim,2020-11
Empresa 4340,202203,Sim,Sim,2022-03
Empresa 4341,202111,Sim,Sim,2021-11
Empresa 4342,202111,Sim,Sim,2021-11
Empresa 4343,202111,Sim,Sim,2021-11
Empresa 4344,202111,Sim,Sim,2021-11
Empresa 4345,202203,Sim,Sim,2022-03
Empresa 4346,202302,Sim,Sim,2023-02
Empresa 4347,202302,Sim,Sim,2023-02
Empresa 4348,202201,Sim,Sim,2022-01
Empresa 4349,202111,Sim,Sim,2021-11
Empresa 435,202011,Sim,Sim,2020-11
Empresa 4350,202207,Sim,Sim,2022-07
Empresa 4351,202303,Sim,Sim,2023-03
Empresa 4352,202302,Sim,Sim,2023-02
Empresa 4353,202204,Sim,Sim,2022-04
Empresa 4354,202207,Sim,Sim,2022-07
Empresa 4355,202303,Sim,Sim,2023-03
Empresa 4356,202202,Sim,Sim,2022-02
Empresa 4357,202203,Sim,Sim,2022-03
Empresa 4358,202302,Sim,Sim,2023-02
Empresa 4359,202203,Sim,Sim,2022-03
Empresa 436,202011,Sim,Sim,2020-11
Empresa 4360,202112,Sim,Sim,2021-12
Empresa 4361,202209,Sim,Sim,2022-09
Empresa 4362,202112,Sim,Sim,2021-12
Empresa 4363,202301,Sim,Sim,2023-01
Empresa 4364,202303,Sim,Sim,2023-03
Empresa 4365,202306,Não,Não,2023-06
Empresa 4366,202010,Sim,Sim,2020-10
Empresa 4367,202112,Sim,Sim,2021-12
Empresa 4368,202208,Sim,Sim,2022-08
Empresa 4369,202009,Não,Não,2020-09
Empresa 437,202011,Sim,Sim,2020-11
Empresa 4370,202203,Sim,Sim,2022-03
Empresa 4371,202112,Sim,Sim,2021-12
Empresa 4372,202304,Sim,Sim,2023-04
Empresa 4373,202212,Sim,Sim,2022-12
Empresa 4374,202204,Sim,Sim,2022-04
Empresa 4375,202112,Sim,Sim,2021-12
Empresa 4376,202209,Sim,Sim,2022-09
Empresa 4377,202304,Sim,Sim,2023-04
Empresa 4378,202301,Sim,Sim,2023-01
Empresa 4379,202304,Sim,Sim,2023-04
Empresa 438,202106,Sim,Sim,2021-06
Empresa 4380,202301,Não,Sim,2023-01
Empresa 4381,202305,Sim,Sim,2023-05
Empresa 4382,202205,Sim,Sim,2022-05
Empresa 4383,202112,Sim,Sim,2021-12
Empresa 4384,202203,Sim,Sim,2022-03
Empresa 4385,202305,Sim,Sim,2023-05
Empresa 4386,202103,Não,Não,2021-03
Empresa 4387,202111,Sim,Sim,2021-11
Empresa 4388,202111,Sim,Sim,2021-11
Empresa 4389,202306,Sim,Sim,2023-06
Empresa 439,202112,Sim,Sim,2021-12
Empresa 4390,202304,Sim,Sim,2023-04
Empresa 4391,202306,Sim,Sim,2023-06
Empresa 4392,202307,Sim,Sim,2023-07
Empresa 4393,202212,Sim,Sim,2022-12
Empresa 4394,202306,Sim,Sim,2023-06
Empresa 4395,202303,Sim,Sim,2023-03
Empresa 4396,202306,Sim,Sim,2023-06
Empresa 4397,202111,Sim,Sim,2021-11
Empresa 4398,202201,Não,Não,2022-01
Empresa 4399,202106,Sim,Sim,2021-06
Empresa 44,202207,Sim,Sim,2022-07
Empresa 440,202202,Sim,Sim,2022-02
Empresa 4400,202201,Não,Não,2022-01
Empresa 4401,202306,Sim,Sim,2023-06
Empresa 4402,202207,Sim,Sim,2022-07
Empresa 4403,202305,Sim,Sim,2023-05
Empresa 4404,202209,Sim,Sim,2022-09
Empresa 4405,202206,Sim,Sim,2022-06
Empresa 4406,202112,Sim,Sim,2021-12
Empresa 4407,202210,Sim,Sim,2022-10
Empresa 4408,202308,Sim,Sim,2023-08
Empresa 4409,202208,Sim,Sim,2022-08
Empresa 441,202208,Sim,Sim,2022-08
Empresa 4410,202309,Sim,Sim,2023-09
Empresa 4411,202310,Não,Não,2023-10
Empresa 4412,202111,Não,Não,2021-11
Empresa 4413,202112,Sim,Sim,2021-12
Empresa 4414,202106,Sim,Sim,2021-06
Empresa 4415,202212,Sim,Sim,2022-12
Empresa 4416,202112,Sim,Sim,2021-12
Empresa 4417,202105,Sim,Sim,2021-05
Empresa 4418,202207,Sim,Sim,2022-07
Empresa 4419,202108,Sim,Sim,2021-08
Empresa 442,202103,Sim,Sim,2021-03
Empresa 4420,202206,Sim,Sim,2022-06
Empresa 4421,202207,Sim,Sim,2022-07
Empresa 4422,202106,Sim,Sim,2021-06
Empresa 4423,202105,Sim,Sim,2021-05
Empresa 4424,202105,Sim,Sim,2021-05
Empresa 4425,202108,Sim,Sim,2021-08
Empresa 4426,202301,Sim,Sim,2023-01
Empresa 4427,202204,Sim,Sim,2022-04
Empresa 4428,202112,Sim,Sim,2021-12
Empresa 4429,202211,Sim,Sim,2022-11
Empresa 443,202106,Sim,Sim,2021-06
Empresa 4430,202108,Sim,Sim,2021-08
Empresa 4431,202210,Sim,Sim,2022-10
Empresa 4432,202207,Sim,Sim,2022-07
Empresa 4433,202112,Sim,Sim,2021-12
Empresa 4434,202105,Sim,Sim,2021-05
Empresa 4435,202208,Sim,Sim,2022-08
Empresa 4436,202105,Sim,Sim,2021-05
Empresa 4437,202107,Sim,Sim,2021-07
Empresa 4438,202201,Sim,Sim,2022-01
Empresa 4439,202108,Sim,Sim,2021-08
Empresa 444,202012,Sim,Sim,2020-12
Empresa 4440,202107,Sim,Sim,2021-07
Empresa 4441,202105,Sim,Sim,2021-05
Empresa 4442,202209,Sim,Sim,2022-09
Empresa 4443,202209,Sim,Sim,2022-09
Empresa 4444,202108,Sim,Sim,2021-08
Empresa 4445,202106,Sim,Sim,2021-06
Empresa 4446,202107,Sim,Sim,2021-07
Empresa 4447,202112,Sim,Sim,2021-12
Empresa 4448,202108,Sim,Sim,2021-08
Empresa 4449,202106,Sim,Sim,2021-06
Empresa 445,202012,Sim,Sim,2020-12
Empresa 4450,202204,Sim,Sim,2022-04
Empresa 4451,202107,Sim,Sim,2021-07
Empresa 4452,202207,Sim,Sim,2022-07
Empresa 4453,202204,Sim,Sim,2022-04
Empresa 4454,202208,Sim,Sim,2022-08
Empresa 4455,202203,Sim,Sim,2022-03
Empresa 4456,202105,Sim,Sim,2021-05
Empresa 4457,202106,Sim,Sim,2021-06
Empresa 4458,202203,Sim,Sim,2022-03
Empresa 4459,202104,Sim,Sim,2021-04
Empresa 446,202102,Sim,Sim,2021-02
Empresa 4460,202108,Sim,Sim,2021-08
Empresa 4461,202212,Sim,Sim,2022-12
Empresa 4462,202202,Sim,Sim,2022-02
Empresa 4463,202109,Sim,Sim,2021-09
Empresa 4464,202105,Sim,Sim,2021-05
Empresa 4465,202106,Sim,Sim,2021-06
Empresa 4466,202112,Sim,Sim,2021-12
Empresa 4467,202203,Sim,Sim,2022-03
Empresa 4468,202212,Sim,Sim,2022-12
Empresa 4469,202203,Sim,Sim,2022-03
Empresa 447,202012,Sim,Sim,2020-12
Empresa 4470,202107,Sim,Sim,2021-07
Empresa 4471,202209,Sim,Sim,2022-09
Empresa 4472,202204,Sim,Sim,2022-04
Empresa 4473,202210,Sim,Sim,2022-10
Empresa 4474,202209,Sim,Sim,2022-09
Empresa 4475,202302,Sim,Sim,2023-02
Empresa 4476,202206,Sim,Sim,2022-06
Empresa 4477,202304,Sim,Sim,2023-04
Empresa 4478,202209,Sim,Sim,2022-09
Empresa 4479,202303,Sim,Sim,2023-03
Empresa 448,202103,Sim,Sim,2021-03
Empresa 4480,202305,Sim,Sim,2023-05
Empresa 4481,202306,Sim,Sim,2023-06
Empresa 4482,202306,Sim,Sim,2023-06
Empresa 4483,202211,Sim,Sim,2022-11
Empresa 4484,202307,Sim,Sim,2023-07
Empresa 4485,202206,Sim,Sim,2022-06
Empresa 4486,202307,Sim,Sim,2023-07
Empresa 4487,202306,Sim,Sim,2023-06
Empresa 4488,202311,Não,Não,2023-11
Empresa 449,202011,Sim,Sim,2020-11
Empresa 4490,202105,Sim,Sim,2021-05
Empresa 4491,202008,Sim,Sim,2020-08
Empresa 4492,202102,Sim,Sim,2021-02
Empresa 4493,202203,Sim,Sim,2022-03
Empresa 4494,202209,Sim,Sim,2022-09
Empresa 4495,202207,Sim,Sim,2022-07
Empresa 4496,202108,Sim,Sim,2021-08
Empresa 4497,202108,Sim,Sim,2021-08
Empresa 4498,202101,Sim,Sim,2021-01
Empresa 4499,202104,Sim,Sim,2021-04
Empresa 45,202301,Sim,Sim,2023-01
Empresa 450,202212,Sim,Sim,2022-12
Empresa 4500,202210,Sim,Sim,2022-10
Empresa 4501,202208,Sim,Sim,2022-08
Empresa 4502,202208,Sim,Sim,2022-08
Empresa 4503,202010,Sim,Sim,2020-10
Empresa 4504,202204,Sim,Sim,2022-04
Empresa 4505,202104,Sim,Sim,2021-04
Empresa 4506,202104,Sim,Sim,2021-04
Empresa 4507,202105,Sim,Sim,2021-05
Empresa 4508,202007,Sim,Sim,2020-07
Empresa 4509,202007,Sim,Sim,2020-07
Empresa 451,202204,Sim,Sim,2022-04
Empresa 4510,202103,Sim,Sim,2021-03
Empresa 4511,202203,Sim,Sim,2022-03
Empresa 4512,202008,Sim,Sim,2020-08
Empresa 4513,202305,Sim,Sim,2023-05
Empresa 4514,202007,Sim,Sim,2020-07
Empresa 4515,202008,Sim,Sim,2020-08
Empresa 4516,202307,Sim,Sim,2023-07
Empresa 4517,202307,Sim,Sim,2023-07
Empresa 4518,202204,Sim,Sim,2022-04
Empresa 4519,202309,Sim,Sim,2023-09
Empresa 452,202011,Sim,Sim,2020-11
Empresa 4520,202308,Sim,Sim,2023-08
Empresa 4521,202308,Sim,Sim,2023-08
Empresa 4522,202308,Sim,Sim,2023-08
Empresa 4523,202308,Sim,Sim,2023-08
Empresa 4524,202308,Sim,Sim,2023-08
Empresa 4525,202308,Sim,Sim,2023-08
Empresa 4527,202309,Sim,Sim,2023-09
Empresa 4528,202309,Sim,Sim,2023-09
Empresa 4529,202201,Sim,Sim,2022-01
Empresa 453,202102,Sim,Sim,2021-02
Empresa 4530,202202,Sim,Sim,2022-02
Empresa 4531,202212,Sim,Sim,2022-12
Empresa 4532,202110,Sim,Sim,2021-10
Empresa 4533,202110,Sim,Sim,2021-10
Empresa 4534,202206,Sim,Sim,2022-06
Empresa 4535,202110,Sim,Sim,2021-10
Empresa 4536,202110,Sim,Sim,2021-10
Empresa 4537,202109,Sim,Sim,2021-09
Empresa 4538,202110,Sim,Sim,2021-10
Empresa 4539,202201,Sim,Sim,2022-01
Empresa 454,202104,Sim,Sim,2021-04
Empresa 4540,202109,Sim,Sim,2021-09
Empresa 4541,202212,Sim,Sim,2022-12
Empresa 4542,202110,Sim,Sim,2021-10
Empresa 4543,202204,Sim,Sim,2022-04
Empresa 4544,202212,Sim,Sim,2022-12
Empresa 4545,202201,Sim,Sim,2022-01
Empresa 4546,202201,Não,Não,2022-01
Empresa 4547,202204,Sim,Sim,2022-04
Empresa 4548,202110,Sim,Sim,2021-10
Empresa 4549,202203,Sim,Sim,2022-03
Empresa 455,202012,Sim,Sim,2020-12
Empresa 4550,202201,Sim,Sim,2022-01
Empresa 4551,202109,Sim,Sim,2021-09
Empresa 4552,202112,Sim,Sim,2021-12
Empresa 4553,202110,Sim,Sim,2021-10
Empresa 4554,202201,Sim,Sim,2022-01
Empresa 4555,202111,Sim,Sim,2021-11
Empresa 4556,202211,Sim,Sim,2022-11
Empresa 4557,202110,Sim,Sim,2021-10
Empresa 4558,202111,Sim,Sim,2021-11
Empresa 4559,202110,Sim,Sim,2021-10
Empresa 456,202012,Sim,Sim,2020-12
Empresa 4560,202201,Sim,Sim,2022-01
Empresa 4561,202111,Sim,Sim,2021-11
Empresa 4562,202109,Sim,Sim,2021-09
Empresa 4563,202111,Sim,Sim,2021-11
Empresa 4564,202212,Sim,Sim,2022-12
Empresa 4565,202111,Sim,Sim,2021-11
Empresa 4566,202212,Sim,Sim,2022-12
Empresa 4567,202110,Sim,Sim,2021-10
Empresa 4568,202112,Sim,Sim,2021-12
Empresa 4569,202201,Sim,Sim,2022-01
Empresa 457,202105,Sim,Sim,2021-05
Empresa 4570,202109,Sim,Sim,2021-09
Empresa 4571,202201,Sim,Sim,2022-01
Empresa 4572,202110,Sim,Sim,2021-10
Empresa 4573,202110,Sim,Sim,2021-10
Empresa 4574,202201,Sim,Sim,2022-01
Empresa 4575,202111,Sim,Sim,2021-11
Empresa 4576,201908,Sim,Sim,2019-08
Empresa 4577,202201,Sim,Sim,2022-01
Empresa 4578,202212,Sim,Sim,2022-12
Empresa 4579,202110,Sim,Sim,2021-10
Empresa 458,202011,Sim,Sim,2020-11
Empresa 4580,202109,Sim,Sim,2021-09
Empresa 4581,202201,Sim,Sim,2022-01
Empresa 4582,202110,Sim,Sim,2021-10
Empresa 4583,202110,Sim,Sim,2021-10
Empresa 4584,202205,Sim,Sim,2022-05
Empresa 4585,202204,Sim,Sim,2022-04
Empresa 4586,202212,Sim,Sim,2022-12
Empresa 4587,202201,Sim,Sim,2022-01
Empresa 4588,202110,Sim,Sim,2021-10
Empresa 4589,202110,Sim,Sim,2021-10
Empresa 459,202102,Sim,Sim,2021-02
Empresa 4590,202212,Sim,Sim,2022-12
Empresa 4591,202110,Sim,Sim,2021-10
Empresa 4592,202111,Sim,Sim,2021-11
Empresa 4593,202211,Sim,Sim,2022-11
Empresa 4594,202110,Sim,Sim,2021-10
Empresa 4595,202111,Sim,Sim,2021-11
Empresa 4596,202203,Sim,Sim,2022-03
Empresa 4597,202212,Sim,Sim,2022-12
Empresa 4598,202211,Sim,Sim,2022-11
Empresa 4599,202212,Sim,Sim,2022-12
Empresa 46,202207,Sim,Sim,2022-07
Empresa 460,202103,Sim,Sim,2021-03
Empresa 4600,202201,Sim,Sim,2022-01
Empresa 4601,202210,Sim,Sim,2022-10
Empresa 4602,202110,Sim,Sim,2021-10
Empresa 4603,202110,Sim,Sim,2021-10
Empresa 4604,202210,Sim,Sim,2022-10
Empresa 4605,202110,Sim,Sim,2021-10
Empresa 4606,202210,Sim,Sim,2022-10
Empresa 4607,202110,Sim,Sim,2021-10
Empresa 4608,202110,Sim,Sim,2021-10
Empresa 4609,202110,Sim,Sim,2021-10
Empresa 461,202302,Sim,Sim,2023-02
Empresa 4610,202302,Sim,Sim,2023-02
Empresa 4611,202111,Sim,Sim,2021-11
Empresa 4612,202301,Sim,Sim,2023-01
Empresa 4613,202201,Sim,Sim,2022-01
Empresa 4614,202303,Sim,Sim,2023-03
Empresa 4615,202212,Sim,Sim,2022-12
Empresa 4616,202111,Sim,Sim,2021-11
Empresa 4617,202305,Sim,Sim,2023-05
Empresa 4618,202303,Sim,Sim,2023-03
Empresa 4619,202303,Sim,Sim,2023-03
Empresa 462,202011,Sim,Sim,2020-11
Empresa 4620,202110,Sim,Sim,2021-10
Empresa 4621,202306,Sim,Sim,2023-06
Empresa 4622,202306,Sim,Sim,2023-06
Empresa 4623,202201,Sim,Sim,2022-01
Empresa 4624,202310,Sim,Sim,2023-10
Empresa 4625,202201,Sim,Sim,2022-01
Empresa 4626,202309,Não,Não,2023-09
Empresa 4627,202102,Sim,Sim,2021-02
Empresa 4628,202203,Sim,Sim,2022-03
Empresa 4629,202010,Sim,Sim,2020-10
Empresa 463,202208,Sim,Sim,2022-08
Empresa 4630,202010,Sim,Sim,2020-10
Empresa 4631,202109,Sim,Sim,2021-09
Empresa 4632,202109,Sim,Sim,2021-09
Empresa 4633,202109,Sim,Sim,2021-09
Empresa 4634,202110,Sim,Sim,2021-10
Empresa 4635,202208,Sim,Sim,2022-08
Empresa 4636,202009,Sim,Sim,2020-09
Empresa 4637,202011,Sim,Sim,2020-11
Empresa 4638,202012,Sim,Sim,2020-12
Empresa 4639,202009,Sim,Sim,2020-09
Empresa 464,202207,Sim,Sim,2022-07
Empresa 4640,202107,Sim,Sim,2021-07
Empresa 4641,202110,Sim,Sim,2021-10
Empresa 4642,202206,Não,Não,2022-06
Empresa 4643,202009,Sim,Sim,2020-09
Empresa 4644,202010,Sim,Sim,2020-10
Empresa 4645,202201,Não,Não,2022-01
Empresa 4646,202207,Sim,Sim,2022-07
Empresa 4647,202204,Sim,Sim,2022-04
Empresa 4648,202204,Sim,Sim,2022-04
Empresa 4649,202204,Sim,Sim,2022-04
Empresa 465,202110,Sim,Sim,2021-10
Empresa 4650,202204,Sim,Sim,2022-04
Empresa 4651,202307,Não,Não,2023-07
Empresa 4652,202210,Sim,Sim,2022-10
Empresa 4653,202009,Sim,Sim,2020-09
Empresa 4654,202105,Não,Não,2021-05
Empresa 4655,202108,Sim,Sim,2021-08
Empresa 4656,202107,Sim,Sim,2021-07
Empresa 4657,202203,Sim,Sim,2022-03
Empresa 4658,202101,Sim,Sim,2021-01
Empresa 4659,202203,Sim,Sim,2022-03
Empresa 466,202109,Não,Sim,2021-09
Empresa 4660,202010,Sim,Sim,2020-10
Empresa 4661,202102,Sim,Sim,2021-02
Empresa 4662,202105,Sim,Sim,2021-05
Empresa 4663,202205,Não,Sim,2022-05
Empresa 4664,202303,Não,Sim,2023-03
Empresa 4665,202204,Sim,Sim,2022-04
Empresa 4666,202103,Sim,Sim,2021-03
Empresa 4667,202106,Sim,Sim,2021-06
Empresa 4668,202105,Sim,Sim,2021-05
Empresa 4669,202211,Sim,Sim,2022-11
Empresa 467,202203,Sim,Sim,2022-03
Empresa 4670,202110,Não,Não,2021-10
Empresa 4671,202009,Sim,Sim,2020-09
Empresa 4672,202108,Sim,Sim,2021-08
Empresa 4673,202112,Sim,Sim,2021-12
Empresa 4674,202105,Sim,Sim,2021-05
Empresa 4675,202101,Sim,Sim,2021-01
Empresa 4676,202101,Sim,Sim,2021-01
Empresa 4677,202101,Sim,Sim,2021-01
Empresa 4678,202101,Sim,Sim,2021-01
Empresa 4679,202104,Sim,Sim,2021-04
Empresa 468,202204,Sim,Sim,2022-04
Empresa 4680,202107,Sim,Sim,2021-07
Empresa 4681,202106,Sim,Sim,2021-06
Empresa 4682,202106,Sim,Sim,2021-06
Empresa 4683,202011,Sim,Sim,2020-11
Empresa 4684,202103,Sim,Sim,2021-03
Empresa 4685,202112,Sim,Sim,2021-12
Empresa 4686,202103,Sim,Sim,2021-03
Empresa 4687,202205,Sim,Sim,2022-05
Empresa 4688,202009,Sim,Sim,2020-09
Empresa 4689,202009,Sim,Sim,2020-09
Empresa 469,202105,Sim,Sim,2021-05
Empresa 4690,202101,Sim,Sim,2021-01
Empresa 4691,202102,Sim,Sim,2021-02
Empresa 4692,202104,Sim,Sim,2021-04
Empresa 4693,202101,Sim,Sim,2021-01
Empresa 4694,202009,Sim,Sim,2020-09
Empresa 4695,202201,Sim,Sim,2022-01
Empresa 4696,202010,Sim,Sim,2020-10
Empresa 4697,202010,Sim,Sim,2020-10
Empresa 4698,202009,Sim,Sim,2020-09
Empresa 4699,202210,Sim,Sim,2022-10
Empresa 47,202208,Sim,Sim,2022-08
Empresa 470,202208,Sim,Sim,2022-08
Empresa 4700,202011,Sim,Sim,2020-11
Empresa 4701,202009,Sim,Sim,2020-09
Empresa 4702,202112,Sim,Sim,2021-12
Empresa 4703,202112,Sim,Sim,2021-12
Empresa 4704,202112,Sim,Sim,2021-12
Empresa 4705,202112,Sim,Sim,2021-12
Empresa 4706,202112,Sim,Sim,2021-12
Empresa 4707,202112,Sim,Sim,2021-12
Empresa 4708,202112,Sim,Sim,2021-12
Empresa 4709,202112,Sim,Sim,2021-12
Empresa 471,202103,Sim,Sim,2021-03
Empresa 4710,202205,Sim,Sim,2022-05
Empresa 4711,202112,Sim,Sim,2021-12
Empresa 4712,202105,Sim,Sim,2021-05
Empresa 4713,202109,Sim,Sim,2021-09
Empresa 4714,202102,Sim,Sim,2021-02
Empresa 4715,202101,Sim,Sim,2021-01
Empresa 4716,202111,Sim,Sim,2021-11
Empresa 4717,202106,Sim,Sim,2021-06
Empresa 4718,202009,Sim,Sim,2020-09
Empresa 4719,202011,Sim,Sim,2020-11
Empresa 472,202101,Sim,Sim,2021-01
Empresa 4720,202010,Sim,Sim,2020-10
Empresa 4721,202103,Sim,Sim,2021-03
Empresa 4722,202207,Sim,Sim,2022-07
Empresa 4723,202009,Sim,Sim,2020-09
Empresa 4724,202104,Sim,Sim,2021-04
Empresa 4725,202105,Sim,Sim,2021-05
Empresa 4726,202009,Sim,Sim,2020-09
Empresa 4727,202204,Sim,Sim,2022-04
Empresa 4728,202108,Sim,Sim,2021-08
Empresa 4729,202305,Não,Sim,2023-05
Empresa 473,202205,Não,Não,2022-05
Empresa 4730,202010,Sim,Sim,2020-10
Empresa 4731,202204,Sim,Sim,2022-04
Empresa 4732,202010,Sim,Sim,2020-10
Empresa 4733,202211,Sim,Sim,2022-11
Empresa 4734,202010,Sim,Sim,2020-10
Empresa 4735,202212,Sim,Sim,2022-12
Empresa 4736,202209,Sim,Sim,2022-09
Empresa 4737,202102,Sim,Sim,2021-02
Empresa 4738,202009,Sim,Sim,2020-09
Empresa 4739,202207,Sim,Sim,2022-07
Empresa 474,202101,Sim,Sim,2021-01
Empresa 4740,202012,Sim,Sim,2020-12
Empresa 4741,202011,Sim,Sim,2020-11
Empresa 4742,202101,Sim,Sim,2021-01
Empresa 4743,202009,Sim,Sim,2020-09
Empresa 4744,202009,Sim,Sim,2020-09
Empresa 4745,202106,Sim,Sim,2021-06
Empresa 4746,202106,Sim,Sim,2021-06
Empresa 4747,202203,Sim,Sim,2022-03
Empresa 4748,202112,Sim,Sim,2021-12
Empresa 4749,202011,Sim,Sim,2020-11
Empresa 475,202012,Sim,Sim,2020-12
Empresa 4750,202011,Sim,Sim,2020-11
Empresa 4751,202009,Sim,Sim,2020-09
Empresa 4752,202102,Sim,Sim,2021-02
Empresa 4753,202106,Sim,Sim,2021-06
Empresa 4754,202009,Sim,Sim,2020-09
Empresa 4755,202105,Sim,Sim,2021-05
Empresa 4756,202102,Sim,Sim,2021-02
Empresa 4757,202205,Sim,Sim,2022-05
Empresa 4758,202107,Sim,Sim,2021-07
Empresa 4759,202010,Sim,Sim,2020-10
Empresa 476,202101,Sim,Sim,2021-01
Empresa 4760,202009,Sim,Sim,2020-09
Empresa 4761,202103,Sim,Sim,2021-03
Empresa 4762,202103,Sim,Sim,2021-03
Empresa 4763,202204,Sim,Sim,2022-04
Empresa 4764,202105,Sim,Sim,2021-05
Empresa 4765,202009,Sim,Sim,2020-09
Empresa 4766,202105,Sim,Sim,2021-05
Empresa 4767,202109,Sim,Sim,2021-09
Empresa 4768,202009,Sim,Sim,2020-09
Empresa 4769,202107,Sim,Sim,2021-07
Empresa 477,202202,Sim,Sim,2022-02
Empresa 4770,202009,Sim,Sim,2020-09
Empresa 4771,202010,Sim,Sim,2020-10
Empresa 4772,202204,Sim,Sim,2022-04
Empresa 4773,202011,Sim,Sim,2020-11
Empresa 4774,202010,Sim,Sim,2020-10
Empresa 4775,202106,Sim,Sim,2021-06
Empresa 4776,202108,Sim,Sim,2021-08
Empresa 4777,202101,Sim,Sim,2021-01
Empresa 4778,202009,Sim,Sim,2020-09
Empresa 4779,202009,Sim,Sim,2020-09
Empresa 478,202012,Sim,Sim,2020-12
Empresa 4780,202110,Sim,Sim,2021-10
Empresa 4781,202109,Sim,Sim,2021-09
Empresa 4782,202211,Sim,Sim,2022-11
Empresa 4783,202104,Sim,Sim,2021-04
Empresa 4784,202011,Sim,Sim,2020-11
Empresa 4785,202211,Sim,Sim,2022-11
Empresa 4786,202107,Não,Não,2021-07
Empresa 4787,202205,Sim,Sim,2022-05
Empresa 4788,202105,Sim,Sim,2021-05
Empresa 4789,202009,Sim,Sim,2020-09
Empresa 479,202011,Sim,Sim,2020-11
Empresa 4790,202105,Sim,Sim,2021-05
Empresa 4791,202201,Não,Não,2022-01
Empresa 4792,202101,Sim,Sim,2021-01
Empresa 4793,202009,Sim,Sim,2020-09
Empresa 4794,202107,Sim,Sim,2021-07
Empresa 4795,202203,Sim,Sim,2022-03
Empresa 4796,202203,Sim,Sim,2022-03
Empresa 4797,202009,Sim,Sim,2020-09
Empresa 4798,202010,Sim,Sim,2020-10
Empresa 4799,202102,Sim,Sim,2021-02
Empresa 48,202209,Sim,Sim,2022-09
Empresa 480,202307,Não,Não,2023-07
Empresa 4800,202009,Sim,Sim,2020-09
Empresa 4801,202011,Sim,Sim,2020-11
Empresa 4802,202210,Sim,Sim,2022-10
Empresa 4803,202103,Sim,Sim,2021-03
Empresa 4804,202010,Sim,Sim,2020-10
Empresa 4805,202206,Sim,Sim,2022-06
Empresa 4806,202009,Sim,Sim,2020-09
Empresa 4807,202105,Sim,Sim,2021-05
Empresa 4808,202009,Sim,Sim,2020-09
Empresa 4809,202204,Não,Não,2022-04
Empresa 481,202012,Sim,Sim,2020-12
Empresa 4810,202103,Sim,Sim,2021-03
Empresa 4811,202112,Sim,Sim,2021-12
Empresa 4812,202009,Sim,Sim,2020-09
Empresa 4813,202009,Sim,Sim,2020-09
Empresa 4814,202009,Sim,Sim,2020-09
Empresa 4815,202102,Sim,Sim,2021-02
Empresa 4816,202306,Não,Sim,2023-06
Empresa 4817,202106,Sim,Sim,2021-06
Empresa 4818,202106,Sim,Sim,2021-06
Empresa 4819,202205,Sim,Sim,2022-05
Empresa 482,202303,Sim,Sim,2023-03
Empresa 4820,202009,Sim,Sim,2020-09
Empresa 4821,202203,Não,Não,2022-03
Empresa 4822,202010,Sim,Sim,2020-10
Empresa 4823,202112,Sim,Sim,2021-12
Empresa 4824,202103,Sim,Sim,2021-03
Empresa 4825,202101,Sim,Sim,2021-01
Empresa 4826,202307,Não,Sim,2023-07
Empresa 4827,202009,Sim,Sim,2020-09
Empresa 4828,202108,Sim,Sim,2021-08
Empresa 4829,202109,Sim,Sim,2021-09
Empresa 483,202012,Sim,Sim,2020-12
Empresa 4830,202010,Sim,Sim,2020-10
Empresa 4831,202106,Sim,Sim,2021-06
Empresa 4832,202201,Não,Não,2022-01
Empresa 4833,202109,Sim,Sim,2021-09
Empresa 4834,202010,Sim,Sim,2020-10
Empresa 4835,202101,Sim,Sim,2021-01
Empresa 4836,202107,Sim,Sim,2021-07
Empresa 4837,202203,Sim,Sim,2022-03
Empresa 4838,202208,Sim,Sim,2022-08
Empresa 4839,202212,Sim,Sim,2022-12
Empresa 484,202206,Não,Não,2022-06
Empresa 4840,202102,Sim,Sim,2021-02
Empresa 4841,202106,Sim,Sim,2021-06
Empresa 4842,202105,Sim,Sim,2021-05
Empresa 4843,202206,Sim,Sim,2022-06
Empresa 4844,202009,Sim,Sim,2020-09
Empresa 4845,202108,Sim,Sim,2021-08
Empresa 4846,202107,Sim,Sim,2021-07
Empresa 4847,202007,Sim,Sim,2020-07
Empresa 4848,202210,Sim,Sim,2022-10
Empresa 4849,202105,Sim,Sim,2021-05
Empresa 485,202101,Sim,Sim,2021-01
Empresa 4850,202009,Sim,Sim,2020-09
Empresa 4851,202205,Sim,Sim,2022-05
Empresa 4852,202106,Sim,Sim,2021-06
Empresa 4853,202104,Sim,Sim,2021-04
Empresa 4854,202009,Sim,Sim,2020-09
Empresa 4855,202011,Sim,Sim,2020-11
Empresa 4856,202212,Sim,Sim,2022-12
Empresa 4857,202009,Sim,Sim,2020-09
Empresa 4858,202210,Sim,Sim,2022-10
Empresa 4859,202105,Sim,Sim,2021-05
Empresa 486,202204,Sim,Sim,2022-04
Empresa 4860,202202,Sim,Sim,2022-02
Empresa 4861,202010,Sim,Sim,2020-10
Empresa 4862,202110,Sim,Sim,2021-10
Empresa 4863,202107,Sim,Sim,2021-07
Empresa 4864,202010,Sim,Sim,2020-10
Empresa 4865,202103,Sim,Sim,2021-03
Empresa 4866,202208,Sim,Sim,2022-08
Empresa 4867,202009,Sim,Sim,2020-09
Empresa 4868,202101,Sim,Sim,2021-01
Empresa 4869,202010,Sim,Sim,2020-10
Empresa 487,202206,Sim,Sim,2022-06
Empresa 4870,202212,Sim,Sim,2022-12
Empresa 4871,202210,Sim,Sim,2022-10
Empresa 4872,202101,Sim,Sim,2021-01
Empresa 4873,202011,Sim,Sim,2020-11
Empresa 4874,202102,Sim,Sim,2021-02
Empresa 4875,202112,Sim,Sim,2021-12
Empresa 4876,202105,Sim,Sim,2021-05
Empresa 4877,202009,Sim,Sim,2020-09
Empresa 4878,202203,Sim,Sim,2022-03
Empresa 4879,202105,Sim,Sim,2021-05
Empresa 488,202012,Sim,Sim,2020-12
Empresa 4880,202212,Sim,Sim,2022-12
Empresa 4881,202203,Sim,Sim,2022-03
Empresa 4882,202107,Sim,Sim,2021-07
Empresa 4883,202112,Sim,Sim,2021-12
Empresa 4884,202202,Sim,Sim,2022-02
Empresa 4885,202110,Sim,Sim,2021-10
Empresa 4886,202107,Sim,Sim,2021-07
Empresa 4887,202205,Sim,Sim,2022-05
Empresa 4888,202010,Sim,Sim,2020-10
Empresa 4889,202205,Sim,Sim,2022-05
Empresa 489,202303,Sim,Sim,2023-03
Empresa 4890,202109,Sim,Sim,2021-09
Empresa 4891,202205,Sim,Sim,2022-05
Empresa 4892,202206,Sim,Sim,2022-06
Empresa 4893,202201,Sim,Sim,2022-01
Empresa 4894,202303,Não,Sim,2023-03
Empresa 4895,202110,Sim,Sim,2021-10
Empresa 4896,202208,Sim,Sim,2022-08
Empresa 4897,202301,Sim,Sim,2023-01
Empresa 4898,202201,Sim,Sim,2022-01
Empresa 4899,202209,Sim,Sim,2022-09
Empresa 49,202208,Sim,Sim,2022-08
Empresa 490,202012,Sim,Sim,2020-12
Empresa 4900,202209,Sim,Sim,2022-09
Empresa 4901,202010,Sim,Sim,2020-10
Empresa 4902,202205,Sim,Sim,2022-05
Empresa 4903,202206,Sim,Sim,2022-06
Empresa 4904,202205,Sim,Sim,2022-05
Empresa 4905,202011,Sim,Sim,2020-11
Empresa 4906,202105,Não,Não,2021-05
Empresa 4907,202105,Não,Não,2021-05
Empresa 4908,202009,Sim,Sim,2020-09
Empresa 4909,202105,Sim,Sim,2021-05
Empresa 491,202012,Sim,Sim,2020-12
Empresa 4910,202106,Sim,Sim,2021-06
Empresa 4911,202105,Sim,Sim,2021-05
Empresa 4912,202105,Sim,Sim,2021-05
Empresa 4913,202105,Sim,Sim,2021-05
Empresa 4914,202009,Sim,Sim,2020-09
Empresa 4915,202303,Não,Não,2023-03
Empresa 4916,202303,Não,Não,2023-03
Empresa 4917,202011,Sim,Sim,2020-11
Empresa 4918,202101,Sim,Sim,2021-01
Empresa 4919,202103,Sim,Sim,2021-03
Empresa 492,202305,Sim,Sim,2023-05
Empresa 4920,202309,Não,Sim,2023-09
Empresa 4921,202103,Sim,Sim,2021-03
Empresa 4922,202304,Não,Não,2023-04
Empresa 4923,202009,Sim,Sim,2020-09
Empresa 4924,202211,Sim,Sim,2022-11
Empresa 4925,202011,Sim,Sim,2020-11
Empresa 4926,202106,Sim,Sim,2021-06
Empresa 4927,202011,Não,Não,2020-11
Empresa 4928,202212,Sim,Sim,2022-12
Empresa 4929,202302,Sim,Sim,2023-02
Empresa 493,202304,Sim,Sim,2023-04
Empresa 4930,202106,Sim,Sim,2021-06
Empresa 4931,202209,Sim,Sim,2022-09
Empresa 4932,202109,Sim,Sim,2021-09
Empresa 4933,202109,Sim,Sim,2021-09
Empresa 4934,202010,Sim,Sim,2020-10
Empresa 4935,202009,Sim,Sim,2020-09
Empresa 4936,202209,Sim,Sim,2022-09
Empresa 4937,202206,Sim,Sim,2022-06
Empresa 4938,202010,Sim,Sim,2020-10
Empresa 4939,202106,Sim,Sim,2021-06
Empresa 494,202011,Sim,Sim,2020-11
Empresa 4940,202301,Sim,Sim,2023-01
Empresa 4941,202010,Sim,Sim,2020-10
Empresa 4942,202103,Sim,Sim,2021-03
Empresa 4943,202012,Sim,Sim,2020-12
Empresa 4944,202009,Sim,Sim,2020-09
Empresa 4945,202209,Sim,Sim,2022-09
Empresa 4946,202102,Sim,Sim,2021-02
Empresa 4947,202201,Sim,Sim,2022-01
Empresa 4948,202211,Sim,Sim,2022-11
Empresa 4949,202110,Sim,Sim,2021-10
Empresa 495,202102,Sim,Sim,2021-02
Empresa 4950,202009,Sim,Sim,2020-09
Empresa 4951,202206,Sim,Sim,2022-06
Empresa 4952,202203,Sim,Sim,2022-03
Empresa 4953,202010,Sim,Sim,2020-10
Empresa 4954,202204,Não,Não,2022-04
Empresa 4955,202010,Sim,Sim,2020-10
Empresa 4956,202202,Sim,Sim,2022-02
Empresa 4957,202205,Sim,Sim,2022-05
Empresa 4958,202010,Sim,Sim,2020-10
Empresa 4959,202110,Sim,Sim,2021-10
Empresa 496,202305,Não,Não,2023-05
Empresa 4960,202111,Sim,Sim,2021-11
Empresa 4961,202201,Sim,Sim,2022-01
Empresa 4962,202105,Sim,Sim,2021-05
Empresa 4963,202201,Sim,Sim,2022-01
Empresa 4964,202011,Sim,Sim,2020-11
Empresa 4965,202009,Sim,Sim,2020-09
Empresa 4966,202205,Sim,Sim,2022-05
Empresa 4967,202011,Sim,Sim,2020-11
Empresa 4968,202201,Sim,Sim,2022-01
Empresa 4969,202205,Não,Sim,2022-05
Empresa 497,202305,Sim,Sim,2023-05
Empresa 4970,202102,Sim,Sim,2021-02
Empresa 4971,202101,Sim,Sim,2021-01
Empresa 4972,202102,Sim,Sim,2021-02
Empresa 4973,202106,Sim,Sim,2021-06
Empresa 4974,202009,Sim,Sim,2020-09
Empresa 4975,202010,Sim,Sim,2020-10
Empresa 4976,202103,Sim,Sim,2021-03
Empresa 4977,202202,Sim,Sim,2022-02
Empresa 4978,202201,Sim,Sim,2022-01
Empresa 4979,202103,Sim,Sim,2021-03
Empresa 498,202103,Sim,Sim,2021-03
Empresa 4980,202106,Sim,Sim,2021-06
Empresa 4981,202107,Sim,Sim,2021-07
Empresa 4982,202107,Sim,Sim,2021-07
Empresa 4983,202107,Sim,Sim,2021-07
Empresa 4984,202010,Sim,Sim,2020-10
Empresa 4985,202302,Sim,Sim,2023-02
Empresa 4986,202309,Não,Sim,2023-09
Empresa 4987,202009,Sim,Sim,2020-09
Empresa 4988,202308,Não,Não,2023-08
Empresa 4989,202308,Não,Não,2023-08
Empresa 499,202112,Sim,Sim,2021-12
Empresa 4990,202303,Não,Não,2023-03
Empresa 4991,202011,Sim,Sim,2020-11
Empresa 4992,202303,Não,Sim,2023-03
Empresa 4993,202204,Sim,Sim,2022-04
Empresa 4994,202010,Sim,Sim,2020-10
Empresa 4995,202310,Não,Não,2023-10
Empresa 4996,202009,Sim,Sim,2020-09
Empresa 4997,202106,Sim,Sim,2021-06
Empresa 4998,202108,Sim,Sim,2021-08
Empresa 4999,202308,Não,Não,2023-08
Empresa 5,202301,Sim,Sim,2023-01
Empresa 50,202301,Sim,Sim,2023-01
Empresa 500,202011,Sim,Sim,2020-11
Empresa 5000,202010,Sim,Sim,2020-10
Empresa 5001,202203,Sim,Sim,2022-03
Empresa 5002,202010,Sim,Sim,2020-10
Empresa 5003,202105,Sim,Sim,2021-05
Empresa 5004,202011,Sim,Sim,2020-11
Empresa 5005,202205,Sim,Sim,2022-05
Empresa 5006,202201,Sim,Sim,2022-01
Empresa 5007,202009,Sim,Sim,2020-09
Empresa 5008,202205,Sim,Sim,2022-05
Empresa 5009,202303,Sim,Sim,2023-03
Empresa 501,202011,Sim,Sim,2020-11
Empresa 5010,202303,Sim,Sim,2023-03
Empresa 5011,202305,Não,Sim,2023-05
Empresa 5012,202301,Sim,Sim,2023-01
Empresa 5013,202302,Sim,Sim,2023-02
Empresa 5014,202009,Sim,Sim,2020-09
Empresa 5015,202209,Sim,Sim,2022-09
Empresa 5016,202106,Sim,Sim,2021-06
Empresa 5017,202101,Sim,Sim,2021-01
Empresa 5018,202009,Sim,Sim,2020-09
Empresa 5019,202010,Sim,Sim,2020-10
Empresa 502,202101,Sim,Sim,2021-01
Empresa 5020,202101,Sim,Sim,2021-01
Empresa 5021,202010,Sim,Sim,2020-10
Empresa 5022,202104,Sim,Sim,2021-04
Empresa 5023,202207,Não,Sim,2022-07
Empresa 5024,202303,Sim,Sim,2023-03
Empresa 5025,202112,Sim,Sim,2021-12
Empresa 5026,202012,Sim,Sim,2020-12
Empresa 5027,202105,Sim,Sim,2021-05
Empresa 5028,202202,Sim,Sim,2022-02
Empresa 5029,202011,Sim,Sim,2020-11
Empresa 503,202305,Sim,Sim,2023-05
Empresa 5030,202211,Sim,Sim,2022-11
Empresa 5031,202206,Sim,Sim,2022-06
Empresa 5032,202303,Sim,Sim,2023-03
Empresa 5033,202304,Sim,Sim,2023-04
Empresa 5034,202010,Sim,Sim,2020-10
Empresa 5035,202010,Sim,Sim,2020-10
Empresa 5036,202109,Sim,Sim,2021-09
Empresa 5037,202304,Sim,Sim,2023-04
Empresa 5038,202304,Sim,Sim,2023-04
Empresa 5039,202108,Sim,Sim,2021-08
Empresa 504,202206,Sim,Sim,2022-06
Empresa 5040,202202,Sim,Sim,2022-02
Empresa 5041,202111,Sim,Sim,2021-11
Empresa 5042,202010,Sim,Sim,2020-10
Empresa 5043,202210,Sim,Sim,2022-10
Empresa 5044,202108,Sim,Sim,2021-08
Empresa 5045,202303,Sim,Sim,2023-03
Empresa 5046,202009,Sim,Sim,2020-09
Empresa 5047,202308,Não,Não,2023-08
Empresa 5048,202109,Sim,Sim,2021-09
Empresa 5049,202103,Sim,Sim,2021-03
Empresa 505,202101,Sim,Sim,2021-01
Empresa 5050,202304,Sim,Sim,2023-04
Empresa 5051,202205,Sim,Sim,2022-05
Empresa 5052,202010,Sim,Sim,2020-10
Empresa 5053,202105,Sim,Sim,2021-05
Empresa 5054,202305,Sim,Sim,2023-05
Empresa 5055,202304,Sim,Sim,2023-04
Empresa 5056,202112,Sim,Sim,2021-12
Empresa 5057,202304,Sim,Sim,2023-04
Empresa 5058,202011,Sim,Sim,2020-11
Empresa 5059,202304,Sim,Sim,2023-04
Empresa 506,202101,Sim,Sim,2021-01
Empresa 5060,202303,Sim,Sim,2023-03
Empresa 5061,202301,Sim,Sim,2023-01
Empresa 5062,202106,Sim,Sim,2021-06
Empresa 5063,202305,Sim,Sim,2023-05
Empresa 5064,202201,Sim,Sim,2022-01
Empresa 5065,202304,Sim,Sim,2023-04
Empresa 5066,202305,Sim,Sim,2023-05
Empresa 5067,202305,Sim,Sim,2023-05
Empresa 5068,202306,Sim,Sim,2023-06
Empresa 5069,202305,Sim,Sim,2023-05
Empresa 507,202306,Sim,Sim,2023-06
Empresa 5070,202306,Sim,Sim,2023-06
Empresa 5071,202303,Sim,Sim,2023-03
Empresa 5072,202010,Sim,Sim,2020-10
Empresa 5073,202204,Sim,Sim,2022-04
Empresa 5074,202305,Sim,Sim,2023-05
Empresa 5075,202306,Sim,Sim,2023-06
Empresa 5076,202009,Sim,Sim,2020-09
Empresa 5077,202304,Sim,Sim,2023-04
Empresa 5078,202305,Sim,Sim,2023-05
Empresa 5079,202209,Sim,Sim,2022-09
Empresa 508,202204,Sim,Sim,2022-04
Empresa 5080,202305,Sim,Sim,2023-05
Empresa 5081,202303,Sim,Sim,2023-03
Empresa 5082,202108,Sim,Sim,2021-08
Empresa 5083,202303,Sim,Sim,2023-03
Empresa 5084,202207,Sim,Sim,2022-07
Empresa 5085,202205,Sim,Sim,2022-05
Empresa 5086,202305,Sim,Sim,2023-05
Empresa 5087,202305,Sim,Sim,2023-05
Empresa 5088,202112,Sim,Sim,2021-12
Empresa 5089,202304,Sim,Sim,2023-04
Empresa 509,202208,Sim,Sim,2022-08
Empresa 5090,202305,Sim,Sim,2023-05
Empresa 5091,202305,Sim,Sim,2023-05
Empresa 5092,202305,Sim,Sim,2023-05
Empresa 5093,202301,Sim,Sim,2023-01
Empresa 5094,202306,Sim,Sim,2023-06
Empresa 5095,202307,Sim,Sim,2023-07
Empresa 5096,202308,Não,Não,2023-08
Empresa 5097,202306,Não,Não,2023-06
Empresa 5098,202107,Sim,Sim,2021-07
Empresa 5099,202109,Sim,Sim,2021-09
Empresa 51,202208,Sim,Sim,2022-08
Empresa 510,202307,Sim,Sim,2023-07
Empresa 5100,202306,Sim,Sim,2023-06
Empresa 5101,202306,Sim,Sim,2023-06
Empresa 5102,202305,Sim,Sim,2023-05
Empresa 5103,202009,Sim,Sim,2020-09
Empresa 5104,202104,Não,Não,2021-04
Empresa 5105,202307,Sim,Sim,2023-07
Empresa 5106,202307,Sim,Sim,2023-07
Empresa 5107,202307,Sim,Sim,2023-07
Empresa 5108,202307,Sim,Sim,2023-07
Empresa 5109,202306,Sim,Sim,2023-06
Empresa 511,202101,Sim,Sim,2021-01
Empresa 5110,202307,Sim,Sim,2023-07
Empresa 5111,202305,Sim,Sim,2023-05
Empresa 5112,202211,Sim,Sim,2022-11
Empresa 5113,202107,Sim,Sim,2021-07
Empresa 5114,202209,Sim,Sim,2022-09
Empresa 5115,202303,Sim,Sim,2023-03
Empresa 5116,202307,Sim,Sim,2023-07
Empresa 5117,202009,Sim,Sim,2020-09
Empresa 5118,202307,Sim,Sim,2023-07
Empresa 5119,202307,Sim,Sim,2023-07
Empresa 512,202011,Sim,Sim,2020-11
Empresa 5120,202308,Sim,Sim,2023-08
Empresa 5121,202304,Sim,Sim,2023-04
Empresa 5122,202111,Sim,Sim,2021-11
Empresa 5123,202304,Sim,Sim,2023-04
Empresa 5124,202010,Sim,Sim,2020-10
Empresa 5125,202009,Sim,Sim,2020-09
Empresa 5126,202307,Sim,Sim,2023-07
Empresa 5127,202308,Sim,Sim,2023-08
Empresa 5128,202307,Sim,Sim,2023-07
Empresa 5129,202307,Sim,Sim,2023-07
Empresa 513,202105,Sim,Sim,2021-05
Empresa 5130,202308,Sim,Sim,2023-08
Empresa 5131,202308,Sim,Sim,2023-08
Empresa 5132,202011,Sim,Sim,2020-11
Empresa 5133,202308,Sim,Sim,2023-08
Empresa 5134,202305,Sim,Sim,2023-05
Empresa 5135,202308,Sim,Sim,2023-08
Empresa 5136,202307,Sim,Sim,2023-07
Empresa 5137,202305,Sim,Sim,2023-05
Empresa 5138,202306,Sim,Sim,2023-06
Empresa 5139,202205,Sim,Sim,2022-05
Empresa 514,202105,Sim,Sim,2021-05
Empresa 5140,202308,Não,Sim,2023-08
Empresa 5141,202308,Sim,Sim,2023-08
Empresa 5142,202307,Sim,Sim,2023-07
Empresa 5143,202303,Sim,Sim,2023-03
Empresa 5144,202203,Sim,Sim,2022-03
Empresa 5145,202101,Sim,Sim,2021-01
Empresa 5146,202308,Sim,Sim,2023-08
Empresa 5147,202308,Sim,Sim,2023-08
Empresa 5148,202309,Sim,Sim,2023-09
Empresa 5149,202301,Sim,Sim,2023-01
Empresa 515,202306,Sim,Sim,2023-06
Empresa 5150,202307,Sim,Sim,2023-07
Empresa 5151,202309,Sim,Sim,2023-09
Empresa 5152,202103,Sim,Sim,2021-03
Empresa 5153,202309,Sim,Sim,2023-09
Empresa 5154,202308,Sim,Sim,2023-08
Empresa 5155,202304,Sim,Sim,2023-04
Empresa 5156,202308,Sim,Sim,2023-08
Empresa 5157,202009,Sim,Sim,2020-09
Empresa 5158,202305,Sim,Sim,2023-05
Empresa 5159,202308,Sim,Sim,2023-08
Empresa 516,202307,Sim,Sim,2023-07
Empresa 5160,202305,Sim,Sim,2023-05
Empresa 5161,202303,Sim,Sim,2023-03
Empresa 5162,202009,Sim,Sim,2020-09
Empresa 5163,202309,Sim,Sim,2023-09
Empresa 5164,202111,Sim,Sim,2021-11
Empresa 5165,202309,Sim,Sim,2023-09
Empresa 5166,202309,Sim,Sim,2023-09
Empresa 5167,202310,Sim,Sim,2023-10
Empresa 5168,202304,Sim,Sim,2023-04
Empresa 5169,202209,Sim,Sim,2022-09
Empresa 517,202306,Sim,Sim,2023-06
Empresa 5170,202305,Sim,Sim,2023-05
Empresa 5171,202309,Sim,Sim,2023-09
Empresa 5172,202307,Sim,Sim,2023-07
Empresa 5173,202303,Sim,Sim,2023-03
Empresa 5174,202310,Sim,Sim,2023-10
Empresa 5175,202112,Sim,Sim,2021-12
Empresa 5176,202306,Não,Sim,2023-06
Empresa 5177,202309,Sim,Sim,2023-09
Empresa 5178,202310,Não,Sim,2023-10
Empresa 5179,202311,Não,Sim,2023-11
Empresa 518,202306,Sim,Sim,2023-06
Empresa 5180,202104,Sim,Sim,2021-04
Empresa 5181,202303,Sim,Sim,2023-03
Empresa 5182,202304,Não,Sim,2023-04
Empresa 5183,202201,Sim,Sim,2022-01
Empresa 5184,202310,Sim,Sim,2023-10
Empresa 5186,202311,Não,Sim,2023-11
Empresa 5187,202310,Não,Sim,2023-10
Empresa 519,202306,Sim,Sim,2023-06
Empresa 5190,202206,Sim,Sim,2022-06
Empresa 5191,202204,Sim,Sim,2022-04
Empresa 5192,202301,Sim,Sim,2023-01
Empresa 5193,202210,Sim,Sim,2022-10
Empresa 5194,202212,Sim,Sim,2022-12
Empresa 5195,202301,Sim,Sim,2023-01
Empresa 5196,202206,Sim,Sim,2022-06
Empresa 5197,202303,Sim,Sim,2023-03
Empresa 5198,202212,Sim,Sim,2022-12
Empresa 5199,202205,Sim,Sim,2022-05
Empresa 52,202210,Sim,Sim,2022-10
Empresa 520,202308,Sim,Sim,2023-08
Empresa 5200,202304,Sim,Sim,2023-04
Empresa 5201,202206,Sim,Sim,2022-06
Empresa 5202,202205,Sim,Sim,2022-05
Empresa 5203,202211,Não,Sim,2022-11
Empresa 5204,202307,Sim,Sim,2023-07
Empresa 5205,202307,Sim,Sim,2023-07
Empresa 5206,202305,Sim,Sim,2023-05
Empresa 5207,202309,Sim,Sim,2023-09
Empresa 5208,202310,Sim,Sim,2023-10
Empresa 5209,202311,Não,Sim,2023-11
Empresa 521,202308,Sim,Sim,2023-08
Empresa 5210,202210,Sim,Sim,2022-10
Empresa 5211,202202,Sim,Sim,2022-02
Empresa 5212,202301,Sim,Sim,2023-01
Empresa 5213,202202,Sim,Sim,2022-02
Empresa 5214,202202,Sim,Sim,2022-02
Empresa 5215,202307,Sim,Sim,2023-07
Empresa 5216,202210,Sim,Sim,2022-10
Empresa 5217,202308,Sim,Sim,2023-08
Empresa 5218,202308,Sim,Sim,2023-08
Empresa 5219,202204,Sim,Sim,2022-04
Empresa 522,202308,Sim,Sim,2023-08
Empresa 5220,202205,Sim,Sim,2022-05
Empresa 5221,202206,Sim,Sim,2022-06
Empresa 5222,202303,Sim,Sim,2023-03
Empresa 5223,202204,Sim,Sim,2022-04
Empresa 5224,202103,Sim,Sim,2021-03
Empresa 5225,202210,Sim,Sim,2022-10
Empresa 5226,202204,Sim,Sim,2022-04
Empresa 5227,202012,Sim,Sim,2020-12
Empresa 5228,202304,Sim,Sim,2023-04
Empresa 5229,202303,Sim,Sim,2023-03
Empresa 523,202012,Sim,Sim,2020-12
Empresa 5230,202102,Sim,Sim,2021-02
Empresa 5231,202308,Sim,Sim,2023-08
Empresa 5232,202108,Sim,Sim,2021-08
Empresa 5233,202102,Sim,Sim,2021-02
Empresa 5234,202307,Sim,Sim,2023-07
Empresa 5235,202205,Sim,Sim,2022-05
Empresa 5236,202204,Sim,Sim,2022-04
Empresa 5237,202307,Não,Sim,2023-07
Empresa 5238,202206,Sim,Sim,2022-06
Empresa 5239,202306,Sim,Sim,2023-06
Empresa 524,202201,Sim,Sim,2022-01
Empresa 5240,202308,Sim,Sim,2023-08
Empresa 5241,202309,Sim,Sim,2023-09
Empresa 5242,202311,Não,Não,2023-11
Empresa 5243,202207,Sim,Sim,2022-07
Empresa 5244,202208,Sim,Sim,2022-08
Empresa 5245,202210,Sim,Sim,2022-10
Empresa 5246,202209,Sim,Sim,2022-09
Empresa 5247,202301,Sim,Sim,2023-01
Empresa 5248,202208,Sim,Sim,2022-08
Empresa 5249,202301,Sim,Sim,2023-01
Empresa 525,202011,Sim,Sim,2020-11
Empresa 5250,202302,Sim,Sim,2023-02
Empresa 5251,202208,Sim,Sim,2022-08
Empresa 5252,202209,Sim,Sim,2022-09
Empresa 5253,202209,Sim,Sim,2022-09
Empresa 5254,202204,Não,Não,2022-04
Empresa 5255,202012,Sim,Sim,2020-12
Empresa 5256,202109,Sim,Sim,2021-09
Empresa 5257,202012,Sim,Sim,2020-12
Empresa 5258,202012,Sim,Sim,2020-12
Empresa 5259,202011,Sim,Sim,2020-11
Empresa 526,202307,Sim,Sim,2023-07
Empresa 5260,202011,Sim,Sim,2020-11
Empresa 5261,202012,Sim,Sim,2020-12
Empresa 5262,202012,Sim,Sim,2020-12
Empresa 5263,202012,Sim,Sim,2020-12
Empresa 5264,202012,Sim,Sim,2020-12
Empresa 5265,202012,Sim,Sim,2020-12
Empresa 5266,202101,Sim,Sim,2021-01
Empresa 5267,202210,Sim,Sim,2022-10
Empresa 5268,202012,Sim,Sim,2020-12
Empresa 5269,202012,Sim,Sim,2020-12
Empresa 527,202208,Sim,Sim,2022-08
Empresa 5270,202101,Sim,Sim,2021-01
Empresa 5271,202101,Sim,Sim,2021-01
Empresa 5272,202202,Sim,Sim,2022-02
Empresa 5273,202207,Sim,Sim,2022-07
Empresa 5274,202107,Sim,Sim,2021-07
Empresa 5275,202012,Sim,Sim,2020-12
Empresa 5276,202201,Sim,Sim,2022-01
Empresa 5277,202012,Sim,Sim,2020-12
Empresa 5278,202106,Não,Não,2021-06
Empresa 5279,202309,Não,Sim,2023-09
Empresa 528,202307,Não,Não,2023-07
Empresa 5280,202205,Não,Não,2022-05
Empresa 5281,202011,Sim,Sim,2020-11
Empresa 5282,202012,Sim,Sim,2020-12
Empresa 5283,202012,Sim,Sim,2020-12
Empresa 5284,202101,Sim,Sim,2021-01
Empresa 5285,202102,Não,Sim,2021-02
Empresa 5286,202011,Sim,Sim,2020-11
Empresa 5287,202102,Sim,Sim,2021-02
Empresa 5288,202011,Sim,Sim,2020-11
Empresa 5289,202105,Sim,Sim,2021-05
Empresa 529,202307,Sim,Sim,2023-07
Empresa 5290,202110,Sim,Sim,2021-10
Empresa 5291,202012,Sim,Sim,2020-12
Empresa 5292,202203,Sim,Sim,2022-03
Empresa 5293,202012,Sim,Sim,2020-12
Empresa 5294,202012,Sim,Sim,2020-12
Empresa 5295,202012,Sim,Sim,2020-12
Empresa 5296,202101,Sim,Sim,2021-01
Empresa 5297,202101,Sim,Sim,2021-01
Empresa 5298,202301,Sim,Sim,2023-01
Empresa 5299,202105,Sim,Sim,2021-05
Empresa 53,202208,Sim,Sim,2022-08
Empresa 530,202306,Sim,Sim,2023-06
Empresa 5300,202210,Sim,Sim,2022-10
Empresa 5301,202011,Sim,Sim,2020-11
Empresa 5302,202011,Sim,Sim,2020-11
Empresa 5303,202102,Sim,Sim,2021-02
Empresa 5304,202204,Não,Sim,2022-04
Empresa 5305,202012,Sim,Sim,2020-12
Empresa 5306,202205,Não,Não,2022-05
Empresa 5307,202101,Sim,Sim,2021-01
Empresa 5308,202012,Sim,Sim,2020-12
Empresa 5309,202101,Sim,Sim,2021-01
Empresa 531,202012,Sim,Sim,2020-12
Empresa 5310,202111,Sim,Sim,2021-11
Empresa 5311,202111,Sim,Sim,2021-11
Empresa 5312,202012,Sim,Sim,2020-12
Empresa 5313,202011,Sim,Sim,2020-11
Empresa 5314,202108,Sim,Sim,2021-08
Empresa 5315,202305,Não,Não,2023-05
Empresa 5316,202209,Sim,Sim,2022-09
Empresa 5317,202012,Sim,Sim,2020-12
Empresa 5318,202012,Sim,Sim,2020-12
Empresa 5319,202101,Sim,Sim,2021-01
Empresa 532,202309,Sim,Sim,2023-09
Empresa 5320,202202,Sim,Sim,2022-02
Empresa 5321,202012,Sim,Sim,2020-12
Empresa 5322,202012,Sim,Sim,2020-12
Empresa 5323,202308,Não,Não,2023-08
Empresa 5324,202012,Sim,Sim,2020-12
Empresa 5325,202106,Sim,Sim,2021-06
Empresa 5326,202102,Sim,Sim,2021-02
Empresa 5327,202201,Não,Não,2022-01
Empresa 5328,202101,Sim,Sim,2021-01
Empresa 5329,202011,Sim,Sim,2020-11
Empresa 533,202011,Sim,Sim,2020-11
Empresa 5330,202012,Sim,Sim,2020-12
Empresa 5331,202012,Sim,Sim,2020-12
Empresa 5332,202111,Sim,Sim,2021-11
Empresa 5333,202012,Sim,Sim,2020-12
Empresa 5334,202102,Sim,Sim,2021-02
Empresa 5335,202202,Sim,Sim,2022-02
Empresa 5336,202011,Sim,Sim,2020-11
Empresa 5337,202103,Sim,Sim,2021-03
Empresa 5338,202106,Sim,Sim,2021-06
Empresa 5339,202207,Sim,Sim,2022-07
Empresa 534,202101,Sim,Sim,2021-01
Empresa 5340,202011,Sim,Sim,2020-11
Empresa 5341,202111,Sim,Sim,2021-11
Empresa 5342,202012,Sim,Sim,2020-12
Empresa 5343,202212,Sim,Sim,2022-12
Empresa 5344,202206,Sim,Sim,2022-06
Empresa 5345,202012,Sim,Sim,2020-12
Empresa 5346,202201,Sim,Sim,2022-01
Empresa 5347,202207,Sim,Sim,2022-07
Empresa 5348,202012,Sim,Sim,2020-12
Empresa 5349,202012,Sim,Sim,2020-12
Empresa 535,202308,Sim,Sim,2023-08
Empresa 5350,202205,Sim,Sim,2022-05
Empresa 5351,202204,Sim,Sim,2022-04
Empresa 5352,202206,Sim,Sim,2022-06
Empresa 5353,202101,Sim,Sim,2021-01
Empresa 5354,202011,Sim,Sim,2020-11
Empresa 5355,202204,Sim,Sim,2022-04
Empresa 5356,202105,Não,Sim,2021-05
Empresa 5357,202011,Sim,Sim,2020-11
Empresa 5358,202110,Sim,Sim,2021-10
Empresa 5359,202012,Sim,Sim,2020-12
Empresa 536,202105,Sim,Sim,2021-05
Empresa 5360,202012,Sim,Sim,2020-12
Empresa 5361,202012,Sim,Sim,2020-12
Empresa 5362,202012,Sim,Sim,2020-12
Empresa 5363,202205,Sim,Sim,2022-05
Empresa 5364,202012,Sim,Sim,2020-12
Empresa 5365,202108,Sim,Sim,2021-08
Empresa 5366,202012,Sim,Sim,2020-12
Empresa 5367,202011,Sim,Sim,2020-11
Empresa 5368,202211,Sim,Sim,2022-11
Empresa 5369,202103,Sim,Sim,2021-03
Empresa 537,202309,Sim,Sim,2023-09
Empresa 5370,202011,Sim,Sim,2020-11
Empresa 5371,202012,Sim,Sim,2020-12
Empresa 5372,202101,Sim,Sim,2021-01
Empresa 5373,202012,Sim,Sim,2020-12
Empresa 5374,202012,Sim,Sim,2020-12
Empresa 5375,202206,Sim,Sim,2022-06
Empresa 5376,202204,Sim,Sim,2022-04
Empresa 5377,202109,Sim,Sim,2021-09
Empresa 5378,202106,Sim,Sim,2021-06
Empresa 5379,202101,Sim,Sim,2021-01
Empresa 538,202302,Sim,Sim,2023-02
Empresa 5380,202107,Sim,Sim,2021-07
Empresa 5381,202012,Sim,Sim,2020-12
Empresa 5382,202011,Sim,Sim,2020-11
Empresa 5383,202012,Sim,Sim,2020-12
Empresa 5384,202012,Sim,Sim,2020-12
Empresa 5385,202301,Sim,Sim,2023-01
Empresa 5386,202012,Sim,Sim,2020-12
Empresa 5387,202207,Sim,Sim,2022-07
Empresa 5388,202012,Sim,Sim,2020-12
Empresa 5389,202012,Sim,Sim,2020-12
Empresa 539,202105,Sim,Sim,2021-05
Empresa 5390,202210,Sim,Sim,2022-10
Empresa 5391,202012,Sim,Sim,2020-12
Empresa 5392,202210,Sim,Sim,2022-10
Empresa 5393,202012,Sim,Sim,2020-12
Empresa 5394,202012,Sim,Sim,2020-12
Empresa 5395,202103,Sim,Sim,2021-03
Empresa 5396,202205,Sim,Sim,2022-05
Empresa 5397,202011,Sim,Sim,2020-11
Empresa 5398,202105,Sim,Sim,2021-05
Empresa 5399,202112,Sim,Sim,2021-12
Empresa 54,202208,Sim,Sim,2022-08
Empresa 540,202308,Sim,Sim,2023-08
Empresa 5400,202307,Não,Não,2023-07
Empresa 5401,202104,Sim,Sim,2021-04
Empresa 5402,202011,Sim,Sim,2020-11
Empresa 5403,202012,Sim,Sim,2020-12
Empresa 5404,202012,Sim,Sim,2020-12
Empresa 5405,202012,Sim,Sim,2020-12
Empresa 5406,202101,Sim,Sim,2021-01
Empresa 5407,202102,Sim,Sim,2021-02
Empresa 5408,202012,Sim,Sim,2020-12
Empresa 5409,202012,Sim,Sim,2020-12
Empresa 541,202310,Sim,Sim,2023-10
Empresa 5410,202012,Sim,Sim,2020-12
Empresa 5411,202210,Sim,Sim,2022-10
Empresa 5412,202209,Sim,Sim,2022-09
Empresa 5413,202101,Sim,Sim,2021-01
Empresa 5414,202012,Sim,Sim,2020-12
Empresa 5415,202201,Não,Não,2022-01
Empresa 5416,202209,Sim,Sim,2022-09
Empresa 5417,202201,Não,Não,2022-01
Empresa 5418,202109,Sim,Sim,2021-09
Empresa 5419,202101,Sim,Sim,2021-01
Empresa 542,202308,Sim,Sim,2023-08
Empresa 5420,202012,Sim,Sim,2020-12
Empresa 5421,202012,Sim,Sim,2020-12
Empresa 5422,202011,Sim,Sim,2020-11
Empresa 5423,202310,Não,Sim,2023-10
Empresa 5424,202012,Sim,Sim,2020-12
Empresa 5425,202201,Sim,Sim,2022-01
Empresa 5426,202205,Sim,Sim,2022-05
Empresa 5427,202101,Sim,Sim,2021-01
Empresa 5428,202212,Sim,Sim,2022-12
Empresa 5429,202012,Sim,Sim,2020-12
Empresa 543,202209,Sim,Sim,2022-09
Empresa 5430,202210,Sim,Sim,2022-10
Empresa 5431,202101,Sim,Sim,2021-01
Empresa 5432,202012,Sim,Sim,2020-12
Empresa 5433,202208,Sim,Sim,2022-08
Empresa 5434,202112,Sim,Sim,2021-12
Empresa 5435,202012,Sim,Sim,2020-12
Empresa 5436,202012,Sim,Sim,2020-12
Empresa 5437,202012,Sim,Sim,2020-12
Empresa 5438,202012,Sim,Sim,2020-12
Empresa 5439,202308,Não,Não,2023-08
Empresa 544,202310,Sim,Sim,2023-10
Empresa 5440,202107,Sim,Sim,2021-07
Empresa 5441,202101,Sim,Sim,2021-01
Empresa 5442,202011,Sim,Sim,2020-11
Empresa 5443,202101,Sim,Sim,2021-01
Empresa 5444,202203,Sim,Sim,2022-03
Empresa 5445,202012,Sim,Sim,2020-12
Empresa 5446,202205,Sim,Sim,2022-05
Empresa 5447,202012,Sim,Sim,2020-12
Empresa 5448,202111,Sim,Sim,2021-11
Empresa 5449,202206,Sim,Sim,2022-06
Empresa 545,202310,Sim,Sim,2023-10
Empresa 5450,202211,Sim,Sim,2022-11
Empresa 5451,202212,Sim,Sim,2022-12
Empresa 5452,202011,Sim,Sim,2020-11
Empresa 5453,202012,Sim,Sim,2020-12
Empresa 5454,202012,Sim,Sim,2020-12
Empresa 5455,202012,Sim,Sim,2020-12
Empresa 5456,202211,Sim,Sim,2022-11
Empresa 5457,202012,Sim,Sim,2020-12
Empresa 5458,202105,Sim,Sim,2021-05
Empresa 5459,202012,Sim,Sim,2020-12
Empresa 5460,202006,Não,Não,2020-06
Empresa 5461,202111,Sim,Sim,2021-11
Empresa 5462,202012,Sim,Sim,2020-12
Empresa 5463,202102,Sim,Sim,2021-02
Empresa 5464,202012,Sim,Sim,2020-12
Empresa 5465,202012,Sim,Sim,2020-12
Empresa 5466,202106,Sim,Sim,2021-06
Empresa 5467,202012,Sim,Sim,2020-12
Empresa 5468,202211,Sim,Sim,2022-11
Empresa 5469,202012,Sim,Sim,2020-12
Empresa 547,202209,Sim,Sim,2022-09
Empresa 5470,202107,Sim,Sim,2021-07
Empresa 5471,202209,Sim,Sim,2022-09
Empresa 5472,202103,Sim,Sim,2021-03
Empresa 5473,202012,Sim,Sim,2020-12
Empresa 5474,202012,Não,Não,2020-12
Empresa 5475,202101,Sim,Sim,2021-01
Empresa 5476,202203,Sim,Sim,2022-03
Empresa 5477,202012,Sim,Sim,2020-12
Empresa 5478,202012,Sim,Sim,2020-12
Empresa 5479,202210,Sim,Sim,2022-10
Empresa 548,202202,Sim,Sim,2022-02
Empresa 5480,202012,Sim,Sim,2020-12
Empresa 5481,202209,Sim,Sim,2022-09
Empresa 5482,202012,Sim,Sim,2020-12
Empresa 5483,202012,Sim,Sim,2020-12
Empresa 5484,202101,Sim,Sim,2021-01
Empresa 5485,202012,Sim,Sim,2020-12
Empresa 5486,202012,Sim,Sim,2020-12
Empresa 5487,202204,Sim,Sim,2022-04
Empresa 5488,202012,Sim,Sim,2020-12
Empresa 5489,202012,Sim,Sim,2020-12
Empresa 549,202301,Sim,Sim,2023-01
Empresa 5490,202012,Sim,Sim,2020-12
Empresa 5491,202012,Sim,Sim,2020-12
Empresa 5492,202111,Sim,Sim,2021-11
Empresa 5493,202011,Sim,Sim,2020-11
Empresa 5494,202207,Sim,Sim,2022-07
Empresa 5495,202102,Sim,Sim,2021-02
Empresa 5496,202012,Sim,Sim,2020-12
Empresa 5497,202012,Sim,Sim,2020-12
Empresa 5498,202102,Sim,Sim,2021-02
Empresa 5499,202308,Não,Não,2023-08
Empresa 55,202210,Sim,Sim,2022-10
Empresa 550,202211,Sim,Sim,2022-11
Empresa 5500,202112,Sim,Sim,2021-12
Empresa 5501,202107,Sim,Sim,2021-07
Empresa 5502,202012,Sim,Sim,2020-12
Empresa 5503,202212,Sim,Sim,2022-12
Empresa 5504,202012,Sim,Sim,2020-12
Empresa 5505,202012,Sim,Sim,2020-12
Empresa 5506,202012,Sim,Sim,2020-12
Empresa 5507,202110,Sim,Sim,2021-10
Empresa 5508,202111,Sim,Sim,2021-11
Empresa 5509,202012,Sim,Sim,2020-12
Empresa 551,202212,Sim,Sim,2022-12
Empresa 5510,202108,Sim,Sim,2021-08
Empresa 5511,202012,Sim,Sim,2020-12
Empresa 5512,202101,Sim,Sim,2021-01
Empresa 5514,202011,Sim,Sim,2020-11
Empresa 5515,202012,Sim,Sim,2020-12
Empresa 5516,202011,Sim,Sim,2020-11
Empresa 5517,202101,Sim,Sim,2021-01
Empresa 5518,202102,Sim,Sim,2021-02
Empresa 5519,202012,Sim,Sim,2020-12
Empresa 552,202301,Sim,Sim,2023-01
Empresa 5520,202308,Não,Não,2023-08
Empresa 5521,202012,Sim,Sim,2020-12
Empresa 5522,202102,Sim,Sim,2021-02
Empresa 5523,202202,Sim,Sim,2022-02
Empresa 5524,202012,Sim,Sim,2020-12
Empresa 5525,202012,Sim,Sim,2020-12
Empresa 5526,202212,Sim,Sim,2022-12
Empresa 5527,202112,Sim,Sim,2021-12
Empresa 5528,202112,Sim,Sim,2021-12
Empresa 5529,202104,Sim,Sim,2021-04
Empresa 553,202211,Sim,Sim,2022-11
Empresa 5530,202012,Sim,Sim,2020-12
Empresa 5531,202012,Sim,Sim,2020-12
Empresa 5532,202012,Sim,Sim,2020-12
Empresa 5533,202012,Sim,Sim,2020-12
Empresa 5534,202112,Sim,Sim,2021-12
Empresa 5535,202012,Sim,Sim,2020-12
Empresa 5536,202212,Sim,Sim,2022-12
Empresa 5537,202012,Sim,Sim,2020-12
Empresa 5538,202108,Sim,Sim,2021-08
Empresa 5539,202012,Sim,Sim,2020-12
Empresa 554,202212,Sim,Sim,2022-12
Empresa 5540,202202,Sim,Sim,2022-02
Empresa 5541,202012,Sim,Sim,2020-12
Empresa 5542,202101,Sim,Sim,2021-01
Empresa 5543,202012,Sim,Sim,2020-12
Empresa 5544,202012,Sim,Sim,2020-12
Empresa 5545,202111,Sim,Sim,2021-11
Empresa 5546,202101,Sim,Sim,2021-01
Empresa 5547,202012,Sim,Sim,2020-12
Empresa 5548,202012,Sim,Sim,2020-12
Empresa 5549,202108,Sim,Sim,2021-08
Empresa 555,202211,Sim,Sim,2022-11
Empresa 5550,202106,Sim,Sim,2021-06
Empresa 5551,202112,Sim,Sim,2021-12
Empresa 5552,202112,Sim,Sim,2021-12
Empresa 5553,202107,Sim,Sim,2021-07
Empresa 5554,202012,Sim,Sim,2020-12
Empresa 5555,202202,Sim,Sim,2022-02
Empresa 5556,202210,Sim,Sim,2022-10
Empresa 5557,202109,Sim,Sim,2021-09
Empresa 5558,202203,Sim,Sim,2022-03
Empresa 5559,202102,Sim,Sim,2021-02
Empresa 556,202301,Sim,Sim,2023-01
Empresa 5560,202012,Sim,Sim,2020-12
Empresa 5561,202105,Sim,Sim,2021-05
Empresa 5562,202103,Sim,Sim,2021-03
Empresa 5563,202301,Não,Não,2023-01
Empresa 5564,202107,Sim,Sim,2021-07
Empresa 5565,202109,Sim,Sim,2021-09
Empresa 5566,202101,Sim,Sim,2021-01
Empresa 5567,202101,Sim,Sim,2021-01
Empresa 5568,202206,Sim,Sim,2022-06
Empresa 5569,202108,Sim,Sim,2021-08
Empresa 557,202211,Sim,Sim,2022-11
Empresa 5570,202203,Sim,Sim,2022-03
Empresa 5571,202105,Sim,Sim,2021-05
Empresa 5572,202206,Sim,Sim,2022-06
Empresa 5573,202105,Sim,Sim,2021-05
Empresa 5574,202101,Sim,Sim,2021-01
Empresa 5575,202301,Sim,Sim,2023-01
Empresa 5576,202101,Sim,Sim,2021-01
Empresa 5577,202110,Sim,Sim,2021-10
Empresa 5578,202106,Sim,Sim,2021-06
Empresa 5579,202111,Sim,Sim,2021-11
Empresa 558,202212,Sim,Sim,2022-12
Empresa 5580,202106,Sim,Sim,2021-06
Empresa 5581,202012,Sim,Sim,2020-12
Empresa 5582,202111,Sim,Sim,2021-11
Empresa 5583,202205,Sim,Sim,2022-05
Empresa 5584,202206,Sim,Sim,2022-06
Empresa 5585,202108,Sim,Sim,2021-08
Empresa 5586,202205,Sim,Sim,2022-05
Empresa 5587,202201,Sim,Sim,2022-01
Empresa 5588,202110,Sim,Sim,2021-10
Empresa 5589,202201,Sim,Sim,2022-01
Empresa 559,202211,Sim,Sim,2022-11
Empresa 5590,202303,Não,Não,2023-03
Empresa 5591,202202,Sim,Sim,2022-02
Empresa 5592,202203,Sim,Sim,2022-03
Empresa 5593,202211,Sim,Sim,2022-11
Empresa 5594,202112,Sim,Sim,2021-12
Empresa 5595,202109,Sim,Sim,2021-09
Empresa 5596,202207,Sim,Sim,2022-07
Empresa 5597,202110,Sim,Sim,2021-10
Empresa 5598,202012,Sim,Sim,2020-12
Empresa 5599,202012,Sim,Sim,2020-12
Empresa 56,202302,Sim,Sim,2023-02
Empresa 560,202211,Sim,Sim,2022-11
Empresa 5600,202111,Sim,Sim,2021-11
Empresa 5601,202201,Sim,Sim,2022-01
Empresa 5602,202101,Sim,Sim,2021-01
Empresa 5603,202201,Sim,Sim,2022-01
Empresa 5604,202112,Sim,Sim,2021-12
Empresa 5605,202204,Sim,Sim,2022-04
Empresa 5606,202208,Sim,Sim,2022-08
Empresa 5607,202203,Sim,Sim,2022-03
Empresa 5608,202304,Não,Não,2023-04
Empresa 5609,202202,Sim,Sim,2022-02
Empresa 561,202211,Sim,Sim,2022-11
Empresa 5610,202112,Sim,Sim,2021-12
Empresa 5611,202202,Sim,Sim,2022-02
Empresa 5612,202202,Sim,Sim,2022-02
Empresa 5613,202204,Sim,Sim,2022-04
Empresa 5614,202202,Sim,Sim,2022-02
Empresa 5615,202211,Sim,Sim,2022-11
Empresa 5616,202207,Sim,Sim,2022-07
Empresa 5617,202209,Sim,Sim,2022-09
Empresa 5618,202207,Sim,Sim,2022-07
Empresa 5619,202210,Sim,Sim,2022-10
Empresa 562,202212,Sim,Sim,2022-12
Empresa 5620,202207,Sim,Sim,2022-07
Empresa 5621,202207,Sim,Sim,2022-07
Empresa 5622,202207,Sim,Sim,2022-07
Empresa 5623,202212,Sim,Sim,2022-12
Empresa 5624,202212,Sim,Sim,2022-12
Empresa 5625,202208,Sim,Sim,2022-08
Empresa 5626,202212,Sim,Sim,2022-12
Empresa 5627,202212,Sim,Sim,2022-12
Empresa 5628,202301,Sim,Sim,2023-01
Empresa 5629,202301,Sim,Sim,2023-01
Empresa 563,202211,Sim,Sim,2022-11
Empresa 5630,202212,Sim,Sim,2022-12
Empresa 5631,202304,Não,Não,2023-04
Empresa 5632,202206,Sim,Sim,2022-06
Empresa 5633,202206,Não,Não,2022-06
Empresa 5634,202206,Não,Não,2022-06
Empresa 5635,202206,Não,Sim,2022-06
Empresa 5636,202012,Sim,Sim,2020-12
Empresa 5637,202011,Sim,Sim,2020-11
Empresa 5638,202209,Sim,Sim,2022-09
Empresa 5639,202101,Sim,Sim,2021-01
Empresa 564,202211,Sim,Sim,2022-11
Empresa 5640,202101,Sim,Sim,2021-01
Empresa 5641,202308,Não,Não,2023-08
Empresa 5642,202012,Sim,Sim,2020-12
Empresa 5643,202102,Sim,Sim,2021-02
Empresa 5644,202011,Sim,Sim,2020-11
Empresa 5645,202207,Sim,Sim,2022-07
Empresa 5646,202207,Sim,Sim,2022-07
Empresa 5647,202207,Sim,Sim,2022-07
Empresa 5648,202012,Sim,Sim,2020-12
Empresa 5649,202012,Sim,Sim,2020-12
Empresa 565,202212,Sim,Sim,2022-12
Empresa 5650,202012,Sim,Sim,2020-12
Empresa 5651,202205,Sim,Sim,2022-05
Empresa 5652,202012,Sim,Sim,2020-12
Empresa 5653,202012,Sim,Sim,2020-12
Empresa 5654,202012,Sim,Sim,2020-12
Empresa 5655,202012,Sim,Sim,2020-12
Empresa 5656,202012,Sim,Sim,2020-12
Empresa 5657,202101,Sim,Sim,2021-01
Empresa 5658,202212,Sim,Sim,2022-12
Empresa 5659,202012,Sim,Sim,2020-12
Empresa 566,202212,Sim,Sim,2022-12
Empresa 5660,202207,Sim,Sim,2022-07
Empresa 5661,202012,Sim,Sim,2020-12
Empresa 5662,202112,Sim,Sim,2021-12
Empresa 5663,202012,Sim,Sim,2020-12
Empresa 5664,202104,Não,Não,2021-04
Empresa 5665,202012,Sim,Sim,2020-12
Empresa 5666,202011,Sim,Sim,2020-11
Empresa 5667,202203,Sim,Sim,2022-03
Empresa 5668,202012,Sim,Sim,2020-12
Empresa 5669,202012,Sim,Sim,2020-12
Empresa 567,202211,Sim,Sim,2022-11
Empresa 5670,202302,Sim,Sim,2023-02
Empresa 5671,202106,Sim,Sim,2021-06
Empresa 5672,202012,Sim,Sim,2020-12
Empresa 5673,201905,Não,Não,2019-05
Empresa 5674,202204,Sim,Sim,2022-04
Empresa 5675,202211,Sim,Sim,2022-11
Empresa 5676,202201,Sim,Sim,2022-01
Empresa 5677,202012,Sim,Sim,2020-12
Empresa 5678,202101,Sim,Sim,2021-01
Empresa 5679,202101,Sim,Sim,2021-01
Empresa 568,202211,Sim,Sim,2022-11
Empresa 5680,202206,Sim,Sim,2022-06
Empresa 5681,202102,Sim,Sim,2021-02
Empresa 5682,202108,Sim,Sim,2021-08
Empresa 5683,202205,Sim,Sim,2022-05
Empresa 5684,202011,Sim,Sim,2020-11
Empresa 5685,202212,Sim,Sim,2022-12
Empresa 5686,202302,Sim,Sim,2023-02
Empresa 5687,202302,Sim,Sim,2023-02
Empresa 5688,202105,Sim,Sim,2021-05
Empresa 5689,202211,Sim,Sim,2022-11
Empresa 569,202211,Sim,Sim,2022-11
Empresa 5690,202012,Sim,Sim,2020-12
Empresa 5691,202111,Sim,Sim,2021-11
Empresa 5692,202111,Sim,Sim,2021-11
Empresa 5693,202011,Sim,Sim,2020-11
Empresa 5694,202203,Sim,Sim,2022-03
Empresa 5695,202104,Sim,Sim,2021-04
Empresa 5696,202302,Sim,Sim,2023-02
Empresa 5697,202012,Sim,Sim,2020-12
Empresa 5698,202201,Não,Não,2022-01
Empresa 5699,202012,Sim,Sim,2020-12
Empresa 57,202209,Sim,Sim,2022-09
Empresa 570,202211,Sim,Sim,2022-11
Empresa 5700,202211,Sim,Sim,2022-11
Empresa 5701,202101,Sim,Sim,2021-01
Empresa 5702,201905,Sim,Sim,2019-05
Empresa 5703,202301,Sim,Sim,2023-01
Empresa 5704,202012,Sim,Sim,2020-12
Empresa 5705,202108,Sim,Sim,2021-08
Empresa 5706,202101,Sim,Sim,2021-01
Empresa 5707,202302,Sim,Sim,2023-02
Empresa 5708,202012,Sim,Sim,2020-12
Empresa 5709,202108,Sim,Sim,2021-08
Empresa 571,202209,Sim,Sim,2022-09
Empresa 5710,202012,Sim,Sim,2020-12
Empresa 5711,202209,Sim,Sim,2022-09
Empresa 5712,202212,Sim,Sim,2022-12
Empresa 5713,202012,Sim,Sim,2020-12
Empresa 5714,202206,Sim,Sim,2022-06
Empresa 5715,202012,Sim,Sim,2020-12
Empresa 5716,202012,Sim,Sim,2020-12
Empresa 5717,202012,Sim,Sim,2020-12
Empresa 5718,202209,Sim,Sim,2022-09
Empresa 5719,202012,Sim,Sim,2020-12
Empresa 572,202306,Não,Não,2023-06
Empresa 5720,202111,Sim,Sim,2021-11
Empresa 5721,202202,Sim,Sim,2022-02
Empresa 5722,202302,Sim,Sim,2023-02
Empresa 5723,202210,Não,Não,2022-10
Empresa 5724,202106,Sim,Sim,2021-06
Empresa 5725,202012,Sim,Sim,2020-12
Empresa 5726,202111,Sim,Sim,2021-11
Empresa 5727,202105,Sim,Sim,2021-05
Empresa 5728,202201,Sim,Sim,2022-01
Empresa 5729,202011,Sim,Sim,2020-11
Empresa 573,202211,Sim,Sim,2022-11
Empresa 5730,202106,Sim,Sim,2021-06
Empresa 5731,202012,Sim,Sim,2020-12
Empresa 5732,202101,Sim,Sim,2021-01
Empresa 5733,202104,Sim,Sim,2021-04
Empresa 5734,202105,Sim,Sim,2021-05
Empresa 5735,202012,Sim,Sim,2020-12
Empresa 5736,202012,Sim,Sim,2020-12
Empresa 5737,202102,Sim,Sim,2021-02
Empresa 5738,202012,Sim,Sim,2020-12
Empresa 5739,202210,Sim,Sim,2022-10
Empresa 574,202211,Sim,Sim,2022-11
Empresa 5740,202210,Sim,Sim,2022-10
Empresa 5741,202012,Sim,Sim,2020-12
Empresa 5742,202210,Sim,Sim,2022-10
Empresa 5743,202201,Sim,Sim,2022-01
Empresa 5744,202301,Sim,Sim,2023-01
Empresa 5745,202201,Sim,Sim,2022-01
Empresa 5746,202212,Sim,Sim,2022-12
Empresa 5747,202206,Sim,Sim,2022-06
Empresa 5748,202101,Sim,Sim,2021-01
Empresa 5749,202301,Sim,Sim,2023-01
Empresa 575,202211,Sim,Sim,2022-11
Empresa 5750,202012,Sim,Sim,2020-12
Empresa 5751,202012,Sim,Sim,2020-12
Empresa 5752,202106,Sim,Sim,2021-06
Empresa 5753,202101,Sim,Sim,2021-01
Empresa 5754,202210,Sim,Sim,2022-10
Empresa 5755,202208,Sim,Sim,2022-08
Empresa 5756,202208,Sim,Sim,2022-08
Empresa 5757,202105,Sim,Sim,2021-05
Empresa 5758,202110,Sim,Sim,2021-10
Empresa 5759,202012,Sim,Sim,2020-12
Empresa 576,202301,Sim,Sim,2023-01
Empresa 5760,202012,Sim,Sim,2020-12
Empresa 5761,202107,Sim,Sim,2021-07
Empresa 5762,202201,Sim,Sim,2022-01
Empresa 5763,202012,Sim,Sim,2020-12
Empresa 5764,202208,Sim,Sim,2022-08
Empresa 5765,202301,Sim,Sim,2023-01
Empresa 5766,202111,Sim,Sim,2021-11
Empresa 5767,202211,Sim,Sim,2022-11
Empresa 5768,202205,Sim,Sim,2022-05
Empresa 5769,202301,Sim,Sim,2023-01
Empresa 577,202211,Sim,Sim,2022-11
Empresa 5770,202301,Sim,Sim,2023-01
Empresa 5771,202212,Sim,Sim,2022-12
Empresa 5772,202302,Sim,Sim,2023-02
Empresa 5773,202302,Sim,Sim,2023-02
Empresa 5774,202101,Sim,Sim,2021-01
Empresa 5775,202104,Sim,Sim,2021-04
Empresa 5776,202012,Sim,Sim,2020-12
Empresa 5777,202108,Sim,Sim,2021-08
Empresa 5778,201912,Sim,Sim,2019-12
Empresa 5779,202101,Sim,Sim,2021-01
Empresa 578,202211,Sim,Sim,2022-11
Empresa 5780,202012,Sim,Sim,2020-12
Empresa 5781,202012,Sim,Sim,2020-12
Empresa 5782,202112,Sim,Sim,2021-12
Empresa 5783,202203,Não,Sim,2022-03
Empresa 5784,202303,Sim,Sim,2023-03
Empresa 5785,202012,Sim,Sim,2020-12
Empresa 5786,202011,Sim,Sim,2020-11
Empresa 5787,202102,Sim,Sim,2021-02
Empresa 5788,202308,Não,Não,2023-08
Empresa 5789,202303,Sim,Sim,2023-03
Empresa 579,202301,Sim,Sim,2023-01
Empresa 5790,202210,Sim,Sim,2022-10
Empresa 5791,202103,Sim,Sim,2021-03
Empresa 5792,202012,Sim,Sim,2020-12
Empresa 5793,202012,Sim,Sim,2020-12
Empresa 5794,202308,Não,Não,2023-08
Empresa 5795,202012,Sim,Sim,2020-12
Empresa 5796,202012,Sim,Sim,2020-12
Empresa 5797,202012,Sim,Sim,2020-12
Empresa 5798,202011,Sim,Sim,2020-11
Empresa 5799,202202,Sim,Sim,2022-02
Empresa 58,202302,Sim,Sim,2023-02
Empresa 580,202211,Sim,Sim,2022-11
Empresa 5800,202201,Sim,Sim,2022-01
Empresa 5801,202111,Sim,Sim,2021-11
Empresa 5802,202108,Sim,Sim,2021-08
Empresa 5803,202110,Sim,Sim,2021-10
Empresa 5804,202107,Sim,Sim,2021-07
Empresa 5805,202107,Sim,Sim,2021-07
Empresa 5806,202303,Sim,Sim,2023-03
Empresa 5807,202102,Sim,Sim,2021-02
Empresa 5808,202101,Sim,Sim,2021-01
Empresa 5809,202303,Sim,Sim,2023-03
Empresa 581,202211,Sim,Sim,2022-11
Empresa 5810,202210,Sim,Sim,2022-10
Empresa 5811,202210,Sim,Sim,2022-10
Empresa 5812,202302,Sim,Sim,2023-02
Empresa 5813,202012,Sim,Sim,2020-12
Empresa 5814,202112,Sim,Sim,2021-12
Empresa 5815,202206,Sim,Sim,2022-06
Empresa 5816,202011,Sim,Sim,2020-11
Empresa 5817,202011,Sim,Sim,2020-11
Empresa 5818,202012,Sim,Sim,2020-12
Empresa 5819,202012,Sim,Sim,2020-12
Empresa 582,202212,Sim,Sim,2022-12
Empresa 5820,202301,Sim,Sim,2023-01
Empresa 5821,202201,Não,Não,2022-01
Empresa 5822,202103,Sim,Sim,2021-03
Empresa 5823,202107,Sim,Sim,2021-07
Empresa 5824,202208,Sim,Sim,2022-08
Empresa 5825,202012,Sim,Sim,2020-12
Empresa 5826,202303,Sim,Sim,2023-03
Empresa 5827,202012,Sim,Sim,2020-12
Empresa 5828,202012,Sim,Sim,2020-12
Empresa 5829,202301,Sim,Sim,2023-01
Empresa 583,202211,Sim,Sim,2022-11
Empresa 5830,202111,Sim,Sim,2021-11
Empresa 5831,202012,Sim,Sim,2020-12
Empresa 5832,202012,Sim,Sim,2020-12
Empresa 5833,202111,Sim,Sim,2021-11
Empresa 5834,202110,Sim,Sim,2021-10
Empresa 5835,202105,Sim,Sim,2021-05
Empresa 5836,202102,Sim,Sim,2021-02
Empresa 5837,202012,Sim,Sim,2020-12
Empresa 5838,202303,Sim,Sim,2023-03
Empresa 5839,202303,Sim,Sim,2023-03
Empresa 584,202212,Sim,Sim,2022-12
Empresa 5840,202108,Sim,Sim,2021-08
Empresa 5841,202112,Sim,Sim,2021-12
Empresa 5842,202012,Sim,Sim,2020-12
Empresa 5843,202301,Sim,Sim,2023-01
Empresa 5844,202107,Sim,Sim,2021-07
Empresa 5845,202012,Sim,Sim,2020-12
Empresa 5846,202012,Sim,Sim,2020-12
Empresa 5847,202209,Sim,Sim,2022-09
Empresa 5848,202012,Sim,Sim,2020-12
Empresa 5849,202012,Sim,Sim,2020-12
Empresa 585,202211,Sim,Sim,2022-11
Empresa 5850,202012,Sim,Sim,2020-12
Empresa 5851,202012,Sim,Sim,2020-12
Empresa 5852,202303,Sim,Sim,2023-03
Empresa 5853,202012,Sim,Sim,2020-12
Empresa 5854,202208,Sim,Sim,2022-08
Empresa 5855,202211,Sim,Sim,2022-11
Empresa 5856,202210,Sim,Sim,2022-10
Empresa 5857,202012,Sim,Sim,2020-12
Empresa 5858,202110,Sim,Sim,2021-10
Empresa 5859,202205,Sim,Sim,2022-05
Empresa 586,202211,Sim,Sim,2022-11
Empresa 5860,202212,Sim,Sim,2022-12
Empresa 5861,202210,Sim,Sim,2022-10
Empresa 5862,202101,Sim,Sim,2021-01
Empresa 5863,202103,Sim,Sim,2021-03
Empresa 5864,202112,Sim,Sim,2021-12
Empresa 5865,202303,Sim,Sim,2023-03
Empresa 5866,202012,Sim,Sim,2020-12
Empresa 5867,202203,Sim,Sim,2022-03
Empresa 5868,202105,Sim,Sim,2021-05
Empresa 5869,202012,Sim,Sim,2020-12
Empresa 587,202211,Sim,Sim,2022-11
Empresa 5870,202108,Sim,Sim,2021-08
Empresa 5871,202211,Sim,Sim,2022-11
Empresa 5872,202203,Sim,Sim,2022-03
Empresa 5873,202107,Sim,Sim,2021-07
Empresa 5874,202202,Sim,Sim,2022-02
Empresa 5875,202301,Sim,Sim,2023-01
Empresa 5876,202212,Sim,Sim,2022-12
Empresa 5877,202210,Sim,Sim,2022-10
Empresa 5878,202209,Sim,Sim,2022-09
Empresa 5879,202208,Sim,Sim,2022-08
Empresa 588,202212,Sim,Sim,2022-12
Empresa 5880,202208,Sim,Sim,2022-08
Empresa 5881,202303,Sim,Sim,2023-03
Empresa 5882,202302,Sim,Sim,2023-02
Empresa 5883,202303,Sim,Sim,2023-03
Empresa 5884,202302,Sim,Sim,2023-02
Empresa 5885,202303,Sim,Sim,2023-03
Empresa 5886,202301,Sim,Sim,2023-01
Empresa 5887,202303,Sim,Sim,2023-03
Empresa 5888,202012,Sim,Sim,2020-12
Empresa 5889,202207,Sim,Sim,2022-07
Empresa 589,202301,Sim,Sim,2023-01
Empresa 5890,202212,Sim,Sim,2022-12
Empresa 5891,202103,Sim,Sim,2021-03
Empresa 5892,202207,Sim,Sim,2022-07
Empresa 5893,202108,Sim,Sim,2021-08
Empresa 5894,202108,Sim,Sim,2021-08
Empresa 5895,202012,Sim,Sim,2020-12
Empresa 5896,202304,Sim,Sim,2023-04
Empresa 5897,202304,Sim,Sim,2023-04
Empresa 5898,202104,Sim,Sim,2021-04
Empresa 5899,202205,Sim,Sim,2022-05
Empresa 59,202301,Sim,Sim,2023-01
Empresa 590,202212,Sim,Sim,2022-12
Empresa 5900,202112,Sim,Sim,2021-12
Empresa 5901,202211,Sim,Sim,2022-11
Empresa 5902,202012,Sim,Sim,2020-12
Empresa 5903,202101,Sim,Sim,2021-01
Empresa 5904,202012,Sim,Sim,2020-12
Empresa 5905,202012,Sim,Sim,2020-12
Empresa 5906,202101,Sim,Sim,2021-01
Empresa 5907,202012,Sim,Sim,2020-12
Empresa 5908,202304,Sim,Sim,2023-04
Empresa 5909,202106,Sim,Sim,2021-06
Empresa 591,202211,Sim,Sim,2022-11
Empresa 5910,202103,Sim,Sim,2021-03
Empresa 5911,202304,Sim,Sim,2023-04
Empresa 5912,202012,Sim,Sim,2020-12
Empresa 5913,202012,Sim,Sim,2020-12
Empresa 5914,202201,Não,Não,2022-01
Empresa 5915,202101,Sim,Sim,2021-01
Empresa 5916,202101,Sim,Sim,2021-01
Empresa 5917,202201,Sim,Sim,2022-01
Empresa 5918,202211,Não,Sim,2022-11
Empresa 5919,202304,Sim,Sim,2023-04
Empresa 592,202211,Sim,Sim,2022-11
Empresa 5920,202205,Sim,Sim,2022-05
Empresa 5921,202012,Sim,Sim,2020-12
Empresa 5922,202012,Sim,Sim,2020-12
Empresa 5923,202304,Sim,Sim,2023-04
Empresa 5924,202111,Sim,Sim,2021-11
Empresa 5925,202304,Não,Não,2023-04
Empresa 5926,202012,Sim,Sim,2020-12
Empresa 5927,202111,Não,Sim,2021-11
Empresa 5928,202012,Sim,Sim,2020-12
Empresa 5929,202101,Sim,Sim,2021-01
Empresa 593,202211,Sim,Sim,2022-11
Empresa 5930,202012,Sim,Sim,2020-12
Empresa 5931,202012,Sim,Sim,2020-12
Empresa 5932,202012,Sim,Sim,2020-12
Empresa 5933,202012,Sim,Sim,2020-12
Empresa 5934,202201,Sim,Sim,2022-01
Empresa 5935,202105,Sim,Sim,2021-05
Empresa 5936,202106,Sim,Sim,2021-06
Empresa 5937,202304,Sim,Sim,2023-04
Empresa 5938,202304,Sim,Sim,2023-04
Empresa 5939,202304,Sim,Sim,2023-04
Empresa 594,202211,Sim,Sim,2022-11
Empresa 5940,202304,Sim,Sim,2023-04
Empresa 5941,202304,Sim,Sim,2023-04
Empresa 5942,202304,Sim,Sim,2023-04
Empresa 5943,202111,Sim,Sim,2021-11
Empresa 5944,202011,Sim,Sim,2020-11
Empresa 5945,202210,Sim,Sim,2022-10
Empresa 5946,202012,Sim,Sim,2020-12
Empresa 5947,202303,Sim,Sim,2023-03
Empresa 5948,202304,Sim,Sim,2023-04
Empresa 5949,202304,Não,Não,2023-04
Empresa 595,202211,Sim,Sim,2022-11
Empresa 5950,202111,Sim,Sim,2021-11
Empresa 5951,202304,Sim,Sim,2023-04
Empresa 5952,202210,Sim,Sim,2022-10
Empresa 5953,202105,Não,Não,2021-05
Empresa 5954,202203,Sim,Sim,2022-03
Empresa 5955,202012,Sim,Sim,2020-12
Empresa 5956,202005,Sim,Sim,2020-05
Empresa 5957,202012,Sim,Sim,2020-12
Empresa 5958,202201,Não,Não,2022-01
Empresa 5959,202206,Sim,Sim,2022-06
Empresa 596,202211,Sim,Sim,2022-11
Empresa 5960,202303,Sim,Sim,2023-03
Empresa 5961,202012,Sim,Sim,2020-12
Empresa 5962,202101,Sim,Sim,2021-01
Empresa 5963,202101,Sim,Sim,2021-01
Empresa 5964,202210,Sim,Sim,2022-10
Empresa 5965,202105,Sim,Sim,2021-05
Empresa 5966,202012,Sim,Sim,2020-12
Empresa 5967,202204,Sim,Sim,2022-04
Empresa 5968,202012,Sim,Sim,2020-12
Empresa 5969,202211,Sim,Sim,2022-11
Empresa 597,202211,Sim,Sim,2022-11
Empresa 5970,202304,Sim,Sim,2023-04
Empresa 5971,202102,Sim,Sim,2021-02
Empresa 5972,202102,Sim,Sim,2021-02
Empresa 5973,202102,Sim,Sim,2021-02
Empresa 5974,202304,Sim,Sim,2023-04
Empresa 5975,202303,Sim,Sim,2023-03
Empresa 5976,202304,Sim,Sim,2023-04
Empresa 5977,202304,Sim,Sim,2023-04
Empresa 5978,202304,Sim,Sim,2023-04
Empresa 5979,202105,Sim,Sim,2021-05
Empresa 598,202211,Sim,Sim,2022-11
Empresa 5980,202012,Sim,Sim,2020-12
Empresa 5981,202102,Sim,Sim,2021-02
Empresa 5982,202102,Sim,Sim,2021-02
Empresa 5983,202303,Sim,Sim,2023-03
Empresa 5984,202012,Sim,Sim,2020-12
Empresa 5985,202302,Sim,Sim,2023-02
Empresa 5986,202304,Sim,Sim,2023-04
Empresa 5987,202012,Sim,Sim,2020-12
Empresa 5988,202012,Sim,Sim,2020-12
Empresa 5989,202208,Sim,Sim,2022-08
Empresa 599,202212,Sim,Sim,2022-12
Empresa 5990,202304,Sim,Sim,2023-04
Empresa 5991,202012,Sim,Sim,2020-12
Empresa 5992,202201,Sim,Sim,2022-01
Empresa 5993,202105,Sim,Sim,2021-05
Empresa 5994,202308,Não,Não,2023-08
Empresa 5995,202205,Sim,Sim,2022-05
Empresa 5996,202012,Sim,Sim,2020-12
Empresa 5997,202201,Sim,Sim,2022-01
Empresa 5998,202012,Sim,Sim,2020-12
Empresa 5999,202011,Sim,Sim,2020-11
Empresa 6,202208,Sim,Sim,2022-08
Empresa 60,202302,Sim,Sim,2023-02
Empresa 600,202211,Sim,Sim,2022-11
Empresa 6000,202011,Sim,Sim,2020-11
Empresa 6001,202303,Sim,Sim,2023-03
Empresa 6002,202207,Sim,Sim,2022-07
Empresa 6003,202012,Sim,Sim,2020-12
Empresa 6004,202011,Sim,Sim,2020-11
Empresa 6005,202103,Sim,Sim,2021-03
Empresa 6006,202106,Sim,Sim,2021-06
Empresa 6007,202011,Sim,Sim,2020-11
Empresa 6008,202107,Sim,Sim,2021-07
Empresa 6009,202305,Sim,Sim,2023-05
Empresa 601,202212,Sim,Sim,2022-12
Empresa 6010,202305,Sim,Sim,2023-05
Empresa 6011,202012,Sim,Sim,2020-12
Empresa 6012,202012,Sim,Sim,2020-12
Empresa 6013,202208,Sim,Sim,2022-08
Empresa 6014,202209,Sim,Sim,2022-09
Empresa 6015,202208,Sim,Sim,2022-08
Empresa 6016,202101,Sim,Sim,2021-01
Empresa 6017,202206,Sim,Sim,2022-06
Empresa 6018,202212,Sim,Sim,2022-12
Empresa 6019,202209,Não,Sim,2022-09
Empresa 602,202212,Sim,Sim,2022-12
Empresa 6020,202012,Sim,Sim,2020-12
Empresa 6021,202305,Sim,Sim,2023-05
Empresa 6022,202012,Sim,Sim,2020-12
Empresa 6023,202305,Sim,Sim,2023-05
Empresa 6024,202012,Sim,Sim,2020-12
Empresa 6025,202303,Sim,Sim,2023-03
Empresa 6026,202012,Sim,Sim,2020-12
Empresa 6027,202303,Sim,Sim,2023-03
Empresa 6028,202204,Sim,Sim,2022-04
Empresa 6029,202101,Sim,Sim,2021-01
Empresa 603,202301,Sim,Sim,2023-01
Empresa 6030,202012,Sim,Sim,2020-12
Empresa 6031,202012,Sim,Sim,2020-12
Empresa 6032,202108,Sim,Sim,2021-08
Empresa 6033,202303,Sim,Sim,2023-03
Empresa 6034,202303,Sim,Sim,2023-03
Empresa 6035,202012,Não,Não,2020-12
Empresa 6036,202304,Sim,Sim,2023-04
Empresa 6037,202305,Sim,Sim,2023-05
Empresa 6038,202303,Sim,Sim,2023-03
Empresa 6039,202305,Sim,Sim,2023-05
Empresa 604,202301,Sim,Sim,2023-01
Empresa 6040,202305,Sim,Sim,2023-05
Empresa 6041,202203,Sim,Sim,2022-03
Empresa 6042,202304,Sim,Sim,2023-04
Empresa 6043,202304,Sim,Sim,2023-04
Empresa 6044,202304,Sim,Sim,2023-04
Empresa 6045,202304,Sim,Sim,2023-04
Empresa 6046,202304,Sim,Sim,2023-04
Empresa 6047,202211,Sim,Sim,2022-11
Empresa 6048,202203,Sim,Sim,2022-03
Empresa 6049,202103,Sim,Sim,2021-03
Empresa 605,202301,Sim,Sim,2023-01
Empresa 6050,202102,Sim,Sim,2021-02
Empresa 6051,202202,Sim,Sim,2022-02
Empresa 6052,202305,Sim,Sim,2023-05
Empresa 6053,202305,Sim,Sim,2023-05
Empresa 6054,202306,Sim,Sim,2023-06
Empresa 6055,202212,Sim,Sim,2022-12
Empresa 6056,202101,Sim,Sim,2021-01
Empresa 6057,202101,Sim,Sim,2021-01
Empresa 6058,202203,Sim,Sim,2022-03
Empresa 6059,202306,Sim,Sim,2023-06
Empresa 606,202211,Sim,Sim,2022-11
Empresa 6060,202012,Sim,Sim,2020-12
Empresa 6061,202205,Sim,Sim,2022-05
Empresa 6062,202012,Sim,Sim,2020-12
Empresa 6063,202012,Sim,Sim,2020-12
Empresa 6064,202306,Sim,Sim,2023-06
Empresa 6065,202306,Sim,Sim,2023-06
Empresa 6066,202308,Não,Não,2023-08
Empresa 6067,202102,Sim,Sim,2021-02
Empresa 6068,202109,Sim,Sim,2021-09
Empresa 6069,202306,Sim,Sim,2023-06
Empresa 607,202212,Sim,Sim,2022-12
Empresa 6070,202012,Sim,Sim,2020-12
Empresa 6071,202210,Sim,Sim,2022-10
Empresa 6072,202302,Sim,Sim,2023-02
Empresa 6073,202109,Sim,Sim,2021-09
Empresa 6074,202306,Sim,Sim,2023-06
Empresa 6075,202012,Sim,Sim,2020-12
Empresa 6076,202211,Sim,Sim,2022-11
Empresa 6077,202207,Sim,Sim,2022-07
Empresa 6078,202012,Sim,Sim,2020-12
Empresa 6079,202306,Sim,Sim,2023-06
Empresa 608,202211,Sim,Sim,2022-11
Empresa 6080,202303,Sim,Sim,2023-03
Empresa 6081,202112,Sim,Sim,2021-12
Empresa 6082,202207,Sim,Sim,2022-07
Empresa 6083,202303,Sim,Sim,2023-03
Empresa 6084,202209,Sim,Sim,2022-09
Empresa 6085,202304,Sim,Sim,2023-04
Empresa 6086,202202,Sim,Sim,2022-02
Empresa 6087,202012,Sim,Sim,2020-12
Empresa 6088,202203,Sim,Sim,2022-03
Empresa 6089,202305,Sim,Sim,2023-05
Empresa 609,202302,Sim,Sim,2023-02
Empresa 6090,202212,Sim,Sim,2022-12
Empresa 6091,202303,Sim,Sim,2023-03
Empresa 6092,202211,Sim,Sim,2022-11
Empresa 6093,202212,Sim,Sim,2022-12
Empresa 6094,202306,Sim,Sim,2023-06
Empresa 6095,202306,Sim,Sim,2023-06
Empresa 6096,202306,Sim,Sim,2023-06
Empresa 6097,202308,Não,Não,2023-08
Empresa 6098,202305,Sim,Sim,2023-05
Empresa 6099,202104,Sim,Sim,2021-04
Empresa 61,202208,Sim,Sim,2022-08
Empresa 610,202302,Sim,Sim,2023-02
Empresa 6100,202111,Sim,Sim,2021-11
Empresa 6101,202301,Não,Não,2023-01
Empresa 6102,202012,Sim,Sim,2020-12
Empresa 6103,202112,Sim,Sim,2021-12
Empresa 6104,202307,Sim,Sim,2023-07
Empresa 6105,202012,Sim,Sim,2020-12
Empresa 6106,202112,Sim,Sim,2021-12
Empresa 6107,202112,Sim,Sim,2021-12
Empresa 6108,202108,Sim,Sim,2021-08
Empresa 6109,202303,Sim,Sim,2023-03
Empresa 611,202301,Sim,Sim,2023-01
Empresa 6110,202102,Sim,Sim,2021-02
Empresa 6111,202203,Sim,Sim,2022-03
Empresa 6112,202012,Sim,Sim,2020-12
Empresa 6113,202202,Sim,Sim,2022-02
Empresa 6114,202307,Sim,Sim,2023-07
Empresa 6115,202307,Sim,Sim,2023-07
Empresa 6116,202307,Sim,Sim,2023-07
Empresa 6117,202201,Sim,Sim,2022-01
Empresa 6118,202305,Sim,Sim,2023-05
Empresa 6119,202102,Sim,Sim,2021-02
Empresa 612,202302,Sim,Sim,2023-02
Empresa 6120,202011,Sim,Sim,2020-11
Empresa 6121,202111,Sim,Sim,2021-11
Empresa 6122,202307,Sim,Sim,2023-07
Empresa 6123,202009,Sim,Sim,2020-09
Empresa 6124,202012,Sim,Sim,2020-12
Empresa 6125,202304,Sim,Sim,2023-04
Empresa 6126,202206,Sim,Sim,2022-06
Empresa 6127,202103,Sim,Sim,2021-03
Empresa 6128,202205,Sim,Sim,2022-05
Empresa 6129,202210,Sim,Sim,2022-10
Empresa 613,202211,Sim,Sim,2022-11
Empresa 6130,202303,Sim,Sim,2023-03
Empresa 6131,202101,Sim,Sim,2021-01
Empresa 6132,202307,Sim,Sim,2023-07
Empresa 6133,202012,Sim,Sim,2020-12
Empresa 6134,202302,Sim,Sim,2023-02
Empresa 6135,202307,Sim,Sim,2023-07
Empresa 6136,202307,Sim,Sim,2023-07
Empresa 6137,202011,Sim,Sim,2020-11
Empresa 6138,202012,Sim,Sim,2020-12
Empresa 6139,202102,Sim,Sim,2021-02
Empresa 614,202212,Sim,Sim,2022-12
Empresa 6140,202109,Sim,Sim,2021-09
Empresa 6141,202110,Sim,Sim,2021-10
Empresa 6142,202012,Sim,Sim,2020-12
Empresa 6143,202304,Sim,Sim,2023-04
Empresa 6144,202112,Sim,Sim,2021-12
Empresa 6145,202012,Sim,Sim,2020-12
Empresa 6146,202011,Sim,Sim,2020-11
Empresa 6147,202103,Sim,Sim,2021-03
Empresa 6148,202306,Sim,Sim,2023-06
Empresa 6149,202012,Sim,Sim,2020-12
Empresa 615,202211,Sim,Sim,2022-11
Empresa 6150,202307,Sim,Sim,2023-07
Empresa 6151,202012,Sim,Sim,2020-12
Empresa 6152,202307,Sim,Sim,2023-07
Empresa 6153,202012,Sim,Sim,2020-12
Empresa 6154,202303,Sim,Sim,2023-03
Empresa 6155,202104,Sim,Sim,2021-04
Empresa 6156,202205,Sim,Sim,2022-05
Empresa 6157,202208,Sim,Sim,2022-08
Empresa 6158,202307,Sim,Sim,2023-07
Empresa 6159,202204,Sim,Sim,2022-04
Empresa 616,202211,Sim,Sim,2022-11
Empresa 6160,202206,Sim,Sim,2022-06
Empresa 6161,202206,Sim,Sim,2022-06
Empresa 6162,202209,Sim,Sim,2022-09
Empresa 6163,202307,Sim,Sim,2023-07
Empresa 6164,202307,Sim,Sim,2023-07
Empresa 6165,202307,Sim,Sim,2023-07
Empresa 6166,202307,Sim,Sim,2023-07
Empresa 6167,202108,Sim,Sim,2021-08
Empresa 6168,202306,Sim,Sim,2023-06
Empresa 6169,202012,Sim,Sim,2020-12
Empresa 617,202211,Sim,Sim,2022-11
Empresa 6170,202111,Sim,Sim,2021-11
Empresa 6171,202204,Sim,Sim,2022-04
Empresa 6172,202012,Sim,Sim,2020-12
Empresa 6173,202012,Sim,Sim,2020-12
Empresa 6174,202209,Sim,Sim,2022-09
Empresa 6175,202201,Sim,Sim,2022-01
Empresa 6176,202302,Sim,Sim,2023-02
Empresa 6177,202012,Sim,Sim,2020-12
Empresa 6178,202308,Sim,Sim,2023-08
Empresa 6179,202308,Sim,Sim,2023-08
Empresa 618,202301,Sim,Sim,2023-01
Empresa 6180,202012,Sim,Sim,2020-12
Empresa 6181,202107,Sim,Sim,2021-07
Empresa 6182,202308,Sim,Sim,2023-08
Empresa 6183,202012,Sim,Sim,2020-12
Empresa 6184,202012,Sim,Sim,2020-12
Empresa 6185,202012,Sim,Sim,2020-12
Empresa 6186,202308,Não,Não,2023-08
Empresa 6187,202101,Sim,Sim,2021-01
Empresa 6188,202107,Sim,Sim,2021-07
Empresa 6189,202012,Sim,Sim,2020-12
Empresa 619,202211,Sim,Sim,2022-11
Empresa 6190,202212,Sim,Sim,2022-12
Empresa 6191,202012,Sim,Sim,2020-12
Empresa 6192,202103,Sim,Sim,2021-03
Empresa 6193,202212,Sim,Sim,2022-12
Empresa 6194,202308,Sim,Sim,2023-08
Empresa 6195,202307,Sim,Sim,2023-07
Empresa 6196,202308,Sim,Sim,2023-08
Empresa 6197,202012,Sim,Sim,2020-12
Empresa 6198,202207,Sim,Sim,2022-07
Empresa 6199,202104,Sim,Sim,2021-04
Empresa 62,202207,Sim,Sim,2022-07
Empresa 620,202211,Sim,Sim,2022-11
Empresa 6200,202012,Sim,Sim,2020-12
Empresa 6201,202308,Sim,Sim,2023-08
Empresa 6202,202301,Sim,Sim,2023-01
Empresa 6203,202303,Sim,Sim,2023-03
Empresa 6204,202205,Sim,Sim,2022-05
Empresa 6205,202012,Sim,Sim,2020-12
Empresa 6206,202012,Sim,Sim,2020-12
Empresa 6207,202209,Sim,Sim,2022-09
Empresa 6208,202211,Sim,Sim,2022-11
Empresa 6209,202108,Não,Não,2021-08
Empresa 621,202302,Sim,Sim,2023-02
Empresa 6210,202011,Não,Sim,2020-11
Empresa 6211,202011,Sim,Sim,2020-11
Empresa 6212,202306,Sim,Sim,2023-06
Empresa 6213,202109,Sim,Sim,2021-09
Empresa 6214,202308,Sim,Sim,2023-08
Empresa 6215,202111,Sim,Sim,2021-11
Empresa 6216,202308,Sim,Sim,2023-08
Empresa 6217,202106,Sim,Sim,2021-06
Empresa 6218,202307,Sim,Sim,2023-07
Empresa 6219,202308,Sim,Sim,2023-08
Empresa 622,202211,Sim,Sim,2022-11
Empresa 6220,202307,Sim,Sim,2023-07
Empresa 6221,202103,Sim,Sim,2021-03
Empresa 6222,202308,Sim,Sim,2023-08
Empresa 6223,202209,Sim,Sim,2022-09
Empresa 6224,202308,Sim,Sim,2023-08
Empresa 6225,202104,Sim,Sim,2021-04
Empresa 6226,202308,Sim,Sim,2023-08
Empresa 6227,202304,Sim,Sim,2023-04
Empresa 6228,202108,Sim,Sim,2021-08
Empresa 6229,202109,Sim,Sim,2021-09
Empresa 623,202301,Sim,Sim,2023-01
Empresa 6230,202107,Sim,Sim,2021-07
Empresa 6231,202308,Sim,Sim,2023-08
Empresa 6232,202307,Sim,Sim,2023-07
Empresa 6233,202305,Sim,Sim,2023-05
Empresa 6234,202101,Sim,Sim,2021-01
Empresa 6235,202303,Sim,Sim,2023-03
Empresa 6236,202301,Sim,Sim,2023-01
Empresa 6237,202307,Sim,Sim,2023-07
Empresa 6238,202201,Sim,Sim,2022-01
Empresa 6239,202210,Sim,Sim,2022-10
Empresa 624,202212,Sim,Sim,2022-12
Empresa 6240,202208,Sim,Sim,2022-08
Empresa 6241,202307,Sim,Sim,2023-07
Empresa 6242,202308,Sim,Sim,2023-08
Empresa 6243,202205,Não,Não,2022-05
Empresa 6244,202011,Sim,Sim,2020-11
Empresa 6245,202308,Sim,Sim,2023-08
Empresa 6246,202308,Não,Não,2023-08
Empresa 6247,202012,Sim,Sim,2020-12
Empresa 6248,202307,Sim,Sim,2023-07
Empresa 6249,202208,Sim,Sim,2022-08
Empresa 625,202301,Sim,Sim,2023-01
Empresa 6250,202309,Sim,Sim,2023-09
Empresa 6251,202012,Sim,Sim,2020-12
Empresa 6252,202011,Sim,Sim,2020-11
Empresa 6253,202204,Sim,Sim,2022-04
Empresa 6254,202309,Sim,Sim,2023-09
Empresa 6255,202309,Sim,Sim,2023-09
Empresa 6256,202207,Sim,Sim,2022-07
Empresa 6257,202309,Sim,Sim,2023-09
Empresa 6258,202201,Sim,Sim,2022-01
Empresa 6259,202112,Sim,Sim,2021-12
Empresa 626,202211,Sim,Sim,2022-11
Empresa 6260,202208,Sim,Sim,2022-08
Empresa 6261,202309,Sim,Sim,2023-09
Empresa 6262,202306,Sim,Sim,2023-06
Empresa 6263,202309,Sim,Sim,2023-09
Empresa 6264,202309,Sim,Sim,2023-09
Empresa 6265,202105,Sim,Sim,2021-05
Empresa 6266,202306,Sim,Sim,2023-06
Empresa 6267,202307,Sim,Sim,2023-07
Empresa 6268,202208,Não,Não,2022-08
Empresa 6269,202309,Sim,Sim,2023-09
Empresa 627,202211,Sim,Sim,2022-11
Empresa 6270,202208,Sim,Sim,2022-08
Empresa 6271,202308,Sim,Sim,2023-08
Empresa 6272,202307,Sim,Sim,2023-07
Empresa 6273,202307,Sim,Sim,2023-07
Empresa 6274,202307,Sim,Sim,2023-07
Empresa 6275,202012,Sim,Sim,2020-12
Empresa 6276,202308,Sim,Sim,2023-08
Empresa 6277,202203,Sim,Sim,2022-03
Empresa 6278,202309,Sim,Sim,2023-09
Empresa 6279,202111,Sim,Sim,2021-11
Empresa 628,202212,Sim,Sim,2022-12
Empresa 6280,202309,Sim,Sim,2023-09
Empresa 6281,202309,Sim,Sim,2023-09
Empresa 6282,202309,Sim,Sim,2023-09
Empresa 6283,202309,Sim,Sim,2023-09
Empresa 6284,202308,Sim,Sim,2023-08
Empresa 6285,202308,Sim,Sim,2023-08
Empresa 6286,202304,Sim,Sim,2023-04
Empresa 6287,202012,Sim,Sim,2020-12
Empresa 6288,202310,Sim,Sim,2023-10
Empresa 6289,202309,Sim,Sim,2023-09
Empresa 629,202211,Sim,Sim,2022-11
Empresa 6290,202310,Sim,Sim,2023-10
Empresa 6291,202309,Sim,Sim,2023-09
Empresa 6292,202103,Sim,Sim,2021-03
Empresa 6293,202310,Sim,Sim,2023-10
Empresa 6294,202310,Sim,Sim,2023-10
Empresa 6295,202310,Sim,Sim,2023-10
Empresa 6296,202309,Não,Não,2023-09
Empresa 6297,202211,Sim,Sim,2022-11
Empresa 6298,202205,Sim,Sim,2022-05
Empresa 6299,202011,Sim,Sim,2020-11
Empresa 63,202208,Sim,Sim,2022-08
Empresa 630,202212,Sim,Sim,2022-12
Empresa 6300,202310,Sim,Sim,2023-10
Empresa 6301,202112,Sim,Sim,2021-12
Empresa 6302,202202,Sim,Sim,2022-02
Empresa 6303,202305,Sim,Sim,2023-05
Empresa 6304,202310,Sim,Sim,2023-10
Empresa 6305,202310,Sim,Sim,2023-10
Empresa 6306,202310,Sim,Sim,2023-10
Empresa 6307,202109,Sim,Sim,2021-09
Empresa 6308,202310,Sim,Sim,2023-10
Empresa 6309,202012,Sim,Sim,2020-12
Empresa 631,202301,Sim,Sim,2023-01
Empresa 6310,202108,Sim,Sim,2021-08
Empresa 6311,202012,Sim,Sim,2020-12
Empresa 6312,202310,Sim,Sim,2023-10
Empresa 6313,202012,Sim,Sim,2020-12
Empresa 6314,202305,Sim,Sim,2023-05
Empresa 6315,202310,Sim,Sim,2023-10
Empresa 6316,202012,Sim,Sim,2020-12
Empresa 6317,202310,Sim,Sim,2023-10
Empresa 6318,202108,Sim,Sim,2021-08
Empresa 6319,202106,Sim,Sim,2021-06
Empresa 632,202302,Sim,Sim,2023-02
Empresa 6320,202208,Sim,Sim,2022-08
Empresa 6321,202210,Sim,Sim,2022-10
Empresa 6322,202310,Sim,Sim,2023-10
Empresa 6323,202310,Sim,Sim,2023-10
Empresa 6324,202310,Sim,Sim,2023-10
Empresa 6325,202308,Sim,Sim,2023-08
Empresa 6326,202306,Sim,Sim,2023-06
Empresa 6327,202308,Sim,Sim,2023-08
Empresa 6328,202310,Não,Não,2023-10
Empresa 6329,202309,Sim,Sim,2023-09
Empresa 633,202211,Sim,Sim,2022-11
Empresa 6330,202308,Sim,Sim,2023-08
Empresa 6331,202306,Sim,Sim,2023-06
Empresa 6332,202309,Sim,Sim,2023-09
Empresa 6333,202310,Sim,Sim,2023-10
Empresa 6334,202310,Sim,Sim,2023-10
Empresa 6335,202207,Sim,Sim,2022-07
Empresa 6336,202307,Sim,Sim,2023-07
Empresa 6337,202203,Não,Sim,2022-03
Empresa 6338,202012,Sim,Sim,2020-12
Empresa 6339,202012,Sim,Sim,2020-12
Empresa 634,202212,Sim,Sim,2022-12
Empresa 6340,202112,Sim,Sim,2021-12
Empresa 6341,202310,Sim,Sim,2023-10
Empresa 6342,202110,Sim,Sim,2021-10
Empresa 6343,202012,Sim,Sim,2020-12
Empresa 6344,202311,Sim,Sim,2023-11
Empresa 6345,202311,Sim,Sim,2023-11
Empresa 6346,202012,Sim,Sim,2020-12
Empresa 6348,202012,Não,Sim,2020-12
Empresa 6349,202212,Sim,Sim,2022-12
Empresa 635,202211,Sim,Sim,2022-11
Empresa 6350,202309,Não,Sim,2023-09
Empresa 6351,202310,Não,Não,2023-10
Empresa 6352,202103,Sim,Sim,2021-03
Empresa 6353,202310,Sim,Sim,2023-10
Empresa 6354,202311,Não,Não,2023-11
Empresa 6355,202108,Não,Não,2021-08
Empresa 6357,202302,Não,Não,2023-02
Empresa 6358,202311,Não,Sim,2023-11
Empresa 6359,202012,Sim,Sim,2020-12
Empresa 636,202302,Sim,Sim,2023-02
Empresa 6360,202209,Não,Sim,2022-09
Empresa 6361,202309,Não,Não,2023-09
Empresa 6362,202103,Não,Não,2021-03
Empresa 6363,202102,Sim,Sim,2021-02
Empresa 6364,202311,Sim,Sim,2023-11
Empresa 6365,202310,Não,Não,2023-10
Empresa 6366,202309,Não,Não,2023-09
Empresa 6367,202306,Não,Não,2023-06
Empresa 6368,202210,Sim,Sim,2022-10
Empresa 6369,202310,Não,Não,2023-10
Empresa 637,202306,Não,Não,2023-06
Empresa 6371,202310,Não,Não,2023-10
Empresa 6372,202306,Não,Não,2023-06
Empresa 6375,202311,Sim,Sim,2023-11
Empresa 6376,202310,Não,Sim,2023-10
Empresa 6377,202308,Sim,Sim,2023-08
Empresa 6378,202310,Não,Não,2023-10
Empresa 6379,202311,Sim,Sim,2023-11
Empresa 638,202303,Sim,Sim,2023-03
Empresa 6380,202104,Não,Não,2021-04
Empresa 6381,202307,Não,Sim,2023-07
Empresa 6382,202310,Sim,Sim,2023-10
Empresa 6383,202308,Não,Não,2023-08
Empresa 6384,202009,Sim,Sim,2020-09
Empresa 6385,202205,Não,Não,2022-05
Empresa 6386,202202,Sim,Sim,2022-02
Empresa 6387,202202,Sim,Sim,2022-02
Empresa 6388,202012,Sim,Sim,2020-12
Empresa 6389,202112,Sim,Sim,2021-12
Empresa 639,202303,Sim,Sim,2023-03
Empresa 6390,202103,Sim,Sim,2021-03
Empresa 6391,202112,Sim,Sim,2021-12
Empresa 6392,202211,Sim,Sim,2022-11
Empresa 6393,202009,Sim,Sim,2020-09
Empresa 6394,202101,Sim,Sim,2021-01
Empresa 6395,202012,Sim,Sim,2020-12
Empresa 6396,202012,Sim,Sim,2020-12
Empresa 6397,202205,Sim,Sim,2022-05
Empresa 6398,202111,Sim,Sim,2021-11
Empresa 6399,202210,Não,Não,2022-10
Empresa 64,202302,Sim,Sim,2023-02
Empresa 640,202303,Sim,Sim,2023-03
Empresa 6400,202210,Sim,Sim,2022-10
Empresa 6401,202012,Sim,Sim,2020-12
Empresa 6402,202012,Sim,Sim,2020-12
Empresa 6403,202303,Não,Não,2023-03
Empresa 6404,202208,Não,Não,2022-08
Empresa 6405,202008,Sim,Sim,2020-08
Empresa 6406,202009,Sim,Sim,2020-09
Empresa 6407,202208,Sim,Sim,2022-08
Empresa 6408,202211,Sim,Sim,2022-11
Empresa 6409,202208,Sim,Sim,2022-08
Empresa 641,202212,Sim,Sim,2022-12
Empresa 6410,202010,Sim,Sim,2020-10
Empresa 6411,202007,Sim,Sim,2020-07
Empresa 6412,202007,Não,Sim,2020-07
Empresa 6413,202012,Sim,Sim,2020-12
Empresa 6414,202012,Sim,Sim,2020-12
Empresa 6415,202012,Sim,Sim,2020-12
Empresa 6416,202210,Sim,Sim,2022-10
Empresa 6417,202101,Sim,Sim,2021-01
Empresa 6418,202104,Sim,Sim,2021-04
Empresa 6419,202109,Sim,Sim,2021-09
Empresa 642,202303,Sim,Sim,2023-03
Empresa 6420,202208,Não,Não,2022-08
Empresa 6421,202205,Sim,Sim,2022-05
Empresa 6422,202002,Sim,Sim,2020-02
Empresa 6423,202307,Não,Não,2023-07
Empresa 6424,202106,Sim,Sim,2021-06
Empresa 6425,202211,Sim,Sim,2022-11
Empresa 6426,202009,Sim,Sim,2020-09
Empresa 6427,202303,Sim,Sim,2023-03
Empresa 6428,202009,Sim,Sim,2020-09
Empresa 6429,202302,Sim,Sim,2023-02
Empresa 643,202212,Sim,Sim,2022-12
Empresa 6430,202211,Sim,Sim,2022-11
Empresa 6431,202302,Sim,Sim,2023-02
Empresa 6432,202008,Sim,Sim,2020-08
Empresa 6433,202304,Sim,Sim,2023-04
Empresa 6434,202307,Não,Sim,2023-07
Empresa 6435,202208,Sim,Sim,2022-08
Empresa 6436,202212,Sim,Sim,2022-12
Empresa 6437,202009,Sim,Sim,2020-09
Empresa 6438,202107,Sim,Sim,2021-07
Empresa 6439,202205,Sim,Sim,2022-05
Empresa 644,202212,Sim,Sim,2022-12
Empresa 6440,202301,Sim,Sim,2023-01
Empresa 6441,202101,Sim,Sim,2021-01
Empresa 6442,202306,Sim,Sim,2023-06
Empresa 6443,202212,Sim,Sim,2022-12
Empresa 6444,202307,Sim,Sim,2023-07
Empresa 6445,202201,Sim,Sim,2022-01
Empresa 6446,202305,Sim,Sim,2023-05
Empresa 6447,202212,Sim,Sim,2022-12
Empresa 6448,202108,Sim,Sim,2021-08
Empresa 6449,202309,Sim,Sim,2023-09
Empresa 645,202212,Sim,Sim,2022-12
Empresa 6450,202309,Não,Não,2023-09
Empresa 6451,202009,Sim,Sim,2020-09
Empresa 6452,202310,Não,Não,2023-10
Empresa 6453,202311,Não,Sim,2023-11
Empresa 6454,202311,Não,Não,2023-11
Empresa 6455,202311,Não,Não,2023-11
Empresa 6456,202311,Não,Sim,2023-11
Empresa 6457,202308,Não,Sim,2023-08
Empresa 646,202303,Sim,Sim,2023-03
Empresa 6463,202311,Não,Sim,2023-11
Empresa 6464,202311,Sim,Sim,2023-11
Empresa 6465,202105,Sim,Sim,2021-05
Empresa 6466,202105,Sim,Sim,2021-05
Empresa 6467,202105,Sim,Sim,2021-05
Empresa 6468,202201,Sim,Sim,2022-01
Empresa 6469,202107,Sim,Sim,2021-07
Empresa 647,202212,Sim,Sim,2022-12
Empresa 6470,202203,Sim,Sim,2022-03
Empresa 6471,202105,Sim,Sim,2021-05
Empresa 6472,202105,Sim,Sim,2021-05
Empresa 6473,202212,Sim,Sim,2022-12
Empresa 6474,202301,Sim,Sim,2023-01
Empresa 6475,202105,Sim,Sim,2021-05
Empresa 6476,202111,Sim,Sim,2021-11
Empresa 6477,202301,Sim,Sim,2023-01
Empresa 6478,202105,Sim,Sim,2021-05
Empresa 6479,202303,Sim,Sim,2023-03
Empresa 648,202303,Sim,Sim,2023-03
Empresa 6480,202106,Sim,Sim,2021-06
Empresa 6481,202105,Sim,Sim,2021-05
Empresa 6482,202303,Sim,Sim,2023-03
Empresa 6483,202106,Sim,Sim,2021-06
Empresa 6484,202107,Sim,Sim,2021-07
Empresa 6485,202105,Sim,Sim,2021-05
Empresa 6486,202112,Sim,Sim,2021-12
Empresa 6487,202309,Sim,Sim,2023-09
Empresa 6488,202302,Sim,Sim,2023-02
Empresa 6489,202303,Sim,Sim,2023-03
Empresa 649,202303,Sim,Sim,2023-03
Empresa 6490,202305,Sim,Sim,2023-05
Empresa 6491,202310,Sim,Sim,2023-10
Empresa 6492,201910,Sim,Sim,2019-10
Empresa 6493,202003,Sim,Sim,2020-03
Empresa 6494,202108,Sim,Sim,2021-08
Empresa 6495,201910,Sim,Sim,2019-10
Empresa 6496,201910,Sim,Sim,2019-10
Empresa 6497,202001,Sim,Sim,2020-01
Empresa 6498,202008,Sim,Sim,2020-08
Empresa 6499,202001,Sim,Sim,2020-01
Empresa 65,202303,Sim,Sim,2023-03
Empresa 650,202303,Sim,Sim,2023-03
Empresa 6500,202205,Sim,Sim,2022-05
Empresa 6501,202212,Sim,Sim,2022-12
Empresa 6502,201909,Sim,Sim,2019-09
Empresa 6503,202106,Sim,Sim,2021-06
Empresa 6504,202004,Sim,Sim,2020-04
Empresa 6505,202108,Sim,Sim,2021-08
Empresa 6506,201910,Sim,Sim,2019-10
Empresa 6507,202004,Sim,Sim,2020-04
Empresa 6508,202109,Sim,Sim,2021-09
Empresa 6509,202008,Sim,Sim,2020-08
Empresa 651,202303,Sim,Sim,2023-03
Empresa 6510,202004,Sim,Sim,2020-04
Empresa 6511,202206,Sim,Sim,2022-06
Empresa 6512,202212,Sim,Sim,2022-12
Empresa 6513,202212,Sim,Sim,2022-12
Empresa 6514,201910,Sim,Sim,2019-10
Empresa 6515,202010,Sim,Sim,2020-10
Empresa 6516,202010,Sim,Sim,2020-10
Empresa 6517,202004,Sim,Sim,2020-04
Empresa 6518,202003,Sim,Sim,2020-03
Empresa 6519,202007,Sim,Sim,2020-07
Empresa 652,202212,Sim,Sim,2022-12
Empresa 6520,202004,Sim,Sim,2020-04
Empresa 6521,202310,Não,Não,2023-10
Empresa 6522,202101,Sim,Sim,2021-01
Empresa 6523,202004,Sim,Sim,2020-04
Empresa 6524,202111,Não,Sim,2021-11
Empresa 6525,201910,Sim,Sim,2019-10
Empresa 6526,201810,Sim,Sim,2018-10
Empresa 6527,202211,Não,Sim,2022-11
Empresa 6528,202303,Não,Não,2023-03
Empresa 6529,202210,Sim,Sim,2022-10
Empresa 653,202012,Não,Não,2020-12
Empresa 6530,202003,Sim,Sim,2020-03
Empresa 6531,201909,Sim,Sim,2019-09
Empresa 6532,202002,Sim,Sim,2020-02
Empresa 6533,202004,Sim,Sim,2020-04
Empresa 6534,202201,Sim,Sim,2022-01
Empresa 6535,202108,Sim,Sim,2021-08
Empresa 6536,202003,Sim,Sim,2020-03
Empresa 6537,202202,Sim,Sim,2022-02
Empresa 6538,201909,Sim,Sim,2019-09
Empresa 6539,201910,Sim,Sim,2019-10
Empresa 654,202303,Sim,Sim,2023-03
Empresa 6540,202208,Sim,Sim,2022-08
Empresa 6541,201910,Sim,Sim,2019-10
Empresa 6542,202002,Sim,Sim,2020-02
Empresa 6543,202001,Sim,Sim,2020-01
Empresa 6544,202108,Sim,Sim,2021-08
Empresa 6545,202010,Sim,Sim,2020-10
Empresa 6546,202111,Sim,Sim,2021-11
Empresa 6547,201910,Sim,Sim,2019-10
Empresa 6548,202207,Sim,Sim,2022-07
Empresa 6549,202003,Sim,Sim,2020-03
Empresa 655,202211,Sim,Sim,2022-11
Empresa 6550,202111,Sim,Sim,2021-11
Empresa 6551,202108,Sim,Sim,2021-08
Empresa 6552,202211,Sim,Sim,2022-11
Empresa 6553,202003,Sim,Sim,2020-03
Empresa 6554,202003,Sim,Sim,2020-03
Empresa 6555,202012,Sim,Sim,2020-12
Empresa 6556,202211,Sim,Sim,2022-11
Empresa 6557,202002,Sim,Sim,2020-02
Empresa 6558,202210,Não,Não,2022-10
Empresa 6559,202108,Sim,Sim,2021-08
Empresa 656,202212,Sim,Sim,2022-12
Empresa 6560,202205,Sim,Sim,2022-05
Empresa 6561,202005,Sim,Sim,2020-05
Empresa 6562,202112,Sim,Sim,2021-12
Empresa 6563,202210,Sim,Sim,2022-10
Empresa 6564,202007,Sim,Sim,2020-07
Empresa 6565,202007,Sim,Sim,2020-07
Empresa 6566,202309,Não,Não,2023-09
Empresa 6567,202201,Não,Não,2022-01
Empresa 6568,202002,Sim,Sim,2020-02
Empresa 6569,202005,Sim,Sim,2020-05
Empresa 657,202211,Sim,Sim,2022-11
Empresa 6570,202007,Sim,Sim,2020-07
Empresa 6571,202008,Sim,Sim,2020-08
Empresa 6572,202004,Sim,Sim,2020-04
Empresa 6573,202001,Sim,Sim,2020-01
Empresa 6574,202101,Sim,Sim,2021-01
Empresa 6575,202106,Sim,Sim,2021-06
Empresa 6576,202105,Sim,Sim,2021-05
Empresa 6577,202004,Sim,Sim,2020-04
Empresa 6578,201910,Sim,Sim,2019-10
Empresa 6579,202002,Sim,Sim,2020-02
Empresa 658,202301,Sim,Sim,2023-01
Empresa 6580,202109,Sim,Sim,2021-09
Empresa 6581,202008,Sim,Sim,2020-08
Empresa 6582,202007,Sim,Sim,2020-07
Empresa 6583,202208,Sim,Sim,2022-08
Empresa 6584,202003,Sim,Sim,2020-03
Empresa 6585,202204,Sim,Sim,2022-04
Empresa 6586,201910,Sim,Sim,2019-10
Empresa 6587,202002,Não,Não,2020-02
Empresa 6588,201910,Sim,Sim,2019-10
Empresa 659,202211,Sim,Sim,2022-11
Empresa 6590,202008,Sim,Sim,2020-08
Empresa 6591,202002,Sim,Sim,2020-02
Empresa 6592,202003,Sim,Sim,2020-03
Empresa 6593,201912,Sim,Sim,2019-12
Empresa 6594,202204,Sim,Sim,2022-04
Empresa 6595,202001,Sim,Sim,2020-01
Empresa 6596,202309,Não,Não,2023-09
Empresa 6597,202201,Sim,Sim,2022-01
Empresa 6598,202205,Sim,Sim,2022-05
Empresa 6599,202012,Sim,Sim,2020-12
Empresa 66,202208,Sim,Sim,2022-08
Empresa 660,202211,Sim,Sim,2022-11
Empresa 6600,202002,Sim,Sim,2020-02
Empresa 6601,202003,Sim,Sim,2020-03
Empresa 6602,202004,Sim,Sim,2020-04
Empresa 6603,202003,Sim,Sim,2020-03
Empresa 6604,202210,Sim,Sim,2022-10
Empresa 6605,202212,Sim,Sim,2022-12
Empresa 6606,201910,Sim,Sim,2019-10
Empresa 6607,202104,Sim,Sim,2021-04
Empresa 6608,202212,Sim,Sim,2022-12
Empresa 6609,202203,Não,Não,2022-03
Empresa 661,202211,Sim,Sim,2022-11
Empresa 6610,202003,Sim,Sim,2020-03
Empresa 6611,202003,Sim,Sim,2020-03
Empresa 6612,202008,Sim,Sim,2020-08
Empresa 6613,201909,Sim,Sim,2019-09
Empresa 6614,201910,Sim,Sim,2019-10
Empresa 6615,202007,Sim,Sim,2020-07
Empresa 6616,202003,Sim,Sim,2020-03
Empresa 6617,202002,Sim,Sim,2020-02
Empresa 6618,202108,Sim,Sim,2021-08
Empresa 6619,201910,Sim,Sim,2019-10
Empresa 662,202212,Sim,Sim,2022-12
Empresa 6620,201910,Sim,Sim,2019-10
Empresa 6621,202202,Sim,Sim,2022-02
Empresa 6622,201910,Sim,Sim,2019-10
Empresa 6623,202008,Sim,Sim,2020-08
Empresa 6624,202211,Sim,Sim,2022-11
Empresa 6625,202111,Sim,Sim,2021-11
Empresa 6626,202301,Sim,Sim,2023-01
Empresa 6627,202110,Sim,Sim,2021-10
Empresa 6628,202203,Sim,Sim,2022-03
Empresa 6629,201912,Sim,Sim,2019-12
Empresa 663,202211,Sim,Sim,2022-11
Empresa 6630,201907,Sim,Sim,2019-07
Empresa 6631,202002,Sim,Sim,2020-02
Empresa 6632,201911,Sim,Sim,2019-11
Empresa 6633,202201,Sim,Sim,2022-01
Empresa 6634,202108,Sim,Sim,2021-08
Empresa 6635,202109,Sim,Sim,2021-09
Empresa 6636,202109,Sim,Sim,2021-09
Empresa 6637,202004,Sim,Sim,2020-04
Empresa 6638,202108,Sim,Sim,2021-08
Empresa 6639,201909,Sim,Sim,2019-09
Empresa 664,202303,Sim,Sim,2023-03
Empresa 6640,202004,Sim,Sim,2020-04
Empresa 6641,202209,Sim,Sim,2022-09
Empresa 6642,202011,Sim,Sim,2020-11
Empresa 6643,201910,Sim,Sim,2019-10
Empresa 6644,202108,Sim,Sim,2021-08
Empresa 6645,202004,Sim,Sim,2020-04
Empresa 6646,202102,Sim,Sim,2021-02
Empresa 6647,201910,Sim,Sim,2019-10
Empresa 6648,201910,Sim,Sim,2019-10
Empresa 6649,202209,Sim,Sim,2022-09
Empresa 665,202212,Sim,Sim,2022-12
Empresa 6650,201910,Sim,Sim,2019-10
Empresa 6651,201910,Sim,Sim,2019-10
Empresa 6652,202004,Sim,Sim,2020-04
Empresa 6653,202108,Sim,Sim,2021-08
Empresa 6654,201910,Sim,Sim,2019-10
Empresa 6655,202108,Sim,Sim,2021-08
Empresa 6656,201910,Sim,Sim,2019-10
Empresa 6657,202012,Sim,Sim,2020-12
Empresa 6658,202108,Sim,Sim,2021-08
Empresa 6659,202109,Sim,Sim,2021-09
Empresa 666,202211,Sim,Sim,2022-11
Empresa 6660,202108,Sim,Sim,2021-08
Empresa 6661,202108,Sim,Sim,2021-08
Empresa 6662,202001,Não,Sim,2020-01
Empresa 6663,202212,Sim,Sim,2022-12
Empresa 6664,201910,Sim,Sim,2019-10
Empresa 6665,202112,Sim,Sim,2021-12
Empresa 6666,202206,Sim,Sim,2022-06
Empresa 6667,202102,Sim,Sim,2021-02
Empresa 6668,202005,Sim,Sim,2020-05
Empresa 6669,202004,Sim,Sim,2020-04
Empresa 667,202210,Sim,Sim,2022-10
Empresa 6670,202005,Sim,Sim,2020-05
Empresa 6671,201910,Sim,Sim,2019-10
Empresa 6672,202111,Sim,Sim,2021-11
Empresa 6673,202007,Sim,Sim,2020-07
Empresa 6674,202007,Sim,Sim,2020-07
Empresa 6675,202104,Sim,Sim,2021-04
Empresa 6676,202001,Sim,Sim,2020-01
Empresa 6677,202003,Sim,Sim,2020-03
Empresa 6678,202204,Sim,Sim,2022-04
Empresa 668,202303,Sim,Sim,2023-03
Empresa 6680,202006,Sim,Sim,2020-06
Empresa 6681,202210,Sim,Sim,2022-10
Empresa 6682,202111,Sim,Sim,2021-11
Empresa 6683,202002,Sim,Sim,2020-02
Empresa 6684,202007,Sim,Sim,2020-07
Empresa 6685,202007,Sim,Sim,2020-07
Empresa 6686,202004,Sim,Sim,2020-04
Empresa 6687,201910,Sim,Sim,2019-10
Empresa 6688,202004,Sim,Sim,2020-04
Empresa 6689,202110,Sim,Sim,2021-10
Empresa 669,202302,Sim,Sim,2023-02
Empresa 6690,202004,Sim,Sim,2020-04
Empresa 6691,202002,Sim,Sim,2020-02
Empresa 6692,202109,Sim,Sim,2021-09
Empresa 6693,202206,Sim,Sim,2022-06
Empresa 6694,202102,Sim,Sim,2021-02
Empresa 6695,202201,Sim,Sim,2022-01
Empresa 6696,202004,Sim,Sim,2020-04
Empresa 6697,202005,Sim,Sim,2020-05
Empresa 6698,202211,Sim,Sim,2022-11
Empresa 6699,201912,Sim,Sim,2019-12
Empresa 67,202208,Sim,Sim,2022-08
Empresa 670,202303,Sim,Sim,2023-03
Empresa 6700,202105,Sim,Sim,2021-05
Empresa 6701,202005,Sim,Sim,2020-05
Empresa 6702,201910,Sim,Sim,2019-10
Empresa 6703,202208,Sim,Sim,2022-08
Empresa 6704,202002,Sim,Sim,2020-02
Empresa 6705,202204,Sim,Sim,2022-04
Empresa 6706,202304,Não,Não,2023-04
Empresa 6707,202304,Não,Não,2023-04
Empresa 6708,202007,Sim,Sim,2020-07
Empresa 6709,202012,Sim,Sim,2020-12
Empresa 671,202303,Sim,Sim,2023-03
Empresa 6710,202011,Sim,Sim,2020-11
Empresa 6711,202112,Sim,Sim,2021-12
Empresa 6712,201909,Sim,Sim,2019-09
Empresa 6713,202108,Não,Não,2021-08
Empresa 6714,202108,Sim,Sim,2021-08
Empresa 6715,202004,Sim,Sim,2020-04
Empresa 6716,202002,Sim,Sim,2020-02
Empresa 6717,202108,Sim,Sim,2021-08
Empresa 6718,202108,Sim,Sim,2021-08
Empresa 6719,202301,Sim,Sim,2023-01
Empresa 672,202303,Sim,Sim,2023-03
Empresa 6720,202007,Sim,Sim,2020-07
Empresa 6721,202210,Sim,Sim,2022-10
Empresa 6722,202112,Sim,Sim,2021-12
Empresa 6723,202108,Sim,Sim,2021-08
Empresa 6724,202204,Sim,Sim,2022-04
Empresa 6725,202004,Sim,Sim,2020-04
Empresa 6726,202003,Sim,Sim,2020-03
Empresa 6727,202003,Sim,Sim,2020-03
Empresa 6728,202003,Sim,Sim,2020-03
Empresa 6729,202004,Sim,Sim,2020-04
Empresa 673,202211,Sim,Sim,2022-11
Empresa 6730,202002,Sim,Sim,2020-02
Empresa 6731,202010,Sim,Sim,2020-10
Empresa 6732,202004,Sim,Sim,2020-04
Empresa 6733,202009,Sim,Sim,2020-09
Empresa 6734,202204,Sim,Sim,2022-04
Empresa 6735,202005,Sim,Sim,2020-05
Empresa 6736,202002,Sim,Sim,2020-02
Empresa 6737,202111,Sim,Sim,2021-11
Empresa 6738,201910,Sim,Sim,2019-10
Empresa 6739,202002,Sim,Sim,2020-02
Empresa 674,202212,Sim,Sim,2022-12
Empresa 6740,202108,Sim,Sim,2021-08
Empresa 6741,201912,Sim,Sim,2019-12
Empresa 6742,202002,Sim,Sim,2020-02
Empresa 6743,202001,Sim,Sim,2020-01
Empresa 6744,202108,Sim,Sim,2021-08
Empresa 6745,202002,Sim,Sim,2020-02
Empresa 6746,202112,Sim,Sim,2021-12
Empresa 6747,202007,Sim,Sim,2020-07
Empresa 6748,202110,Sim,Sim,2021-10
Empresa 6749,202109,Sim,Sim,2021-09
Empresa 675,202211,Sim,Sim,2022-11
Empresa 6750,202004,Sim,Sim,2020-04
Empresa 6751,202008,Sim,Sim,2020-08
Empresa 6752,202004,Sim,Sim,2020-04
Empresa 6753,202212,Sim,Sim,2022-12
Empresa 6754,201911,Sim,Sim,2019-11
Empresa 6755,202002,Sim,Sim,2020-02
Empresa 6756,202305,Não,Não,2023-05
Empresa 6757,202108,Sim,Sim,2021-08
Empresa 6758,202211,Sim,Sim,2022-11
Empresa 6759,201909,Sim,Sim,2019-09
Empresa 676,202211,Sim,Sim,2022-11
Empresa 6760,202109,Sim,Sim,2021-09
Empresa 6761,202003,Sim,Sim,2020-03
Empresa 6762,202205,Sim,Sim,2022-05
Empresa 6763,201912,Sim,Sim,2019-12
Empresa 6764,202206,Sim,Sim,2022-06
Empresa 6765,202003,Sim,Sim,2020-03
Empresa 6766,202203,Sim,Sim,2022-03
Empresa 6767,201910,Sim,Sim,2019-10
Empresa 6768,201910,Sim,Sim,2019-10
Empresa 6769,202110,Sim,Sim,2021-10
Empresa 677,202211,Sim,Sim,2022-11
Empresa 6770,201910,Sim,Sim,2019-10
Empresa 6771,202002,Sim,Sim,2020-02
Empresa 6772,202204,Sim,Sim,2022-04
Empresa 6773,201912,Sim,Sim,2019-12
Empresa 6774,202108,Sim,Sim,2021-08
Empresa 6775,202002,Sim,Sim,2020-02
Empresa 6776,202111,Sim,Sim,2021-11
Empresa 6777,202004,Sim,Sim,2020-04
Empresa 6778,202108,Sim,Sim,2021-08
Empresa 6779,202306,Não,Não,2023-06
Empresa 678,202303,Sim,Sim,2023-03
Empresa 6780,202012,Sim,Sim,2020-12
Empresa 6781,202008,Sim,Sim,2020-08
Empresa 6782,202209,Sim,Sim,2022-09
Empresa 6783,201910,Sim,Sim,2019-10
Empresa 6784,202108,Sim,Sim,2021-08
Empresa 6785,202211,Sim,Sim,2022-11
Empresa 6786,201910,Sim,Sim,2019-10
Empresa 6787,202001,Sim,Sim,2020-01
Empresa 6788,202111,Sim,Sim,2021-11
Empresa 6789,202008,Sim,Sim,2020-08
Empresa 679,202211,Sim,Sim,2022-11
Empresa 6790,202009,Sim,Sim,2020-09
Empresa 6791,202203,Não,Não,2022-03
Empresa 6792,202007,Sim,Sim,2020-07
Empresa 6793,202201,Sim,Sim,2022-01
Empresa 6794,201909,Sim,Sim,2019-09
Empresa 6795,201910,Sim,Sim,2019-10
Empresa 6796,202202,Sim,Sim,2022-02
Empresa 6797,202209,Sim,Sim,2022-09
Empresa 6798,202204,Sim,Sim,2022-04
Empresa 6799,202104,Sim,Sim,2021-04
Empresa 68,202303,Sim,Sim,2023-03
Empresa 680,202302,Sim,Sim,2023-02
Empresa 6800,202106,Sim,Sim,2021-06
Empresa 6801,202212,Sim,Sim,2022-12
Empresa 6802,202207,Sim,Sim,2022-07
Empresa 6803,202109,Sim,Sim,2021-09
Empresa 6804,202201,Sim,Sim,2022-01
Empresa 6805,202206,Sim,Sim,2022-06
Empresa 6806,202004,Sim,Sim,2020-04
Empresa 6807,202103,Sim,Sim,2021-03
Empresa 6808,202002,Sim,Sim,2020-02
Empresa 6809,202003,Sim,Sim,2020-03
Empresa 681,202303,Sim,Sim,2023-03
Empresa 6810,202004,Sim,Sim,2020-04
Empresa 6811,201912,Sim,Sim,2019-12
Empresa 6812,202210,Sim,Sim,2022-10
Empresa 6813,202002,Sim,Sim,2020-02
Empresa 6814,202109,Sim,Sim,2021-09
Empresa 6815,202109,Sim,Sim,2021-09
Empresa 6816,202104,Sim,Sim,2021-04
Empresa 6817,202003,Sim,Sim,2020-03
Empresa 6818,202003,Sim,Sim,2020-03
Empresa 6819,202110,Sim,Sim,2021-10
Empresa 682,202303,Sim,Sim,2023-03
Empresa 6820,202003,Sim,Sim,2020-03
Empresa 6821,202105,Sim,Sim,2021-05
Empresa 6822,202109,Sim,Sim,2021-09
Empresa 6823,202005,Sim,Sim,2020-05
Empresa 6824,202006,Sim,Sim,2020-06
Empresa 6825,202110,Sim,Sim,2021-10
Empresa 6826,202101,Sim,Sim,2021-01
Empresa 6827,202202,Sim,Sim,2022-02
Empresa 6828,202108,Sim,Sim,2021-08
Empresa 6829,202012,Sim,Sim,2020-12
Empresa 683,202210,Sim,Sim,2022-10
Empresa 6830,202201,Sim,Sim,2022-01
Empresa 6831,202002,Sim,Sim,2020-02
Empresa 6832,202209,Sim,Sim,2022-09
Empresa 6833,202109,Sim,Sim,2021-09
Empresa 6834,202106,Sim,Sim,2021-06
Empresa 6835,202104,Sim,Sim,2021-04
Empresa 6836,202210,Sim,Sim,2022-10
Empresa 6837,202109,Sim,Sim,2021-09
Empresa 6838,202111,Sim,Sim,2021-11
Empresa 6839,202207,Sim,Sim,2022-07
Empresa 684,202301,Sim,Sim,2023-01
Empresa 6840,202204,Sim,Sim,2022-04
Empresa 6841,202205,Sim,Sim,2022-05
Empresa 6842,202105,Sim,Sim,2021-05
Empresa 6843,202004,Sim,Sim,2020-04
Empresa 6844,202201,Sim,Sim,2022-01
Empresa 6845,202108,Sim,Sim,2021-08
Empresa 6846,202211,Sim,Sim,2022-11
Empresa 6847,202207,Sim,Sim,2022-07
Empresa 6848,202208,Sim,Sim,2022-08
Empresa 6849,202203,Sim,Sim,2022-03
Empresa 685,202304,Sim,Sim,2023-04
Empresa 6850,202203,Sim,Sim,2022-03
Empresa 6851,202203,Sim,Sim,2022-03
Empresa 6852,202210,Sim,Sim,2022-10
Empresa 6853,202205,Sim,Sim,2022-05
Empresa 6854,202205,Sim,Sim,2022-05
Empresa 6855,202306,Não,Não,2023-06
Empresa 6856,202204,Sim,Sim,2022-04
Empresa 6857,202209,Sim,Sim,2022-09
Empresa 6858,202003,Sim,Sim,2020-03
Empresa 6859,202203,Sim,Sim,2022-03
Empresa 686,202212,Sim,Sim,2022-12
Empresa 6860,202012,Sim,Sim,2020-12
Empresa 6861,202207,Sim,Sim,2022-07
Empresa 6862,202202,Sim,Sim,2022-02
Empresa 6863,202202,Sim,Sim,2022-02
Empresa 6864,202204,Sim,Sim,2022-04
Empresa 6865,202208,Sim,Sim,2022-08
Empresa 6866,202108,Não,Não,2021-08
Empresa 6867,201911,Sim,Sim,2019-11
Empresa 6868,202208,Sim,Sim,2022-08
Empresa 6869,202208,Sim,Sim,2022-08
Empresa 687,202304,Sim,Sim,2023-04
Empresa 6870,202211,Sim,Sim,2022-11
Empresa 6871,202210,Sim,Sim,2022-10
Empresa 6872,202301,Sim,Sim,2023-01
Empresa 6873,202201,Sim,Sim,2022-01
Empresa 6874,202004,Sim,Sim,2020-04
Empresa 6875,202003,Sim,Sim,2020-03
Empresa 6876,202004,Sim,Sim,2020-04
Empresa 6877,202012,Sim,Sim,2020-12
Empresa 6878,202008,Sim,Sim,2020-08
Empresa 6879,201806,Sim,Sim,2018-06
Empresa 688,202211,Sim,Sim,2022-11
Empresa 6880,202009,Sim,Sim,2020-09
Empresa 6881,202008,Sim,Sim,2020-08
Empresa 6882,202011,Não,Sim,2020-11
Empresa 6883,201909,Sim,Sim,2019-09
Empresa 6884,201910,Sim,Sim,2019-10
Empresa 6885,202002,Sim,Sim,2020-02
Empresa 6886,202107,Não,Sim,2021-07
Empresa 6887,202109,Sim,Sim,2021-09
Empresa 6888,201910,Sim,Sim,2019-10
Empresa 6889,201910,Sim,Sim,2019-10
Empresa 689,202304,Sim,Sim,2023-04
Empresa 6890,201910,Sim,Sim,2019-10
Empresa 6891,202005,Sim,Sim,2020-05
Empresa 6892,201912,Sim,Sim,2019-12
Empresa 6893,202205,Sim,Sim,2022-05
Empresa 6894,202008,Sim,Sim,2020-08
Empresa 6895,202012,Sim,Sim,2020-12
Empresa 6896,202101,Sim,Sim,2021-01
Empresa 6897,202006,Não,Não,2020-06
Empresa 6898,202008,Sim,Sim,2020-08
Empresa 6899,202004,Sim,Sim,2020-04
Empresa 69,202303,Sim,Sim,2023-03
Empresa 690,202212,Sim,Sim,2022-12
Empresa 6900,202008,Sim,Sim,2020-08
Empresa 6901,202008,Sim,Sim,2020-08
Empresa 6902,202108,Sim,Sim,2021-08
Empresa 6903,201909,Sim,Sim,2019-09
Empresa 6904,201910,Sim,Sim,2019-10
Empresa 6905,201910,Sim,Sim,2019-10
Empresa 6906,202004,Sim,Sim,2020-04
Empresa 6907,201909,Sim,Sim,2019-09
Empresa 6908,202001,Sim,Sim,2020-01
Empresa 6909,202003,Sim,Sim,2020-03
Empresa 691,202304,Sim,Sim,2023-04
Empresa 6910,202004,Sim,Sim,2020-04
Empresa 6911,202008,Sim,Sim,2020-08
Empresa 6912,202004,Sim,Sim,2020-04
Empresa 6913,201911,Sim,Sim,2019-11
Empresa 6914,202108,Sim,Sim,2021-08
Empresa 6915,202012,Sim,Sim,2020-12
Empresa 6916,202110,Sim,Sim,2021-10
Empresa 6917,202101,Sim,Sim,2021-01
Empresa 6918,202207,Não,Não,2022-07
Empresa 6919,202005,Sim,Sim,2020-05
Empresa 692,202304,Sim,Sim,2023-04
Empresa 6920,202309,Não,Sim,2023-09
Empresa 6921,202002,Sim,Sim,2020-02
Empresa 6922,202104,Sim,Sim,2021-04
Empresa 6923,202106,Sim,Sim,2021-06
Empresa 6924,202106,Sim,Sim,2021-06
Empresa 6925,202102,Sim,Sim,2021-02
Empresa 6926,202208,Sim,Sim,2022-08
Empresa 6927,202008,Sim,Sim,2020-08
Empresa 6928,202210,Sim,Sim,2022-10
Empresa 6929,202210,Sim,Sim,2022-10
Empresa 693,202212,Sim,Sim,2022-12
Empresa 6930,202008,Sim,Sim,2020-08
Empresa 6931,202110,Sim,Sim,2021-10
Empresa 6932,202004,Sim,Sim,2020-04
Empresa 6933,202211,Sim,Sim,2022-11
Empresa 6934,202301,Não,Não,2023-01
Empresa 6935,202108,Sim,Sim,2021-08
Empresa 6936,202204,Sim,Sim,2022-04
Empresa 6937,202004,Sim,Sim,2020-04
Empresa 6938,202111,Sim,Sim,2021-11
Empresa 6939,202301,Sim,Sim,2023-01
Empresa 694,202303,Sim,Sim,2023-03
Empresa 6940,202004,Sim,Sim,2020-04
Empresa 6941,202001,Sim,Sim,2020-01
Empresa 6942,202211,Sim,Sim,2022-11
Empresa 6943,202206,Sim,Sim,2022-06
Empresa 6944,202103,Sim,Sim,2021-03
Empresa 6945,202309,Não,Não,2023-09
Empresa 6946,201910,Sim,Sim,2019-10
Empresa 6947,202110,Sim,Sim,2021-10
Empresa 6948,202301,Sim,Sim,2023-01
Empresa 6949,202301,Sim,Sim,2023-01
Empresa 695,202303,Sim,Sim,2023-03
Empresa 6950,201912,Sim,Sim,2019-12
Empresa 6951,202002,Sim,Sim,2020-02
Empresa 6952,201910,Sim,Sim,2019-10
Empresa 6953,202301,Sim,Sim,2023-01
Empresa 6954,202208,Sim,Sim,2022-08
Empresa 6955,202004,Sim,Sim,2020-04
Empresa 6956,202212,Sim,Sim,2022-12
Empresa 6957,202006,Sim,Sim,2020-06
Empresa 6958,202005,Sim,Sim,2020-05
Empresa 6959,202103,Não,Não,2021-03
Empresa 696,202212,Sim,Sim,2022-12
Empresa 6960,202012,Sim,Sim,2020-12
Empresa 6961,202205,Sim,Sim,2022-05
Empresa 6962,202204,Sim,Sim,2022-04
Empresa 6963,201909,Sim,Sim,2019-09
Empresa 6964,202207,Sim,Sim,2022-07
Empresa 6965,202109,Sim,Sim,2021-09
Empresa 6966,202201,Sim,Sim,2022-01
Empresa 6967,202205,Sim,Sim,2022-05
Empresa 6968,202209,Sim,Sim,2022-09
Empresa 6969,202301,Sim,Sim,2023-01
Empresa 697,202304,Sim,Sim,2023-04
Empresa 6970,202212,Sim,Sim,2022-12
Empresa 6971,202209,Sim,Sim,2022-09
Empresa 6972,202203,Não,Não,2022-03
Empresa 6973,202007,Sim,Sim,2020-07
Empresa 6974,202202,Sim,Sim,2022-02
Empresa 6975,202103,Sim,Sim,2021-03
Empresa 6976,202002,Sim,Sim,2020-02
Empresa 6977,202012,Sim,Sim,2020-12
Empresa 6978,202112,Sim,Sim,2021-12
Empresa 6979,202103,Não,Não,2021-03
Empresa 698,202303,Sim,Sim,2023-03
Empresa 6980,202209,Sim,Sim,2022-09
Empresa 6981,202208,Sim,Sim,2022-08
Empresa 6982,202112,Sim,Sim,2021-12
Empresa 6983,202005,Sim,Sim,2020-05
Empresa 6984,202005,Sim,Sim,2020-05
Empresa 6985,201909,Sim,Sim,2019-09
Empresa 6986,202002,Sim,Sim,2020-02
Empresa 6987,202006,Sim,Sim,2020-06
Empresa 6988,202004,Sim,Sim,2020-04
Empresa 6989,202108,Sim,Sim,2021-08
Empresa 699,202212,Sim,Sim,2022-12
Empresa 6990,202201,Sim,Sim,2022-01
Empresa 6991,202203,Sim,Sim,2022-03
Empresa 6992,202003,Sim,Sim,2020-03
Empresa 6993,202108,Sim,Sim,2021-08
Empresa 6994,202003,Sim,Sim,2020-03
Empresa 6995,202002,Sim,Sim,2020-02
Empresa 6996,201912,Sim,Sim,2019-12
Empresa 6997,201909,Sim,Sim,2019-09
Empresa 6998,202111,Sim,Sim,2021-11
Empresa 6999,202104,Sim,Sim,2021-04
Empresa 7,202208,Sim,Sim,2022-08
Empresa 70,202212,Sim,Sim,2022-12
Empresa 700,202303,Sim,Sim,2023-03
Empresa 7000,202303,Sim,Sim,2023-03
Empresa 7001,202101,Sim,Sim,2021-01
Empresa 7002,202203,Sim,Sim,2022-03
Empresa 7003,202306,Não,Sim,2023-06
Empresa 7004,202003,Sim,Sim,2020-03
Empresa 7005,202007,Sim,Sim,2020-07
Empresa 7006,202110,Não,Não,2021-10
Empresa 7007,202306,Não,Não,2023-06
Empresa 7008,202110,Sim,Sim,2021-10
Empresa 7009,202205,Sim,Sim,2022-05
Empresa 701,202303,Sim,Sim,2023-03
Empresa 7010,202207,Sim,Sim,2022-07
Empresa 7011,202203,Sim,Sim,2022-03
Empresa 7012,202101,Sim,Sim,2021-01
Empresa 7013,202303,Sim,Sim,2023-03
Empresa 7014,202010,Sim,Sim,2020-10
Empresa 7015,202302,Sim,Sim,2023-02
Empresa 7016,202011,Sim,Sim,2020-11
Empresa 7017,202201,Não,Não,2022-01
Empresa 7018,202303,Sim,Sim,2023-03
Empresa 7019,202302,Sim,Sim,2023-02
Empresa 702,202304,Sim,Sim,2023-04
Empresa 7020,202007,Sim,Sim,2020-07
Empresa 7021,202302,Sim,Sim,2023-02
Empresa 7022,202303,Sim,Sim,2023-03
Empresa 7023,202101,Sim,Sim,2021-01
Empresa 7024,202102,Sim,Sim,2021-02
Empresa 7025,202105,Sim,Sim,2021-05
Empresa 7026,202201,Sim,Sim,2022-01
Empresa 7027,202101,Sim,Sim,2021-01
Empresa 7028,201910,Sim,Sim,2019-10
Empresa 7029,201910,Sim,Sim,2019-10
Empresa 703,202304,Sim,Sim,2023-04
Empresa 7030,201911,Sim,Sim,2019-11
Empresa 7031,202003,Sim,Sim,2020-03
Empresa 7032,202303,Sim,Sim,2023-03
Empresa 7033,202112,Sim,Sim,2021-12
Empresa 7034,202203,Sim,Sim,2022-03
Empresa 7035,202201,Sim,Sim,2022-01
Empresa 7036,201910,Sim,Sim,2019-10
Empresa 7037,202304,Sim,Sim,2023-04
Empresa 7038,202207,Sim,Sim,2022-07
Empresa 7039,202108,Sim,Sim,2021-08
Empresa 704,202304,Sim,Sim,2023-04
Empresa 7040,202007,Sim,Sim,2020-07
Empresa 7041,202003,Sim,Sim,2020-03
Empresa 7042,202108,Sim,Sim,2021-08
Empresa 7043,202007,Sim,Sim,2020-07
Empresa 7044,201912,Sim,Sim,2019-12
Empresa 7045,202004,Sim,Sim,2020-04
Empresa 7046,202304,Sim,Sim,2023-04
Empresa 7047,202211,Sim,Sim,2022-11
Empresa 7048,202111,Sim,Sim,2021-11
Empresa 7049,202106,Sim,Sim,2021-06
Empresa 705,202304,Sim,Sim,2023-04
Empresa 7050,202203,Sim,Sim,2022-03
Empresa 7051,202003,Sim,Sim,2020-03
Empresa 7052,202303,Sim,Sim,2023-03
Empresa 7053,202111,Sim,Sim,2021-11
Empresa 7054,202010,Sim,Sim,2020-10
Empresa 7055,202305,Sim,Sim,2023-05
Empresa 7056,202305,Sim,Sim,2023-05
Empresa 7057,202305,Sim,Sim,2023-05
Empresa 7058,202305,Sim,Sim,2023-05
Empresa 7059,202305,Sim,Sim,2023-05
Empresa 706,202305,Sim,Sim,2023-05
Empresa 7060,202005,Sim,Sim,2020-05
Empresa 7061,202305,Sim,Sim,2023-05
Empresa 7062,202306,Sim,Sim,2023-06
Empresa 7063,202007,Sim,Sim,2020-07
Empresa 7064,202209,Sim,Sim,2022-09
Empresa 7065,202305,Sim,Sim,2023-05
Empresa 7066,202306,Sim,Sim,2023-06
Empresa 7067,202306,Sim,Sim,2023-06
Empresa 7068,202305,Sim,Sim,2023-05
Empresa 7069,202305,Sim,Sim,2023-05
Empresa 707,202012,Não,Não,2020-12
Empresa 7070,202305,Sim,Sim,2023-05
Empresa 7071,202007,Sim,Sim,2020-07
Empresa 7072,202008,Sim,Sim,2020-08
Empresa 7073,202306,Sim,Sim,2023-06
Empresa 7074,202004,Sim,Sim,2020-04
Empresa 7075,202004,Sim,Sim,2020-04
Empresa 7076,202307,Sim,Sim,2023-07
Empresa 7077,201910,Sim,Sim,2019-10
Empresa 7078,202307,Sim,Sim,2023-07
Empresa 7079,202003,Sim,Sim,2020-03
Empresa 708,202304,Sim,Sim,2023-04
Empresa 7080,202110,Sim,Sim,2021-10
Empresa 7081,202108,Sim,Sim,2021-08
Empresa 7082,202306,Sim,Sim,2023-06
Empresa 7083,202307,Sim,Sim,2023-07
Empresa 7084,202201,Sim,Sim,2022-01
Empresa 7085,202007,Sim,Sim,2020-07
Empresa 7086,202304,Sim,Sim,2023-04
Empresa 7087,202008,Sim,Sim,2020-08
Empresa 7088,202104,Sim,Sim,2021-04
Empresa 7089,202004,Sim,Sim,2020-04
Empresa 709,202305,Sim,Sim,2023-05
Empresa 7090,202005,Sim,Sim,2020-05
Empresa 7091,202012,Sim,Sim,2020-12
Empresa 7092,202303,Sim,Sim,2023-03
Empresa 7093,202303,Sim,Sim,2023-03
Empresa 7094,202308,Sim,Sim,2023-08
Empresa 7095,202308,Sim,Sim,2023-08
Empresa 7096,202305,Sim,Sim,2023-05
Empresa 7097,202101,Sim,Sim,2021-01
Empresa 7098,202309,Sim,Sim,2023-09
Empresa 7099,202309,Sim,Sim,2023-09
Empresa 71,202302,Sim,Sim,2023-02
Empresa 710,202302,Sim,Sim,2023-02
Empresa 7100,202305,Sim,Sim,2023-05
Empresa 7101,202309,Sim,Sim,2023-09
Empresa 7102,202110,Sim,Sim,2021-10
Empresa 7103,202308,Sim,Sim,2023-08
Empresa 7104,202304,Não,Não,2023-04
Empresa 7105,202208,Sim,Sim,2022-08
Empresa 7106,202308,Sim,Sim,2023-08
Empresa 7107,202105,Sim,Sim,2021-05
Empresa 7108,202303,Sim,Sim,2023-03
Empresa 7109,202308,Sim,Sim,2023-08
Empresa 711,202305,Sim,Sim,2023-05
Empresa 7110,202309,Sim,Sim,2023-09
Empresa 7111,202012,Sim,Sim,2020-12
Empresa 7112,202309,Sim,Sim,2023-09
Empresa 7113,202008,Sim,Sim,2020-08
Empresa 7114,202108,Sim,Sim,2021-08
Empresa 7115,202111,Sim,Sim,2021-11
Empresa 7116,202310,Sim,Sim,2023-10
Empresa 7117,202308,Sim,Sim,2023-08
Empresa 7118,202309,Sim,Sim,2023-09
Empresa 7119,202310,Sim,Sim,2023-10
Empresa 712,202305,Sim,Sim,2023-05
Empresa 7120,202310,Sim,Sim,2023-10
Empresa 7121,202305,Sim,Sim,2023-05
Empresa 7122,202108,Sim,Sim,2021-08
Empresa 7123,202211,Sim,Sim,2022-11
Empresa 7124,202108,Sim,Sim,2021-08
Empresa 7125,202111,Sim,Sim,2021-11
Empresa 7126,202106,Não,Não,2021-06
Empresa 7127,202211,Sim,Sim,2022-11
Empresa 7128,202311,Não,Não,2023-11
Empresa 7129,202008,Não,Não,2020-08
Empresa 713,202304,Sim,Sim,2023-04
Empresa 7130,201910,Sim,Sim,2019-10
Empresa 7131,202308,Não,Não,2023-08
Empresa 7132,202108,Sim,Sim,2021-08
Empresa 7133,202310,Sim,Sim,2023-10
Empresa 7134,202311,Não,Não,2023-11
Empresa 7136,202310,Não,Não,2023-10
Empresa 7138,202003,Sim,Sim,2020-03
Empresa 7139,202004,Sim,Sim,2020-04
Empresa 714,202304,Sim,Sim,2023-04
Empresa 7140,202106,Sim,Sim,2021-06
Empresa 7141,202104,Sim,Sim,2021-04
Empresa 7142,202105,Sim,Sim,2021-05
Empresa 7143,202105,Sim,Sim,2021-05
Empresa 7144,202104,Sim,Sim,2021-04
Empresa 7145,202108,Sim,Sim,2021-08
Empresa 7146,202104,Sim,Sim,2021-04
Empresa 7147,202112,Sim,Sim,2021-12
Empresa 7148,202210,Sim,Sim,2022-10
Empresa 7149,202104,Sim,Sim,2021-04
Empresa 715,202211,Sim,Sim,2022-11
Empresa 7150,202105,Sim,Sim,2021-05
Empresa 7151,202202,Sim,Sim,2022-02
Empresa 7152,202105,Sim,Sim,2021-05
Empresa 7153,202209,Sim,Sim,2022-09
Empresa 7154,202204,Sim,Sim,2022-04
Empresa 7155,202106,Sim,Sim,2021-06
Empresa 7156,202106,Sim,Sim,2021-06
Empresa 7157,202206,Sim,Sim,2022-06
Empresa 7158,202301,Sim,Sim,2023-01
Empresa 7159,202204,Sim,Sim,2022-04
Empresa 716,202212,Sim,Sim,2022-12
Empresa 7160,202207,Sim,Sim,2022-07
Empresa 7161,202204,Sim,Sim,2022-04
Empresa 7162,202103,Sim,Sim,2021-03
Empresa 7163,202104,Sim,Sim,2021-04
Empresa 7164,202202,Sim,Sim,2022-02
Empresa 7165,202203,Sim,Sim,2022-03
Empresa 7166,202302,Sim,Sim,2023-02
Empresa 7167,202302,Sim,Sim,2023-02
Empresa 7168,202104,Sim,Sim,2021-04
Empresa 7169,202106,Sim,Sim,2021-06
Empresa 717,202304,Sim,Sim,2023-04
Empresa 7170,202208,Sim,Sim,2022-08
Empresa 7171,202203,Sim,Sim,2022-03
Empresa 7172,202104,Sim,Sim,2021-04
Empresa 7173,202109,Sim,Sim,2021-09
Empresa 7174,202103,Sim,Sim,2021-03
Empresa 7175,202104,Sim,Sim,2021-04
Empresa 7176,202105,Sim,Sim,2021-05
Empresa 7177,202104,Sim,Sim,2021-04
Empresa 7178,202210,Sim,Sim,2022-10
Empresa 7179,202205,Sim,Sim,2022-05
Empresa 718,202303,Sim,Sim,2023-03
Empresa 7180,202104,Sim,Sim,2021-04
Empresa 7181,202207,Sim,Sim,2022-07
Empresa 7182,202207,Sim,Sim,2022-07
Empresa 7183,202211,Sim,Sim,2022-11
Empresa 7184,202304,Sim,Sim,2023-04
Empresa 7185,202304,Sim,Sim,2023-04
Empresa 7186,202305,Não,Não,2023-05
Empresa 7187,202107,Sim,Sim,2021-07
Empresa 7188,202305,Sim,Sim,2023-05
Empresa 7189,202305,Sim,Sim,2023-05
Empresa 719,202305,Sim,Sim,2023-05
Empresa 7190,202105,Sim,Sim,2021-05
Empresa 7191,202104,Sim,Sim,2021-04
Empresa 7192,202110,Sim,Sim,2021-10
Empresa 7193,202104,Sim,Sim,2021-04
Empresa 7194,202106,Sim,Sim,2021-06
Empresa 7195,202306,Sim,Sim,2023-06
Empresa 7196,202306,Sim,Sim,2023-06
Empresa 7197,202109,Sim,Sim,2021-09
Empresa 7198,202305,Sim,Sim,2023-05
Empresa 7199,202105,Sim,Sim,2021-05
Empresa 72,202302,Sim,Sim,2023-02
Empresa 720,202305,Sim,Sim,2023-05
Empresa 7200,202306,Sim,Sim,2023-06
Empresa 7201,202308,Sim,Sim,2023-08
Empresa 7202,202208,Sim,Sim,2022-08
Empresa 7203,202112,Sim,Sim,2021-12
Empresa 7204,202310,Sim,Sim,2023-10
Empresa 7205,202310,Sim,Sim,2023-10
Empresa 7206,202208,Sim,Sim,2022-08
Empresa 7207,202208,Sim,Sim,2022-08
Empresa 7208,202301,Sim,Sim,2023-01
Empresa 7209,202211,Sim,Sim,2022-11
Empresa 721,202304,Sim,Sim,2023-04
Empresa 7210,202211,Sim,Sim,2022-11
Empresa 7211,202206,Sim,Sim,2022-06
Empresa 7212,202212,Sim,Sim,2022-12
Empresa 7213,202212,Sim,Sim,2022-12
Empresa 7214,202211,Sim,Sim,2022-11
Empresa 7215,202212,Sim,Sim,2022-12
Empresa 7216,202110,Sim,Sim,2021-10
Empresa 7217,202212,Sim,Sim,2022-12
Empresa 7218,202212,Sim,Sim,2022-12
Empresa 7219,202301,Sim,Sim,2023-01
Empresa 722,202304,Sim,Sim,2023-04
Empresa 7220,202011,Não,Não,2020-11
Empresa 7221,202302,Sim,Sim,2023-02
Empresa 7223,202301,Sim,Sim,2023-01
Empresa 7224,202211,Sim,Sim,2022-11
Empresa 7225,202301,Sim,Sim,2023-01
Empresa 7226,202108,Não,Não,2021-08
Empresa 7227,202008,Não,Sim,2020-08
Empresa 7228,202302,Sim,Sim,2023-02
Empresa 7229,202303,Sim,Sim,2023-03
Empresa 723,202303,Sim,Sim,2023-03
Empresa 7230,202301,Sim,Sim,2023-01
Empresa 7231,202301,Sim,Sim,2023-01
Empresa 7232,202303,Sim,Sim,2023-03
Empresa 7233,202302,Sim,Sim,2023-02
Empresa 7234,202109,Não,Não,2021-09
Empresa 7235,202301,Sim,Sim,2023-01
Empresa 7236,202303,Sim,Sim,2023-03
Empresa 7237,202303,Sim,Sim,2023-03
Empresa 7238,202303,Sim,Sim,2023-03
Empresa 7239,202301,Sim,Sim,2023-01
Empresa 724,202305,Sim,Sim,2023-05
Empresa 7240,202212,Sim,Sim,2022-12
Empresa 7241,202306,Sim,Sim,2023-06
Empresa 7242,202305,Sim,Sim,2023-05
Empresa 7243,202304,Não,Não,2023-04
Empresa 7244,202111,Não,Não,2021-11
Empresa 7245,202306,Sim,Sim,2023-06
Empresa 7246,202301,Sim,Sim,2023-01
Empresa 7247,202306,Sim,Sim,2023-06
Empresa 7248,202210,Não,Sim,2022-10
Empresa 7249,202310,Sim,Sim,2023-10
Empresa 725,202305,Sim,Sim,2023-05
Empresa 7250,202309,Sim,Sim,2023-09
Empresa 7251,202309,Sim,Sim,2023-09
Empresa 7252,202307,Sim,Sim,2023-07
Empresa 7253,202311,Não,Não,2023-11
Empresa 7254,202008,Não,Não,2020-08
Empresa 7255,202306,Sim,Sim,2023-06
Empresa 7256,202307,Não,Sim,2023-07
Empresa 7257,202211,Não,Sim,2022-11
Empresa 7258,202212,Sim,Sim,2022-12
Empresa 7259,202212,Sim,Sim,2022-12
Empresa 726,202305,Sim,Sim,2023-05
Empresa 7260,202212,Sim,Sim,2022-12
Empresa 7261,202212,Sim,Sim,2022-12
Empresa 7262,202301,Sim,Sim,2023-01
Empresa 7263,202212,Sim,Sim,2022-12
Empresa 7264,202212,Sim,Sim,2022-12
Empresa 7265,202212,Sim,Sim,2022-12
Empresa 7266,202212,Sim,Sim,2022-12
Empresa 7267,202212,Sim,Sim,2022-12
Empresa 7268,202212,Sim,Sim,2022-12
Empresa 7269,202212,Sim,Sim,2022-12
Empresa 727,202305,Sim,Sim,2023-05
Empresa 7270,202301,Sim,Sim,2023-01
Empresa 7271,202302,Sim,Sim,2023-02
Empresa 7272,202212,Sim,Sim,2022-12
Empresa 7273,202303,Sim,Sim,2023-03
Empresa 7274,202206,Sim,Sim,2022-06
Empresa 7275,202309,Sim,Sim,2023-09
Empresa 7276,202310,Sim,Sim,2023-10
Empresa 7277,202212,Sim,Sim,2022-12
Empresa 7278,202212,Sim,Sim,2022-12
Empresa 7279,202207,Sim,Sim,2022-07
Empresa 728,202211,Sim,Sim,2022-11
Empresa 7280,202208,Sim,Sim,2022-08
Empresa 7281,202207,Sim,Sim,2022-07
Empresa 7282,202207,Sim,Sim,2022-07
Empresa 7283,202207,Sim,Sim,2022-07
Empresa 7284,202206,Sim,Sim,2022-06
Empresa 7285,202207,Sim,Sim,2022-07
Empresa 7286,202208,Sim,Sim,2022-08
Empresa 7287,202207,Sim,Sim,2022-07
Empresa 7288,202207,Sim,Sim,2022-07
Empresa 7289,202204,Sim,Sim,2022-04
Empresa 729,202212,Sim,Sim,2022-12
Empresa 7290,202208,Sim,Sim,2022-08
Empresa 7291,202208,Sim,Sim,2022-08
Empresa 7292,202209,Sim,Sim,2022-09
Empresa 7293,202302,Sim,Sim,2023-02
Empresa 7294,202302,Sim,Sim,2023-02
Empresa 7295,202209,Sim,Sim,2022-09
Empresa 7296,202111,Sim,Sim,2021-11
Empresa 7297,202207,Sim,Sim,2022-07
Empresa 7298,202208,Sim,Sim,2022-08
Empresa 7299,202206,Sim,Sim,2022-06
Empresa 73,202208,Sim,Sim,2022-08
Empresa 730,202304,Sim,Sim,2023-04
Empresa 7300,202207,Sim,Sim,2022-07
Empresa 7301,202206,Sim,Sim,2022-06
Empresa 7302,202204,Sim,Sim,2022-04
Empresa 7303,202208,Sim,Sim,2022-08
Empresa 7304,202209,Sim,Sim,2022-09
Empresa 7305,202209,Sim,Sim,2022-09
Empresa 7306,202208,Sim,Sim,2022-08
Empresa 7307,202008,Sim,Sim,2020-08
Empresa 7308,202208,Sim,Sim,2022-08
Empresa 7309,202207,Sim,Sim,2022-07
Empresa 731,202304,Sim,Sim,2023-04
Empresa 7310,202208,Sim,Sim,2022-08
Empresa 7311,202307,Sim,Sim,2023-07
Empresa 7312,202208,Sim,Sim,2022-08
Empresa 7313,202208,Sim,Sim,2022-08
Empresa 7314,202308,Sim,Sim,2023-08
Empresa 7315,202206,Sim,Sim,2022-06
Empresa 7316,202210,Sim,Sim,2022-10
Empresa 7317,202207,Sim,Sim,2022-07
Empresa 7318,202207,Sim,Sim,2022-07
Empresa 7319,202209,Sim,Sim,2022-09
Empresa 732,202305,Sim,Sim,2023-05
Empresa 7320,202207,Sim,Sim,2022-07
Empresa 7321,202206,Sim,Sim,2022-06
Empresa 7322,202310,Sim,Sim,2023-10
Empresa 7323,202206,Sim,Sim,2022-06
Empresa 7325,202212,Sim,Sim,2022-12
Empresa 7326,202206,Sim,Sim,2022-06
Empresa 7327,202208,Sim,Sim,2022-08
Empresa 7328,202203,Sim,Sim,2022-03
Empresa 7329,202204,Sim,Sim,2022-04
Empresa 733,202305,Sim,Sim,2023-05
Empresa 7330,202305,Sim,Sim,2023-05
Empresa 7331,202202,Sim,Sim,2022-02
Empresa 7332,202307,Sim,Sim,2023-07
Empresa 7333,202310,Sim,Sim,2023-10
Empresa 7334,202310,Sim,Sim,2023-10
Empresa 7335,202310,Sim,Sim,2023-10
Empresa 7336,202206,Sim,Sim,2022-06
Empresa 7337,202301,Sim,Sim,2023-01
Empresa 7338,202008,Não,Não,2020-08
Empresa 7339,202103,Não,Não,2021-03
Empresa 734,202304,Sim,Sim,2023-04
Empresa 7340,202008,Não,Não,2020-08
Empresa 7341,202207,Sim,Sim,2022-07
Empresa 7342,202108,Não,Não,2021-08
Empresa 7343,202210,Sim,Sim,2022-10
Empresa 7344,202207,Sim,Sim,2022-07
Empresa 7345,202208,Sim,Sim,2022-08
Empresa 7346,202209,Sim,Sim,2022-09
Empresa 7347,202209,Sim,Sim,2022-09
Empresa 7348,202208,Sim,Sim,2022-08
Empresa 7349,202301,Sim,Sim,2023-01
Empresa 735,202306,Sim,Sim,2023-06
Empresa 7350,202301,Sim,Sim,2023-01
Empresa 7351,202301,Sim,Sim,2023-01
Empresa 7352,202110,Não,Não,2021-10
Empresa 7353,202211,Sim,Sim,2022-11
Empresa 7354,202301,Sim,Sim,2023-01
Empresa 7355,202302,Sim,Sim,2023-02
Empresa 7356,202301,Sim,Sim,2023-01
Empresa 7357,202302,Sim,Sim,2023-02
Empresa 7358,202301,Sim,Sim,2023-01
Empresa 7359,202301,Sim,Sim,2023-01
Empresa 736,202303,Sim,Sim,2023-03
Empresa 7360,202301,Sim,Sim,2023-01
Empresa 7361,202211,Sim,Sim,2022-11
Empresa 7362,202302,Sim,Sim,2023-02
Empresa 7363,202302,Sim,Sim,2023-02
Empresa 7364,202008,Não,Não,2020-08
Empresa 7365,202302,Sim,Sim,2023-02
Empresa 7366,202302,Sim,Sim,2023-02
Empresa 7367,202301,Sim,Sim,2023-01
Empresa 7368,202301,Sim,Sim,2023-01
Empresa 7369,202301,Sim,Sim,2023-01
Empresa 737,202306,Sim,Sim,2023-06
Empresa 7370,202302,Sim,Sim,2023-02
Empresa 7371,202011,Não,Não,2020-11
Empresa 7372,202301,Sim,Sim,2023-01
Empresa 7373,202301,Sim,Sim,2023-01
Empresa 7374,202301,Sim,Sim,2023-01
Empresa 7375,202301,Sim,Sim,2023-01
Empresa 7376,202302,Sim,Sim,2023-02
Empresa 7377,202301,Sim,Sim,2023-01
Empresa 7378,202302,Sim,Sim,2023-02
Empresa 7379,202301,Sim,Sim,2023-01
Empresa 738,202301,Sim,Sim,2023-01
Empresa 7380,202211,Sim,Sim,2022-11
Empresa 7381,202301,Sim,Sim,2023-01
Empresa 7382,202301,Sim,Sim,2023-01
Empresa 7383,202301,Sim,Sim,2023-01
Empresa 7384,202301,Sim,Sim,2023-01
Empresa 7385,202302,Sim,Sim,2023-02
Empresa 7386,202302,Sim,Sim,2023-02
Empresa 7387,202302,Sim,Sim,2023-02
Empresa 7388,202205,Sim,Sim,2022-05
Empresa 7389,202301,Sim,Sim,2023-01
Empresa 739,202306,Sim,Sim,2023-06
Empresa 7390,202302,Sim,Sim,2023-02
Empresa 7391,202301,Sim,Sim,2023-01
Empresa 7392,202301,Sim,Sim,2023-01
Empresa 7393,202301,Sim,Sim,2023-01
Empresa 7394,202301,Sim,Sim,2023-01
Empresa 7395,202301,Sim,Sim,2023-01
Empresa 7396,202301,Sim,Sim,2023-01
Empresa 7397,202302,Sim,Sim,2023-02
Empresa 7398,202301,Sim,Sim,2023-01
Empresa 7399,202301,Sim,Sim,2023-01
Empresa 74,202210,Sim,Sim,2022-10
Empresa 740,202306,Sim,Sim,2023-06
Empresa 7400,202301,Sim,Sim,2023-01
Empresa 7401,202301,Sim,Sim,2023-01
Empresa 7402,202301,Sim,Sim,2023-01
Empresa 7403,202302,Sim,Sim,2023-02
Empresa 7404,202301,Sim,Sim,2023-01
Empresa 7405,202301,Sim,Sim,2023-01
Empresa 7406,202301,Sim,Sim,2023-01
Empresa 7407,202301,Sim,Sim,2023-01
Empresa 7408,202301,Sim,Sim,2023-01
Empresa 7409,202301,Sim,Sim,2023-01
Empresa 741,202306,Sim,Sim,2023-06
Empresa 7410,202301,Sim,Sim,2023-01
Empresa 7411,202301,Sim,Sim,2023-01
Empresa 7412,202301,Sim,Sim,2023-01
Empresa 7413,202301,Sim,Sim,2023-01
Empresa 7414,202001,Sim,Sim,2020-01
Empresa 7415,202202,Não,Não,2022-02
Empresa 7416,202301,Sim,Sim,2023-01
Empresa 7417,202301,Não,Não,2023-01
Empresa 7418,202301,Sim,Sim,2023-01
Empresa 7419,202301,Sim,Sim,2023-01
Empresa 742,202306,Sim,Sim,2023-06
Empresa 7420,202301,Sim,Sim,2023-01
Empresa 7421,202301,Sim,Sim,2023-01
Empresa 7422,202301,Sim,Sim,2023-01
Empresa 7423,202302,Sim,Sim,2023-02
Empresa 7424,202302,Sim,Sim,2023-02
Empresa 7425,202302,Sim,Sim,2023-02
Empresa 7426,202301,Sim,Sim,2023-01
Empresa 7427,202303,Sim,Sim,2023-03
Empresa 7428,202301,Sim,Sim,2023-01
Empresa 7429,202303,Sim,Sim,2023-03
Empresa 743,202304,Sim,Sim,2023-04
Empresa 7430,202302,Sim,Sim,2023-02
Empresa 7431,202302,Sim,Sim,2023-02
Empresa 7432,202303,Sim,Sim,2023-03
Empresa 7433,202301,Sim,Sim,2023-01
Empresa 7434,202302,Sim,Sim,2023-02
Empresa 7435,202303,Sim,Sim,2023-03
Empresa 7436,202301,Sim,Sim,2023-01
Empresa 7437,202303,Sim,Sim,2023-03
Empresa 7438,202301,Sim,Sim,2023-01
Empresa 7439,202303,Sim,Sim,2023-03
Empresa 744,202306,Sim,Sim,2023-06
Empresa 7440,202303,Sim,Sim,2023-03
Empresa 7441,202106,Sim,Sim,2021-06
Empresa 7442,202303,Sim,Sim,2023-03
Empresa 7443,202301,Sim,Sim,2023-01
Empresa 7444,202301,Sim,Sim,2023-01
Empresa 7445,202103,Sim,Sim,2021-03
Empresa 7446,202209,Sim,Sim,2022-09
Empresa 7447,202301,Sim,Sim,2023-01
Empresa 7448,202302,Sim,Sim,2023-02
Empresa 7449,202301,Sim,Sim,2023-01
Empresa 745,202306,Sim,Sim,2023-06
Empresa 7450,202303,Sim,Sim,2023-03
Empresa 7451,202211,Não,Sim,2022-11
Empresa 7452,202204,Sim,Sim,2022-04
Empresa 7453,202304,Sim,Sim,2023-04
Empresa 7454,202304,Sim,Sim,2023-04
Empresa 7455,202304,Sim,Sim,2023-04
Empresa 7456,202204,Não,Não,2022-04
Empresa 7457,202302,Sim,Sim,2023-02
Empresa 7458,202210,Sim,Sim,2022-10
Empresa 7459,202306,Sim,Sim,2023-06
Empresa 746,202306,Sim,Sim,2023-06
Empresa 7460,202303,Sim,Sim,2023-03
Empresa 7461,202306,Sim,Sim,2023-06
Empresa 7462,202305,Sim,Sim,2023-05
Empresa 7463,202305,Sim,Sim,2023-05
Empresa 7464,202306,Sim,Sim,2023-06
Empresa 7465,202306,Sim,Sim,2023-06
Empresa 7466,202307,Sim,Sim,2023-07
Empresa 7467,202301,Sim,Sim,2023-01
Empresa 7468,202301,Sim,Sim,2023-01
Empresa 7469,202302,Sim,Sim,2023-02
Empresa 747,202210,Sim,Sim,2022-10
Empresa 7470,202306,Sim,Sim,2023-06
Empresa 7471,202306,Sim,Sim,2023-06
Empresa 7472,202301,Sim,Sim,2023-01
Empresa 7473,202307,Sim,Sim,2023-07
Empresa 7474,202303,Sim,Sim,2023-03
Empresa 7475,202301,Sim,Sim,2023-01
Empresa 7476,202301,Sim,Sim,2023-01
Empresa 7477,202309,Sim,Sim,2023-09
Empresa 7478,202301,Sim,Sim,2023-01
Empresa 7479,202302,Sim,Sim,2023-02
Empresa 748,202212,Sim,Sim,2022-12
Empresa 7480,202310,Sim,Sim,2023-10
Empresa 7481,202307,Sim,Sim,2023-07
Empresa 7482,202311,Não,Não,2023-11
Empresa 7483,202310,Não,Não,2023-10
Empresa 7484,202310,Sim,Sim,2023-10
Empresa 7485,202010,Sim,Sim,2020-10
Empresa 7486,202202,Sim,Sim,2022-02
Empresa 7487,202201,Não,Não,2022-01
Empresa 7488,202008,Sim,Sim,2020-08
Empresa 7489,202008,Sim,Sim,2020-08
Empresa 749,202306,Sim,Sim,2023-06
Empresa 7490,202008,Sim,Sim,2020-08
Empresa 7491,202012,Sim,Sim,2020-12
Empresa 7492,202009,Sim,Sim,2020-09
Empresa 7493,202207,Sim,Sim,2022-07
Empresa 7494,202006,Sim,Sim,2020-06
Empresa 7495,202105,Sim,Sim,2021-05
Empresa 7496,202101,Sim,Sim,2021-01
Empresa 7497,202006,Sim,Sim,2020-06
Empresa 7498,202101,Sim,Sim,2021-01
Empresa 7499,202009,Sim,Sim,2020-09
Empresa 75,202211,Sim,Sim,2022-11
Empresa 750,202306,Sim,Sim,2023-06
Empresa 7500,202207,Sim,Sim,2022-07
Empresa 7501,202307,Não,Não,2023-07
Empresa 7502,202206,Não,Não,2022-06
Empresa 7503,202202,Sim,Sim,2022-02
Empresa 7504,202305,Sim,Sim,2023-05
Empresa 7505,202306,Sim,Sim,2023-06
Empresa 7506,202308,Sim,Sim,2023-08
Empresa 7507,202309,Sim,Sim,2023-09
Empresa 7508,202009,Sim,Sim,2020-09
Empresa 7509,202002,Sim,Sim,2020-02
Empresa 751,202306,Sim,Sim,2023-06
Empresa 7510,202105,Sim,Sim,2021-05
Empresa 7511,202002,Não,Não,2020-02
Empresa 7512,202008,Sim,Sim,2020-08
Empresa 7513,202010,Sim,Sim,2020-10
Empresa 7514,202005,Sim,Sim,2020-05
Empresa 7515,202301,Não,Não,2023-01
Empresa 7516,202201,Sim,Sim,2022-01
Empresa 7517,202212,Sim,Sim,2022-12
Empresa 7518,202112,Não,Sim,2021-12
Empresa 7519,202305,Não,Não,2023-05
Empresa 752,202306,Sim,Sim,2023-06
Empresa 7520,202103,Sim,Sim,2021-03
Empresa 7521,202103,Sim,Sim,2021-03
Empresa 7522,202008,Sim,Sim,2020-08
Empresa 7523,202007,Sim,Sim,2020-07
Empresa 7524,202007,Sim,Sim,2020-07
Empresa 7525,202007,Sim,Sim,2020-07
Empresa 7526,202310,Não,Não,2023-10
Empresa 7527,202009,Não,Sim,2020-09
Empresa 7528,202006,Sim,Sim,2020-06
Empresa 7529,202007,Sim,Sim,2020-07
Empresa 753,202303,Sim,Sim,2023-03
Empresa 7530,202002,Sim,Sim,2020-02
Empresa 7531,202102,Sim,Sim,2021-02
Empresa 7532,201912,Não,Sim,2019-12
Empresa 7533,202211,Sim,Sim,2022-11
Empresa 7534,202304,Não,Não,2023-04
Empresa 7535,202306,Não,Não,2023-06
Empresa 7536,202204,Sim,Sim,2022-04
Empresa 7537,202005,Sim,Sim,2020-05
Empresa 7538,202303,Não,Não,2023-03
Empresa 7539,202208,Sim,Sim,2022-08
Empresa 754,202306,Sim,Sim,2023-06
Empresa 7540,202210,Sim,Sim,2022-10
Empresa 7541,202005,Sim,Sim,2020-05
Empresa 7542,202208,Sim,Sim,2022-08
Empresa 7543,202104,Sim,Sim,2021-04
Empresa 7544,202209,Sim,Sim,2022-09
Empresa 7545,202210,Sim,Sim,2022-10
Empresa 7546,202005,Sim,Sim,2020-05
Empresa 7547,202305,Não,Não,2023-05
Empresa 7548,202210,Não,Não,2022-10
Empresa 7549,202005,Sim,Sim,2020-05
Empresa 755,202307,Sim,Sim,2023-07
Empresa 7550,202009,Não,Não,2020-09
Empresa 7551,202112,Não,Não,2021-12
Empresa 7552,202006,Sim,Sim,2020-06
Empresa 7553,202203,Sim,Sim,2022-03
Empresa 7554,202302,Sim,Sim,2023-02
Empresa 7555,202112,Não,Sim,2021-12
Empresa 7556,202005,Não,Não,2020-05
Empresa 7557,202011,Sim,Sim,2020-11
Empresa 7558,202302,Sim,Sim,2023-02
Empresa 7559,201912,Sim,Sim,2019-12
Empresa 756,202211,Sim,Sim,2022-11
Empresa 7560,202209,Sim,Sim,2022-09
Empresa 7561,202007,Sim,Sim,2020-07
Empresa 7562,202201,Sim,Sim,2022-01
Empresa 7563,202104,Sim,Sim,2021-04
Empresa 7564,202207,Sim,Sim,2022-07
Empresa 7565,202106,Não,Não,2021-06
Empresa 7566,202303,Sim,Sim,2023-03
Empresa 7567,202304,Não,Não,2023-04
Empresa 7568,202005,Sim,Sim,2020-05
Empresa 7569,202204,Não,Não,2022-04
Empresa 757,202305,Sim,Sim,2023-05
Empresa 7570,202204,Sim,Sim,2022-04
Empresa 7571,202007,Sim,Sim,2020-07
Empresa 7572,202208,Não,Não,2022-08
Empresa 7573,202302,Sim,Sim,2023-02
Empresa 7574,202303,Sim,Sim,2023-03
Empresa 7575,202303,Sim,Sim,2023-03
Empresa 7576,202308,Não,Sim,2023-08
Empresa 7577,202010,Sim,Sim,2020-10
Empresa 7578,202007,Sim,Sim,2020-07
Empresa 7579,202010,Sim,Sim,2020-10
Empresa 758,202307,Sim,Sim,2023-07
Empresa 7580,202208,Sim,Sim,2022-08
Empresa 7581,202304,Sim,Sim,2023-04
Empresa 7582,202007,Sim,Sim,2020-07
Empresa 7583,202305,Sim,Sim,2023-05
Empresa 7584,202305,Sim,Sim,2023-05
Empresa 7585,202306,Sim,Sim,2023-06
Empresa 7586,202306,Sim,Sim,2023-06
Empresa 7587,202005,Sim,Sim,2020-05
Empresa 7588,202306,Sim,Sim,2023-06
Empresa 7589,202306,Sim,Sim,2023-06
Empresa 759,202301,Sim,Sim,2023-01
Empresa 7590,202306,Sim,Sim,2023-06
Empresa 7591,202306,Sim,Sim,2023-06
Empresa 7592,202105,Sim,Sim,2021-05
Empresa 7593,202304,Não,Não,2023-04
Empresa 7594,202308,Sim,Sim,2023-08
Empresa 7595,202310,Não,Não,2023-10
Empresa 7596,202308,Sim,Sim,2023-08
Empresa 7597,201912,Sim,Sim,2019-12
Empresa 7598,202009,Sim,Sim,2020-09
Empresa 76,202212,Sim,Sim,2022-12
Empresa 760,202306,Sim,Sim,2023-06
Empresa 7600,202008,Não,Não,2020-08
Empresa 7601,202310,Sim,Sim,2023-10
Empresa 7602,202310,Sim,Sim,2023-10
Empresa 7603,202310,Sim,Sim,2023-10
Empresa 7604,202310,Sim,Sim,2023-10
Empresa 7605,202310,Sim,Sim,2023-10
Empresa 7606,202310,Sim,Sim,2023-10
Empresa 7607,202310,Sim,Sim,2023-10
Empresa 7608,202310,Sim,Sim,2023-10
Empresa 7609,202310,Sim,Sim,2023-10
Empresa 761,202307,Sim,Sim,2023-07
Empresa 7610,202310,Não,Sim,2023-10
Empresa 7611,202310,Sim,Sim,2023-10
Empresa 7612,202310,Não,Não,2023-10
Empresa 7613,202105,Sim,Sim,2021-05
Empresa 7614,202106,Sim,Sim,2021-06
Empresa 7615,202112,Sim,Sim,2021-12
Empresa 7616,202104,Sim,Sim,2021-04
Empresa 7617,202012,Sim,Sim,2020-12
Empresa 7618,202201,Sim,Sim,2022-01
Empresa 7619,202304,Sim,Sim,2023-04
Empresa 762,202211,Sim,Sim,2022-11
Empresa 7620,202204,Sim,Sim,2022-04
Empresa 7621,202204,Sim,Sim,2022-04
Empresa 7622,202203,Sim,Sim,2022-03
Empresa 7623,202206,Sim,Sim,2022-06
Empresa 7624,202208,Sim,Sim,2022-08
Empresa 7625,202201,Sim,Sim,2022-01
Empresa 7626,202205,Sim,Sim,2022-05
Empresa 7627,202208,Sim,Sim,2022-08
Empresa 7628,202203,Sim,Sim,2022-03
Empresa 7629,202202,Sim,Sim,2022-02
Empresa 763,202306,Sim,Sim,2023-06
Empresa 7630,202211,Sim,Sim,2022-11
Empresa 7631,202208,Sim,Sim,2022-08
Empresa 7632,202112,Sim,Sim,2021-12
Empresa 7633,202205,Sim,Sim,2022-05
Empresa 7634,202203,Sim,Sim,2022-03
Empresa 7635,202204,Sim,Sim,2022-04
Empresa 7636,202305,Sim,Sim,2023-05
Empresa 7637,202307,Sim,Sim,2023-07
Empresa 7638,202111,Sim,Sim,2021-11
Empresa 7639,202111,Sim,Sim,2021-11
Empresa 764,202303,Sim,Sim,2023-03
Empresa 7640,202307,Sim,Sim,2023-07
Empresa 7641,202307,Sim,Sim,2023-07
Empresa 7642,202207,Sim,Sim,2022-07
Empresa 7643,202307,Sim,Sim,2023-07
Empresa 7644,202209,Sim,Sim,2022-09
Empresa 7645,202307,Sim,Sim,2023-07
Empresa 7646,202209,Sim,Sim,2022-09
Empresa 7647,202308,Sim,Sim,2023-08
Empresa 7648,202212,Sim,Sim,2022-12
Empresa 765,202306,Sim,Sim,2023-06
Empresa 7654,202109,Não,Sim,2021-09
Empresa 7655,202212,Não,Sim,2022-12
Empresa 766,202210,Sim,Sim,2022-10
Empresa 7660,202012,Sim,Sim,2020-12
Empresa 7662,202307,Não,Sim,2023-07
Empresa 7664,202006,Não,Sim,2020-06
Empresa 7666,202102,Sim,Sim,2021-02
Empresa 7667,202109,Não,Sim,2021-09
Empresa 767,202307,Sim,Sim,2023-07
Empresa 7674,202011,Não,Sim,2020-11
Empresa 7677,202008,Não,Sim,2020-08
Empresa 768,202305,Sim,Sim,2023-05
Empresa 7680,202002,Sim,Sim,2020-02
Empresa 769,202305,Sim,Sim,2023-05
Empresa 7690,202001,Não,Sim,2020-01
Empresa 77,202210,Sim,Sim,2022-10
Empresa 770,202306,Sim,Sim,2023-06
Empresa 771,202301,Sim,Sim,2023-01
Empresa 7714,202010,Sim,Sim,2020-10
Empresa 772,202307,Sim,Sim,2023-07
Empresa 7723,202207,Sim,Sim,2022-07
Empresa 7726,202209,Não,Sim,2022-09
Empresa 7729,202101,Não,Sim,2021-01
Empresa 773,202307,Sim,Sim,2023-07
Empresa 7731,202103,Não,Sim,2021-03
Empresa 7735,202109,Sim,Sim,2021-09
Empresa 7737,202004,Não,Sim,2020-04
Empresa 774,202305,Sim,Sim,2023-05
Empresa 7743,202305,Não,Sim,2023-05
Empresa 775,202306,Sim,Sim,2023-06
Empresa 7754,202112,Não,Sim,2021-12
Empresa 776,202306,Sim,Sim,2023-06
Empresa 777,202307,Sim,Sim,2023-07
Empresa 7772,202204,Sim,Sim,2022-04
Empresa 7774,202104,Não,Sim,2021-04
Empresa 778,202303,Sim,Sim,2023-03
Empresa 7786,202204,Não,Sim,2022-04
Empresa 779,202308,Sim,Sim,2023-08
Empresa 7792,202112,Não,Sim,2021-12
Empresa 7793,202212,Não,Sim,2022-12
Empresa 7797,202304,Não,Sim,2023-04
Empresa 78,202212,Sim,Sim,2022-12
Empresa 780,202308,Sim,Sim,2023-08
Empresa 7803,202007,Não,Sim,2020-07
Empresa 7805,202310,Não,Sim,2023-10
Empresa 781,202305,Sim,Sim,2023-05
Empresa 782,202303,Sim,Sim,2023-03
Empresa 7825,202201,Sim,Sim,2022-01
Empresa 7827,201905,Não,Sim,2019-05
Empresa 783,202308,Sim,Sim,2023-08
Empresa 7834,202009,Sim,Sim,2020-09
Empresa 7837,202304,Não,Sim,2023-04
Empresa 7839,202012,Sim,Sim,2020-12
Empresa 784,202307,Sim,Sim,2023-07
Empresa 7842,202310,Não,Sim,2023-10
Empresa 785,202308,Sim,Sim,2023-08
Empresa 7853,202011,Não,Sim,2020-11
Empresa 7859,202103,Sim,Sim,2021-03
Empresa 786,202308,Sim,Sim,2023-08
Empresa 7861,202004,Não,Sim,2020-04
Empresa 7863,202002,Sim,Sim,2020-02
Empresa 7867,202205,Não,Sim,2022-05
Empresa 787,202308,Sim,Sim,2023-08
Empresa 788,202307,Sim,Sim,2023-07
Empresa 7882,202103,Não,Sim,2021-03
Empresa 7888,202107,Não,Sim,2021-07
Empresa 789,202307,Sim,Sim,2023-07
Empresa 79,202210,Sim,Sim,2022-10
Empresa 790,202308,Sim,Sim,2023-08
Empresa 7901,202210,Sim,Sim,2022-10
Empresa 7904,202012,Sim,Sim,2020-12
Empresa 7905,202007,Sim,Sim,2020-07
Empresa 7908,202211,Sim,Sim,2022-11
Empresa 791,202307,Sim,Sim,2023-07
Empresa 7911,202007,Não,Sim,2020-07
Empresa 7912,202207,Não,Sim,2022-07
Empresa 7915,202002,Sim,Sim,2020-02
Empresa 792,202306,Sim,Sim,2023-06
Empresa 7920,202103,Não,Sim,2021-03
Empresa 793,202307,Sim,Sim,2023-07
Empresa 794,202306,Sim,Sim,2023-06
Empresa 7949,202212,Não,Sim,2022-12
Empresa 795,202211,Sim,Sim,2022-11
Empresa 7953,202111,Não,Sim,2021-11
Empresa 7956,201905,Sim,Sim,2019-05
Empresa 796,202307,Sim,Sim,2023-07
Empresa 7963,202105,Sim,Sim,2021-05
Empresa 7965,202303,Não,Sim,2023-03
Empresa 797,202212,Sim,Sim,2022-12
Empresa 7973,202011,Não,Não,2020-11
Empresa 7974,202310,Não,Sim,2023-10
Empresa 7977,202002,Sim,Sim,2020-02
Empresa 7979,202002,Não,Sim,2020-02
Empresa 798,202307,Sim,Sim,2023-07
Empresa 7980,202002,Sim,Sim,2020-02
Empresa 799,202309,Sim,Sim,2023-09
Empresa 7994,202007,Sim,Sim,2020-07
Empresa 7995,201909,Sim,Sim,2019-09
Empresa 7998,202105,Não,Sim,2021-05
Empresa 8,202205,Sim,Sim,2022-05
Empresa 80,202208,Sim,Sim,2022-08
Empresa 800,202301,Sim,Sim,2023-01
Empresa 8002,202112,Não,Sim,2021-12
Empresa 8004,202003,Não,Não,2020-03
Empresa 801,202309,Sim,Sim,2023-09
Empresa 802,202306,Sim,Sim,2023-06
Empresa 8023,202203,Não,Sim,2022-03
Empresa 8028,202102,Não,Sim,2021-02
Empresa 803,202307,Sim,Sim,2023-07
Empresa 8033,202007,Não,Sim,2020-07
Empresa 8035,202204,Não,Sim,2022-04
Empresa 8037,202109,Não,Sim,2021-09
Empresa 8038,202203,Não,Sim,2022-03
Empresa 804,202307,Sim,Sim,2023-07
Empresa 8042,202101,Sim,Sim,2021-01
Empresa 805,202309,Sim,Sim,2023-09
Empresa 806,202308,Sim,Sim,2023-08
Empresa 8067,202212,Não,Sim,2022-12
Empresa 807,202307,Sim,Sim,2023-07
Empresa 8074,202007,Não,Sim,2020-07
Empresa 8076,201912,Sim,Sim,2019-12
Empresa 8079,202206,Não,Sim,2022-06
Empresa 808,202309,Sim,Sim,2023-09
Empresa 8081,202305,Não,Sim,2023-05
Empresa 809,202212,Sim,Sim,2022-12
Empresa 81,202208,Sim,Sim,2022-08
Empresa 810,202309,Sim,Sim,2023-09
Empresa 8106,201907,Não,Não,2019-07
Empresa 8109,202212,Não,Sim,2022-12
Empresa 811,202306,Sim,Sim,2023-06
Empresa 8115,202009,Sim,Sim,2020-09
Empresa 8119,202011,Não,Não,2020-11
Empresa 812,202307,Sim,Sim,2023-07
Empresa 8129,202004,Sim,Sim,2020-04
Empresa 813,202305,Sim,Sim,2023-05
Empresa 8130,202311,Não,Sim,2023-11
Empresa 8131,202008,Sim,Sim,2020-08
Empresa 8135,202205,Não,Não,2022-05
Empresa 814,202212,Sim,Sim,2022-12
Empresa 8143,202204,Não,Sim,2022-04
Empresa 815,202308,Sim,Sim,2023-08
Empresa 8157,202110,Sim,Sim,2021-10
Empresa 816,202309,Sim,Sim,2023-09
Empresa 8160,202011,Sim,Sim,2020-11
Empresa 8167,202209,Não,Sim,2022-09
Empresa 8168,202103,Não,Sim,2021-03
Empresa 817,202306,Sim,Sim,2023-06
Empresa 818,202303,Sim,Sim,2023-03
Empresa 8180,202309,Não,Sim,2023-09
Empresa 8182,202212,Não,Sim,2022-12
Empresa 8187,202305,Não,Não,2023-05
Empresa 8189,202012,Sim,Sim,2020-12
Empresa 819,202308,Sim,Sim,2023-08
Empresa 8194,202008,Não,Sim,2020-08
Empresa 82,202208,Sim,Sim,2022-08
Empresa 820,202306,Sim,Sim,2023-06
Empresa 8208,202212,Não,Sim,2022-12
Empresa 821,202309,Sim,Sim,2023-09
Empresa 822,202310,Sim,Sim,2023-10
Empresa 8222,202201,Sim,Sim,2022-01
Empresa 8227,202305,Não,Sim,2023-05
Empresa 8229,202208,Não,Não,2022-08
Empresa 823,202306,Sim,Sim,2023-06
Empresa 824,202310,Sim,Sim,2023-10
Empresa 825,202309,Sim,Sim,2023-09
Empresa 8257,202112,Não,Sim,2021-12
Empresa 8259,202007,Não,Sim,2020-07
Empresa 826,202307,Sim,Sim,2023-07
Empresa 827,202212,Sim,Sim,2022-12
Empresa 828,202304,Sim,Sim,2023-04
Empresa 8284,202107,Sim,Sim,2021-07
Empresa 829,202310,Sim,Sim,2023-10
Empresa 8293,202302,Não,Sim,2023-02
Empresa 8299,202209,Não,Sim,2022-09
Empresa 83,202209,Sim,Sim,2022-09
Empresa 8308,202212,Sim,Sim,2022-12
Empresa 831,202307,Não,Sim,2023-07
Empresa 8315,202009,Não,Sim,2020-09
Empresa 8319,202001,Sim,Sim,2020-01
Empresa 8323,202308,Não,Não,2023-08
Empresa 834,202311,Não,Não,2023-11
Empresa 8342,202311,Não,Sim,2023-11
Empresa 8344,202101,Sim,Sim,2021-01
Empresa 835,202204,Sim,Sim,2022-04
Empresa 8354,202305,Não,Sim,2023-05
Empresa 8359,202208,Não,Sim,2022-08
Empresa 836,202303,Sim,Sim,2023-03
Empresa 8364,202303,Não,Sim,2023-03
Empresa 8367,202004,Não,Sim,2020-04
Empresa 837,202307,Sim,Sim,2023-07
Empresa 8370,202007,Não,Sim,2020-07
Empresa 8378,202002,Sim,Sim,2020-02
Empresa 838,202307,Sim,Sim,2023-07
Empresa 8388,202012,Sim,Sim,2020-12
Empresa 839,202307,Sim,Sim,2023-07
Empresa 84,202305,Sim,Sim,2023-05
Empresa 840,202307,Sim,Sim,2023-07
Empresa 8400,202105,Sim,Sim,2021-05
Empresa 841,202306,Sim,Sim,2023-06
Empresa 842,202306,Sim,Sim,2023-06
Empresa 8420,202007,Não,Sim,2020-07
Empresa 8424,202109,Sim,Sim,2021-09
Empresa 8427,202306,Não,Sim,2023-06
Empresa 8428,202012,Sim,Sim,2020-12
Empresa 843,202307,Sim,Sim,2023-07
Empresa 8437,202101,Não,Sim,2021-01
Empresa 844,202307,Sim,Sim,2023-07
Empresa 845,202306,Sim,Sim,2023-06
Empresa 8453,202012,Sim,Sim,2020-12
Empresa 8457,202208,Não,Sim,2022-08
Empresa 846,202307,Sim,Sim,2023-07
Empresa 847,202307,Sim,Sim,2023-07
Empresa 8472,202012,Sim,Sim,2020-12
Empresa 8473,202307,Não,Sim,2023-07
Empresa 848,202307,Sim,Sim,2023-07
Empresa 8481,202004,Não,Sim,2020-04
Empresa 8487,202111,Sim,Sim,2021-11
Empresa 8488,202002,Sim,Sim,2020-02
Empresa 849,202307,Sim,Sim,2023-07
Empresa 8491,202301,Não,Sim,2023-01
Empresa 8494,201906,Sim,Sim,2019-06
Empresa 8499,202208,Não,Sim,2022-08
Empresa 85,202208,Sim,Sim,2022-08
Empresa 850,202307,Sim,Sim,2023-07
Empresa 8500,202205,Sim,Sim,2022-05
Empresa 851,202307,Sim,Sim,2023-07
Empresa 8511,202012,Não,Sim,2020-12
Empresa 852,202307,Sim,Sim,2023-07
Empresa 8522,202012,Não,Não,2020-12
Empresa 853,202307,Sim,Sim,2023-07
Empresa 8532,202007,Não,Sim,2020-07
Empresa 854,202307,Sim,Sim,2023-07
Empresa 8543,202106,Não,Sim,2021-06
Empresa 855,202306,Sim,Sim,2023-06
Empresa 856,202307,Sim,Sim,2023-07
Empresa 8560,202303,Não,Sim,2023-03
Empresa 857,202306,Sim,Sim,2023-06
Empresa 8575,202103,Não,Sim,2021-03
Empresa 8577,202106,Sim,Sim,2021-06
Empresa 858,202307,Sim,Sim,2023-07
Empresa 8586,201912,Sim,Sim,2019-12
Empresa 859,202306,Sim,Sim,2023-06
Empresa 8591,202103,Não,Sim,2021-03
Empresa 8596,202309,Não,Sim,2023-09
Empresa 8597,202301,Não,Sim,2023-01
Empresa 86,202210,Sim,Sim,2022-10
Empresa 860,202306,Sim,Sim,2023-06
Empresa 8600,202002,Sim,Sim,2020-02
Empresa 861,202307,Sim,Sim,2023-07
Empresa 8610,202105,Não,Não,2021-05
Empresa 862,202307,Sim,Sim,2023-07
Empresa 8628,202102,Não,Não,2021-02
Empresa 863,202307,Sim,Sim,2023-07
Empresa 8633,202208,Sim,Sim,2022-08
Empresa 864,202307,Sim,Sim,2023-07
Empresa 8641,202012,Não,Não,2020-12
Empresa 8646,202203,Não,Não,2022-03
Empresa 865,202307,Sim,Sim,2023-07
Empresa 866,202307,Sim,Sim,2023-07
Empresa 8660,202101,Sim,Sim,2021-01
Empresa 8662,202003,Não,Sim,2020-03
Empresa 8664,202103,Não,Sim,2021-03
Empresa 8668,202307,Não,Sim,2023-07
Empresa 867,202306,Sim,Sim,2023-06
Empresa 8672,202205,Sim,Sim,2022-05
Empresa 8678,202012,Não,Sim,2020-12
Empresa 868,202306,Sim,Sim,2023-06
Empresa 869,202306,Sim,Sim,2023-06
Empresa 8698,202010,Sim,Sim,2020-10
Empresa 87,202305,Sim,Sim,2023-05
Empresa 870,202306,Sim,Sim,2023-06
Empresa 8709,202309,Não,Sim,2023-09
Empresa 871,202307,Sim,Sim,2023-07
Empresa 8710,202109,Não,Não,2021-09
Empresa 872,202307,Sim,Sim,2023-07
Empresa 873,202307,Sim,Sim,2023-07
Empresa 8738,202212,Não,Sim,2022-12
Empresa 874,202307,Sim,Sim,2023-07
Empresa 8740,202007,Sim,Sim,2020-07
Empresa 875,202307,Sim,Sim,2023-07
Empresa 8759,202102,Não,Não,2021-02
Empresa 876,202307,Sim,Sim,2023-07
Empresa 8767,202212,Sim,Sim,2022-12
Empresa 8769,202002,Sim,Sim,2020-02
Empresa 877,202307,Sim,Sim,2023-07
Empresa 878,202307,Sim,Sim,2023-07
Empresa 8783,202301,Não,Sim,2023-01
Empresa 879,202306,Sim,Sim,2023-06
Empresa 88,202305,Sim,Sim,2023-05
Empresa 880,202307,Sim,Sim,2023-07
Empresa 8804,202212,Não,Sim,2022-12
Empresa 8809,202101,Sim,Sim,2021-01
Empresa 881,202306,Sim,Sim,2023-06
Empresa 8813,201912,Não,Sim,2019-12
Empresa 882,202307,Sim,Sim,2023-07
Empresa 883,202307,Sim,Sim,2023-07
Empresa 8830,202102,Não,Sim,2021-02
Empresa 8833,202204,Não,Sim,2022-04
Empresa 884,202306,Sim,Sim,2023-06
Empresa 885,202307,Sim,Sim,2023-07
Empresa 8855,202110,Sim,Sim,2021-10
Empresa 886,202306,Sim,Sim,2023-06
Empresa 8862,202112,Não,Sim,2021-12
Empresa 8869,202010,Sim,Sim,2020-10
Empresa 887,202307,Sim,Sim,2023-07
Empresa 8874,202004,Não,Sim,2020-04
Empresa 8875,202208,Não,Sim,2022-08
Empresa 888,202306,Sim,Sim,2023-06
Empresa 8881,202009,Não,Sim,2020-09
Empresa 889,202307,Sim,Sim,2023-07
Empresa 8896,202007,Não,Sim,2020-07
Empresa 8897,202009,Sim,Sim,2020-09
Empresa 89,202305,Sim,Sim,2023-05
Empresa 890,202306,Sim,Sim,2023-06
Empresa 8904,201908,Sim,Sim,2019-08
Empresa 891,202307,Sim,Sim,2023-07
Empresa 8916,202105,Sim,Sim,2021-05
Empresa 892,202307,Sim,Sim,2023-07
Empresa 8923,202310,Não,Sim,2023-10
Empresa 8925,202006,Não,Sim,2020-06
Empresa 8928,202302,Não,Sim,2023-02
Empresa 893,202307,Sim,Sim,2023-07
Empresa 894,202307,Sim,Sim,2023-07
Empresa 895,202307,Sim,Sim,2023-07
Empresa 896,202306,Sim,Sim,2023-06
Empresa 8963,202101,Sim,Sim,2021-01
Empresa 8964,202209,Não,Sim,2022-09
Empresa 8965,202110,Sim,Sim,2021-10
Empresa 8968,202002,Sim,Sim,2020-02
Empresa 897,202306,Sim,Sim,2023-06
Empresa 8974,202007,Não,Sim,2020-07
Empresa 898,202307,Sim,Sim,2023-07
Empresa 8980,202206,Não,Sim,2022-06
Empresa 8987,202303,Não,Sim,2023-03
Empresa 899,202306,Sim,Sim,2023-06
Empresa 8996,202007,Não,Sim,2020-07
Empresa 8998,202004,Não,Sim,2020-04
Empresa 9,202209,Sim,Sim,2022-09
Empresa 90,202208,Sim,Sim,2022-08
Empresa 900,202307,Sim,Sim,2023-07
Empresa 9000,202007,Não,Sim,2020-07
Empresa 901,202307,Sim,Sim,2023-07
Empresa 9017,202210,Não,Sim,2022-10
Empresa 9019,202012,Não,Sim,2020-12
Empresa 902,202306,Sim,Sim,2023-06
Empresa 9026,202301,Não,Sim,2023-01
Empresa 903,202308,Sim,Sim,2023-08
Empresa 9031,202012,Não,Sim,2020-12
Empresa 904,202308,Sim,Sim,2023-08
Empresa 9048,202101,Não,Sim,2021-01
Empresa 905,202307,Sim,Sim,2023-07
Empresa 906,202307,Sim,Sim,2023-07
Empresa 9067,202111,Sim,Sim,2021-11
Empresa 9068,202106,Sim,Sim,2021-06
Empresa 907,202307,Sim,Sim,2023-07
Empresa 9074,202007,Não,Sim,2020-07
Empresa 9079,202007,Não,Sim,2020-07
Empresa 908,202307,Sim,Sim,2023-07
Empresa 9080,202002,Sim,Sim,2020-02
Empresa 9081,202203,Não,Sim,2022-03
Empresa 9085,202305,Não,Sim,2023-05
Empresa 909,202308,Sim,Sim,2023-08
Empresa 9095,201907,Sim,Sim,2019-07
Empresa 91,202305,Sim,Sim,2023-05
Empresa 910,202308,Sim,Sim,2023-08
Empresa 9107,202301,Não,Sim,2023-01
Empresa 911,202307,Sim,Sim,2023-07
Empresa 9117,202007,Não,Sim,2020-07
Empresa 912,202307,Sim,Sim,2023-07
Empresa 9121,202308,Não,Sim,2023-08
Empresa 913,202307,Sim,Sim,2023-07
Empresa 9131,202208,Não,Sim,2022-08
Empresa 9133,202007,Não,Sim,2020-07
Empresa 9136,202002,Sim,Sim,2020-02
Empresa 914,202307,Sim,Sim,2023-07
Empresa 9142,202201,Sim,Sim,2022-01
Empresa 9148,202309,Não,Sim,2023-09
Empresa 915,202306,Sim,Sim,2023-06
Empresa 916,202308,Sim,Sim,2023-08
Empresa 9167,202106,Sim,Sim,2021-06
Empresa 9169,202211,Não,Sim,2022-11
Empresa 917,202306,Sim,Sim,2023-06
Empresa 9170,202212,Não,Sim,2022-12
Empresa 9173,202103,Não,Sim,2021-03
Empresa 9174,202205,Não,Sim,2022-05
Empresa 9177,202212,Sim,Sim,2022-12
Empresa 918,202308,Sim,Sim,2023-08
Empresa 919,202307,Sim,Sim,2023-07
Empresa 9194,202103,Não,Sim,2021-03
Empresa 9198,202008,Não,Sim,2020-08
Empresa 92,202207,Sim,Sim,2022-07
Empresa 920,202307,Sim,Sim,2023-07
Empresa 9200,202206,Não,Sim,2022-06
Empresa 9201,202310,Não,Sim,2023-10
Empresa 9203,202101,Sim,Sim,2021-01
Empresa 921,202307,Sim,Sim,2023-07
Empresa 9215,202110,Não,Sim,2021-10
Empresa 922,202307,Sim,Sim,2023-07
Empresa 923,202308,Sim,Sim,2023-08
Empresa 9232,202303,Não,Sim,2023-03
Empresa 924,202306,Sim,Sim,2023-06
Empresa 9241,202207,Não,Sim,2022-07
Empresa 9243,202007,Não,Sim,2020-07
Empresa 9244,202212,Sim,Sim,2022-12
Empresa 9248,202002,Sim,Sim,2020-02
Empresa 925,202308,Sim,Sim,2023-08
Empresa 9250,201907,Não,Sim,2019-07
Empresa 926,202307,Sim,Sim,2023-07
Empresa 9266,202207,Não,Sim,2022-07
Empresa 927,202307,Sim,Sim,2023-07
Empresa 9275,202012,Sim,Sim,2020-12
Empresa 9279,202009,Sim,Sim,2020-09
Empresa 928,202307,Sim,Sim,2023-07
Empresa 9280,202212,Não,Sim,2022-12
Empresa 9288,202008,Sim,Sim,2020-08
Empresa 929,202307,Sim,Sim,2023-07
Empresa 9294,202011,Sim,Sim,2020-11
Empresa 9299,201910,Não,Sim,2019-10
Empresa 93,202307,Sim,Sim,2023-07
Empresa 930,202307,Sim,Sim,2023-07
Empresa 931,202307,Sim,Sim,2023-07
Empresa 9315,202104,Sim,Sim,2021-04
Empresa 9319,202105,Não,Sim,2021-05
Empresa 932,202307,Sim,Sim,2023-07
Empresa 9328,202308,Não,Sim,2023-08
Empresa 933,202307,Sim,Sim,2023-07
Empresa 9333,202211,Não,Sim,2022-11
Empresa 934,202308,Sim,Sim,2023-08
Empresa 935,202308,Sim,Sim,2023-08
Empresa 9350,202303,Não,Sim,2023-03
Empresa 9357,201901,Sim,Sim,2019-01
Empresa 936,202307,Sim,Sim,2023-07
Empresa 9362,202101,Não,Sim,2021-01
Empresa 9367,202009,Não,Sim,2020-09
Empresa 937,202308,Sim,Sim,2023-08
Empresa 938,202307,Sim,Sim,2023-07
Empresa 939,202307,Sim,Sim,2023-07
Empresa 9392,202007,Não,Sim,2020-07
Empresa 9398,202307,Não,Sim,2023-07
Empresa 94,202305,Sim,Sim,2023-05
Empresa 940,202308,Sim,Sim,2023-08
Empresa 9404,202109,Sim,Sim,2021-09
Empresa 9406,202101,Não,Sim,2021-01
Empresa 941,202309,Sim,Sim,2023-09
Empresa 942,202310,Sim,Sim,2023-10
Empresa 9427,202206,Não,Sim,2022-06
Empresa 9429,202209,Não,Sim,2022-09
Empresa 943,202309,Sim,Sim,2023-09
Empresa 9433,202112,Não,Sim,2021-12
Empresa 9436,201912,Sim,Sim,2019-12
Empresa 9437,202303,Não,Sim,2023-03
Empresa 9439,202206,Sim,Sim,2022-06
Empresa 944,202203,Sim,Sim,2022-03
Empresa 9442,202202,Não,Sim,2022-02
Empresa 9446,202204,Não,Sim,2022-04
Empresa 945,202205,Sim,Sim,2022-05
Empresa 9450,202112,Sim,Sim,2021-12
Empresa 9451,202007,Não,Sim,2020-07
Empresa 9458,202101,Não,Sim,2021-01
Empresa 946,202205,Sim,Sim,2022-05
Empresa 9462,202102,Sim,Sim,2021-02
Empresa 947,202212,Sim,Sim,2022-12
Empresa 948,202205,Sim,Sim,2022-05
Empresa 949,202305,Sim,Sim,2023-05
Empresa 95,202307,Sim,Sim,2023-07
Empresa 950,202308,Sim,Sim,2023-08
Empresa 9503,202006,Não,Sim,2020-06
Empresa 9505,202205,Não,Sim,2022-05
Empresa 951,202310,Sim,Sim,2023-10
Empresa 9513,201912,Não,Sim,2019-12
Empresa 952,202206,Sim,Sim,2022-06
Empresa 9520,202109,Não,Sim,2021-09
Empresa 953,202203,Sim,Sim,2022-03
Empresa 954,202204,Sim,Sim,2022-04
Empresa 9545,202305,Não,Sim,2023-05
Empresa 9548,202007,Não,Sim,2020-07
Empresa 955,202205,Sim,Sim,2022-05
Empresa 9551,202009,Não,Sim,2020-09
Empresa 9556,202003,Sim,Sim,2020-03
Empresa 956,202206,Sim,Sim,2022-06
Empresa 9565,202007,Não,Sim,2020-07
Empresa 957,202210,Sim,Sim,2022-10
Empresa 9570,202101,Sim,Sim,2021-01
Empresa 958,202205,Sim,Sim,2022-05
Empresa 9589,202211,Não,Sim,2022-11
Empresa 959,202207,Sim,Sim,2022-07
Empresa 9592,202108,Não,Sim,2021-08
Empresa 9598,202106,Sim,Sim,2021-06
Empresa 96,202305,Sim,Sim,2023-05
Empresa 960,202207,Sim,Sim,2022-07
Empresa 9604,202210,Não,Sim,2022-10
Empresa 961,202207,Sim,Sim,2022-07
Empresa 962,202207,Sim,Sim,2022-07
Empresa 9625,201912,Não,Sim,2019-12
Empresa 9629,202308,Não,Sim,2023-08
Empresa 963,202112,Sim,Sim,2021-12
Empresa 9633,202112,Não,Sim,2021-12
Empresa 964,202105,Sim,Sim,2021-05
Empresa 965,202204,Sim,Sim,2022-04
Empresa 9654,202208,Não,Não,2022-08
Empresa 9659,202012,Sim,Sim,2020-12
Empresa 966,202211,Sim,Sim,2022-11
Empresa 9664,202210,Não,Sim,2022-10
Empresa 967,202105,Sim,Sim,2021-05
Empresa 9678,202007,Não,Sim,2020-07
Empresa 968,202209,Sim,Sim,2022-09
Empresa 9685,202006,Não,Não,2020-06
Empresa 9687,202204,Não,Não,2022-04
Empresa 9688,202207,Não,Sim,2022-07
Empresa 969,202204,Sim,Sim,2022-04
Empresa 9697,202211,Não,Sim,2022-11
Empresa 97,202207,Sim,Sim,2022-07
Empresa 970,202205,Sim,Sim,2022-05
Empresa 9700,202207,Sim,Sim,2022-07
Empresa 9703,202003,Não,Não,2020-03
Empresa 9709,202111,Sim,Sim,2021-11
Empresa 971,202205,Sim,Sim,2022-05
Empresa 9711,202012,Não,Não,2020-12
Empresa 9715,202102,Sim,Sim,2021-02
Empresa 972,202205,Sim,Sim,2022-05
Empresa 973,202105,Sim,Sim,2021-05
Empresa 9730,202103,Não,Sim,2021-03
Empresa 9731,202112,Não,Sim,2021-12
Empresa 9734,202102,Não,Sim,2021-02
Empresa 974,202203,Sim,Sim,2022-03
Empresa 9740,202007,Não,Sim,2020-07
Empresa 9741,202101,Não,Sim,2021-01
Empresa 9743,202212,Não,Sim,2022-12
Empresa 975,202212,Sim,Sim,2022-12
Empresa 9757,202112,Não,Sim,2021-12
Empresa 976,202211,Sim,Sim,2022-11
Empresa 9762,202112,Não,Sim,2021-12
Empresa 977,202301,Sim,Sim,2023-01
Empresa 9778,202207,Sim,Sim,2022-07
Empresa 9779,202102,Não,Sim,2021-02
Empresa 978,202204,Sim,Sim,2022-04
Empresa 9781,202008,Não,Sim,2020-08
Empresa 9786,202311,Não,Não,2023-11
Empresa 9787,202108,Sim,Sim,2021-08
Empresa 9789,202211,Não,Sim,2022-11
Empresa 979,202204,Sim,Sim,2022-04
Empresa 9794,202008,Não,Sim,2020-08
Empresa 9799,202002,Sim,Sim,2020-02
Empresa 98,202307,Sim,Sim,2023-07
Empresa 980,202202,Sim,Sim,2022-02
Empresa 9803,202011,Sim,Sim,2020-11
Empresa 981,202211,Sim,Sim,2022-11
Empresa 9812,202004,Sim,Sim,2020-04
Empresa 9818,202110,Não,Sim,2021-10
Empresa 982,202203,Sim,Sim,2022-03
Empresa 9827,202008,Não,Não,2020-08
Empresa 983,202208,Sim,Sim,2022-08
Empresa 9831,202205,Não,Sim,2022-05
Empresa 9832,202001,Sim,Sim,2020-01
Empresa 9835,202107,Sim,Sim,2021-07
Empresa 9839,202111,Sim,Sim,2021-11
Empresa 984,202204,Sim,Sim,2022-04
Empresa 9843,202103,Sim,Sim,2021-03
Empresa 9848,201912,Não,Sim,2019-12
Empresa 985,202206,Sim,Sim,2022-06
Empresa 9859,202002,Sim,Sim,2020-02
Empresa 986,202203,Sim,Sim,2022-03
Empresa 987,202203,Sim,Sim,2022-03
Empresa 9872,202101,Sim,Sim,2021-01
Empresa 9877,201912,Sim,Sim,2019-12
Empresa 988,202204,Sim,Sim,2022-04
Empresa 9882,202301,Não,Sim,2023-01
Empresa 989,202206,Sim,Sim,2022-06
Empresa 9891,202207,Não,Sim,2022-07
Empresa 9899,202211,Sim,Sim,2022-11
Empresa 99,202307,Sim,Sim,2023-07
Empresa 990,202203,Sim,Sim,2022-03
Empresa 9901,202109,Não,Não,2021-09
Empresa 9902,202007,Não,Sim,2020-07
Empresa 991,202205,Sim,Sim,2022-05
Empresa 992,202205,Sim,Sim,2022-05
Empresa 9926,201911,Não,Sim,2019-11
Empresa 993,202107,Sim,Sim,2021-07
Empresa 994,202212,Sim,Sim,2022-12
Empresa 995,202205,Sim,Sim,2022-05
Empresa 9951,202112,Não,Não,2021-12
Empresa 996,202105,Sim,Sim,2021-05
Empresa 997,202204,Sim,Sim,2022-04
Empresa 9979,202201,Não,Sim,2022-01
Empresa 998,202204,Sim,Sim,2022-04
Empresa 999,202106,Sim,Sim,2021-06
Empresa 9991,202305,Não,Sim,2023-05
Empresa 9992,202212,Não,Sim,2022-12
Empresa 9994,202012,Não,Sim,2020-12
Empresa 9998,202012,Não,Sim,2020-12
